file_id,ac_rms,mean_abs,peak_to_peak,crest_factor,kurtosis_pearson,skewness,env_entropy,env_centroid_order,env_spread_order,env_peak_order,env_harmonic_ratio,env_low_order_ratio,variant
source/12kHz_DE_data/B/0007/B007_2.mat,0.146522505644462,0.118665451282343,1.02204183632735,3.55435253832799,2.8424854500981,0.0330951774019319,0.899460938064428,8.85837015636341,5.44946336793999,3.1,0.170071723474307,0.139138631559334,500-1500Hz_R10
source/12kHz_DE_data/B/0007/B007_3.mat,0.153926097593488,0.123762517860086,1.07004141716567,3.60893399897743,2.84293694373022,0.0102098702576978,0.844123641795604,8.86571979972332,5.35530464385062,3.6,0.0939315648208089,0.174817179583318,500-1500Hz_R10
source/12kHz_DE_data/B/0014/B014_0.mat,0.140491896902889,0.0948239274863208,2.01078447105788,7.94741271428155,8.17981648004596,0.0257914060884897,0.849116996488106,7.48152795208678,5.82834426509316,2,0.239430740550201,0.258074700088778,500-1500Hz_R10
source/12kHz_DE_data/B/0014/B014_1.mat,0.133946513206024,0.0968734635021851,1.85435944111776,6.62783275328982,7.6380623165508,0.0076764185852717,0.89616112005335,8.54823639652657,5.56422030618179,2.3,0.139668350836696,0.170293496015419,500-1500Hz_R10
source/12kHz_DE_data/B/0014/B014_2.mat,0.15027730071594,0.108271304930365,1.88635916167665,7.06249888597934,7.14376539195477,0.0932373391057489,0.858522955862418,7.52074559043294,6.03289481524351,1,0.330285543425732,0.310090874091397,500-1500Hz_R10
source/12kHz_DE_data/B/0014/B014_3.mat,0.129859735855681,0.0925919120614932,1.86061319361277,7.46757515293764,7.83361930313932,0.096070237422563,0.721830991313079,5.87332432725847,5.92861385574073,1,0.534435334032549,0.482148104767584,500-1500Hz_R10
source/12kHz_DE_data/B/0021/B021_0.mat,0.119065306564768,0.0921861129913272,1.02399105788423,4.54014302504918,3.82440066025342,-0.00051563108944574,0.862483468105211,9.13462887569282,5.66114057960974,4,0.149982586682591,0.113921791268435,500-1500Hz_R10
source/12kHz_DE_data/B/0021/B021_3.mat,0.118085037097846,0.0935757686343386,0.857251397205589,3.7712074886525,3.10573964503818,0.0245099531715848,0.693690508433442,9.67970017940509,5.47299465132719,1,0.324640369476807,0.222607840022833,500-1500Hz_R10
source/12kHz_DE_data/B/0028/B028_0_(1797rpm).mat,2.06815473129944,1.5743236659467,16.84566,4.35269038081081,3.78211399744144,0.0529400442731426,0.7992860549115,5.1844318207252,5.56852225181323,1.2,0.240624777809913,0.458097612161996,500-1500Hz_R10
source/12kHz_DE_data/B/0028/B028_2_(1750rpm).mat,2.13872505417122,1.62123668819313,17.3111536,4.10448495003491,3.80692708416514,0.0423005552183109,0.817729934026048,6.33903184966631,5.82011892716734,4,0.18050913965708,0.317907377035407,500-1500Hz_R10
source/12kHz_DE_data/B/0028/B028_3_(1730rpm).mat,2.12628536305197,1.6035396023277,17.8340201,4.22752114237186,3.86335598005861,0.0423242517774259,0.827085073674958,6.08524257948706,5.71655351920068,1.2,0.270009014693465,0.334591455569965,500-1500Hz_R10
source/12kHz_DE_data/IR/0007/IR007_0.mat,0.291091334987747,0.20885158641506,2.73995576846307,5.13983185439443,5.45383286496166,0.169429051392131,0.665929148646019,6.73667715745338,5.14693471926374,5.4,0.379249874498407,0.174781131742802,500-1500Hz_R10
source/12kHz_DE_data/IR/0007/IR007_2.mat,0.3000401876385,0.214098699232912,2.73362079840319,4.9006172385136,5.53047460920833,0.0918944682904653,0.632159727085188,7.41762716937228,4.71961152903228,5.4,0.507452572473023,0.106928871315792,500-1500Hz_R10
source/12kHz_DE_data/IR/0007/IR007_3.mat,0.312616339868652,0.223567696045191,2.77024992015968,4.59587074499137,5.26931196837128,-0.0118601273797379,0.685690015761822,6.62655917325782,5.01209161012065,5.4,0.361082132718112,0.229337861671115,500-1500Hz_R10
source/12kHz_DE_data/IR/0014/IR014_1.mat,0.16840390422823,0.100160363987546,3.0247045508982,9.26011923329826,21.3992162906712,0.0524036026741726,0.908998088293776,8.53682327306604,5.7459028871601,3,0.132876919138469,0.137054572750278,500-1500Hz_R10
source/12kHz_DE_data/IR/0021/IR021_2.mat,0.489138695949397,0.3258994987492,5.44401337325349,5.94449961854209,7.98213392999932,0.24203925147116,0.76277075523392,5.27738655944355,4.36625009809128,2.4,0.216603990563753,0.221230486426842,500-1500Hz_R10
source/12kHz_DE_data/IR/0021/IR021_3.mat,0.44955474207584,0.302780432044871,5.12949835329341,6.36340416291245,8.21896080582927,0.311248089734143,0.782642092379826,5.36474936083106,4.56859148782442,2.4,0.217216726553795,0.229247826596749,500-1500Hz_R10
source/12kHz_DE_data/IR/0028/IR028_0_(1797rpm).mat,0.836366647031855,0.653966166276466,6.5262691,4.03142578114258,3.36263188567071,0.0935558190356841,0.72224468053398,6.43841792134289,4.79048418772006,4.3,0.495880002677908,0.111804793961162,500-1500Hz_R10
source/12kHz_DE_data/IR/0028/IR028_1_(1772rpm).mat,0.838277630289238,0.663051687238473,6.420882,3.97865467073534,3.19711549855045,0.0967875020299482,0.686381054963236,5.87560098904983,4.49640978068492,4.3,0.547567590075559,0.113980377524633,500-1500Hz_R10
source/12kHz_DE_data/OR/Centered/0007/OR007@6_0.mat,0.670243963220107,0.405201245539308,6.49821736526946,4.90446102373605,7.6035367958123,0.0527423920100242,0.831837073713329,7.16170897639928,5.46236279394264,1,0.530626814676802,0.237951850689978,500-1500Hz_R10
source/12kHz_DE_data/OR/Centered/0007/OR007@6_1.mat,0.590451903760928,0.365969172797662,5.84441596806387,5.02795815601908,7.5591655703073,0.0301202202470204,0.855270615289168,8.50065461401747,5.93113998097394,1,0.339082199897247,0.259503925003644,500-1500Hz_R10
source/12kHz_DE_data/OR/Centered/0007/OR007@6_2.mat,0.572191808372774,0.350143546504104,5.6490877245509,5.04980140943039,7.82799910629797,0.0234154302196146,0.879864833769131,8.23114218410286,5.63048071780975,1,0.321075283061588,0.212327287234507,500-1500Hz_R10
source/12kHz_DE_data/OR/Centered/0014/OR014@6_0.mat,0.0995749942189381,0.0791016192246186,0.711006826347305,3.77065041369675,3.00280758258253,-0.0023157846798161,0.83221812731525,7.76595093217594,5.05771461134932,6,0.159010609133836,0.133335713329359,500-1500Hz_R10
source/12kHz_DE_data/OR/Centered/0014/OR014@6_1.mat,0.0938449500805824,0.0750180580888584,0.663222035928144,3.71860148959878,2.93867824564143,-0.000223466938495804,0.884453851910151,8.00806794612364,5.16288648017651,5.6,0.120545002501136,0.129024933790817,500-1500Hz_R10
source/12kHz_DE_data/OR/Centered/0014/OR014@6_3.mat,0.0932321471871909,0.0737381242700225,0.709971556886227,4.25257827289251,3.12696469586187,0.00296565160648661,0.851404649260371,7.89416514814335,5.13055597044281,3.5,0.174729453550957,0.108879250351609,500-1500Hz_R10
source/12kHz_DE_data/OR/Centered/0021/OR021@6_0.mat,0.576090871724149,0.296990953670679,9.8914872255489,8.91545323348512,19.8901261801925,0.155159136313299,0.653355835358115,3.13479557027105,3.82232473912417,1,0.356718105845116,0.589332590482726,500-1500Hz_R10
source/12kHz_DE_data/OR/Centered/0021/OR021@6_1.mat,0.566757341014362,0.28190602266822,10.8250831337325,9.67123049864857,21.4329730843692,0.127134897488475,0.64525860456528,3.06091903156444,3.7102307948127,1,0.365778179492616,0.601130104478103,500-1500Hz_R10
source/12kHz_DE_data/OR/Opposite/0007/OR007@12_3.mat,0.255404636577293,0.171593357723859,3.00228850299401,6.15365850360494,8.11829086384373,-0.0395273797306081,0.884858254274144,8.89578592446865,5.22330463942638,5,0.101644710905302,0.138108847828439,500-1500Hz_R10
source/12kHz_DE_data/OR/Opposite/0021/OR021@12_1.mat,0.34955564394921,0.157988447863311,7.22673892215569,10.6520615107407,33.209104673079,-0.395770536194024,0.647802043884305,3.27354491447996,3.63046148736532,3.6,0.224099875971504,0.524381466951629,500-1500Hz_R10
source/12kHz_DE_data/OR/Opposite/0021/OR021@12_2.mat,0.344151482170853,0.156653130705682,7.06674031936128,10.4427287166465,32.5793135074978,-0.4233266861965,0.665114367279609,3.33633968052468,3.57209217345395,2.8,0.22092786964889,0.532988882760858,500-1500Hz_R10
source/12kHz_DE_data/OR/Orthogonal/0007/OR007@3_0.mat,0.77362644437597,0.576598508970084,5.9459379241517,3.90441529503166,4.21782736113962,0.0659613125729542,0.758974016434721,6.75548326366951,5.08146537973989,3.6,0.411444903725226,0.165679809994541,500-1500Hz_R10
source/12kHz_DE_data/OR/Orthogonal/0007/OR007@3_1.mat,0.84866602695404,0.644919232582476,6.39913193612774,3.87300088842633,4.04479501034934,0.0731551626421975,0.729926968691218,7.18021489163556,4.85608327783179,3.6,0.492473612074257,0.0979790586628796,500-1500Hz_R10
source/12kHz_DE_data/OR/Orthogonal/0007/OR007@3_3.mat,0.7965160720869,0.606500094836005,6.25212814371258,4.01525465949717,4.07719123328977,0.0830584360096349,0.8367531033512,6.89845385138954,5.17980518837625,1.4,0.335394782579709,0.27639498653927,500-1500Hz_R10
source/12kHz_DE_data/OR/Orthogonal/0021/OR021@3_0.mat,0.315123797085027,0.222931876630224,3.71277976047904,6.27074483353963,6.68240036116685,0.0678960843522479,0.757429613385126,5.18186519104392,5.67852446014124,1,0.415217853586078,0.426543564049508,500-1500Hz_R10
source/12kHz_DE_data/OR/Orthogonal/0021/OR021@3_1.mat,0.283932263858729,0.199198612361437,3.39586882235529,6.28296440548741,7.18804962509386,0.117339751713382,0.762672755550744,5.04619718087137,5.50974208904833,1.6,0.246767345114469,0.430738826369375,500-1500Hz_R10
source/12kHz_DE_data/OR/Orthogonal/0021/OR021@3_2.mat,0.278867599577156,0.198547790069653,3.10454141716567,6.00673587646625,6.77815993022224,0.161041656914515,0.753448367970121,5.13945271319145,5.48569245892913,3.6,0.23257871773946,0.380310754935019,500-1500Hz_R10
source/12kHz_DE_data/OR/Orthogonal/0021/OR021@3_3.mat,0.278602482481049,0.19952196390501,2.98352724550898,5.6970785682614,6.2442198777844,0.145571723640737,0.741680380730652,5.1319335496099,5.27876581817734,3.6,0.250162220519328,0.358337648951562,500-1500Hz_R10
source/48kHz_DE_data/B/0007/B007_3.mat,0.140628021624178,0.112517629744538,1.05079569230769,3.84495852093684,3.01553947255419,0.0223045338687153,0.861128602108425,8.99536566895136,5.16110945381558,10,0.0967880575428428,0.134698766890463,500-1500Hz_R10
source/48kHz_DE_data/B/0014/B014_0.mat,0.13959160694563,0.0972295137630083,2.17335507692308,7.84334557323687,9.67777537265968,-0.0197508704729621,0.833712215935731,8.68943380364393,6.11453890945469,2,0.325751767541192,0.195506340052183,500-1500Hz_R10
source/48kHz_DE_data/B/0014/B014_1.mat,0.143626886616419,0.103804243259475,2.14581784615385,7.39716562242184,8.31584551625304,0.060167346114147,0.889081300889368,7.81145860270074,5.78206714314024,1,0.320418714178728,0.213053462613137,500-1500Hz_R10
source/48kHz_DE_data/B/0014/B014_2.mat,0.145402801912365,0.0992770410540774,3.31156061538462,11.2658007693541,15.2513934808323,0.0786531037660637,0.8838924967092,7.39858601536915,5.68260400605458,1.8,0.173923343808753,0.219064200957504,500-1500Hz_R10
source/48kHz_DE_data/B/0021/B021_0.mat,0.341143768858336,0.272772359072959,2.57953733333333,3.93377115343257,2.96587544148647,-0.00427460260118018,0.863032258045157,9.369872958476,5.69111803092179,3,0.237064882581893,0.155411568358632,500-1500Hz_R10
source/48kHz_DE_data/B/0021/B021_1.mat,0.210389326136582,0.163731070364998,2.08594523076923,5.30100231701417,3.90744226454696,0.00204983147839847,0.87243180618952,8.28399476841377,5.69795208142419,2,0.204470710753885,0.213843373288073,500-1500Hz_R10
source/48kHz_DE_data/B/0021/B021_2.mat,0.299047912651851,0.20908387535059,3.56377661538462,6.01870963308274,7.11775702563281,0.0309034179615228,0.803134199021079,8.99537017046348,5.32025279340963,1,0.333171172981348,0.195265188137131,500-1500Hz_R10
source/48kHz_DE_data/IR/0007/IR007_0.mat,0.582696776264156,0.415092582203628,5.90610133333333,5.45554818146203,6.03429323186723,0.012277173810357,0.702004900098119,7.10997787048239,5.31601854587998,5.4,0.322266766316973,0.184979673521839,500-1500Hz_R10
source/48kHz_DE_data/IR/0007/IR007_2.mat,0.280517757864478,0.1935294287733,3.10899507692308,5.66171934699478,7.46362594514706,-0.0751373393440712,0.655438461802001,7.14570475192362,5.06775228549604,5.4,0.406280916240295,0.207841743590568,500-1500Hz_R10
source/48kHz_DE_data/IR/0014/IR014_0.mat,0.184133060185797,0.117727898222268,2.62586133333333,7.35693259107351,11.9858885718862,-0.104930273968237,0.831463885041139,5.73904561044666,4.62265960159537,2.8,0.183941561742493,0.20722759527254,500-1500Hz_R10
source/48kHz_DE_data/IR/0014/IR014_2.mat,0.235600930504471,0.137150717610066,4.204216,9.57321276630589,20.1104931836184,0.0801092786255708,0.85362769218516,8.66235293180801,5.50699475671703,1,0.342881285016697,0.186186901294466,500-1500Hz_R10
source/48kHz_DE_data/IR/0021/IR021_1.mat,0.602549214569065,0.463614996180717,5.52017169230769,4.77835351476655,3.83387057439833,0.0212231055697154,0.760185022536483,4.84013627151609,4.6645124534828,2.4,0.224211061548104,0.248593887203843,500-1500Hz_R10
source/48kHz_DE_data/IR/0021/IR021_2.mat,0.764309418991035,0.587351664457213,6.35671938461538,4.29282141883883,3.62609597354535,0.0571433137909518,0.762463039194325,4.86334535585964,4.71139038400982,2.4,0.251759079610671,0.279359834404742,500-1500Hz_R10
source/48kHz_DE_data/IR/0021/IR021_3.mat,0.404597513763442,0.308932127732121,3.44924676923077,4.2956217676706,3.61227031956482,0.042842253376295,0.791357529821775,5.57769799056488,4.96670959098878,2.4,0.245029653174398,0.238681094636461,500-1500Hz_R10
source/48kHz_DE_data/OR/Centered/0007/OR007@6_1.mat,1.05677083859532,0.673735830153452,10.2785026666667,4.90451312419421,6.87684995523369,0.0751986951925538,0.862294450762978,7.9102143792798,5.76511401343496,3.6,0.344080489556335,0.199950140079193,500-1500Hz_R10
source/48kHz_DE_data/OR/Centered/0007/OR007@6_2.mat,1.0171047681738,0.637505748407929,9.82861733333333,4.8696528809248,6.99295662829047,0.0820653611154459,0.876243098390579,7.71728124161555,5.61811442553961,3.6,0.229712402334901,0.208529952900595,500-1500Hz_R10
source/48kHz_DE_data/OR/Centered/0007/OR007@6_3.mat,0.994123564423007,0.621053534280109,9.944636,5.02660787178015,7.40816508884481,0.0775672090969839,0.889096216526918,8.16094436890962,5.33492653407871,3.6,0.168713393507955,0.175870433031513,500-1500Hz_R10
source/48kHz_DE_data/OR/Centered/0014/OR014@6_2.mat,0.143016169426597,0.113960734524371,1.09919446153846,3.95039782496432,3.08110910627155,-0.0106603069895938,0.885049099622939,7.87426326836906,5.13452772733827,7.8,0.104921071720835,0.129724608437096,500-1500Hz_R10
source/48kHz_DE_data/OR/Centered/0021/OR021@6_0.mat,0.657959744721748,0.342693542259107,11.716216,9.42648025407082,19.6471712105006,-0.17859676559113,0.664567178130715,3.29229401357135,4.1810114835293,1,0.454257179659751,0.612622689199772,500-1500Hz_R10
source/48kHz_DE_data/OR/Centered/0021/OR021@6_1.mat,0.610833093914962,0.31344484294942,10.7505066666667,8.95467293155736,19.9182364341955,-0.377397566235189,0.648471879169395,3.16807092563917,4.06408328597811,2,0.239196677159632,0.625286572402199,500-1500Hz_R10
source/48kHz_DE_data/OR/Centered/0021/OR021@6_2.mat,0.616823553220803,0.3181691235745,10.797248,8.96042278249308,20.5300924132788,-0.321944916847799,0.650400606245097,3.28644853940842,4.13564400474228,1,0.434027176338869,0.612678530278202,500-1500Hz_R10
source/48kHz_DE_data/OR/Centered/0021/OR021@6_3.mat,0.591717738619002,0.311673291208155,10.6311493333333,8.98848229905542,18.8042240345628,-0.260702323947075,0.665526724686957,3.69331657222778,4.64531773019512,1,0.451414855673439,0.59105945217959,500-1500Hz_R10
source/48kHz_DE_data/OR/Opposite/0007/OR007@12_0.mat,0.210991793233991,0.156431497486961,2.50338461538461,5.87586162189995,5.70228715841215,0.0166893127540032,0.850409489187747,7.11410057676923,5.69461674296716,1,0.510951167371339,0.292427606054355,500-1500Hz_R10
source/48kHz_DE_data/OR/Opposite/0007/OR007@12_2.mat,0.263316412933308,0.174789626737132,3.66057415384615,7.10444899461418,10.7142287055659,0.0416004928131423,0.87900733680064,8.58935171885699,5.58395757757717,2,0.179520309906284,0.178088671301002,500-1500Hz_R10
source/48kHz_DE_data/OR/Opposite/0021/OR021@12_2.mat,0.470735781820584,0.244574507978514,8.31661866666667,8.92658253267816,22.2182238220478,0.172696010079792,0.71314391157464,4.46633953135984,4.9363604265545,2,0.25145773773689,0.487614653767457,500-1500Hz_R10
source/48kHz_DE_data/OR/Orthogonal/0007/OR007@3_0.mat,0.395252443249226,0.299311846593059,3.528312,4.5264753735775,4.15537531458884,0.0790814876808777,0.825450341643958,7.78824306660453,5.47870499192822,3.6,0.385808313731818,0.18498882942951,500-1500Hz_R10
source/48kHz_DE_data/OR/Orthogonal/0007/OR007@3_2.mat,0.444970144194325,0.330901884122434,3.85500369230769,4.46563650956062,4.36182977479811,0.0627363313555194,0.761523455794661,6.91559653325951,5.06743699351102,3.6,0.452447537440634,0.15813736048902,500-1500Hz_R10
source/48kHz_DE_data/OR/Orthogonal/0007/OR007@3_3.mat,0.444178315959784,0.337007584158911,3.72816553846154,4.21729129958105,4.10196860304865,0.0470615626376531,0.849835999452831,7.03019001272854,5.25736062207933,3.6,0.239299094481416,0.247570348800689,500-1500Hz_R10
source/48kHz_DE_data/OR/Orthogonal/0021/OR021@3_0.mat,0.411844097035119,0.283904795725945,5.44578266666667,7.30749837555794,8.46640526741219,-0.249071602691212,0.828045899557948,8.48309272148753,6.44680036129281,1,0.337952312898582,0.30443838897158,500-1500Hz_R10
source/48kHz_DE_data/OR/Orthogonal/0021/OR021@3_2.mat,0.712654766373245,0.488877886730555,9.011896,6.56478109247075,7.47044859356456,0.0555990358868511,0.817465895734426,7.25563303255394,6.41952116643875,1,0.384734207955209,0.323470447698502,500-1500Hz_R10
source/48kHz_DE_data/OR/Orthogonal/0021/OR021@3_3.mat,0.676619307999814,0.465288750634231,8.478544,6.69516528281118,7.34255755991105,-0.0987035259270196,0.82716567207748,7.43012018864314,6.37452005784845,3.6,0.228292785811182,0.311049762619395,500-1500Hz_R10
source/48kHz_Normal_data/N_2_(1750rpm).mat,0.0630277134503492,0.0504767886704525,0.467298461538462,4.01120966373655,2.91493097312385,-0.171659889656626,0.882384319814312,8.9527455417818,5.33072939911946,3.2,0.114825152622854,0.115628942849158,500-1500Hz_R10
source/48kHz_Normal_data/N_3.mat,0.0647215964533934,0.0517988762946067,0.477520615384615,3.8479627799733,2.95554523111681,-0.129539934229428,0.872680252764759,8.03618850788171,5.6279225481971,1.95,0.182158626549166,0.18470108292584,500-1500Hz_R10
source/12kHz_DE_data/B/0007/B007_2.mat,0.147685031889138,0.118174025793476,1.0707723752495,3.68512937110004,2.84190311396617,0.0328663989345812,0.868805896727234,9.11493221359775,5.32297511403959,3,0.120858188333403,0.137873718052806,500-1500Hz_R20
source/12kHz_DE_data/B/0007/B007_3.mat,0.154838511136459,0.12400434257106,1.13834538922156,3.76996266992705,2.89288639111029,0.0210606264118575,0.816436712013886,8.97820053248163,5.23878221542923,10,0.0760081089799844,0.167591070723173,500-1500Hz_R20
source/12kHz_DE_data/B/0014/B014_0.mat,0.145303731036556,0.0970054239526011,2.73849385229541,9.15724078015898,12.331783834544,0.0246733290428116,0.817378867515309,8.41541031022597,5.90263465853481,2,0.256548003951595,0.230225217458965,500-1500Hz_R20
source/12kHz_DE_data/B/0014/B014_1.mat,0.143536505949053,0.099788975004557,2.02264223552894,7.34991870952684,8.33739264322329,0.0145127012111726,0.879364395805667,8.57396392159264,5.65024130005288,1,0.326209783280983,0.175826004997557,500-1500Hz_R20
source/12kHz_DE_data/B/0014/B014_2.mat,0.156686278679977,0.110758172697606,2.58970327345309,8.54987693518703,8.58424357376936,0.192641135965158,0.831387455174308,7.53824824865708,6.17811201335782,1,0.302873634838228,0.323440281947654,500-1500Hz_R20
source/12kHz_DE_data/B/0014/B014_3.mat,0.137959074749685,0.0936928227401428,2.19677269461078,9.17424505666141,10.2677692805905,0.192150137525969,0.612885933474446,4.9605483773388,5.54640003346091,1,0.608119575449889,0.553848067904573,500-1500Hz_R20
source/12kHz_DE_data/B/0021/B021_0.mat,0.12488006076734,0.0972618894051809,1.27235437125748,5.4938830288142,4.21078506964813,0.00427020022856285,0.802175648950005,9.63676176700192,5.73763380386847,4,0.195728978105145,0.0969276450160594,500-1500Hz_R20
source/12kHz_DE_data/B/0021/B021_3.mat,0.118150341654522,0.0935681843700106,0.881697884231537,3.88341405672836,3.09596235225454,0.0114756239727329,0.5523878817385,9.41739435747981,5.5214796439554,1,0.351192911265699,0.256532677742722,500-1500Hz_R20
source/12kHz_DE_data/B/0028/B028_0_(1797rpm).mat,2.08800743993601,1.56843463685414,18.1054224,4.71039076895081,3.8304041904392,0.0537088190854305,0.750287654212438,5.19446818268621,5.77277136511121,1.2,0.233577580214398,0.507261052220528,500-1500Hz_R20
source/12kHz_DE_data/B/0028/B028_2_(1750rpm).mat,2.13472621958558,1.62462289932221,18.1013534,4.34664731038182,3.69881625740499,0.0394950047432347,0.777000545917417,5.86810566509842,5.75759073538729,1.8,0.19519690134581,0.387813527348099,500-1500Hz_R20
source/12kHz_DE_data/B/0028/B028_3_(1730rpm).mat,2.17092235691896,1.64487533128922,18.7027516,4.47351158432004,3.82492096294247,0.0435169189591513,0.779234966546657,5.61882893511083,5.87394903494762,1.2,0.306750830653939,0.417795055334959,500-1500Hz_R20
source/12kHz_DE_data/IR/0007/IR007_0.mat,0.291143046079395,0.208843453355705,2.81402618762475,5.2671840664256,5.39736447356159,0.171458484760347,0.519708905912146,6.61498674198908,5.09047370541304,5.4,0.386798609558901,0.198295442025584,500-1500Hz_R20
source/12kHz_DE_data/IR/0007/IR007_2.mat,0.299445309802669,0.214003179254896,2.80996530938124,4.98797731170381,5.57239445168295,0.0913319748596116,0.479606433926439,7.37129026181693,4.72954741474416,5.4,0.515226609613258,0.128100275619294,500-1500Hz_R20
source/12kHz_DE_data/IR/0007/IR007_3.mat,0.313238405226574,0.223196759026172,2.82393473053892,4.68997220930074,5.27240593587475,-0.00976548163911519,0.531243857777068,6.54985328316741,4.91107806767759,5.4,0.381640242924842,0.255854247550996,500-1500Hz_R20
source/12kHz_DE_data/IR/0014/IR014_1.mat,0.167488961387576,0.101143588801004,3.3305699001996,10.1684531324988,21.2386264632774,-0.00715943384280651,0.891230722502205,8.454808800552,5.67924995438201,3,0.117536992332971,0.170134122514942,500-1500Hz_R20
source/12kHz_DE_data/IR/0021/IR021_2.mat,0.487644683479563,0.327136312298973,5.6174128742515,6.22481724321213,7.91352141256323,0.249077977171735,0.659606087523491,5.11455036365638,4.36167994999592,2.4,0.213501786084004,0.246282661692008,500-1500Hz_R20
source/12kHz_DE_data/IR/0021/IR021_3.mat,0.445599878913239,0.302689580284139,5.46919081836327,6.80462332566691,8.18538935903856,0.33721714236435,0.682256210824541,5.1630126330342,4.55389203976048,2.4,0.240198438050994,0.243585763058799,500-1500Hz_R20
source/12kHz_DE_data/IR/0028/IR028_0_(1797rpm).mat,0.837135077231125,0.653735072516531,6.8310372,4.29070641525589,3.36830090789764,0.107129484299423,0.611472021666233,6.20441329050963,4.60548911736301,4.3,0.523037646072367,0.116453343042255,500-1500Hz_R20
source/12kHz_DE_data/IR/0028/IR028_1_(1772rpm).mat,0.839236640841009,0.663135331577001,6.6304355,4.16898118057174,3.17689818427904,0.0982727130676118,0.559849992036426,5.49630151898297,4.16657670499047,4.3,0.553754026720161,0.150953939693315,500-1500Hz_R20
source/12kHz_DE_data/OR/Centered/0007/OR007@6_0.mat,0.676739981858855,0.410739143066005,6.60948542914172,5.10334471973469,7.64363693335543,0.0501933025445065,0.759647792886311,7.02233463011649,5.3999501761257,2,0.297839083499611,0.257095611119215,500-1500Hz_R20
source/12kHz_DE_data/OR/Centered/0007/OR007@6_1.mat,0.591756841479991,0.365263371949652,5.91873003992016,5.10899752040336,7.55856131124358,0.0376648668582491,0.83060706930594,8.48775606153763,6.05597107897755,1,0.386711083282677,0.274225477816423,500-1500Hz_R20
source/12kHz_DE_data/OR/Centered/0007/OR007@6_2.mat,0.568876776672503,0.349468338787728,5.79446716566866,5.27779289571409,7.83592995037557,0.0152655199402249,0.863572282150817,8.18388369563494,5.72082367383133,1,0.343011239126912,0.243645442568988,500-1500Hz_R20
source/12kHz_DE_data/OR/Centered/0014/OR014@6_0.mat,0.0997938499419946,0.0794152418736338,0.746002994011976,3.82196339203639,3.01288936273302,-0.00260050949620397,0.765653383832414,7.86257740153176,5.05513051337731,6,0.125210382152719,0.136723600150306,500-1500Hz_R20
source/12kHz_DE_data/OR/Centered/0014/OR014@6_1.mat,0.0938251850290163,0.0749624077508426,0.716853053892216,4.1155079378732,2.94602410243958,0.00201351096195897,0.875926970246079,7.83600034931963,5.13870087768907,6.3,0.0955274366311667,0.128041659677219,500-1500Hz_R20
source/12kHz_DE_data/OR/Centered/0014/OR014@6_3.mat,0.0939613827833187,0.0743122740764644,1.01176275449102,5.7255595741464,3.48004996697395,0.0095279514059123,0.839440365638307,7.7564451217768,5.29222351724263,3.5,0.218448394433409,0.147751282085067,500-1500Hz_R20
source/12kHz_DE_data/OR/Centered/0021/OR021@6_0.mat,0.582469500851198,0.293807350595359,10.7320890219561,9.35487303446958,20.6014973794561,0.0713950630096713,0.505406162985133,2.82762284246909,3.28463859835216,1,0.360207219255324,0.621897093286919,500-1500Hz_R20
source/12kHz_DE_data/OR/Centered/0021/OR021@6_1.mat,0.559227049532957,0.277919177746177,11.1097506986028,10.0972709148757,21.5185406504062,0.118133100637898,0.487872573762068,2.76353989693271,3.1479238435365,1,0.362063883302651,0.631521129733874,500-1500Hz_R20
source/12kHz_DE_data/OR/Opposite/0007/OR007@12_3.mat,0.255412285113663,0.171581110783767,3.12232806387226,6.36352122159167,8.12488879135018,-0.0398283103976834,0.846855659356141,8.66124989595165,5.2175371328719,2,0.137886868944549,0.160902658522548,500-1500Hz_R20
source/12kHz_DE_data/OR/Opposite/0021/OR021@12_1.mat,0.351093095986784,0.159608128642612,7.62389281437126,11.0536393877406,32.8961326311267,-0.407359774176932,0.499616125306039,2.9729287369344,3.22807458126359,3.6,0.22855440282041,0.574170678606002,500-1500Hz_R20
source/12kHz_DE_data/OR/Opposite/0021/OR021@12_2.mat,0.342673391224102,0.15670636288331,7.2141501996008,10.9661174015571,31.7883494566962,-0.422240091795294,0.524794868006623,3.0460854231875,3.27475063045062,2,0.225829312610733,0.582389928268122,500-1500Hz_R20
source/12kHz_DE_data/OR/Orthogonal/0007/OR007@3_0.mat,0.773995394198412,0.577016706993437,6.0100998003992,3.99081169078175,4.22314316378632,0.064606525967449,0.636864941851091,6.55866702103026,5.00102248354938,3.6,0.444280663320655,0.177213225615012,500-1500Hz_R20
source/12kHz_DE_data/OR/Orthogonal/0007/OR007@3_1.mat,0.848652360716537,0.646002013252208,6.44461377245509,3.94281446796763,4.06589921989801,0.0723418005972994,0.612278044961163,6.86859711318872,4.75294656521566,3.6,0.55279302433263,0.101385264923069,500-1500Hz_R20
source/12kHz_DE_data/OR/Orthogonal/0007/OR007@3_3.mat,0.796465388909606,0.60729737153324,6.4328372255489,4.14256655350488,4.07257792627228,0.0829623396035976,0.773446869382093,6.83526399269125,5.07582274916918,1.4,0.256760686077476,0.267217091535418,500-1500Hz_R20
source/12kHz_DE_data/OR/Orthogonal/0021/OR021@3_0.mat,0.31562527845494,0.222576431906677,3.92979309381238,6.72850464125554,6.72642780216276,0.0757026962494984,0.612055236367974,4.55003970020386,5.13220887296925,1,0.412524914316513,0.480263046950362,500-1500Hz_R20
source/12kHz_DE_data/OR/Orthogonal/0021/OR021@3_1.mat,0.283437066352015,0.198817972951007,3.54595888223553,6.74930439759465,7.07633114314139,0.15710540866206,0.624067196748998,4.42740465592576,5.03117538225886,1.6,0.229480818813034,0.479037652052096,500-1500Hz_R20
source/12kHz_DE_data/OR/Orthogonal/0021/OR021@3_2.mat,0.280175151320608,0.197352790743197,3.18860159680639,6.25191454157412,6.78096510011301,0.161440408083453,0.620186619765778,4.59735240900358,4.97591110470699,3.6,0.232522703085214,0.416719111690141,500-1500Hz_R20
source/12kHz_DE_data/OR/Orthogonal/0021/OR021@3_3.mat,0.279377389433426,0.198864798757939,3.17349512974052,5.85093688084242,6.27475947695478,0.153039625883898,0.599735621061478,4.65529411792184,4.90880383148209,3.6,0.271525046696389,0.381040361954148,500-1500Hz_R20
source/48kHz_DE_data/B/0007/B007_3.mat,0.141402645296716,0.112669368114687,1.13737107692308,4.31697393170483,3.06227511454572,0.0210476586691994,0.811578034568276,9.12466194549113,5.11664775203443,10,0.0984903030898529,0.163738390979979,500-1500Hz_R20
source/48kHz_DE_data/B/0014/B014_0.mat,0.130905576047166,0.0928259137973729,2.22196246153846,8.22416161941093,10.0111587059572,0.00747727206968876,0.770746772660916,9.19390420388428,6.09787070568308,3,0.263546758698449,0.1380278864867,500-1500Hz_R20
source/48kHz_DE_data/B/0014/B014_1.mat,0.142864359915716,0.0992619547533205,2.261808,9.97171149536287,9.56510629366424,0.0669025405335672,0.869644243692792,7.69015991396319,5.82545417973548,1,0.337861088144322,0.23327317802374,500-1500Hz_R20
source/48kHz_DE_data/B/0014/B014_2.mat,0.150233341380814,0.102056541958443,3.72733107692308,12.5489438273453,22.0665238828578,0.234489998476618,0.844371707152438,7.21773039546453,5.81092376199981,1,0.288853258017733,0.299307574391443,500-1500Hz_R20
source/48kHz_DE_data/B/0021/B021_0.mat,0.339505212062234,0.271837453419052,2.809488,4.20997728775289,2.98155443686052,-0.00233749578606236,0.816790691135251,9.84991117187807,5.70510596265507,2,0.24877211226516,0.136311686109649,500-1500Hz_R20
source/48kHz_DE_data/B/0021/B021_1.mat,0.240060234123705,0.169886218667821,3.54646153846154,7.42563532019094,8.46295820108051,0.00193760835023368,0.846736771400933,8.10106022663605,5.64846304704563,2,0.217200207460109,0.238127006365957,500-1500Hz_R20
source/48kHz_DE_data/B/0021/B021_2.mat,0.304549838725944,0.197146705834551,6.61936615384615,9.15897662312672,15.3322747587687,0.0378848698353812,0.769233457104936,8.9098070091073,5.29267833679242,1,0.338979097383865,0.208577338514445,500-1500Hz_R20
source/48kHz_DE_data/IR/0007/IR007_0.mat,0.582616651166855,0.415048851721063,6.073452,5.49780515846773,6.01587278708912,0.00291215653260539,0.556009570980993,7.03968080612111,5.18168378687033,5.4,0.331771103358833,0.211659594084452,500-1500Hz_R20
source/48kHz_DE_data/IR/0007/IR007_2.mat,0.280265335067511,0.193589259872429,3.16323507692308,5.71656132768767,7.45391369579826,-0.0788119814185423,0.494225839988932,7.09248750328292,5.00998394284396,5.4,0.419185891309038,0.24392548873942,500-1500Hz_R20
source/48kHz_DE_data/IR/0014/IR014_0.mat,0.187954806180875,0.120268360440193,2.75147866666667,7.50888385493576,12.4734846011109,-0.0885179212061458,0.836410212579628,5.95020895942928,4.58723811043004,3.7,0.184715687569831,0.172930073006536,500-1500Hz_R20
source/48kHz_DE_data/IR/0014/IR014_2.mat,0.231114390084363,0.13423135347861,4.204216,9.52750454837335,19.8206391736315,0.120076553172308,0.815917982836505,8.25972352749025,5.59780697301207,1,0.42608110730214,0.25137085846297,500-1500Hz_R20
source/48kHz_DE_data/IR/0021/IR021_1.mat,0.596784697265484,0.462031937965887,5.82391569230769,4.82415757579931,3.92825562132569,0.0188840454504091,0.634814901594721,4.65276500747255,4.39236004462269,2.4,0.209548223173319,0.279176136663109,500-1500Hz_R20
source/48kHz_DE_data/IR/0021/IR021_2.mat,0.767232175602193,0.582751935804395,6.45914953846154,4.22078613993219,3.63793910890609,0.0624784953891573,0.649660971364088,4.61653365736923,4.56989667322941,2.4,0.289002437066299,0.277628848097008,500-1500Hz_R20
source/48kHz_DE_data/IR/0021/IR021_3.mat,0.403941535664204,0.309320761144961,3.50327815384615,4.38737144271469,3.5896636265376,0.0436355873654285,0.696333354260171,5.0499391981452,4.73733520306033,2.4,0.274204323032788,0.288444588166571,500-1500Hz_R20
source/48kHz_DE_data/OR/Centered/0007/OR007@6_1.mat,1.05940746815846,0.672710801693761,10.3344253333333,4.92284081953493,6.87823105003918,0.0720494044636454,0.821603627177309,7.453035493266,5.65675910064858,3.6,0.270880052270293,0.205708667316498,500-1500Hz_R20
source/48kHz_DE_data/OR/Centered/0007/OR007@6_2.mat,1.02027333454287,0.641378558389132,9.87118533333333,4.88991481336467,6.99339588681718,0.0832489937501681,0.841566549512632,7.40860313757646,5.62778479545295,1,0.27687994454432,0.226995590380759,500-1500Hz_R20
source/48kHz_DE_data/OR/Centered/0007/OR007@6_3.mat,0.994060191622308,0.622561125671007,10.0218426666667,5.04808713969015,7.37205100255977,0.07716465230809,0.840778498804241,7.79203322296231,5.29674814016754,3.6,0.163896813161703,0.185767684941956,500-1500Hz_R20
source/48kHz_DE_data/OR/Centered/0014/OR014@6_2.mat,0.14414629348667,0.11467453776597,1.22019138461538,4.29217350068962,3.16239734129945,-0.00493037251673754,0.864329830785986,7.78684800152901,5.07550896539907,7.8,0.103883198745325,0.143628991780295,500-1500Hz_R20
source/48kHz_DE_data/OR/Centered/0021/OR021@6_0.mat,0.663947189381404,0.344263322462288,11.9732933333333,9.61073052449365,19.6417220685239,-0.18335801075504,0.495059511282131,2.77859020697443,3.35606046140513,1,0.471679690899165,0.674803068156938,500-1500Hz_R20
source/48kHz_DE_data/OR/Centered/0021/OR021@6_1.mat,0.624353686245521,0.317805767551337,12.304656,9.78571264428197,20.9013974257996,-0.310538359570741,0.488641230903114,2.81439228463313,3.50907707411275,1,0.412174373444667,0.685956017028604,500-1500Hz_R20
source/48kHz_DE_data/OR/Centered/0021/OR021@6_2.mat,0.618741354201222,0.317395881948422,13.2394826666667,10.9688652415432,21.9049202413125,-0.301862005850924,0.494334614705481,2.89736603387309,3.55419704774858,1,0.439647520255618,0.676621196147259,500-1500Hz_R20
source/48kHz_DE_data/OR/Centered/0021/OR021@6_3.mat,0.579484114505879,0.307128622887749,11.6945146666667,10.4326919843189,18.4931148537059,-0.24822594720377,0.524199487027389,3.11160394849534,3.8261657451448,1,0.466472180321185,0.637530171640517,500-1500Hz_R20
source/48kHz_DE_data/OR/Opposite/0007/OR007@12_0.mat,0.20816417598296,0.156372976752621,2.56054523076923,6.30481756549249,5.16010365423108,0.0272772883710367,0.778863573865568,6.33329278416714,5.5966531202136,1,0.526563968099616,0.384288470906788,500-1500Hz_R20
source/48kHz_DE_data/OR/Opposite/0007/OR007@12_2.mat,0.258843527440423,0.174848857778385,3.79554830769231,7.51843046876048,10.6006646061881,0.0458527532799009,0.84665928002629,8.20652722062701,5.73695215605934,2,0.20223340511509,0.241150064167314,500-1500Hz_R20
source/48kHz_DE_data/OR/Opposite/0021/OR021@12_2.mat,0.477758371473739,0.24163524507964,9.08117333333333,9.45407646919437,23.5610140758777,0.177529517636396,0.597311233236748,4.03421184185378,4.58389866425534,2,0.248200332976053,0.54633927757108,500-1500Hz_R20
source/48kHz_DE_data/OR/Orthogonal/0007/OR007@3_0.mat,0.394559410488811,0.299208752263394,3.55125969230769,4.68607416165208,4.12802890049875,0.0785912908006727,0.700797095780453,7.54413660377885,5.58524805649563,3.6,0.384038709464048,0.219209292977151,500-1500Hz_R20
source/48kHz_DE_data/OR/Orthogonal/0007/OR007@3_2.mat,0.445089867399309,0.330914554401162,3.94908923076923,4.54670387124691,4.35239276018726,0.0646326980897858,0.65375550448794,6.3364479109202,4.8790265554664,3.6,0.497958530535755,0.167940891008742,500-1500Hz_R20
source/48kHz_DE_data/OR/Orthogonal/0007/OR007@3_3.mat,0.443012506753213,0.336053775160563,3.75507692307692,4.31544462559946,4.09445834160721,0.0456374947967193,0.765469465587059,6.83433001510066,5.27564565085296,3.6,0.228049380539337,0.238679857085104,500-1500Hz_R20
source/48kHz_DE_data/OR/Orthogonal/0021/OR021@3_0.mat,0.411846484358934,0.283893966879666,5.50713066666667,7.37139870378409,8.45312214045563,-0.222704317317089,0.7101844710492,7.16442373997744,6.26015691681279,1,0.361653116711787,0.379130856477481,500-1500Hz_R20
source/48kHz_DE_data/OR/Orthogonal/0021/OR021@3_2.mat,0.714472137302106,0.488953730972077,9.02775466666667,6.55025438566652,7.39992008346399,0.0601856094791798,0.700134784243895,6.67338290395555,6.23058276064871,1,0.365815826486084,0.35838217241181,500-1500Hz_R20
source/48kHz_DE_data/OR/Orthogonal/0021/OR021@3_3.mat,0.676337167874182,0.463840377737313,8.931768,6.94909174119693,7.3592295921537,-0.0934804855845391,0.698968583945185,6.25249041238469,6.05896713544481,3.6,0.21031288375272,0.368054476691014,500-1500Hz_R20
source/48kHz_Normal_data/N_2_(1750rpm).mat,0.0631399498404226,0.0505617034472172,0.491497846153846,4.11189912334021,2.92339503318643,-0.17220776605647,0.869354908251502,8.6173199741967,5.53876535117484,7.8,0.0987754820249808,0.140517388727038,500-1500Hz_R20
source/48kHz_Normal_data/N_3.mat,0.0646790449904843,0.0517007853934806,0.504223384615385,4.01913777721581,2.95653938125519,-0.13053987958999,0.842861906736308,8.09606127112485,5.54702134062267,2,0.186197662551672,0.18542826312353,500-1500Hz_R20
source/12kHz_DE_data/B/0007/B007_2.mat,0.146522505644462,0.118665451282343,1.02204183632735,3.55435253832799,2.8424854500981,0.0330951774019319,0.859396501589923,5.78600731939619,4.24193996837996,3,0.153675494402299,0.228034066133476,1500-3000Hz_R10
source/12kHz_DE_data/B/0007/B007_3.mat,0.153926097593488,0.123762517860086,1.07004141716567,3.60893399897743,2.84293694373022,0.0102098702576978,0.868174176370764,6.4188931467491,4.79083501836552,2,0.180102609652212,0.222281682067751,1500-3000Hz_R10
source/12kHz_DE_data/B/0014/B014_0.mat,0.140491896902889,0.0948239274863208,2.01078447105788,7.94741271428155,8.17981648004596,0.0257914060884897,0.792786461704398,3.68307213036396,3.75272870315423,2.4,0.150567169335993,0.416144385739919,1500-3000Hz_R10
source/12kHz_DE_data/B/0014/B014_1.mat,0.133946513206024,0.0968734635021851,1.85435944111776,6.62783275328982,7.6380623165508,0.0076764185852717,0.809797124249101,4.13275482611484,3.41666996906222,3.8,0.14570175049337,0.350931594640425,1500-3000Hz_R10
source/12kHz_DE_data/B/0014/B014_2.mat,0.15027730071594,0.108271304930365,1.88635916167665,7.06249888597934,7.14376539195477,0.0932373391057489,0.807155719453915,4.20962768922285,3.96694547151039,1.2,0.261540935837803,0.434746773585561,1500-3000Hz_R10
source/12kHz_DE_data/B/0014/B014_3.mat,0.129859735855681,0.0925919120614932,1.86061319361277,7.46757515293764,7.83361930313932,0.096070237422563,0.825964271624807,4.39178339545875,3.82606062816757,1.2,0.250870540408276,0.397278927799223,1500-3000Hz_R10
source/12kHz_DE_data/B/0021/B021_0.mat,0.119065306564768,0.0921861129913272,1.02399105788423,4.54014302504918,3.82440066025342,-0.00051563108944574,0.86028039259278,6.11007332718647,4.25601670820352,4.7,0.129392569594132,0.221649534717251,1500-3000Hz_R10
source/12kHz_DE_data/B/0021/B021_3.mat,0.118085037097846,0.0935757686343386,0.857251397205589,3.7712074886525,3.10573964503818,0.0245099531715848,0.890409399330698,7.52327597154169,5.14348619231795,3.6,0.145133955229639,0.180873251836763,1500-3000Hz_R10
source/12kHz_DE_data/B/0028/B028_0_(1797rpm).mat,2.06815473129944,1.5743236659467,16.84566,4.35269038081081,3.78211399744144,0.0529400442731426,0.786298873297771,3.88275492045696,3.7055659360001,1.8,0.163310954606977,0.486755341747452,1500-3000Hz_R10
source/12kHz_DE_data/B/0028/B028_2_(1750rpm).mat,2.13872505417122,1.62123668819313,17.3111536,4.10448495003491,3.80692708416514,0.0423005552183109,0.727252711610139,3.30535321726428,3.43575652423021,1.8,0.155201261422589,0.532388322345348,1500-3000Hz_R10
source/12kHz_DE_data/B/0028/B028_3_(1730rpm).mat,2.12628536305197,1.6035396023277,17.8340201,4.22752114237186,3.86335598005861,0.0423242517774259,0.740402045040424,3.16080345967928,3.4952329496944,1.2,0.273621120220564,0.569578183570631,1500-3000Hz_R10
source/12kHz_DE_data/IR/0007/IR007_0.mat,0.291091334987747,0.20885158641506,2.73995576846307,5.13983185439443,5.45383286496166,0.169429051392131,0.556994942938933,5.8525150427249,3.13829969171827,5.4,0.55094495853527,0.104124023400501,1500-3000Hz_R10
source/12kHz_DE_data/IR/0007/IR007_2.mat,0.3000401876385,0.214098699232912,2.73362079840319,4.9006172385136,5.53047460920833,0.0918944682904653,0.564262009486223,5.64679379463534,3.24126198180451,5.4,0.550266009726268,0.181580146927485,1500-3000Hz_R10
source/12kHz_DE_data/IR/0007/IR007_3.mat,0.312616339868652,0.223567696045191,2.77024992015968,4.59587074499137,5.26931196837128,-0.0118601273797379,0.657976819100643,7.60841626540313,4.20053879001784,5.4,0.487277424799017,0.118527695142072,1500-3000Hz_R10
source/12kHz_DE_data/IR/0014/IR014_1.mat,0.16840390422823,0.100160363987546,3.0247045508982,9.26011923329826,21.3992162906712,0.0524036026741726,0.750998725989126,4.22205888998212,3.26318311905614,1,0.35720936123649,0.282627539152085,1500-3000Hz_R10
source/12kHz_DE_data/IR/0021/IR021_2.mat,0.489138695949397,0.3258994987492,5.44401337325349,5.94449961854209,7.98213392999932,0.24203925147116,0.655383598119972,4.35627847699584,3.04096760966361,5.4,0.310663762987772,0.257738178496381,1500-3000Hz_R10
source/12kHz_DE_data/IR/0021/IR021_3.mat,0.44955474207584,0.302780432044871,5.12949835329341,6.36340416291245,8.21896080582927,0.311248089734143,0.693159432891409,4.75817456532809,3.38370551183315,5.4,0.29999173957987,0.231170040413823,1500-3000Hz_R10
source/12kHz_DE_data/IR/0028/IR028_0_(1797rpm).mat,0.836366647031855,0.653966166276466,6.5262691,4.03142578114258,3.36263188567071,0.0935558190356841,0.848620155765096,6.25152300804437,4.90881747620815,3.7,0.170899547956963,0.172015679277709,1500-3000Hz_R10
source/12kHz_DE_data/IR/0028/IR028_1_(1772rpm).mat,0.838277630289238,0.663051687238473,6.420882,3.97865467073534,3.19711549855045,0.0967875020299482,0.871450847304998,6.4429852422447,5.15821835877104,3.7,0.132271659650886,0.226116919924864,1500-3000Hz_R10
source/12kHz_DE_data/OR/Centered/0007/OR007@6_0.mat,0.670243963220107,0.405201245539308,6.49821736526946,4.90446102373605,7.6035367958123,0.0527423920100242,0.474180624057389,4.51149769023245,2.63758132523467,3.6,0.801537203995979,0.111152682791743,1500-3000Hz_R10
source/12kHz_DE_data/OR/Centered/0007/OR007@6_1.mat,0.590451903760928,0.365969172797662,5.84441596806387,5.02795815601908,7.5591655703073,0.0301202202470204,0.472230623250247,4.40397990810746,2.45923003271406,3.6,0.795029498130251,0.0987213492504708,1500-3000Hz_R10
source/12kHz_DE_data/OR/Centered/0007/OR007@6_2.mat,0.572191808372774,0.350143546504104,5.6490877245509,5.04980140943039,7.82799910629797,0.0234154302196146,0.441426894387737,4.28743477444008,2.17692988141175,3.6,0.827655310488916,0.0826084318030599,1500-3000Hz_R10
source/12kHz_DE_data/OR/Centered/0014/OR014@6_0.mat,0.0995749942189381,0.0791016192246186,0.711006826347305,3.77065041369675,3.00280758258253,-0.0023157846798161,0.878296455376453,6.59974477217788,4.79191759567702,2,0.194311251664998,0.236654877581657,1500-3000Hz_R10
source/12kHz_DE_data/OR/Centered/0014/OR014@6_1.mat,0.0938449500805824,0.0750180580888584,0.663222035928144,3.71860148959878,2.93867824564143,-0.000223466938495804,0.886618951502076,6.80475928925583,4.61397089905429,2.4,0.165606587280712,0.172737082790045,1500-3000Hz_R10
source/12kHz_DE_data/OR/Centered/0014/OR014@6_3.mat,0.0932321471871909,0.0737381242700225,0.709971556886227,4.25257827289251,3.12696469586187,0.00296565160648661,0.891769749795091,6.97256495846986,5.24040862852305,2,0.184842530388923,0.245390592776516,1500-3000Hz_R10
source/12kHz_DE_data/OR/Centered/0021/OR021@6_0.mat,0.576090871724149,0.296990953670679,9.8914872255489,8.91545323348512,19.8901261801925,0.155159136313299,0.665233614468653,3.16162809918394,2.47941968610349,1,0.320432581116918,0.434180772643008,1500-3000Hz_R10
source/12kHz_DE_data/OR/Centered/0021/OR021@6_1.mat,0.566757341014362,0.28190602266822,10.8250831337325,9.67123049864857,21.4329730843692,0.127134897488475,0.676848839536012,3.15818113271637,2.48789196549728,3.6,0.230788415594212,0.436094229764148,1500-3000Hz_R10
source/12kHz_DE_data/OR/Opposite/0007/OR007@12_3.mat,0.255404636577293,0.171593357723859,3.00228850299401,6.15365850360494,8.11829086384373,-0.0395273797306081,0.760508769502608,4.38883450872602,3.44779778039986,3.6,0.269046190275507,0.309227462418681,1500-3000Hz_R10
source/12kHz_DE_data/OR/Opposite/0021/OR021@12_1.mat,0.34955564394921,0.157988447863311,7.22673892215569,10.6520615107407,33.209104673079,-0.395770536194024,0.709196800778041,2.91097400930822,2.80397547746457,2,0.177587111565735,0.527869134959325,1500-3000Hz_R10
source/12kHz_DE_data/OR/Opposite/0021/OR021@12_2.mat,0.344151482170853,0.156653130705682,7.06674031936128,10.4427287166465,32.5793135074978,-0.4233266861965,0.707584695202141,2.88017763693544,2.84645033249637,1.3,0.256796064968083,0.52554765929762,1500-3000Hz_R10
source/12kHz_DE_data/OR/Orthogonal/0007/OR007@3_0.mat,0.77362644437597,0.576598508970084,5.9459379241517,3.90441529503166,4.21782736113962,0.0659613125729542,0.661089624512873,5.04945856837336,2.91002697931651,3.6,0.418236112895154,0.1186030304982,1500-3000Hz_R10
source/12kHz_DE_data/OR/Orthogonal/0007/OR007@3_1.mat,0.84866602695404,0.644919232582476,6.39913193612774,3.87300088842633,4.04479501034934,0.0731551626421975,0.650907675619718,4.79429928036602,2.77867421927312,3.6,0.428729622057503,0.114425476623312,1500-3000Hz_R10
source/12kHz_DE_data/OR/Orthogonal/0007/OR007@3_3.mat,0.7965160720869,0.606500094836005,6.25212814371258,4.01525465949717,4.07719123328977,0.0830584360096349,0.678918275380526,5.41545082062161,3.1243146027835,3.6,0.425782880430118,0.105854908050019,1500-3000Hz_R10
source/12kHz_DE_data/OR/Orthogonal/0021/OR021@3_0.mat,0.315123797085027,0.222931876630224,3.71277976047904,6.27074483353963,6.68240036116685,0.0678960843522479,0.658429996699713,3.36978295330414,3.33425590032878,1,0.444263661343296,0.481859914834879,1500-3000Hz_R10
source/12kHz_DE_data/OR/Orthogonal/0021/OR021@3_1.mat,0.283932263858729,0.199198612361437,3.39586882235529,6.28296440548741,7.18804962509386,0.117339751713382,0.673659355158786,3.71295483894464,3.48347525431304,1,0.403941832578418,0.422563708653477,1500-3000Hz_R10
source/12kHz_DE_data/OR/Orthogonal/0021/OR021@3_2.mat,0.278867599577156,0.198547790069653,3.10454141716567,6.00673587646625,6.77815993022224,0.161041656914515,0.668378928037173,3.59809140965894,3.49028842158812,1,0.409215316122909,0.438716278163814,1500-3000Hz_R10
source/12kHz_DE_data/OR/Orthogonal/0021/OR021@3_3.mat,0.278602482481049,0.19952196390501,2.98352724550898,5.6970785682614,6.2442198777844,0.145571723640737,0.686238699613043,3.81338834982671,3.65368362166961,1,0.398209013673958,0.425590720391549,1500-3000Hz_R10
source/48kHz_DE_data/B/0007/B007_3.mat,0.140628021624178,0.112517629744538,1.05079569230769,3.84495852093684,3.01553947255419,0.0223045338687153,0.855869009996383,6.12697942141731,4.63091636800975,3.6,0.175481930767009,0.212266543470572,1500-3000Hz_R10
source/48kHz_DE_data/B/0014/B014_0.mat,0.13959160694563,0.0972295137630083,2.17335507692308,7.84334557323687,9.67777537265968,-0.0197508704729621,0.813809056316283,4.30616518032227,3.54942456550711,4.5,0.134465724075515,0.325781636765111,1500-3000Hz_R10
source/48kHz_DE_data/B/0014/B014_1.mat,0.143626886616419,0.103804243259475,2.14581784615385,7.39716562242184,8.31584551625304,0.060167346114147,0.809813958490082,4.51129195392435,3.65119995586393,2,0.134581057849687,0.370319611002108,1500-3000Hz_R10
source/48kHz_DE_data/B/0014/B014_2.mat,0.145402801912365,0.0992770410540774,3.31156061538462,11.2658007693541,15.2513934808323,0.0786531037660637,0.82969872654599,4.19591051706908,3.83628139884391,1.4,0.161620444465754,0.384781520671913,1500-3000Hz_R10
source/48kHz_DE_data/B/0021/B021_0.mat,0.341143768858336,0.272772359072959,2.57953733333333,3.93377115343257,2.96587544148647,-0.00427460260118018,0.843495897502677,5.42743648572,3.90011161845693,2.7,0.139825913808356,0.279956782810389,1500-3000Hz_R10
source/48kHz_DE_data/B/0021/B021_1.mat,0.210389326136582,0.163731070364998,2.08594523076923,5.30100231701417,3.90744226454696,0.00204983147839847,0.840534431751991,5.14952915964856,3.73215133927648,5.4,0.124530989405747,0.303372094250308,1500-3000Hz_R10
source/48kHz_DE_data/B/0021/B021_2.mat,0.299047912651851,0.20908387535059,3.56377661538462,6.01870963308274,7.11775702563281,0.0309034179615228,0.831426783693563,5.04519243743311,3.63775924730766,2.3,0.160245827608842,0.278959934794169,1500-3000Hz_R10
source/48kHz_DE_data/IR/0007/IR007_0.mat,0.582696776264156,0.415092582203628,5.90610133333333,5.45554818146203,6.03429323186723,0.012277173810357,0.599504007191702,6.3279273467013,3.47102867424691,5.4,0.526108432698332,0.0888501881679658,1500-3000Hz_R10
source/48kHz_DE_data/IR/0007/IR007_2.mat,0.280517757864478,0.1935294287733,3.10899507692308,5.66171934699478,7.46362594514706,-0.0751373393440712,0.580836560124065,6.41597714049484,3.46232900762995,5.4,0.590867718325167,0.0949316699088136,1500-3000Hz_R10
source/48kHz_DE_data/IR/0014/IR014_0.mat,0.184133060185797,0.117727898222268,2.62586133333333,7.35693259107351,11.9858885718862,-0.104930273968237,0.791702108730564,4.48580486479756,3.30251052911303,2.2,0.174792268028962,0.221065044405144,1500-3000Hz_R10
source/48kHz_DE_data/IR/0014/IR014_2.mat,0.235600930504471,0.137150717610066,4.204216,9.57321276630589,20.1104931836184,0.0801092786255708,0.73567302710003,3.76007079045912,2.95800005791716,1,0.376158607109843,0.342396085389368,1500-3000Hz_R10
source/48kHz_DE_data/IR/0021/IR021_1.mat,0.602549214569065,0.463614996180717,5.52017169230769,4.77835351476655,3.83387057439833,0.0212231055697154,0.782001188829003,5.34049976672267,4.15699716762801,2,0.199912272423493,0.285971109895828,1500-3000Hz_R10
source/48kHz_DE_data/IR/0021/IR021_2.mat,0.764309418991035,0.587351664457213,6.35671938461538,4.29282141883883,3.62609597354535,0.0571433137909518,0.709096560722014,4.25157701944854,3.74474891419414,2,0.275130750031767,0.4366793570618,1500-3000Hz_R10
source/48kHz_DE_data/IR/0021/IR021_3.mat,0.404597513763442,0.308932127732121,3.44924676923077,4.2956217676706,3.61227031956482,0.042842253376295,0.72023422086466,4.60898977259754,3.80642767601468,2,0.257970618726334,0.356140562147921,1500-3000Hz_R10
source/48kHz_DE_data/OR/Centered/0007/OR007@6_1.mat,1.05677083859532,0.673735830153452,10.2785026666667,4.90451312419421,6.87684995523369,0.0751986951925538,0.473775390872157,4.54686651552372,2.52023363126077,3.6,0.82007439780002,0.094553337150282,1500-3000Hz_R10
source/48kHz_DE_data/OR/Centered/0007/OR007@6_2.mat,1.0171047681738,0.637505748407929,9.82861733333333,4.8696528809248,6.99295662829047,0.0820653611154459,0.458198139768664,4.331581374428,2.20415498496312,3.6,0.81712486764541,0.0886174348321718,1500-3000Hz_R10
source/48kHz_DE_data/OR/Centered/0007/OR007@6_3.mat,0.994123564423007,0.621053534280109,9.944636,5.02660787178015,7.40816508884481,0.0775672090969839,0.475284102694281,4.53942087021185,2.52836027241391,3.6,0.811032952403687,0.106394586834015,1500-3000Hz_R10
source/48kHz_DE_data/OR/Centered/0014/OR014@6_2.mat,0.143016169426597,0.113960734524371,1.09919446153846,3.95039782496432,3.08110910627155,-0.0106603069895938,0.850035357064401,5.61420804453008,4.19737931795762,2.2,0.168039604012474,0.214564574797201,1500-3000Hz_R10
source/48kHz_DE_data/OR/Centered/0021/OR021@6_0.mat,0.657959744721748,0.342693542259107,11.716216,9.42648025407082,19.6471712105006,-0.17859676559113,0.678113676569797,3.16565782927426,2.48501648868808,1,0.331649178338454,0.430023251063723,1500-3000Hz_R10
source/48kHz_DE_data/OR/Centered/0021/OR021@6_1.mat,0.610833093914962,0.31344484294942,10.7505066666667,8.95467293155736,19.9182364341955,-0.377397566235189,0.687154555389714,3.20487210122959,2.45635561718447,3.6,0.234928722323968,0.426867857661229,1500-3000Hz_R10
source/48kHz_DE_data/OR/Centered/0021/OR021@6_2.mat,0.616823553220803,0.3181691235745,10.797248,8.96042278249308,20.5300924132788,-0.321944916847799,0.697082855772187,3.30334993838614,2.5012505635942,3.6,0.239347703346964,0.423182004415893,1500-3000Hz_R10
source/48kHz_DE_data/OR/Centered/0021/OR021@6_3.mat,0.591717738619002,0.311673291208155,10.6311493333333,8.98848229905542,18.8042240345628,-0.260702323947075,0.718925404860908,3.36714292910062,2.73825423516426,3.6,0.239301838056317,0.433304804334502,1500-3000Hz_R10
source/48kHz_DE_data/OR/Opposite/0007/OR007@12_0.mat,0.210991793233991,0.156431497486961,2.50338461538461,5.87586162189995,5.70228715841215,0.0166893127540032,0.747751307667661,4.81378277831516,3.38616777550179,3.6,0.397548646569645,0.223123072515419,1500-3000Hz_R10
source/48kHz_DE_data/OR/Opposite/0007/OR007@12_2.mat,0.263316412933308,0.174789626737132,3.66057415384615,7.10444899461418,10.7142287055659,0.0416004928131423,0.76080451077905,3.80353148325281,3.11294998494696,3.6,0.250289812284959,0.34008904440913,1500-3000Hz_R10
source/48kHz_DE_data/OR/Opposite/0021/OR021@12_2.mat,0.470735781820584,0.244574507978514,8.31661866666667,8.92658253267816,22.2182238220478,0.172696010079792,0.667689528484401,2.49806399294234,1.99966880507306,2,0.195807634464603,0.554563784767445,1500-3000Hz_R10
source/48kHz_DE_data/OR/Orthogonal/0007/OR007@3_0.mat,0.395252443249226,0.299311846593059,3.528312,4.5264753735775,4.15537531458884,0.0790814876808777,0.644793479476876,4.90964182795477,3.09497535528055,3.6,0.519501910489736,0.139384556672657,1500-3000Hz_R10
source/48kHz_DE_data/OR/Orthogonal/0007/OR007@3_2.mat,0.444970144194325,0.330901884122434,3.85500369230769,4.46563650956062,4.36182977479811,0.0627363313555194,0.606027821749233,5.16515123275901,3.04266014522246,3.6,0.571491680180876,0.109207754951809,1500-3000Hz_R10
source/48kHz_DE_data/OR/Orthogonal/0007/OR007@3_3.mat,0.444178315959784,0.337007584158911,3.72816553846154,4.21729129958105,4.10196860304865,0.0470615626376531,0.628256240603425,5.35653620963542,3.32520289921915,3.6,0.538742657852952,0.107940377365239,1500-3000Hz_R10
source/48kHz_DE_data/OR/Orthogonal/0021/OR021@3_0.mat,0.411844097035119,0.283904795725945,5.44578266666667,7.30749837555794,8.46640526741219,-0.249071602691212,0.715527027267378,4.45656362529014,4.97829643481811,1,0.444803784858726,0.487353337028789,1500-3000Hz_R10
source/48kHz_DE_data/OR/Orthogonal/0021/OR021@3_2.mat,0.712654766373245,0.488877886730555,9.011896,6.56478109247075,7.47044859356456,0.0555990358868511,0.716898698285614,4.05362942210265,4.22858093036664,1,0.402874827954923,0.44660239590084,1500-3000Hz_R10
source/48kHz_DE_data/OR/Orthogonal/0021/OR021@3_3.mat,0.676619307999814,0.465288750634231,8.478544,6.69516528281118,7.34255755991105,-0.0987035259270196,0.719462137421328,4.2971026892243,4.36021756388815,1,0.390349192276041,0.418121918090127,1500-3000Hz_R10
source/48kHz_Normal_data/N_2_(1750rpm).mat,0.0630277134503492,0.0504767886704525,0.467298461538462,4.01120966373655,2.91493097312385,-0.171659889656626,0.890657759418985,6.79619167866528,5.15429055823738,2.7,0.13963516184161,0.21019448192568,1500-3000Hz_R10
source/48kHz_Normal_data/N_3.mat,0.0647215964533934,0.0517988762946067,0.477520615384615,3.8479627799733,2.95554523111681,-0.129539934229428,0.903171487115653,8.04624248325351,5.37269721036108,2,0.167651065656459,0.18714805339893,1500-3000Hz_R10
source/12kHz_DE_data/B/0007/B007_2.mat,0.147685031889138,0.118174025793476,1.0707723752495,3.68512937110004,2.84190311396617,0.0328663989345812,0.796910396114125,5.54974993882681,4.08744883426692,2,0.148920775998556,0.223289673168653,1500-3000Hz_R20
source/12kHz_DE_data/B/0007/B007_3.mat,0.154838511136459,0.12400434257106,1.13834538922156,3.76996266992705,2.89288639111029,0.0210606264118575,0.83150062715995,6.14227155272934,4.6707337145994,2,0.181026666327239,0.24631247089867,1500-3000Hz_R20
source/12kHz_DE_data/B/0014/B014_0.mat,0.145303731036556,0.0970054239526011,2.73849385229541,9.15724078015898,12.331783834544,0.0246733290428116,0.76739937508936,3.4783710064368,3.42378185852582,1.4,0.185677911952533,0.442001626290381,1500-3000Hz_R20
source/12kHz_DE_data/B/0014/B014_1.mat,0.143536505949053,0.099788975004557,2.02264223552894,7.34991870952684,8.33739264322329,0.0145127012111726,0.790158102911262,4.0830321361195,3.43021536062194,1.4,0.193737100889114,0.377299969638985,1500-3000Hz_R20
source/12kHz_DE_data/B/0014/B014_2.mat,0.156686278679977,0.110758172697606,2.58970327345309,8.54987693518703,8.58424357376936,0.192641135965158,0.757085643906209,3.80008712628779,3.64034733841614,1.2,0.232928494078487,0.493199450759062,1500-3000Hz_R20
source/12kHz_DE_data/B/0014/B014_3.mat,0.137959074749685,0.0936928227401428,2.19677269461078,9.17424505666141,10.2677692805905,0.192150137525969,0.791674093422101,4.04452997499987,3.73535939805566,1.2,0.221639599209867,0.415001107811132,1500-3000Hz_R20
source/12kHz_DE_data/B/0021/B021_0.mat,0.12488006076734,0.0972618894051809,1.27235437125748,5.4938830288142,4.21078506964813,0.00427020022856285,0.84802907293923,5.84343504533635,4.27281058340458,3.6,0.117907409759535,0.218397922848301,1500-3000Hz_R20
source/12kHz_DE_data/B/0021/B021_3.mat,0.118150341654522,0.0935681843700106,0.881697884231537,3.88341405672836,3.09596235225454,0.0114756239727329,0.870820095813651,7.55691260280154,5.08950624535383,3.6,0.151643974490793,0.16767855307332,1500-3000Hz_R20
source/12kHz_DE_data/B/0028/B028_0_(1797rpm).mat,2.08800743993601,1.56843463685414,18.1054224,4.71039076895081,3.8304041904392,0.0537088190854305,0.733556722070475,3.57304329022377,3.67865053306906,1.8,0.176252481665894,0.51460072383777,1500-3000Hz_R20
source/12kHz_DE_data/B/0028/B028_2_(1750rpm).mat,2.13472621958558,1.62462289932221,18.1013534,4.34664731038182,3.69881625740499,0.0394950047432347,0.659030394988201,3.21670363439704,3.49113545451232,1.2,0.199127187852316,0.615149488602497,1500-3000Hz_R20
source/12kHz_DE_data/B/0028/B028_3_(1730rpm).mat,2.17092235691896,1.64487533128922,18.7027516,4.47351158432004,3.82492096294247,0.0435169189591513,0.673420130796354,3.06576818927125,3.16743895167825,1.2,0.298233549716772,0.612222506189573,1500-3000Hz_R20
source/12kHz_DE_data/IR/0007/IR007_0.mat,0.291143046079395,0.208843453355705,2.81402618762475,5.2671840664256,5.39736447356159,0.171458484760347,0.403780861275281,5.81724336122244,3.07334832623013,5.4,0.559742363944924,0.116135302981808,1500-3000Hz_R20
source/12kHz_DE_data/IR/0007/IR007_2.mat,0.299445309802669,0.214003179254896,2.80996530938124,4.98797731170381,5.57239445168295,0.0913319748596116,0.399525812110505,5.63267277049299,3.21579367106522,5.4,0.556015043142727,0.208709339932077,1500-3000Hz_R20
source/12kHz_DE_data/IR/0007/IR007_3.mat,0.313238405226574,0.223196759026172,2.82393473053892,4.68997220930074,5.27240593587475,-0.00976548163911519,0.513601400160248,7.54603604625426,4.17775755391522,5.4,0.482150109161784,0.136029631717544,1500-3000Hz_R20
source/12kHz_DE_data/IR/0014/IR014_1.mat,0.167488961387576,0.101143588801004,3.3305699001996,10.1684531324988,21.2386264632774,-0.00715943384280651,0.610364867913677,3.99490587949018,3.08076657436244,1,0.336627100900021,0.304122668856232,1500-3000Hz_R20
source/12kHz_DE_data/IR/0021/IR021_2.mat,0.487644683479563,0.327136312298973,5.6174128742515,6.22481724321213,7.91352141256323,0.249077977171735,0.520311472235363,4.30040186454836,2.98132405373416,5.4,0.311400122079372,0.281001995050584,1500-3000Hz_R20
source/12kHz_DE_data/IR/0021/IR021_3.mat,0.445599878913239,0.302689580284139,5.46919081836327,6.80462332566691,8.18538935903856,0.33721714236435,0.544865530093326,4.71166374631401,3.3818113818997,5.4,0.305799308114197,0.251210673247914,1500-3000Hz_R20
source/12kHz_DE_data/IR/0028/IR028_0_(1797rpm).mat,0.837135077231125,0.653735072516531,6.8310372,4.29070641525589,3.36830090789764,0.107129484299423,0.825624405632969,6.27961752361847,4.92992873444602,3.7,0.169374022763998,0.200735747961141,1500-3000Hz_R20
source/12kHz_DE_data/IR/0028/IR028_1_(1772rpm).mat,0.839236640841009,0.663135331577001,6.6304355,4.16898118057174,3.17689818427904,0.0982727130676118,0.863312223810712,6.56622030497499,5.01165247631576,3.7,0.147047710341756,0.199498751071202,1500-3000Hz_R20
source/12kHz_DE_data/OR/Centered/0007/OR007@6_0.mat,0.676739981858855,0.410739143066005,6.60948542914172,5.10334471973469,7.64363693335543,0.0501933025445065,0.317444183326083,4.42398951417521,2.53225505825201,3.6,0.805848421781723,0.111245187299845,1500-3000Hz_R20
source/12kHz_DE_data/OR/Centered/0007/OR007@6_1.mat,0.591756841479991,0.365263371949652,5.91873003992016,5.10899752040336,7.55856131124358,0.0376648668582491,0.321698753959241,4.38989935595388,2.43398423363072,3.6,0.79137519715491,0.102207499221979,1500-3000Hz_R20
source/12kHz_DE_data/OR/Centered/0007/OR007@6_2.mat,0.568876776672503,0.349468338787728,5.79446716566866,5.27779289571409,7.83592995037557,0.0152655199402249,0.283330308783374,4.22991463421137,2.12265920815679,3.6,0.830586997084261,0.0849394171031077,1500-3000Hz_R20
source/12kHz_DE_data/OR/Centered/0014/OR014@6_0.mat,0.0997938499419946,0.0794152418736338,0.746002994011976,3.82196339203639,3.01288936273302,-0.00260050949620397,0.867742990913755,6.34351029283477,4.65906497611015,2,0.173105543259215,0.238044407739737,1500-3000Hz_R20
source/12kHz_DE_data/OR/Centered/0014/OR014@6_1.mat,0.0938251850290163,0.0749624077508426,0.716853053892216,4.1155079378732,2.94602410243958,0.00201351096195897,0.869103160002672,6.41149734891609,4.68703246569098,2,0.152710940308751,0.224413020997667,1500-3000Hz_R20
source/12kHz_DE_data/OR/Centered/0014/OR014@6_3.mat,0.0939613827833187,0.0743122740764644,1.01176275449102,5.7255595741464,3.48004996697395,0.0095279514059123,0.864152983796721,6.36523453995613,5.02807794682166,1.9,0.179675570925938,0.29527027656286,1500-3000Hz_R20
source/12kHz_DE_data/OR/Centered/0021/OR021@6_0.mat,0.582469500851198,0.293807350595359,10.7320890219561,9.35487303446958,20.6014973794561,0.0713950630096713,0.516777738941491,2.98701022721458,2.29800923903222,1,0.309250286422265,0.456752200410882,1500-3000Hz_R20
source/12kHz_DE_data/OR/Centered/0021/OR021@6_1.mat,0.559227049532957,0.277919177746177,11.1097506986028,10.0972709148757,21.5185406504062,0.118133100637898,0.54064059660085,3.00851662713978,2.32932991582488,3.6,0.229470316796159,0.463437480886177,1500-3000Hz_R20
source/12kHz_DE_data/OR/Opposite/0007/OR007@12_3.mat,0.255412285113663,0.171581110783767,3.12232806387226,6.36352122159167,8.12488879135018,-0.0398283103976834,0.649530847582296,4.25399004956764,3.35301710114867,3.6,0.263343427201975,0.333251529664001,1500-3000Hz_R20
source/12kHz_DE_data/OR/Opposite/0021/OR021@12_1.mat,0.351093095986784,0.159608128642612,7.62389281437126,11.0536393877406,32.8961326311267,-0.407359774176932,0.567826662295163,2.72896497312809,2.53180195140653,2,0.161256041776942,0.560831551293147,1500-3000Hz_R20
source/12kHz_DE_data/OR/Opposite/0021/OR021@12_2.mat,0.342673391224102,0.15670636288331,7.2141501996008,10.9661174015571,31.7883494566962,-0.422240091795294,0.5772185230789,2.78229436490776,2.63075893034787,1.6,0.167200501560228,0.559722948320446,1500-3000Hz_R20
source/12kHz_DE_data/OR/Orthogonal/0007/OR007@3_0.mat,0.773995394198412,0.577016706993437,6.0100998003992,3.99081169078175,4.22314316378632,0.064606525967449,0.515056734912397,4.97046863432099,2.89297808114563,3.6,0.421241752030551,0.126170780558098,1500-3000Hz_R20
source/12kHz_DE_data/OR/Orthogonal/0007/OR007@3_1.mat,0.848652360716537,0.646002013252208,6.44461377245509,3.94281446796763,4.06589921989801,0.0723418005972994,0.49299842678072,4.7702241066536,2.78492188449716,3.6,0.431545173233535,0.117797765590396,1500-3000Hz_R20
source/12kHz_DE_data/OR/Orthogonal/0007/OR007@3_3.mat,0.796465388909606,0.60729737153324,6.4328372255489,4.14256655350488,4.07257792627228,0.0829623396035976,0.525355467394989,5.38841007917793,3.12358681950837,3.6,0.422777735187784,0.106435663330922,1500-3000Hz_R20
source/12kHz_DE_data/OR/Orthogonal/0021/OR021@3_0.mat,0.31562527845494,0.222576431906677,3.92979309381238,6.72850464125554,6.72642780216276,0.0757026962494984,0.501769896228257,3.1194173806815,3.05398910910884,1,0.440931806503473,0.51452110994936,1500-3000Hz_R20
source/12kHz_DE_data/OR/Orthogonal/0021/OR021@3_1.mat,0.283437066352015,0.198817972951007,3.54595888223553,6.74930439759465,7.07633114314139,0.15710540866206,0.51760265890217,3.47169120194009,3.20608356459099,1,0.377632005818057,0.454202214019866,1500-3000Hz_R20
source/12kHz_DE_data/OR/Orthogonal/0021/OR021@3_2.mat,0.280175151320608,0.197352790743197,3.18860159680639,6.25191454157412,6.78096510011301,0.161440408083453,0.509003909750463,3.40227370031563,3.21522668130849,1,0.396528987551778,0.472657854186013,1500-3000Hz_R20
source/12kHz_DE_data/OR/Orthogonal/0021/OR021@3_3.mat,0.279377389433426,0.198864798757939,3.17349512974052,5.85093688084242,6.27475947695478,0.153039625883898,0.535524495660244,3.58182089932122,3.42962240819879,1,0.38324253226961,0.459435078029771,1500-3000Hz_R20
source/48kHz_DE_data/B/0007/B007_3.mat,0.141402645296716,0.112669368114687,1.13737107692308,4.31697393170483,3.06227511454572,0.0210476586691994,0.833290875017851,5.77818491904352,4.34644327710372,3.6,0.121548256347935,0.208554029281827,1500-3000Hz_R20
source/48kHz_DE_data/B/0014/B014_0.mat,0.130905576047166,0.0928259137973729,2.22196246153846,8.22416161941093,10.0111587059572,0.00747727206968876,0.771238042666672,4.22396017243294,3.51498814668887,4.4,0.137329127950348,0.372925236090308,1500-3000Hz_R20
source/48kHz_DE_data/B/0014/B014_1.mat,0.142864359915716,0.0992619547533205,2.261808,9.97171149536287,9.56510629366424,0.0669025405335672,0.80545745717273,4.37174062310013,3.70672246797088,1.2,0.245142941289943,0.362983610426459,1500-3000Hz_R20
source/48kHz_DE_data/B/0014/B014_2.mat,0.150233341380814,0.102056541958443,3.72733107692308,12.5489438273453,22.0665238828578,0.234489998476618,0.775721881538816,3.91786779749029,3.59406036263998,1.2,0.201554462073424,0.393916066780436,1500-3000Hz_R20
source/48kHz_DE_data/B/0021/B021_0.mat,0.339505212062234,0.271837453419052,2.809488,4.20997728775289,2.98155443686052,-0.00233749578606236,0.822945860674403,5.6042248357458,3.90024686162534,2.4,0.134439835607519,0.227183071738051,1500-3000Hz_R20
source/48kHz_DE_data/B/0021/B021_1.mat,0.240060234123705,0.169886218667821,3.54646153846154,7.42563532019094,8.46295820108051,0.00193760835023368,0.810692386464668,4.78557659978316,3.77317221793831,4.7,0.116791746296778,0.30971019550297,1500-3000Hz_R20
source/48kHz_DE_data/B/0021/B021_2.mat,0.304549838725944,0.197146705834551,6.61936615384615,9.15897662312672,15.3322747587687,0.0378848698353812,0.797552330748564,4.8218900949826,3.4869801984603,3.4,0.184738910181506,0.266231171525081,1500-3000Hz_R20
source/48kHz_DE_data/IR/0007/IR007_0.mat,0.582616651166855,0.415048851721063,6.073452,5.49780515846773,6.01587278708912,0.00291215653260539,0.44238270820466,6.25857431481593,3.4334811808875,5.4,0.525272915682121,0.105312856083906,1500-3000Hz_R20
source/48kHz_DE_data/IR/0007/IR007_2.mat,0.280265335067511,0.193589259872429,3.16323507692308,5.71656132768767,7.45391369579826,-0.0788119814185423,0.414324775378637,6.37624000412634,3.45075152053815,5.4,0.592627816983949,0.10604332185247,1500-3000Hz_R20
source/48kHz_DE_data/IR/0014/IR014_0.mat,0.187954806180875,0.120268360440193,2.75147866666667,7.50888385493576,12.4734846011109,-0.0885179212061458,0.750659966173219,4.31221272461841,3.16984749631041,2.2,0.166445009494464,0.228148766905744,1500-3000Hz_R20
source/48kHz_DE_data/IR/0014/IR014_2.mat,0.231114390084363,0.13423135347861,4.204216,9.52750454837335,19.8206391736315,0.120076553172308,0.604229671471708,3.43009303801029,2.72867106304843,1,0.379051524237206,0.385221169220511,1500-3000Hz_R20
source/48kHz_DE_data/IR/0021/IR021_1.mat,0.596784697265484,0.462031937965887,5.82391569230769,4.82415757579931,3.92825562132569,0.0188840454504091,0.652154329524819,5.10889593883048,4.12744262536124,2,0.187660606281917,0.321900755437234,1500-3000Hz_R20
source/48kHz_DE_data/IR/0021/IR021_2.mat,0.767232175602193,0.582751935804395,6.45914953846154,4.22078613993219,3.63793910890609,0.0624784953891573,0.57849520703238,4.20160926215698,3.66539800405421,2,0.283884513233785,0.485123076870362,1500-3000Hz_R20
source/48kHz_DE_data/IR/0021/IR021_3.mat,0.403941535664204,0.309320761144961,3.50327815384615,4.38737144271469,3.5896636265376,0.0436355873654285,0.599762423680937,4.41870094095842,3.70131036241345,2,0.241444968351838,0.387069263544137,1500-3000Hz_R20
source/48kHz_DE_data/OR/Centered/0007/OR007@6_1.mat,1.05940746815846,0.672710801693761,10.3344253333333,4.92284081953493,6.87823105003918,0.0720494044636454,0.313810510822347,4.49863382849089,2.45078571628248,3.6,0.823559144008926,0.0981927148126991,1500-3000Hz_R20
source/48kHz_DE_data/OR/Centered/0007/OR007@6_2.mat,1.02027333454287,0.641378558389132,9.87118533333333,4.88991481336467,6.99339588681718,0.0832489937501681,0.297046663595019,4.27608411403075,2.15476371140528,3.6,0.819691232487241,0.0987836068827324,1500-3000Hz_R20
source/48kHz_DE_data/OR/Centered/0007/OR007@6_3.mat,0.994060191622308,0.622561125671007,10.0218426666667,5.04808713969015,7.37205100255977,0.07716465230809,0.308972830830375,4.50490469922153,2.44271447883408,3.6,0.825222595732575,0.103267702318697,1500-3000Hz_R20
source/48kHz_DE_data/OR/Centered/0014/OR014@6_2.mat,0.14414629348667,0.11467453776597,1.22019138461538,4.29217350068962,3.16239734129945,-0.00493037251673754,0.852091707279165,5.42390522320777,4.42871207730059,2,0.153123362196778,0.261058441798952,1500-3000Hz_R20
source/48kHz_DE_data/OR/Centered/0021/OR021@6_0.mat,0.663947189381404,0.344263322462288,11.9732933333333,9.61073052449365,19.6417220685239,-0.18335801075504,0.529313815541227,3.03561392474566,2.37124538724757,1,0.297827769461832,0.456906568086848,1500-3000Hz_R20
source/48kHz_DE_data/OR/Centered/0021/OR021@6_1.mat,0.624353686245521,0.317805767551337,12.304656,9.78571264428197,20.9013974257996,-0.310538359570741,0.522545087361542,3.07738135303261,2.2778680017493,1,0.305114719811986,0.44689784431946,1500-3000Hz_R20
source/48kHz_DE_data/OR/Centered/0021/OR021@6_2.mat,0.618741354201222,0.317395881948422,13.2394826666667,10.9688652415432,21.9049202413125,-0.301862005850924,0.544901179285268,3.13284926981111,2.31538357199566,3.6,0.224953405065357,0.451945858896249,1500-3000Hz_R20
source/48kHz_DE_data/OR/Centered/0021/OR021@6_3.mat,0.579484114505879,0.307128622887749,11.6945146666667,10.4326919843189,18.4931148537059,-0.24822594720377,0.57434403798241,3.14057820650024,2.54502116482348,3.6,0.237447599910001,0.453574241169924,1500-3000Hz_R20
source/48kHz_DE_data/OR/Opposite/0007/OR007@12_0.mat,0.20816417598296,0.156372976752621,2.56054523076923,6.30481756549249,5.16010365423108,0.0272772883710367,0.674894333643093,4.74852620807637,3.35974137867007,3.6,0.39682430860924,0.220528805796448,1500-3000Hz_R20
source/48kHz_DE_data/OR/Opposite/0007/OR007@12_2.mat,0.258843527440423,0.174848857778385,3.79554830769231,7.51843046876048,10.6006646061881,0.0458527532799009,0.64422077836789,3.74813112911018,2.98501832460928,3.6,0.258166611579944,0.351354896314663,1500-3000Hz_R20
source/48kHz_DE_data/OR/Opposite/0021/OR021@12_2.mat,0.477758371473739,0.24163524507964,9.08117333333333,9.45407646919437,23.5610140758777,0.177529517636396,0.55875217719789,2.47262402417824,1.91730693642393,2,0.197918391479118,0.587588078963466,1500-3000Hz_R20
source/48kHz_DE_data/OR/Orthogonal/0007/OR007@3_0.mat,0.394559410488811,0.299208752263394,3.55125969230769,4.68607416165208,4.12802890049875,0.0785912908006727,0.489407618408673,4.9029572801205,3.0929973419291,3.6,0.528608472318345,0.143428760579212,1500-3000Hz_R20
source/48kHz_DE_data/OR/Orthogonal/0007/OR007@3_2.mat,0.445089867399309,0.330914554401162,3.94908923076923,4.54670387124691,4.35239276018726,0.0646326980897858,0.453810930890989,5.10053188663441,3.01913666846324,3.6,0.568972340544396,0.116536865580929,1500-3000Hz_R20
source/48kHz_DE_data/OR/Orthogonal/0007/OR007@3_3.mat,0.443012506753213,0.336053775160563,3.75507692307692,4.31544462559946,4.09445834160721,0.0456374947967193,0.475620940504995,5.33661559212232,3.31743343984205,3.6,0.535180768373248,0.106950219011875,1500-3000Hz_R20
source/48kHz_DE_data/OR/Orthogonal/0021/OR021@3_0.mat,0.411846484358934,0.283893966879666,5.50713066666667,7.37139870378409,8.45312214045563,-0.222704317317089,0.571272243749335,4.02123469310127,4.59347302773029,1,0.404673392657023,0.520821099258572,1500-3000Hz_R20
source/48kHz_DE_data/OR/Orthogonal/0021/OR021@3_2.mat,0.714472137302106,0.488953730972077,9.02775466666667,6.55025438566652,7.39992008346399,0.0601856094791798,0.573718761946214,3.9133638661548,4.02814010083839,1,0.369070208861764,0.460422323680281,1500-3000Hz_R20
source/48kHz_DE_data/OR/Orthogonal/0021/OR021@3_3.mat,0.676337167874182,0.463840377737313,8.931768,6.94909174119693,7.3592295921537,-0.0934804855845391,0.569940447298007,3.84679249148856,4.01612407855755,1,0.368524369016226,0.453811052561537,1500-3000Hz_R20
source/48kHz_Normal_data/N_2_(1750rpm).mat,0.0631399498404226,0.0505617034472172,0.491497846153846,4.11189912334021,2.92339503318643,-0.17220776605647,0.894150321052351,7.33715726195371,5.12191395478754,2.5,0.110951862021194,0.205140577772247,1500-3000Hz_R20
source/48kHz_Normal_data/N_3.mat,0.0646790449904843,0.0517007853934806,0.504223384615385,4.01913777721581,2.95653938125519,-0.13053987958999,0.897461481081788,7.78272459573252,5.4340608698434,2,0.180397012251934,0.188168702809592,1500-3000Hz_R20
source/12kHz_DE_data/B/0007/B007_2.mat,0.146522505644462,0.118665451282343,1.02204183632735,3.55435253832799,2.8424854500981,0.0330951774019319,0.823300765404669,4.74556341286658,3.59428068726177,3.6,0.131301240831468,0.254659335546472,3000-5000Hz_R10
source/12kHz_DE_data/B/0007/B007_3.mat,0.153926097593488,0.123762517860086,1.07004141716567,3.60893399897743,2.84293694373022,0.0102098702576978,0.812131360979126,4.48696032788182,3.3513233921425,2.6,0.173915583364879,0.265342823772806,3000-5000Hz_R10
source/12kHz_DE_data/B/0014/B014_0.mat,0.140491896902889,0.0948239274863208,2.01078447105788,7.94741271428155,8.17981648004596,0.0257914060884897,0.753781877179413,3.06082513823256,3.1231184199652,1.7,0.186630256565976,0.519603335741665,3000-5000Hz_R10
source/12kHz_DE_data/B/0014/B014_1.mat,0.133946513206024,0.0968734635021851,1.85435944111776,6.62783275328982,7.6380623165508,0.0076764185852717,0.762614699640999,3.29115608961614,2.94713056424851,3.5,0.149797235338448,0.401853441541478,3000-5000Hz_R10
source/12kHz_DE_data/B/0014/B014_2.mat,0.15027730071594,0.108271304930365,1.88635916167665,7.06249888597934,7.14376539195477,0.0932373391057489,0.71543720328424,2.84148291780155,2.9340958548597,1.2,0.211195897126703,0.556095367673759,3000-5000Hz_R10
source/12kHz_DE_data/B/0014/B014_3.mat,0.129859735855681,0.0925919120614932,1.86061319361277,7.46757515293764,7.83361930313932,0.096070237422563,0.757825135421533,3.20807150948602,2.86359620151419,1.2,0.226473516058309,0.466199045449381,3000-5000Hz_R10
source/12kHz_DE_data/B/0021/B021_0.mat,0.119065306564768,0.0921861129913272,1.02399105788423,4.54014302504918,3.82440066025342,-0.00051563108944574,0.7511218124106,4.55416906706993,3.04199325870243,3.4,0.206896350296721,0.249576969189784,3000-5000Hz_R10
source/12kHz_DE_data/B/0021/B021_3.mat,0.118085037097846,0.0935757686343386,0.857251397205589,3.7712074886525,3.10573964503818,0.0245099531715848,0.726494597082417,3.77585657011746,2.895957729297,3.4,0.203494461236219,0.319294526568223,3000-5000Hz_R10
source/12kHz_DE_data/B/0028/B028_0_(1797rpm).mat,2.06815473129944,1.5743236659467,16.84566,4.35269038081081,3.78211399744144,0.0529400442731426,0.794341432456668,4.05887579490597,4.0774025698362,1.2,0.268808063314979,0.451266686157179,3000-5000Hz_R10
source/12kHz_DE_data/B/0028/B028_2_(1750rpm).mat,2.13872505417122,1.62123668819313,17.3111536,4.10448495003491,3.80692708416514,0.0423005552183109,0.819352116051763,4.952517055343,4.55638936049709,1.2,0.233864535740194,0.345078348098145,3000-5000Hz_R10
source/12kHz_DE_data/B/0028/B028_3_(1730rpm).mat,2.12628536305197,1.6035396023277,17.8340201,4.22752114237186,3.86335598005861,0.0423242517774259,0.823806503580933,4.7950489281825,4.47619889351211,1.2,0.257641898471363,0.385737412974157,3000-5000Hz_R10
source/12kHz_DE_data/IR/0007/IR007_0.mat,0.291091334987747,0.20885158641506,2.73995576846307,5.13983185439443,5.45383286496166,0.169429051392131,0.6857561855132,5.90193217103216,3.6488552834696,5.4,0.412362488014981,0.16715422461452,3000-5000Hz_R10
source/12kHz_DE_data/IR/0007/IR007_2.mat,0.3000401876385,0.214098699232912,2.73362079840319,4.9006172385136,5.53047460920833,0.0918944682904653,0.63819258142964,5.89695574173494,3.26801571382222,5.4,0.485509530580905,0.13463645897782,3000-5000Hz_R10
source/12kHz_DE_data/IR/0007/IR007_3.mat,0.312616339868652,0.223567696045191,2.77024992015968,4.59587074499137,5.26931196837128,-0.0118601273797379,0.605240998904544,5.65481178757915,3.16752730204268,5.4,0.527475214568917,0.144880248527655,3000-5000Hz_R10
source/12kHz_DE_data/IR/0014/IR014_1.mat,0.16840390422823,0.100160363987546,3.0247045508982,9.26011923329826,21.3992162906712,0.0524036026741726,0.787158246728608,5.17056525858892,3.54267952611771,5.4,0.180834394868413,0.15347604881622,3000-5000Hz_R10
source/12kHz_DE_data/IR/0021/IR021_2.mat,0.489138695949397,0.3258994987492,5.44401337325349,5.94449961854209,7.98213392999932,0.24203925147116,0.694157616466126,4.23242481492882,3.41322047532222,1,0.426350684825306,0.327851313214906,3000-5000Hz_R10
source/12kHz_DE_data/IR/0021/IR021_3.mat,0.44955474207584,0.302780432044871,5.12949835329341,6.36340416291245,8.21896080582927,0.311248089734143,0.686465043181334,3.7591033993738,3.40448169389128,1,0.463090736215054,0.376278530822198,3000-5000Hz_R10
source/12kHz_DE_data/IR/0028/IR028_0_(1797rpm).mat,0.836366647031855,0.653966166276466,6.5262691,4.03142578114258,3.36263188567071,0.0935558190356841,0.872373417281,7.03000021598626,6.0934321426665,1.9,0.164708744008153,0.294857794312012,3000-5000Hz_R10
source/12kHz_DE_data/IR/0028/IR028_1_(1772rpm).mat,0.838277630289238,0.663051687238473,6.420882,3.97865467073534,3.19711549855045,0.0967875020299482,0.893190194223319,7.59888565009094,6.23401578682134,2.3,0.170311669107814,0.241591381591489,3000-5000Hz_R10
source/12kHz_DE_data/OR/Centered/0007/OR007@6_0.mat,0.670243963220107,0.405201245539308,6.49821736526946,4.90446102373605,7.6035367958123,0.0527423920100242,0.445922700938662,5.07026403361861,3.1132276963538,3.6,0.884140124268563,0.0441538264239209,3000-5000Hz_R10
source/12kHz_DE_data/OR/Centered/0007/OR007@6_1.mat,0.590451903760928,0.365969172797662,5.84441596806387,5.02795815601908,7.5591655703073,0.0301202202470204,0.473798687831705,4.9938599746418,3.06926323606876,3.6,0.839987607463399,0.0692434526855422,3000-5000Hz_R10
source/12kHz_DE_data/OR/Centered/0007/OR007@6_2.mat,0.572191808372774,0.350143546504104,5.6490877245509,5.04980140943039,7.82799910629797,0.0234154302196146,0.49102898406491,5.27974224182029,3.20559282586583,3.6,0.847827397967295,0.0646180293052523,3000-5000Hz_R10
source/12kHz_DE_data/OR/Centered/0014/OR014@6_0.mat,0.0995749942189381,0.0791016192246186,0.711006826347305,3.77065041369675,3.00280758258253,-0.0023157846798161,0.895999552100447,7.28822318204118,4.91031432735393,5.4,0.0994698048835925,0.155014985843951,3000-5000Hz_R10
source/12kHz_DE_data/OR/Centered/0014/OR014@6_1.mat,0.0938449500805824,0.0750180580888584,0.663222035928144,3.71860148959878,2.93867824564143,-0.000223466938495804,0.881329540680673,6.72029823852718,5.08011467163628,5,0.106644997594709,0.21704105508604,3000-5000Hz_R10
source/12kHz_DE_data/OR/Centered/0014/OR014@6_3.mat,0.0932321471871909,0.0737381242700225,0.709971556886227,4.25257827289251,3.12696469586187,0.00296565160648661,0.899623236852226,7.56395065038508,5.18497172481533,4.6,0.0943109309514841,0.16264291777355,3000-5000Hz_R10
source/12kHz_DE_data/OR/Centered/0021/OR021@6_0.mat,0.576090871724149,0.296990953670679,9.8914872255489,8.91545323348512,19.8901261801925,0.155159136313299,0.676655545508823,3.4648580499824,2.56790613724116,3.6,0.290368888458504,0.330920356416728,3000-5000Hz_R10
source/12kHz_DE_data/OR/Centered/0021/OR021@6_1.mat,0.566757341014362,0.28190602266822,10.8250831337325,9.67123049864857,21.4329730843692,0.127134897488475,0.684765843436285,3.59509636858591,2.6097836158015,3.6,0.274878371939757,0.333710371306414,3000-5000Hz_R10
source/12kHz_DE_data/OR/Opposite/0007/OR007@12_3.mat,0.255404636577293,0.171593357723859,3.00228850299401,6.15365850360494,8.11829086384373,-0.0395273797306081,0.72554472100204,4.46693634736124,3.43180334969215,3.6,0.367362373517307,0.305147079881702,3000-5000Hz_R10
source/12kHz_DE_data/OR/Opposite/0021/OR021@12_1.mat,0.34955564394921,0.157988447863311,7.22673892215569,10.6520615107407,33.209104673079,-0.395770536194024,0.724153175670987,3.38028212475993,2.5974788245084,1,0.351228978897058,0.411266347861126,3000-5000Hz_R10
source/12kHz_DE_data/OR/Opposite/0021/OR021@12_2.mat,0.344151482170853,0.156653130705682,7.06674031936128,10.4427287166465,32.5793135074978,-0.4233266861965,0.723507566807488,3.39297409877279,2.5713350623641,1,0.352294580539808,0.406288121984254,3000-5000Hz_R10
source/12kHz_DE_data/OR/Orthogonal/0007/OR007@3_0.mat,0.77362644437597,0.576598508970084,5.9459379241517,3.90441529503166,4.21782736113962,0.0659613125729542,0.770379928219714,5.94805742854928,4.79971044488729,3.6,0.253453438050976,0.272664757431258,3000-5000Hz_R10
source/12kHz_DE_data/OR/Orthogonal/0007/OR007@3_1.mat,0.84866602695404,0.644919232582476,6.39913193612774,3.87300088842633,4.04479501034934,0.0731551626421975,0.764781804507569,5.67523305578688,4.25525951601242,3.6,0.304580010989184,0.206989331172073,3000-5000Hz_R10
source/12kHz_DE_data/OR/Orthogonal/0007/OR007@3_3.mat,0.7965160720869,0.606500094836005,6.25212814371258,4.01525465949717,4.07719123328977,0.0830584360096349,0.743675130303569,6.15311984176491,4.81602948021325,3.6,0.30961520061672,0.185441788539273,3000-5000Hz_R10
source/12kHz_DE_data/OR/Orthogonal/0021/OR021@3_0.mat,0.315123797085027,0.222931876630224,3.71277976047904,6.27074483353963,6.68240036116685,0.0678960843522479,0.745739023956743,4.07889332118412,3.66300931179879,1,0.376750084668916,0.363659128978295,3000-5000Hz_R10
source/12kHz_DE_data/OR/Orthogonal/0021/OR021@3_1.mat,0.283932263858729,0.199198612361437,3.39586882235529,6.28296440548741,7.18804962509386,0.117339751713382,0.746167157905903,4.43189132088631,3.97068937237935,1,0.371795633898551,0.340116926948714,3000-5000Hz_R10
source/12kHz_DE_data/OR/Orthogonal/0021/OR021@3_2.mat,0.278867599577156,0.198547790069653,3.10454141716567,6.00673587646625,6.77815993022224,0.161041656914515,0.763831257446299,4.68088026815629,3.99448388403182,1,0.343765860759626,0.310672530568079,3000-5000Hz_R10
source/12kHz_DE_data/OR/Orthogonal/0021/OR021@3_3.mat,0.278602482481049,0.19952196390501,2.98352724550898,5.6970785682614,6.2442198777844,0.145571723640737,0.772088447845526,4.5688803015438,3.9529119903254,1,0.366682585115028,0.310461241017762,3000-5000Hz_R10
source/48kHz_DE_data/B/0007/B007_3.mat,0.140628021624178,0.112517629744538,1.05079569230769,3.84495852093684,3.01553947255419,0.0223045338687153,0.859554031475929,5.73079473012902,4.20567997640145,3.1,0.140981066390373,0.235252687952208,3000-5000Hz_R10
source/48kHz_DE_data/B/0014/B014_0.mat,0.13959160694563,0.0972295137630083,2.17335507692308,7.84334557323687,9.67777537265968,-0.0197508704729621,0.76988883716917,3.57334595582231,3.24318187583912,1.6,0.163617617733691,0.455529748868296,3000-5000Hz_R10
source/48kHz_DE_data/B/0014/B014_1.mat,0.143626886616419,0.103804243259475,2.14581784615385,7.39716562242184,8.31584551625304,0.060167346114147,0.777978874748383,3.39822521360971,3.19073855109439,1.6,0.18709812678998,0.475210179620732,3000-5000Hz_R10
source/48kHz_DE_data/B/0014/B014_2.mat,0.145402801912365,0.0992770410540774,3.31156061538462,11.2658007693541,15.2513934808323,0.0786531037660637,0.780993592654772,3.52860543489192,3.41111412713922,1.8,0.164534324838638,0.396483918996442,3000-5000Hz_R10
source/48kHz_DE_data/B/0021/B021_0.mat,0.341143768858336,0.272772359072959,2.57953733333333,3.93377115343257,2.96587544148647,-0.00427460260118018,0.784986164953021,5.44627732715587,3.78963942136612,4.4,0.160258073155072,0.218310928170139,3000-5000Hz_R10
source/48kHz_DE_data/B/0021/B021_1.mat,0.210389326136582,0.163731070364998,2.08594523076923,5.30100231701417,3.90744226454696,0.00204983147839847,0.825865900796533,5.77808028227306,3.89183880075011,3.4,0.115451042753373,0.169823373372748,3000-5000Hz_R10
source/48kHz_DE_data/B/0021/B021_2.mat,0.299047912651851,0.20908387535059,3.56377661538462,6.01870963308274,7.11775702563281,0.0309034179615228,0.82577800755575,5.63635968957459,3.94916982219489,2.2,0.241069536021967,0.239021227947414,3000-5000Hz_R10
source/48kHz_DE_data/IR/0007/IR007_0.mat,0.582696776264156,0.415092582203628,5.90610133333333,5.45554818146203,6.03429323186723,0.012277173810357,0.728999229105346,8.03890173215161,4.59616268399251,5.4,0.465209955066226,0.0694213023919241,3000-5000Hz_R10
source/48kHz_DE_data/IR/0007/IR007_2.mat,0.280517757864478,0.1935294287733,3.10899507692308,5.66171934699478,7.46362594514706,-0.0751373393440712,0.653990026784023,8.01873015408278,4.53940632547596,5.4,0.60290280750481,0.0802904256056236,3000-5000Hz_R10
source/48kHz_DE_data/IR/0014/IR014_0.mat,0.184133060185797,0.117727898222268,2.62586133333333,7.35693259107351,11.9858885718862,-0.104930273968237,0.701329762480794,3.4596932893089,3.38407663642071,2.2,0.235450576535216,0.31494316700519,3000-5000Hz_R10
source/48kHz_DE_data/IR/0014/IR014_2.mat,0.235600930504471,0.137150717610066,4.204216,9.57321276630589,20.1104931836184,0.0801092786255708,0.797321296788936,4.60165260867461,4.13907073138568,2.4,0.217469276077827,0.269519467417519,3000-5000Hz_R10
source/48kHz_DE_data/IR/0021/IR021_1.mat,0.602549214569065,0.463614996180717,5.52017169230769,4.77835351476655,3.83387057439833,0.0212231055697154,0.676891441399742,3.91177659782981,3.44987355720359,1,0.453653109443801,0.384681044489838,3000-5000Hz_R10
source/48kHz_DE_data/IR/0021/IR021_2.mat,0.764309418991035,0.587351664457213,6.35671938461538,4.29282141883883,3.62609597354535,0.0571433137909518,0.668305342171243,3.82217590546175,3.58502428805605,1,0.472227963419671,0.392674020153555,3000-5000Hz_R10
source/48kHz_DE_data/IR/0021/IR021_3.mat,0.404597513763442,0.308932127732121,3.44924676923077,4.2956217676706,3.61227031956482,0.042842253376295,0.679194193770141,3.51038446962113,3.1452656720314,1,0.479624436901673,0.369144444172329,3000-5000Hz_R10
source/48kHz_DE_data/OR/Centered/0007/OR007@6_1.mat,1.05677083859532,0.673735830153452,10.2785026666667,4.90451312419421,6.87684995523369,0.0751986951925538,0.424960488194205,4.32472568374142,2.62633342997891,3.6,0.840187318643736,0.0794918792863954,3000-5000Hz_R10
source/48kHz_DE_data/OR/Centered/0007/OR007@6_2.mat,1.0171047681738,0.637505748407929,9.82861733333333,4.8696528809248,6.99295662829047,0.0820653611154459,0.428960146468555,4.56485789004481,2.86278819064977,3.6,0.858075530437473,0.0723197815796478,3000-5000Hz_R10
source/48kHz_DE_data/OR/Centered/0007/OR007@6_3.mat,0.994123564423007,0.621053534280109,9.944636,5.02660787178015,7.40816508884481,0.0775672090969839,0.443427179387491,4.64235317628403,2.85549563243232,3.6,0.850635112551672,0.0743722857849571,3000-5000Hz_R10
source/48kHz_DE_data/OR/Centered/0014/OR014@6_2.mat,0.143016169426597,0.113960734524371,1.09919446153846,3.95039782496432,3.08110910627155,-0.0106603069895938,0.881565470867692,7.10090587608197,5.06866770745549,9,0.0811402288503149,0.196544683125931,3000-5000Hz_R10
source/48kHz_DE_data/OR/Centered/0021/OR021@6_0.mat,0.657959744721748,0.342693542259107,11.716216,9.42648025407082,19.6471712105006,-0.17859676559113,0.670783390704363,3.07121612710258,2.63006777452738,1,0.320299197459846,0.416791041592849,3000-5000Hz_R10
source/48kHz_DE_data/OR/Centered/0021/OR021@6_1.mat,0.610833093914962,0.31344484294942,10.7505066666667,8.95467293155736,19.9182364341955,-0.377397566235189,0.686626089628872,3.25768589896887,2.64746617999296,1,0.307357357033681,0.406247834789823,3000-5000Hz_R10
source/48kHz_DE_data/OR/Centered/0021/OR021@6_2.mat,0.616823553220803,0.3181691235745,10.797248,8.96042278249308,20.5300924132788,-0.321944916847799,0.67325834775443,3.22533193696492,2.63917510843472,1,0.32582927263307,0.405946211804594,3000-5000Hz_R10
source/48kHz_DE_data/OR/Centered/0021/OR021@6_3.mat,0.591717738619002,0.311673291208155,10.6311493333333,8.98848229905542,18.8042240345628,-0.260702323947075,0.663626440476282,3.18927111244424,2.551178796938,1,0.322049862078289,0.408047934053637,3000-5000Hz_R10
source/48kHz_DE_data/OR/Opposite/0007/OR007@12_0.mat,0.210991793233991,0.156431497486961,2.50338461538461,5.87586162189995,5.70228715841215,0.0166893127540032,0.745086198332488,4.38175128233869,3.75600854831418,3.6,0.3324794865585,0.318184527603748,3000-5000Hz_R10
source/48kHz_DE_data/OR/Opposite/0007/OR007@12_2.mat,0.263316412933308,0.174789626737132,3.66057415384615,7.10444899461418,10.7142287055659,0.0416004928131423,0.759118713522474,4.47451501850596,3.78006401207328,3.6,0.347802753760048,0.30555934968693,3000-5000Hz_R10
source/48kHz_DE_data/OR/Opposite/0021/OR021@12_2.mat,0.470735781820584,0.244574507978514,8.31661866666667,8.92658253267816,22.2182238220478,0.172696010079792,0.740806229920437,3.49005625083216,3.10708862708027,1,0.371981084992734,0.445030294711146,3000-5000Hz_R10
source/48kHz_DE_data/OR/Orthogonal/0007/OR007@3_0.mat,0.395252443249226,0.299311846593059,3.528312,4.5264753735775,4.15537531458884,0.0790814876808777,0.795677275147335,5.83132140421791,4.87719089571225,3.6,0.185210955611827,0.217536249134698,3000-5000Hz_R10
source/48kHz_DE_data/OR/Orthogonal/0007/OR007@3_2.mat,0.444970144194325,0.330901884122434,3.85500369230769,4.46563650956062,4.36182977479811,0.0627363313555194,0.763821791384063,5.55542443074689,4.85088256434498,3.6,0.231626424514436,0.238873628660455,3000-5000Hz_R10
source/48kHz_DE_data/OR/Orthogonal/0007/OR007@3_3.mat,0.444178315959784,0.337007584158911,3.72816553846154,4.21729129958105,4.10196860304865,0.0470615626376531,0.735950400242607,4.51138992476247,4.00389304576353,3.6,0.293163222725446,0.228299727016595,3000-5000Hz_R10
source/48kHz_DE_data/OR/Orthogonal/0021/OR021@3_0.mat,0.411844097035119,0.283904795725945,5.44578266666667,7.30749837555794,8.46640526741219,-0.249071602691212,0.784910169927475,5.34656493222685,5.58374924299578,1,0.393701037582649,0.39760929380235,3000-5000Hz_R10
source/48kHz_DE_data/OR/Orthogonal/0021/OR021@3_2.mat,0.712654766373245,0.488877886730555,9.011896,6.56478109247075,7.47044859356456,0.0555990358868511,0.793940993161999,4.98269093116104,5.18477148764984,1,0.389162195763019,0.422321511039385,3000-5000Hz_R10
source/48kHz_DE_data/OR/Orthogonal/0021/OR021@3_3.mat,0.676619307999814,0.465288750634231,8.478544,6.69516528281118,7.34255755991105,-0.0987035259270196,0.800855958931531,5.45318866646877,5.29127529142513,1,0.376368938749614,0.340314117284219,3000-5000Hz_R10
source/48kHz_Normal_data/N_2_(1750rpm).mat,0.0630277134503492,0.0504767886704525,0.467298461538462,4.01120966373655,2.91493097312385,-0.171659889656626,0.60166828127779,5.89041387734004,3.82766620439038,4,0.660042896021677,0.0637249055298845,3000-5000Hz_R10
source/48kHz_Normal_data/N_3.mat,0.0647215964533934,0.0517988762946067,0.477520615384615,3.8479627799733,2.95554523111681,-0.129539934229428,0.666914244446988,6.2770316834869,4.16328824204677,4,0.572940084738862,0.0665617503674851,3000-5000Hz_R10
source/12kHz_DE_data/B/0007/B007_2.mat,0.147685031889138,0.118174025793476,1.0707723752495,3.68512937110004,2.84190311396617,0.0328663989345812,0.751202921323394,4.59298727792177,3.53071570825271,2.6,0.134184772624477,0.257791960745315,3000-5000Hz_R20
source/12kHz_DE_data/B/0007/B007_3.mat,0.154838511136459,0.12400434257106,1.13834538922156,3.76996266992705,2.89288639111029,0.0210606264118575,0.791573044138061,4.47460276365689,3.35697180985,2,0.170433532427823,0.298855832235475,3000-5000Hz_R20
source/12kHz_DE_data/B/0014/B014_0.mat,0.145303731036556,0.0970054239526011,2.73849385229541,9.15724078015898,12.331783834544,0.0246733290428116,0.74113834310964,2.78987422864627,2.80160977413061,1.2,0.225497718522659,0.536120516011609,3000-5000Hz_R20
source/12kHz_DE_data/B/0014/B014_1.mat,0.143536505949053,0.099788975004557,2.02264223552894,7.34991870952684,8.33739264322329,0.0145127012111726,0.728757759608674,3.07959861684875,3.01324049750415,1.7,0.187157573602765,0.458755233600131,3000-5000Hz_R20
source/12kHz_DE_data/B/0014/B014_2.mat,0.156686278679977,0.110758172697606,2.58970327345309,8.54987693518703,8.58424357376936,0.192641135965158,0.669394633051534,2.46934790936723,2.9016005123699,1.2,0.189839706202375,0.624348451724595,3000-5000Hz_R20
source/12kHz_DE_data/B/0014/B014_3.mat,0.137959074749685,0.0936928227401428,2.19677269461078,9.17424505666141,10.2677692805905,0.192150137525969,0.714687423127429,2.8745200100913,2.83811200320857,1.2,0.22216541493523,0.503167841639176,3000-5000Hz_R20
source/12kHz_DE_data/B/0021/B021_0.mat,0.12488006076734,0.0972618894051809,1.27235437125748,5.4938830288142,4.21078506964813,0.00427020022856285,0.714365457495613,4.24749965920549,2.98469035112444,1,0.269845925099136,0.292396266670896,3000-5000Hz_R20
source/12kHz_DE_data/B/0021/B021_3.mat,0.118150341654522,0.0935681843700106,0.881697884231537,3.88341405672836,3.09596235225454,0.0114756239727329,0.632522220805429,3.67482363033174,2.73014384294936,3.4,0.257323372420273,0.320131247169883,3000-5000Hz_R20
source/12kHz_DE_data/B/0028/B028_0_(1797rpm).mat,2.08800743993601,1.56843463685414,18.1054224,4.71039076895081,3.8304041904392,0.0537088190854305,0.760206819122318,3.7384201162116,3.91147756302122,1.2,0.271734741544308,0.483929355869365,3000-5000Hz_R20
source/12kHz_DE_data/B/0028/B028_2_(1750rpm).mat,2.13472621958558,1.62462289932221,18.1013534,4.34664731038182,3.69881625740499,0.0394950047432347,0.776927862938218,4.48804392792949,4.40614617097485,1.2,0.295554872131763,0.4469047011852,3000-5000Hz_R20
source/12kHz_DE_data/B/0028/B028_3_(1730rpm).mat,2.17092235691896,1.64487533128922,18.7027516,4.47351158432004,3.82492096294247,0.0435169189591513,0.780274326501038,4.59410501258528,4.38152041593997,1.2,0.263135703178012,0.423586330506652,3000-5000Hz_R20
source/12kHz_DE_data/IR/0007/IR007_0.mat,0.291143046079395,0.208843453355705,2.81402618762475,5.2671840664256,5.39736447356159,0.171458484760347,0.533055828267201,5.8659477098683,3.60566563439001,5.4,0.421018715582474,0.183424580316773,3000-5000Hz_R20
source/12kHz_DE_data/IR/0007/IR007_2.mat,0.299445309802669,0.214003179254896,2.80996530938124,4.98797731170381,5.57239445168295,0.0913319748596116,0.485615870413168,5.87997396502299,3.24183509578334,5.4,0.5035313877704,0.136427040910378,3000-5000Hz_R20
source/12kHz_DE_data/IR/0007/IR007_3.mat,0.313238405226574,0.223196759026172,2.82393473053892,4.68997220930074,5.27240593587475,-0.00976548163911519,0.449884773617825,5.67268619840951,3.09063428261,5.4,0.535241945850191,0.156634236235924,3000-5000Hz_R20
source/12kHz_DE_data/IR/0014/IR014_1.mat,0.167488961387576,0.101143588801004,3.3305699001996,10.1684531324988,21.2386264632774,-0.00715943384280651,0.654380410631456,4.86856436097963,3.31030578717118,5.4,0.192727905532369,0.171282647531332,3000-5000Hz_R20
source/12kHz_DE_data/IR/0021/IR021_2.mat,0.487644683479563,0.327136312298973,5.6174128742515,6.22481724321213,7.91352141256323,0.249077977171735,0.564126877996667,4.18222749160414,3.45515046993779,1,0.397055742192444,0.353818954214528,3000-5000Hz_R20
source/12kHz_DE_data/IR/0021/IR021_3.mat,0.445599878913239,0.302689580284139,5.46919081836327,6.80462332566691,8.18538935903856,0.33721714236435,0.553754250418349,3.70622080781755,3.363221173675,1,0.460141559155812,0.365155383462888,3000-5000Hz_R20
source/12kHz_DE_data/IR/0028/IR028_0_(1797rpm).mat,0.837135077231125,0.653735072516531,6.8310372,4.29070641525589,3.36830090789764,0.107129484299423,0.876631905409036,7.19232687330748,6.10400034816179,2.5,0.139882003848093,0.277579577067734,3000-5000Hz_R20
source/12kHz_DE_data/IR/0028/IR028_1_(1772rpm).mat,0.839236640841009,0.663135331577001,6.6304355,4.16898118057174,3.17689818427904,0.0982727130676118,0.878367444581448,7.4990899270623,6.22125890055522,1.3,0.212120269861139,0.262087654231639,3000-5000Hz_R20
source/12kHz_DE_data/OR/Centered/0007/OR007@6_0.mat,0.676739981858855,0.410739143066005,6.60948542914172,5.10334471973469,7.64363693335543,0.0501933025445065,0.284290876342106,4.93981412056365,2.98224995102034,3.6,0.885584190330998,0.0479485972335702,3000-5000Hz_R20
source/12kHz_DE_data/OR/Centered/0007/OR007@6_1.mat,0.591756841479991,0.365263371949652,5.91873003992016,5.10899752040336,7.55856131124358,0.0376648668582491,0.316723698965044,4.95680215563831,3.02401841881167,3.6,0.841055906873352,0.0740178449428282,3000-5000Hz_R20
source/12kHz_DE_data/OR/Centered/0007/OR007@6_2.mat,0.568876776672503,0.349468338787728,5.79446716566866,5.27779289571409,7.83592995037557,0.0152655199402249,0.330402145258665,5.15519923794581,3.13095895294539,3.6,0.847251360489181,0.0679277791174381,3000-5000Hz_R20
source/12kHz_DE_data/OR/Centered/0014/OR014@6_0.mat,0.0997938499419946,0.0794152418736338,0.746002994011976,3.82196339203639,3.01288936273302,-0.00260050949620397,0.849785674974437,6.90118505324903,4.69657065916782,5.4,0.0938075028985876,0.166738245996849,3000-5000Hz_R20
source/12kHz_DE_data/OR/Centered/0014/OR014@6_1.mat,0.0938251850290163,0.0749624077508426,0.716853053892216,4.1155079378732,2.94602410243958,0.00201351096195897,0.811033523272221,6.42280553449233,4.75592203776471,4,0.142980083003894,0.235609691815311,3000-5000Hz_R20
source/12kHz_DE_data/OR/Centered/0014/OR014@6_3.mat,0.0939613827833187,0.0743122740764644,1.01176275449102,5.7255595741464,3.48004996697395,0.0095279514059123,0.866804748679623,7.11515141191557,5.06245978718546,4.4,0.0983235181504157,0.189783913538821,3000-5000Hz_R20
source/12kHz_DE_data/OR/Centered/0021/OR021@6_0.mat,0.582469500851198,0.293807350595359,10.7320890219561,9.35487303446958,20.6014973794561,0.0713950630096713,0.541981205669775,3.3370526753808,2.44040382140853,3.6,0.282757775579987,0.353864086668952,3000-5000Hz_R20
source/12kHz_DE_data/OR/Centered/0021/OR021@6_1.mat,0.559227049532957,0.277919177746177,11.1097506986028,10.0972709148757,21.5185406504062,0.118133100637898,0.546240170886401,3.44544058154059,2.47374632354308,3.6,0.277748127681154,0.355713200368531,3000-5000Hz_R20
source/12kHz_DE_data/OR/Opposite/0007/OR007@12_3.mat,0.255412285113663,0.171581110783767,3.12232806387226,6.36352122159167,8.12488879135018,-0.0398283103976834,0.614311851790602,4.34305906848495,3.33686051906051,3.6,0.353601513352513,0.329641245161818,3000-5000Hz_R20
source/12kHz_DE_data/OR/Opposite/0021/OR021@12_1.mat,0.351093095986784,0.159608128642612,7.62389281437126,11.0536393877406,32.8961326311267,-0.407359774176932,0.574635253760896,3.2755506930533,2.4956921895937,1,0.323085551172042,0.44250052548998,3000-5000Hz_R20
source/12kHz_DE_data/OR/Opposite/0021/OR021@12_2.mat,0.342673391224102,0.15670636288331,7.2141501996008,10.9661174015571,31.7883494566962,-0.422240091795294,0.586905367624267,3.32775590673594,2.51262273572332,1,0.320728073233656,0.430664225149392,3000-5000Hz_R20
source/12kHz_DE_data/OR/Orthogonal/0007/OR007@3_0.mat,0.773995394198412,0.577016706993437,6.0100998003992,3.99081169078175,4.22314316378632,0.064606525967449,0.641368704972313,5.92514173351714,4.78732536987802,3.6,0.253016114814295,0.291206497749334,3000-5000Hz_R20
source/12kHz_DE_data/OR/Orthogonal/0007/OR007@3_1.mat,0.848652360716537,0.646002013252208,6.44461377245509,3.94281446796763,4.06589921989801,0.0723418005972994,0.630246578617282,5.62068656111293,4.24398464710923,3.6,0.301990186353345,0.201761081277662,3000-5000Hz_R20
source/12kHz_DE_data/OR/Orthogonal/0007/OR007@3_3.mat,0.796465388909606,0.60729737153324,6.4328372255489,4.14256655350488,4.07257792627228,0.0829623396035976,0.60776745288273,6.02827392534237,4.81931607362845,3.6,0.317596122281577,0.193441758455852,3000-5000Hz_R20
source/12kHz_DE_data/OR/Orthogonal/0021/OR021@3_0.mat,0.31562527845494,0.222576431906677,3.92979309381238,6.72850464125554,6.72642780216276,0.0757026962494984,0.651417042428119,3.87304916261494,3.47828658129908,1,0.357517058040995,0.370149593877124,3000-5000Hz_R20
source/12kHz_DE_data/OR/Orthogonal/0021/OR021@3_1.mat,0.283437066352015,0.198817972951007,3.54595888223553,6.74930439759465,7.07633114314139,0.15710540866206,0.622198348488321,4.0947712922583,3.68711683380288,1,0.377107698585556,0.362984687979024,3000-5000Hz_R20
source/12kHz_DE_data/OR/Orthogonal/0021/OR021@3_2.mat,0.280175151320608,0.197352790743197,3.18860159680639,6.25191454157412,6.78096510011301,0.161440408083453,0.663212221522353,4.32787304942107,3.71336094325769,1,0.346877454599647,0.325771527153827,3000-5000Hz_R20
source/12kHz_DE_data/OR/Orthogonal/0021/OR021@3_3.mat,0.279377389433426,0.198864798757939,3.17349512974052,5.85093688084242,6.27475947695478,0.153039625883898,0.662612727815466,4.32817228963483,3.76334490564573,1,0.34542266996653,0.348037595321216,3000-5000Hz_R20
source/48kHz_DE_data/B/0007/B007_3.mat,0.141402645296716,0.112669368114687,1.13737107692308,4.31697393170483,3.06227511454572,0.0210476586691994,0.855830814489502,5.53645133652832,4.20142225220811,2.5,0.11392090895939,0.236120568719514,3000-5000Hz_R20
source/48kHz_DE_data/B/0014/B014_0.mat,0.130905576047166,0.0928259137973729,2.22196246153846,8.22416161941093,10.0111587059572,0.00747727206968876,0.749437547248148,3.20923091637347,3.19172484988768,3.6,0.0740195161568017,0.500102768478168,3000-5000Hz_R20
source/48kHz_DE_data/B/0014/B014_1.mat,0.142864359915716,0.0992619547533205,2.261808,9.97171149536287,9.56510629366424,0.0669025405335672,0.747803441478714,2.97666416878894,3.1843772813543,1.2,0.185460954054251,0.522171680814184,3000-5000Hz_R20
source/48kHz_DE_data/B/0014/B014_2.mat,0.150233341380814,0.102056541958443,3.72733107692308,12.5489438273453,22.0665238828578,0.234489998476618,0.749945554535294,3.2084569930908,3.10481521294667,1.2,0.231608719579168,0.434581379396545,3000-5000Hz_R20
source/48kHz_DE_data/B/0021/B021_0.mat,0.339505212062234,0.271837453419052,2.809488,4.20997728775289,2.98155443686052,-0.00233749578606236,0.688961803738231,5.24549025468222,3.65205904558272,4.4,0.129276574259027,0.230690715989024,3000-5000Hz_R20
source/48kHz_DE_data/B/0021/B021_1.mat,0.240060234123705,0.169886218667821,3.54646153846154,7.42563532019094,8.46295820108051,0.00193760835023368,0.799541134777583,4.79429816103223,3.80726907569273,3.4,0.136481321540808,0.313090312234099,3000-5000Hz_R20
source/48kHz_DE_data/B/0021/B021_2.mat,0.304549838725944,0.197146705834551,6.61936615384615,9.15897662312672,15.3322747587687,0.0378848698353812,0.744868925823293,5.46260968535882,3.92438826289311,4.4,0.102106672519283,0.275893689409994,3000-5000Hz_R20
source/48kHz_DE_data/IR/0007/IR007_0.mat,0.582616651166855,0.415048851721063,6.073452,5.49780515846773,6.01587278708912,0.00291215653260539,0.603331837904731,7.99814708932581,4.52610205698586,5.4,0.475339769294694,0.0848427366445672,3000-5000Hz_R20
source/48kHz_DE_data/IR/0007/IR007_2.mat,0.280265335067511,0.193589259872429,3.16323507692308,5.71656132768767,7.45391369579826,-0.0788119814185423,0.485790091378794,7.9891338125769,4.49938056155122,5.4,0.616990743528003,0.0842272725442444,3000-5000Hz_R20
source/48kHz_DE_data/IR/0014/IR014_0.mat,0.187954806180875,0.120268360440193,2.75147866666667,7.50888385493576,12.4734846011109,-0.0885179212061458,0.69506965520257,3.73619219855219,3.70518971588824,2.2,0.264987333569731,0.30969218711336,3000-5000Hz_R20
source/48kHz_DE_data/IR/0014/IR014_2.mat,0.231114390084363,0.13423135347861,4.204216,9.52750454837335,19.8206391736315,0.120076553172308,0.69232547067746,4.59115469091893,3.95845103956863,1,0.326059494233182,0.269406597053143,3000-5000Hz_R20
source/48kHz_DE_data/IR/0021/IR021_1.mat,0.596784697265484,0.462031937965887,5.82391569230769,4.82415757579931,3.92825562132569,0.0188840454504091,0.53548149291934,3.79999132579846,3.40820530583419,1,0.433648264057953,0.415899933865831,3000-5000Hz_R20
source/48kHz_DE_data/IR/0021/IR021_2.mat,0.767232175602193,0.582751935804395,6.45914953846154,4.22078613993219,3.63793910890609,0.0624784953891573,0.549752345863494,3.76077114120071,3.48772959868671,1,0.439079923641875,0.383596314980936,3000-5000Hz_R20
source/48kHz_DE_data/IR/0021/IR021_3.mat,0.403941535664204,0.309320761144961,3.50327815384615,4.38737144271469,3.5896636265376,0.0436355873654285,0.558694856412946,3.33457182279424,3.03312186904127,1,0.471290457821332,0.430320453212285,3000-5000Hz_R20
source/48kHz_DE_data/OR/Centered/0007/OR007@6_1.mat,1.05940746815846,0.672710801693761,10.3344253333333,4.92284081953493,6.87823105003918,0.0720494044636454,0.261230871016924,4.24065925708213,2.53124396764444,3.6,0.842330096654076,0.0810634919635183,3000-5000Hz_R20
source/48kHz_DE_data/OR/Centered/0007/OR007@6_2.mat,1.02027333454287,0.641378558389132,9.87118533333333,4.88991481336467,6.99339588681718,0.0832489937501681,0.269484722705219,4.48066446792321,2.78869117145967,3.6,0.85970334984634,0.0747644892808368,3000-5000Hz_R20
source/48kHz_DE_data/OR/Centered/0007/OR007@6_3.mat,0.994060191622308,0.622561125671007,10.0218426666667,5.04808713969015,7.37205100255977,0.07716465230809,0.275435499279705,4.57979187411444,2.77741307301205,3.6,0.859940818693413,0.0733096256606109,3000-5000Hz_R20
source/48kHz_DE_data/OR/Centered/0014/OR014@6_2.mat,0.14414629348667,0.11467453776597,1.22019138461538,4.29217350068962,3.16239734129945,-0.00493037251673754,0.842793324520423,6.85698044151515,4.8279393377458,2.8,0.0961507104309097,0.191763141010061,3000-5000Hz_R20
source/48kHz_DE_data/OR/Centered/0021/OR021@6_0.mat,0.663947189381404,0.344263322462288,11.9732933333333,9.61073052449365,19.6417220685239,-0.18335801075504,0.541016516037251,3.03735828440967,2.55997491391582,1,0.300708607582634,0.442637790140779,3000-5000Hz_R20
source/48kHz_DE_data/OR/Centered/0021/OR021@6_1.mat,0.624353686245521,0.317805767551337,12.304656,9.78571264428197,20.9013974257996,-0.310538359570741,0.549544179542887,3.15449259403312,2.55338294210291,1,0.286837065336165,0.424865388541316,3000-5000Hz_R20
source/48kHz_DE_data/OR/Centered/0021/OR021@6_2.mat,0.618741354201222,0.317395881948422,13.2394826666667,10.9688652415432,21.9049202413125,-0.301862005850924,0.545605405809021,3.11703658084752,2.50792955374105,1,0.291436865830816,0.415105293479453,3000-5000Hz_R20
source/48kHz_DE_data/OR/Centered/0021/OR021@6_3.mat,0.579484114505879,0.307128622887749,11.6945146666667,10.4326919843189,18.4931148537059,-0.24822594720377,0.525512723452,3.00775832927551,2.40121282591596,1,0.311841028664583,0.435285734073426,3000-5000Hz_R20
source/48kHz_DE_data/OR/Opposite/0007/OR007@12_0.mat,0.20816417598296,0.156372976752621,2.56054523076923,6.30481756549249,5.16010365423108,0.0272772883710367,0.675673407455778,4.18005349921409,3.59564569685856,3.6,0.345977117027355,0.349662924739148,3000-5000Hz_R20
source/48kHz_DE_data/OR/Opposite/0007/OR007@12_2.mat,0.258843527440423,0.174848857778385,3.79554830769231,7.51843046876048,10.6006646061881,0.0458527532799009,0.686591885974053,4.39022642547256,3.77778510244364,3.6,0.344076535656417,0.329889026548931,3000-5000Hz_R20
source/48kHz_DE_data/OR/Opposite/0021/OR021@12_2.mat,0.477758371473739,0.24163524507964,9.08117333333333,9.45407646919437,23.5610140758777,0.177529517636396,0.613126466273181,3.21187427456158,2.92047726517783,1,0.35711140542884,0.489993852565149,3000-5000Hz_R20
source/48kHz_DE_data/OR/Orthogonal/0007/OR007@3_0.mat,0.394559410488811,0.299208752263394,3.55125969230769,4.68607416165208,4.12802890049875,0.0785912908006727,0.67796530625712,5.64067546453447,4.76762734499449,3.6,0.200805493908926,0.210310270949099,3000-5000Hz_R20
source/48kHz_DE_data/OR/Orthogonal/0007/OR007@3_2.mat,0.445089867399309,0.330914554401162,3.94908923076923,4.54670387124691,4.35239276018726,0.0646326980897858,0.642329321034982,5.39541944749508,4.68752071662823,3.6,0.24772637272483,0.26791997212279,3000-5000Hz_R20
source/48kHz_DE_data/OR/Orthogonal/0007/OR007@3_3.mat,0.443012506753213,0.336053775160563,3.75507692307692,4.31544462559946,4.09445834160721,0.0456374947967193,0.615741540853356,4.65643861917605,4.08072494684277,3.6,0.308763437272085,0.229794993540308,3000-5000Hz_R20
source/48kHz_DE_data/OR/Orthogonal/0021/OR021@3_0.mat,0.411846484358934,0.283893966879666,5.50713066666667,7.37139870378409,8.45312214045563,-0.222704317317089,0.68071861279192,4.41858183212066,5.08505112118268,1,0.330312683413982,0.46587305313313,3000-5000Hz_R20
source/48kHz_DE_data/OR/Orthogonal/0021/OR021@3_2.mat,0.714472137302106,0.488953730972077,9.02775466666667,6.55025438566652,7.39992008346399,0.0601856094791798,0.687310170636663,4.72919420072988,5.05620384680549,1,0.349893898488317,0.465676486664422,3000-5000Hz_R20
source/48kHz_DE_data/OR/Orthogonal/0021/OR021@3_3.mat,0.676337167874182,0.463840377737313,8.931768,6.94909174119693,7.3592295921537,-0.0934804855845391,0.679456565613305,4.83305389569831,4.81506046287707,1,0.343979116644629,0.387061650125558,3000-5000Hz_R20
source/48kHz_Normal_data/N_2_(1750rpm).mat,0.0631399498404226,0.0505617034472172,0.491497846153846,4.11189912334021,2.92339503318643,-0.17220776605647,0.539926171940993,5.95517130537742,3.95661047554831,4,0.659935298949759,0.0635822044739679,3000-5000Hz_R20
source/48kHz_Normal_data/N_3.mat,0.0646790449904843,0.0517007853934806,0.504223384615385,4.01913777721581,2.95653938125519,-0.13053987958999,0.619282308185959,6.49343288906103,4.15632486491317,4,0.613324508695961,0.059699301567206,3000-5000Hz_R20
