file_id,revolutions,rpm_change,guard_seconds,windows,admitted
source/12kHz_DE_data/B/0007/B007_0.mat,10,-0.1,0.025,21,True
source/12kHz_DE_data/B/0007/B007_0.mat,10,-0.1,0.05,21,True
source/12kHz_DE_data/B/0007/B007_0.mat,10,-0.1,0.075,21,True
source/12kHz_DE_data/B/0007/B007_0.mat,10,-0.05,0.025,22,True
source/12kHz_DE_data/B/0007/B007_0.mat,10,-0.05,0.05,22,True
source/12kHz_DE_data/B/0007/B007_0.mat,10,-0.05,0.075,22,True
source/12kHz_DE_data/B/0007/B007_0.mat,10,0,0.025,23,True
source/12kHz_DE_data/B/0007/B007_0.mat,10,0,0.05,23,True
source/12kHz_DE_data/B/0007/B007_0.mat,10,0,0.075,23,True
source/12kHz_DE_data/B/0007/B007_0.mat,10,0.05,0.025,25,True
source/12kHz_DE_data/B/0007/B007_0.mat,10,0.05,0.05,24,True
source/12kHz_DE_data/B/0007/B007_0.mat,10,0.05,0.075,24,True
source/12kHz_DE_data/B/0007/B007_0.mat,10,0.1,0.025,26,True
source/12kHz_DE_data/B/0007/B007_0.mat,10,0.1,0.05,26,True
source/12kHz_DE_data/B/0007/B007_0.mat,10,0.1,0.075,25,True
source/12kHz_DE_data/B/0007/B007_0.mat,20,-0.1,0.025,10,True
source/12kHz_DE_data/B/0007/B007_0.mat,20,-0.1,0.05,10,True
source/12kHz_DE_data/B/0007/B007_0.mat,20,-0.1,0.075,10,True
source/12kHz_DE_data/B/0007/B007_0.mat,20,-0.05,0.025,11,True
source/12kHz_DE_data/B/0007/B007_0.mat,20,-0.05,0.05,11,True
source/12kHz_DE_data/B/0007/B007_0.mat,20,-0.05,0.075,11,True
source/12kHz_DE_data/B/0007/B007_0.mat,20,0,0.025,11,True
source/12kHz_DE_data/B/0007/B007_0.mat,20,0,0.05,11,True
source/12kHz_DE_data/B/0007/B007_0.mat,20,0,0.075,11,True
source/12kHz_DE_data/B/0007/B007_0.mat,20,0.05,0.025,12,True
source/12kHz_DE_data/B/0007/B007_0.mat,20,0.05,0.05,12,True
source/12kHz_DE_data/B/0007/B007_0.mat,20,0.05,0.075,12,True
source/12kHz_DE_data/B/0007/B007_0.mat,20,0.1,0.025,13,True
source/12kHz_DE_data/B/0007/B007_0.mat,20,0.1,0.05,13,True
source/12kHz_DE_data/B/0007/B007_0.mat,20,0.1,0.075,12,True
source/12kHz_DE_data/B/0007/B007_0.mat,40,-0.1,0.025,5,True
source/12kHz_DE_data/B/0007/B007_0.mat,40,-0.1,0.05,5,True
source/12kHz_DE_data/B/0007/B007_0.mat,40,-0.1,0.075,5,True
source/12kHz_DE_data/B/0007/B007_0.mat,40,-0.05,0.025,5,True
source/12kHz_DE_data/B/0007/B007_0.mat,40,-0.05,0.05,5,True
source/12kHz_DE_data/B/0007/B007_0.mat,40,-0.05,0.075,5,True
source/12kHz_DE_data/B/0007/B007_0.mat,40,0,0.025,5,True
source/12kHz_DE_data/B/0007/B007_0.mat,40,0,0.05,5,True
source/12kHz_DE_data/B/0007/B007_0.mat,40,0,0.075,5,True
source/12kHz_DE_data/B/0007/B007_0.mat,40,0.05,0.025,6,True
source/12kHz_DE_data/B/0007/B007_0.mat,40,0.05,0.05,6,True
source/12kHz_DE_data/B/0007/B007_0.mat,40,0.05,0.075,6,True
source/12kHz_DE_data/B/0007/B007_0.mat,40,0.1,0.025,6,True
source/12kHz_DE_data/B/0007/B007_0.mat,40,0.1,0.05,6,True
source/12kHz_DE_data/B/0007/B007_0.mat,40,0.1,0.075,6,True
source/12kHz_DE_data/B/0007/B007_1.mat,10,-0.1,0.025,21,True
source/12kHz_DE_data/B/0007/B007_1.mat,10,-0.1,0.05,21,True
source/12kHz_DE_data/B/0007/B007_1.mat,10,-0.1,0.075,20,True
source/12kHz_DE_data/B/0007/B007_1.mat,10,-0.05,0.025,22,True
source/12kHz_DE_data/B/0007/B007_1.mat,10,-0.05,0.05,22,True
source/12kHz_DE_data/B/0007/B007_1.mat,10,-0.05,0.075,22,True
source/12kHz_DE_data/B/0007/B007_1.mat,10,0,0.025,23,True
source/12kHz_DE_data/B/0007/B007_1.mat,10,0,0.05,23,True
source/12kHz_DE_data/B/0007/B007_1.mat,10,0,0.075,23,True
source/12kHz_DE_data/B/0007/B007_1.mat,10,0.05,0.025,24,True
source/12kHz_DE_data/B/0007/B007_1.mat,10,0.05,0.05,24,True
source/12kHz_DE_data/B/0007/B007_1.mat,10,0.05,0.075,24,True
source/12kHz_DE_data/B/0007/B007_1.mat,10,0.1,0.025,25,True
source/12kHz_DE_data/B/0007/B007_1.mat,10,0.1,0.05,25,True
source/12kHz_DE_data/B/0007/B007_1.mat,10,0.1,0.075,25,True
source/12kHz_DE_data/B/0007/B007_1.mat,20,-0.1,0.025,10,True
source/12kHz_DE_data/B/0007/B007_1.mat,20,-0.1,0.05,10,True
source/12kHz_DE_data/B/0007/B007_1.mat,20,-0.1,0.075,10,True
source/12kHz_DE_data/B/0007/B007_1.mat,20,-0.05,0.025,11,True
source/12kHz_DE_data/B/0007/B007_1.mat,20,-0.05,0.05,11,True
source/12kHz_DE_data/B/0007/B007_1.mat,20,-0.05,0.075,11,True
source/12kHz_DE_data/B/0007/B007_1.mat,20,0,0.025,11,True
source/12kHz_DE_data/B/0007/B007_1.mat,20,0,0.05,11,True
source/12kHz_DE_data/B/0007/B007_1.mat,20,0,0.075,11,True
source/12kHz_DE_data/B/0007/B007_1.mat,20,0.05,0.025,12,True
source/12kHz_DE_data/B/0007/B007_1.mat,20,0.05,0.05,12,True
source/12kHz_DE_data/B/0007/B007_1.mat,20,0.05,0.075,12,True
source/12kHz_DE_data/B/0007/B007_1.mat,20,0.1,0.025,12,True
source/12kHz_DE_data/B/0007/B007_1.mat,20,0.1,0.05,12,True
source/12kHz_DE_data/B/0007/B007_1.mat,20,0.1,0.075,12,True
source/12kHz_DE_data/B/0007/B007_1.mat,40,-0.1,0.025,5,True
source/12kHz_DE_data/B/0007/B007_1.mat,40,-0.1,0.05,5,True
source/12kHz_DE_data/B/0007/B007_1.mat,40,-0.1,0.075,5,True
source/12kHz_DE_data/B/0007/B007_1.mat,40,-0.05,0.025,5,True
source/12kHz_DE_data/B/0007/B007_1.mat,40,-0.05,0.05,5,True
source/12kHz_DE_data/B/0007/B007_1.mat,40,-0.05,0.075,5,True
source/12kHz_DE_data/B/0007/B007_1.mat,40,0,0.025,5,True
source/12kHz_DE_data/B/0007/B007_1.mat,40,0,0.05,5,True
source/12kHz_DE_data/B/0007/B007_1.mat,40,0,0.075,5,True
source/12kHz_DE_data/B/0007/B007_1.mat,40,0.05,0.025,6,True
source/12kHz_DE_data/B/0007/B007_1.mat,40,0.05,0.05,6,True
source/12kHz_DE_data/B/0007/B007_1.mat,40,0.05,0.075,6,True
source/12kHz_DE_data/B/0007/B007_1.mat,40,0.1,0.025,6,True
source/12kHz_DE_data/B/0007/B007_1.mat,40,0.1,0.05,6,True
source/12kHz_DE_data/B/0007/B007_1.mat,40,0.1,0.075,6,True
source/12kHz_DE_data/B/0007/B007_2.mat,10,-0.1,0.025,20,True
source/12kHz_DE_data/B/0007/B007_2.mat,10,-0.1,0.05,20,True
source/12kHz_DE_data/B/0007/B007_2.mat,10,-0.1,0.075,20,True
source/12kHz_DE_data/B/0007/B007_2.mat,10,-0.05,0.025,21,True
source/12kHz_DE_data/B/0007/B007_2.mat,10,-0.05,0.05,21,True
source/12kHz_DE_data/B/0007/B007_2.mat,10,-0.05,0.075,21,True
source/12kHz_DE_data/B/0007/B007_2.mat,10,0,0.025,23,True
source/12kHz_DE_data/B/0007/B007_2.mat,10,0,0.05,23,True
source/12kHz_DE_data/B/0007/B007_2.mat,10,0,0.075,22,True
source/12kHz_DE_data/B/0007/B007_2.mat,10,0.05,0.025,24,True
source/12kHz_DE_data/B/0007/B007_2.mat,10,0.05,0.05,24,True
source/12kHz_DE_data/B/0007/B007_2.mat,10,0.05,0.075,24,True
source/12kHz_DE_data/B/0007/B007_2.mat,10,0.1,0.025,25,True
source/12kHz_DE_data/B/0007/B007_2.mat,10,0.1,0.05,25,True
source/12kHz_DE_data/B/0007/B007_2.mat,10,0.1,0.075,25,True
source/12kHz_DE_data/B/0007/B007_2.mat,20,-0.1,0.025,10,True
source/12kHz_DE_data/B/0007/B007_2.mat,20,-0.1,0.05,10,True
source/12kHz_DE_data/B/0007/B007_2.mat,20,-0.1,0.075,10,True
source/12kHz_DE_data/B/0007/B007_2.mat,20,-0.05,0.025,11,True
source/12kHz_DE_data/B/0007/B007_2.mat,20,-0.05,0.05,10,True
source/12kHz_DE_data/B/0007/B007_2.mat,20,-0.05,0.075,10,True
source/12kHz_DE_data/B/0007/B007_2.mat,20,0,0.025,11,True
source/12kHz_DE_data/B/0007/B007_2.mat,20,0,0.05,11,True
source/12kHz_DE_data/B/0007/B007_2.mat,20,0,0.075,11,True
source/12kHz_DE_data/B/0007/B007_2.mat,20,0.05,0.025,12,True
source/12kHz_DE_data/B/0007/B007_2.mat,20,0.05,0.05,12,True
source/12kHz_DE_data/B/0007/B007_2.mat,20,0.05,0.075,12,True
source/12kHz_DE_data/B/0007/B007_2.mat,20,0.1,0.025,12,True
source/12kHz_DE_data/B/0007/B007_2.mat,20,0.1,0.05,12,True
source/12kHz_DE_data/B/0007/B007_2.mat,20,0.1,0.075,12,True
source/12kHz_DE_data/B/0007/B007_2.mat,40,-0.1,0.025,5,True
source/12kHz_DE_data/B/0007/B007_2.mat,40,-0.1,0.05,5,True
source/12kHz_DE_data/B/0007/B007_2.mat,40,-0.1,0.075,5,True
source/12kHz_DE_data/B/0007/B007_2.mat,40,-0.05,0.025,5,True
source/12kHz_DE_data/B/0007/B007_2.mat,40,-0.05,0.05,5,True
source/12kHz_DE_data/B/0007/B007_2.mat,40,-0.05,0.075,5,True
source/12kHz_DE_data/B/0007/B007_2.mat,40,0,0.025,5,True
source/12kHz_DE_data/B/0007/B007_2.mat,40,0,0.05,5,True
source/12kHz_DE_data/B/0007/B007_2.mat,40,0,0.075,5,True
source/12kHz_DE_data/B/0007/B007_2.mat,40,0.05,0.025,6,True
source/12kHz_DE_data/B/0007/B007_2.mat,40,0.05,0.05,6,True
source/12kHz_DE_data/B/0007/B007_2.mat,40,0.05,0.075,6,True
source/12kHz_DE_data/B/0007/B007_2.mat,40,0.1,0.025,6,True
source/12kHz_DE_data/B/0007/B007_2.mat,40,0.1,0.05,6,True
source/12kHz_DE_data/B/0007/B007_2.mat,40,0.1,0.075,6,True
source/12kHz_DE_data/B/0007/B007_3.mat,10,-0.1,0.025,20,True
source/12kHz_DE_data/B/0007/B007_3.mat,10,-0.1,0.05,20,True
source/12kHz_DE_data/B/0007/B007_3.mat,10,-0.1,0.075,20,True
source/12kHz_DE_data/B/0007/B007_3.mat,10,-0.05,0.025,21,True
source/12kHz_DE_data/B/0007/B007_3.mat,10,-0.05,0.05,21,True
source/12kHz_DE_data/B/0007/B007_3.mat,10,-0.05,0.075,21,True
source/12kHz_DE_data/B/0007/B007_3.mat,10,0,0.025,22,True
source/12kHz_DE_data/B/0007/B007_3.mat,10,0,0.05,22,True
source/12kHz_DE_data/B/0007/B007_3.mat,10,0,0.075,22,True
source/12kHz_DE_data/B/0007/B007_3.mat,10,0.05,0.025,23,True
source/12kHz_DE_data/B/0007/B007_3.mat,10,0.05,0.05,23,True
source/12kHz_DE_data/B/0007/B007_3.mat,10,0.05,0.075,23,True
source/12kHz_DE_data/B/0007/B007_3.mat,10,0.1,0.025,25,True
source/12kHz_DE_data/B/0007/B007_3.mat,10,0.1,0.05,24,True
source/12kHz_DE_data/B/0007/B007_3.mat,10,0.1,0.075,24,True
source/12kHz_DE_data/B/0007/B007_3.mat,20,-0.1,0.025,10,True
source/12kHz_DE_data/B/0007/B007_3.mat,20,-0.1,0.05,10,True
source/12kHz_DE_data/B/0007/B007_3.mat,20,-0.1,0.075,10,True
source/12kHz_DE_data/B/0007/B007_3.mat,20,-0.05,0.025,10,True
source/12kHz_DE_data/B/0007/B007_3.mat,20,-0.05,0.05,10,True
source/12kHz_DE_data/B/0007/B007_3.mat,20,-0.05,0.075,10,True
source/12kHz_DE_data/B/0007/B007_3.mat,20,0,0.025,11,True
source/12kHz_DE_data/B/0007/B007_3.mat,20,0,0.05,11,True
source/12kHz_DE_data/B/0007/B007_3.mat,20,0,0.075,11,True
source/12kHz_DE_data/B/0007/B007_3.mat,20,0.05,0.025,11,True
source/12kHz_DE_data/B/0007/B007_3.mat,20,0.05,0.05,11,True
source/12kHz_DE_data/B/0007/B007_3.mat,20,0.05,0.075,11,True
source/12kHz_DE_data/B/0007/B007_3.mat,20,0.1,0.025,12,True
source/12kHz_DE_data/B/0007/B007_3.mat,20,0.1,0.05,12,True
source/12kHz_DE_data/B/0007/B007_3.mat,20,0.1,0.075,12,True
source/12kHz_DE_data/B/0007/B007_3.mat,40,-0.1,0.025,5,True
source/12kHz_DE_data/B/0007/B007_3.mat,40,-0.1,0.05,5,True
source/12kHz_DE_data/B/0007/B007_3.mat,40,-0.1,0.075,5,True
source/12kHz_DE_data/B/0007/B007_3.mat,40,-0.05,0.025,5,True
source/12kHz_DE_data/B/0007/B007_3.mat,40,-0.05,0.05,5,True
source/12kHz_DE_data/B/0007/B007_3.mat,40,-0.05,0.075,5,True
source/12kHz_DE_data/B/0007/B007_3.mat,40,0,0.025,5,True
source/12kHz_DE_data/B/0007/B007_3.mat,40,0,0.05,5,True
source/12kHz_DE_data/B/0007/B007_3.mat,40,0,0.075,5,True
source/12kHz_DE_data/B/0007/B007_3.mat,40,0.05,0.025,5,True
source/12kHz_DE_data/B/0007/B007_3.mat,40,0.05,0.05,5,True
source/12kHz_DE_data/B/0007/B007_3.mat,40,0.05,0.075,5,True
source/12kHz_DE_data/B/0007/B007_3.mat,40,0.1,0.025,6,True
source/12kHz_DE_data/B/0007/B007_3.mat,40,0.1,0.05,6,True
source/12kHz_DE_data/B/0007/B007_3.mat,40,0.1,0.075,6,True
source/12kHz_DE_data/B/0014/B014_0.mat,10,-0.1,0.025,21,True
source/12kHz_DE_data/B/0014/B014_0.mat,10,-0.1,0.05,21,True
source/12kHz_DE_data/B/0014/B014_0.mat,10,-0.1,0.075,21,True
source/12kHz_DE_data/B/0014/B014_0.mat,10,-0.05,0.025,22,True
source/12kHz_DE_data/B/0014/B014_0.mat,10,-0.05,0.05,22,True
source/12kHz_DE_data/B/0014/B014_0.mat,10,-0.05,0.075,22,True
source/12kHz_DE_data/B/0014/B014_0.mat,10,0,0.025,23,True
source/12kHz_DE_data/B/0014/B014_0.mat,10,0,0.05,23,True
source/12kHz_DE_data/B/0014/B014_0.mat,10,0,0.075,23,True
source/12kHz_DE_data/B/0014/B014_0.mat,10,0.05,0.025,25,True
source/12kHz_DE_data/B/0014/B014_0.mat,10,0.05,0.05,24,True
source/12kHz_DE_data/B/0014/B014_0.mat,10,0.05,0.075,24,True
source/12kHz_DE_data/B/0014/B014_0.mat,10,0.1,0.025,26,True
source/12kHz_DE_data/B/0014/B014_0.mat,10,0.1,0.05,26,True
source/12kHz_DE_data/B/0014/B014_0.mat,10,0.1,0.075,25,True
source/12kHz_DE_data/B/0014/B014_0.mat,20,-0.1,0.025,10,True
source/12kHz_DE_data/B/0014/B014_0.mat,20,-0.1,0.05,10,True
source/12kHz_DE_data/B/0014/B014_0.mat,20,-0.1,0.075,10,True
source/12kHz_DE_data/B/0014/B014_0.mat,20,-0.05,0.025,11,True
source/12kHz_DE_data/B/0014/B014_0.mat,20,-0.05,0.05,11,True
source/12kHz_DE_data/B/0014/B014_0.mat,20,-0.05,0.075,11,True
source/12kHz_DE_data/B/0014/B014_0.mat,20,0,0.025,11,True
source/12kHz_DE_data/B/0014/B014_0.mat,20,0,0.05,11,True
source/12kHz_DE_data/B/0014/B014_0.mat,20,0,0.075,11,True
source/12kHz_DE_data/B/0014/B014_0.mat,20,0.05,0.025,12,True
source/12kHz_DE_data/B/0014/B014_0.mat,20,0.05,0.05,12,True
source/12kHz_DE_data/B/0014/B014_0.mat,20,0.05,0.075,12,True
source/12kHz_DE_data/B/0014/B014_0.mat,20,0.1,0.025,13,True
source/12kHz_DE_data/B/0014/B014_0.mat,20,0.1,0.05,13,True
source/12kHz_DE_data/B/0014/B014_0.mat,20,0.1,0.075,12,True
source/12kHz_DE_data/B/0014/B014_0.mat,40,-0.1,0.025,5,True
source/12kHz_DE_data/B/0014/B014_0.mat,40,-0.1,0.05,5,True
source/12kHz_DE_data/B/0014/B014_0.mat,40,-0.1,0.075,5,True
source/12kHz_DE_data/B/0014/B014_0.mat,40,-0.05,0.025,5,True
source/12kHz_DE_data/B/0014/B014_0.mat,40,-0.05,0.05,5,True
source/12kHz_DE_data/B/0014/B014_0.mat,40,-0.05,0.075,5,True
source/12kHz_DE_data/B/0014/B014_0.mat,40,0,0.025,5,True
source/12kHz_DE_data/B/0014/B014_0.mat,40,0,0.05,5,True
source/12kHz_DE_data/B/0014/B014_0.mat,40,0,0.075,5,True
source/12kHz_DE_data/B/0014/B014_0.mat,40,0.05,0.025,6,True
source/12kHz_DE_data/B/0014/B014_0.mat,40,0.05,0.05,6,True
source/12kHz_DE_data/B/0014/B014_0.mat,40,0.05,0.075,6,True
source/12kHz_DE_data/B/0014/B014_0.mat,40,0.1,0.025,6,True
source/12kHz_DE_data/B/0014/B014_0.mat,40,0.1,0.05,6,True
source/12kHz_DE_data/B/0014/B014_0.mat,40,0.1,0.075,6,True
source/12kHz_DE_data/B/0014/B014_1.mat,10,-0.1,0.025,21,True
source/12kHz_DE_data/B/0014/B014_1.mat,10,-0.1,0.05,21,True
source/12kHz_DE_data/B/0014/B014_1.mat,10,-0.1,0.075,20,True
source/12kHz_DE_data/B/0014/B014_1.mat,10,-0.05,0.025,22,True
source/12kHz_DE_data/B/0014/B014_1.mat,10,-0.05,0.05,22,True
source/12kHz_DE_data/B/0014/B014_1.mat,10,-0.05,0.075,22,True
source/12kHz_DE_data/B/0014/B014_1.mat,10,0,0.025,23,True
source/12kHz_DE_data/B/0014/B014_1.mat,10,0,0.05,23,True
source/12kHz_DE_data/B/0014/B014_1.mat,10,0,0.075,23,True
source/12kHz_DE_data/B/0014/B014_1.mat,10,0.05,0.025,24,True
source/12kHz_DE_data/B/0014/B014_1.mat,10,0.05,0.05,24,True
source/12kHz_DE_data/B/0014/B014_1.mat,10,0.05,0.075,24,True
source/12kHz_DE_data/B/0014/B014_1.mat,10,0.1,0.025,25,True
source/12kHz_DE_data/B/0014/B014_1.mat,10,0.1,0.05,25,True
source/12kHz_DE_data/B/0014/B014_1.mat,10,0.1,0.075,25,True
source/12kHz_DE_data/B/0014/B014_1.mat,20,-0.1,0.025,10,True
source/12kHz_DE_data/B/0014/B014_1.mat,20,-0.1,0.05,10,True
source/12kHz_DE_data/B/0014/B014_1.mat,20,-0.1,0.075,10,True
source/12kHz_DE_data/B/0014/B014_1.mat,20,-0.05,0.025,11,True
source/12kHz_DE_data/B/0014/B014_1.mat,20,-0.05,0.05,11,True
source/12kHz_DE_data/B/0014/B014_1.mat,20,-0.05,0.075,11,True
source/12kHz_DE_data/B/0014/B014_1.mat,20,0,0.025,11,True
source/12kHz_DE_data/B/0014/B014_1.mat,20,0,0.05,11,True
source/12kHz_DE_data/B/0014/B014_1.mat,20,0,0.075,11,True
source/12kHz_DE_data/B/0014/B014_1.mat,20,0.05,0.025,12,True
source/12kHz_DE_data/B/0014/B014_1.mat,20,0.05,0.05,12,True
source/12kHz_DE_data/B/0014/B014_1.mat,20,0.05,0.075,12,True
source/12kHz_DE_data/B/0014/B014_1.mat,20,0.1,0.025,12,True
source/12kHz_DE_data/B/0014/B014_1.mat,20,0.1,0.05,12,True
source/12kHz_DE_data/B/0014/B014_1.mat,20,0.1,0.075,12,True
source/12kHz_DE_data/B/0014/B014_1.mat,40,-0.1,0.025,5,True
source/12kHz_DE_data/B/0014/B014_1.mat,40,-0.1,0.05,5,True
source/12kHz_DE_data/B/0014/B014_1.mat,40,-0.1,0.075,5,True
source/12kHz_DE_data/B/0014/B014_1.mat,40,-0.05,0.025,5,True
source/12kHz_DE_data/B/0014/B014_1.mat,40,-0.05,0.05,5,True
source/12kHz_DE_data/B/0014/B014_1.mat,40,-0.05,0.075,5,True
source/12kHz_DE_data/B/0014/B014_1.mat,40,0,0.025,5,True
source/12kHz_DE_data/B/0014/B014_1.mat,40,0,0.05,5,True
source/12kHz_DE_data/B/0014/B014_1.mat,40,0,0.075,5,True
source/12kHz_DE_data/B/0014/B014_1.mat,40,0.05,0.025,6,True
source/12kHz_DE_data/B/0014/B014_1.mat,40,0.05,0.05,6,True
source/12kHz_DE_data/B/0014/B014_1.mat,40,0.05,0.075,6,True
source/12kHz_DE_data/B/0014/B014_1.mat,40,0.1,0.025,6,True
source/12kHz_DE_data/B/0014/B014_1.mat,40,0.1,0.05,6,True
source/12kHz_DE_data/B/0014/B014_1.mat,40,0.1,0.075,6,True
source/12kHz_DE_data/B/0014/B014_2.mat,10,-0.1,0.025,20,True
source/12kHz_DE_data/B/0014/B014_2.mat,10,-0.1,0.05,20,True
source/12kHz_DE_data/B/0014/B014_2.mat,10,-0.1,0.075,20,True
source/12kHz_DE_data/B/0014/B014_2.mat,10,-0.05,0.025,22,True
source/12kHz_DE_data/B/0014/B014_2.mat,10,-0.05,0.05,21,True
source/12kHz_DE_data/B/0014/B014_2.mat,10,-0.05,0.075,21,True
source/12kHz_DE_data/B/0014/B014_2.mat,10,0,0.025,23,True
source/12kHz_DE_data/B/0014/B014_2.mat,10,0,0.05,23,True
source/12kHz_DE_data/B/0014/B014_2.mat,10,0,0.075,22,True
source/12kHz_DE_data/B/0014/B014_2.mat,10,0.05,0.025,24,True
source/12kHz_DE_data/B/0014/B014_2.mat,10,0.05,0.05,24,True
source/12kHz_DE_data/B/0014/B014_2.mat,10,0.05,0.075,24,True
source/12kHz_DE_data/B/0014/B014_2.mat,10,0.1,0.025,25,True
source/12kHz_DE_data/B/0014/B014_2.mat,10,0.1,0.05,25,True
source/12kHz_DE_data/B/0014/B014_2.mat,10,0.1,0.075,25,True
source/12kHz_DE_data/B/0014/B014_2.mat,20,-0.1,0.025,10,True
source/12kHz_DE_data/B/0014/B014_2.mat,20,-0.1,0.05,10,True
source/12kHz_DE_data/B/0014/B014_2.mat,20,-0.1,0.075,10,True
source/12kHz_DE_data/B/0014/B014_2.mat,20,-0.05,0.025,11,True
source/12kHz_DE_data/B/0014/B014_2.mat,20,-0.05,0.05,10,True
source/12kHz_DE_data/B/0014/B014_2.mat,20,-0.05,0.075,10,True
source/12kHz_DE_data/B/0014/B014_2.mat,20,0,0.025,11,True
source/12kHz_DE_data/B/0014/B014_2.mat,20,0,0.05,11,True
source/12kHz_DE_data/B/0014/B014_2.mat,20,0,0.075,11,True
source/12kHz_DE_data/B/0014/B014_2.mat,20,0.05,0.025,12,True
source/12kHz_DE_data/B/0014/B014_2.mat,20,0.05,0.05,12,True
source/12kHz_DE_data/B/0014/B014_2.mat,20,0.05,0.075,12,True
source/12kHz_DE_data/B/0014/B014_2.mat,20,0.1,0.025,12,True
source/12kHz_DE_data/B/0014/B014_2.mat,20,0.1,0.05,12,True
source/12kHz_DE_data/B/0014/B014_2.mat,20,0.1,0.075,12,True
source/12kHz_DE_data/B/0014/B014_2.mat,40,-0.1,0.025,5,True
source/12kHz_DE_data/B/0014/B014_2.mat,40,-0.1,0.05,5,True
source/12kHz_DE_data/B/0014/B014_2.mat,40,-0.1,0.075,5,True
source/12kHz_DE_data/B/0014/B014_2.mat,40,-0.05,0.025,5,True
source/12kHz_DE_data/B/0014/B014_2.mat,40,-0.05,0.05,5,True
source/12kHz_DE_data/B/0014/B014_2.mat,40,-0.05,0.075,5,True
source/12kHz_DE_data/B/0014/B014_2.mat,40,0,0.025,5,True
source/12kHz_DE_data/B/0014/B014_2.mat,40,0,0.05,5,True
source/12kHz_DE_data/B/0014/B014_2.mat,40,0,0.075,5,True
source/12kHz_DE_data/B/0014/B014_2.mat,40,0.05,0.025,6,True
source/12kHz_DE_data/B/0014/B014_2.mat,40,0.05,0.05,6,True
source/12kHz_DE_data/B/0014/B014_2.mat,40,0.05,0.075,6,True
source/12kHz_DE_data/B/0014/B014_2.mat,40,0.1,0.025,6,True
source/12kHz_DE_data/B/0014/B014_2.mat,40,0.1,0.05,6,True
source/12kHz_DE_data/B/0014/B014_2.mat,40,0.1,0.075,6,True
source/12kHz_DE_data/B/0014/B014_3.mat,10,-0.1,0.025,20,True
source/12kHz_DE_data/B/0014/B014_3.mat,10,-0.1,0.05,20,True
source/12kHz_DE_data/B/0014/B014_3.mat,10,-0.1,0.075,20,True
source/12kHz_DE_data/B/0014/B014_3.mat,10,-0.05,0.025,21,True
source/12kHz_DE_data/B/0014/B014_3.mat,10,-0.05,0.05,21,True
source/12kHz_DE_data/B/0014/B014_3.mat,10,-0.05,0.075,21,True
source/12kHz_DE_data/B/0014/B014_3.mat,10,0,0.025,22,True
source/12kHz_DE_data/B/0014/B014_3.mat,10,0,0.05,22,True
source/12kHz_DE_data/B/0014/B014_3.mat,10,0,0.075,22,True
source/12kHz_DE_data/B/0014/B014_3.mat,10,0.05,0.025,23,True
source/12kHz_DE_data/B/0014/B014_3.mat,10,0.05,0.05,23,True
source/12kHz_DE_data/B/0014/B014_3.mat,10,0.05,0.075,23,True
source/12kHz_DE_data/B/0014/B014_3.mat,10,0.1,0.025,25,True
source/12kHz_DE_data/B/0014/B014_3.mat,10,0.1,0.05,24,True
source/12kHz_DE_data/B/0014/B014_3.mat,10,0.1,0.075,24,True
source/12kHz_DE_data/B/0014/B014_3.mat,20,-0.1,0.025,10,True
source/12kHz_DE_data/B/0014/B014_3.mat,20,-0.1,0.05,10,True
source/12kHz_DE_data/B/0014/B014_3.mat,20,-0.1,0.075,10,True
source/12kHz_DE_data/B/0014/B014_3.mat,20,-0.05,0.025,10,True
source/12kHz_DE_data/B/0014/B014_3.mat,20,-0.05,0.05,10,True
source/12kHz_DE_data/B/0014/B014_3.mat,20,-0.05,0.075,10,True
source/12kHz_DE_data/B/0014/B014_3.mat,20,0,0.025,11,True
source/12kHz_DE_data/B/0014/B014_3.mat,20,0,0.05,11,True
source/12kHz_DE_data/B/0014/B014_3.mat,20,0,0.075,11,True
source/12kHz_DE_data/B/0014/B014_3.mat,20,0.05,0.025,11,True
source/12kHz_DE_data/B/0014/B014_3.mat,20,0.05,0.05,11,True
source/12kHz_DE_data/B/0014/B014_3.mat,20,0.05,0.075,11,True
source/12kHz_DE_data/B/0014/B014_3.mat,20,0.1,0.025,12,True
source/12kHz_DE_data/B/0014/B014_3.mat,20,0.1,0.05,12,True
source/12kHz_DE_data/B/0014/B014_3.mat,20,0.1,0.075,12,True
source/12kHz_DE_data/B/0014/B014_3.mat,40,-0.1,0.025,5,True
source/12kHz_DE_data/B/0014/B014_3.mat,40,-0.1,0.05,5,True
source/12kHz_DE_data/B/0014/B014_3.mat,40,-0.1,0.075,5,True
source/12kHz_DE_data/B/0014/B014_3.mat,40,-0.05,0.025,5,True
source/12kHz_DE_data/B/0014/B014_3.mat,40,-0.05,0.05,5,True
source/12kHz_DE_data/B/0014/B014_3.mat,40,-0.05,0.075,5,True
source/12kHz_DE_data/B/0014/B014_3.mat,40,0,0.025,5,True
source/12kHz_DE_data/B/0014/B014_3.mat,40,0,0.05,5,True
source/12kHz_DE_data/B/0014/B014_3.mat,40,0,0.075,5,True
source/12kHz_DE_data/B/0014/B014_3.mat,40,0.05,0.025,5,True
source/12kHz_DE_data/B/0014/B014_3.mat,40,0.05,0.05,5,True
source/12kHz_DE_data/B/0014/B014_3.mat,40,0.05,0.075,5,True
source/12kHz_DE_data/B/0014/B014_3.mat,40,0.1,0.025,6,True
source/12kHz_DE_data/B/0014/B014_3.mat,40,0.1,0.05,6,True
source/12kHz_DE_data/B/0014/B014_3.mat,40,0.1,0.075,6,True
source/12kHz_DE_data/B/0021/B021_0.mat,10,-0.1,0.025,21,True
source/12kHz_DE_data/B/0021/B021_0.mat,10,-0.1,0.05,21,True
source/12kHz_DE_data/B/0021/B021_0.mat,10,-0.1,0.075,21,True
source/12kHz_DE_data/B/0021/B021_0.mat,10,-0.05,0.025,22,True
source/12kHz_DE_data/B/0021/B021_0.mat,10,-0.05,0.05,22,True
source/12kHz_DE_data/B/0021/B021_0.mat,10,-0.05,0.075,22,True
source/12kHz_DE_data/B/0021/B021_0.mat,10,0,0.025,23,True
source/12kHz_DE_data/B/0021/B021_0.mat,10,0,0.05,23,True
source/12kHz_DE_data/B/0021/B021_0.mat,10,0,0.075,23,True
source/12kHz_DE_data/B/0021/B021_0.mat,10,0.05,0.025,25,True
source/12kHz_DE_data/B/0021/B021_0.mat,10,0.05,0.05,24,True
source/12kHz_DE_data/B/0021/B021_0.mat,10,0.05,0.075,24,True
source/12kHz_DE_data/B/0021/B021_0.mat,10,0.1,0.025,26,True
source/12kHz_DE_data/B/0021/B021_0.mat,10,0.1,0.05,26,True
source/12kHz_DE_data/B/0021/B021_0.mat,10,0.1,0.075,25,True
source/12kHz_DE_data/B/0021/B021_0.mat,20,-0.1,0.025,10,True
source/12kHz_DE_data/B/0021/B021_0.mat,20,-0.1,0.05,10,True
source/12kHz_DE_data/B/0021/B021_0.mat,20,-0.1,0.075,10,True
source/12kHz_DE_data/B/0021/B021_0.mat,20,-0.05,0.025,11,True
source/12kHz_DE_data/B/0021/B021_0.mat,20,-0.05,0.05,11,True
source/12kHz_DE_data/B/0021/B021_0.mat,20,-0.05,0.075,11,True
source/12kHz_DE_data/B/0021/B021_0.mat,20,0,0.025,11,True
source/12kHz_DE_data/B/0021/B021_0.mat,20,0,0.05,11,True
source/12kHz_DE_data/B/0021/B021_0.mat,20,0,0.075,11,True
source/12kHz_DE_data/B/0021/B021_0.mat,20,0.05,0.025,12,True
source/12kHz_DE_data/B/0021/B021_0.mat,20,0.05,0.05,12,True
source/12kHz_DE_data/B/0021/B021_0.mat,20,0.05,0.075,12,True
source/12kHz_DE_data/B/0021/B021_0.mat,20,0.1,0.025,13,True
source/12kHz_DE_data/B/0021/B021_0.mat,20,0.1,0.05,13,True
source/12kHz_DE_data/B/0021/B021_0.mat,20,0.1,0.075,12,True
source/12kHz_DE_data/B/0021/B021_0.mat,40,-0.1,0.025,5,True
source/12kHz_DE_data/B/0021/B021_0.mat,40,-0.1,0.05,5,True
source/12kHz_DE_data/B/0021/B021_0.mat,40,-0.1,0.075,5,True
source/12kHz_DE_data/B/0021/B021_0.mat,40,-0.05,0.025,5,True
source/12kHz_DE_data/B/0021/B021_0.mat,40,-0.05,0.05,5,True
source/12kHz_DE_data/B/0021/B021_0.mat,40,-0.05,0.075,5,True
source/12kHz_DE_data/B/0021/B021_0.mat,40,0,0.025,5,True
source/12kHz_DE_data/B/0021/B021_0.mat,40,0,0.05,5,True
source/12kHz_DE_data/B/0021/B021_0.mat,40,0,0.075,5,True
source/12kHz_DE_data/B/0021/B021_0.mat,40,0.05,0.025,6,True
source/12kHz_DE_data/B/0021/B021_0.mat,40,0.05,0.05,6,True
source/12kHz_DE_data/B/0021/B021_0.mat,40,0.05,0.075,6,True
source/12kHz_DE_data/B/0021/B021_0.mat,40,0.1,0.025,6,True
source/12kHz_DE_data/B/0021/B021_0.mat,40,0.1,0.05,6,True
source/12kHz_DE_data/B/0021/B021_0.mat,40,0.1,0.075,6,True
source/12kHz_DE_data/B/0021/B021_1.mat,10,-0.1,0.025,21,True
source/12kHz_DE_data/B/0021/B021_1.mat,10,-0.1,0.05,21,True
source/12kHz_DE_data/B/0021/B021_1.mat,10,-0.1,0.075,20,True
source/12kHz_DE_data/B/0021/B021_1.mat,10,-0.05,0.025,22,True
source/12kHz_DE_data/B/0021/B021_1.mat,10,-0.05,0.05,22,True
source/12kHz_DE_data/B/0021/B021_1.mat,10,-0.05,0.075,22,True
source/12kHz_DE_data/B/0021/B021_1.mat,10,0,0.025,23,True
source/12kHz_DE_data/B/0021/B021_1.mat,10,0,0.05,23,True
source/12kHz_DE_data/B/0021/B021_1.mat,10,0,0.075,23,True
source/12kHz_DE_data/B/0021/B021_1.mat,10,0.05,0.025,24,True
source/12kHz_DE_data/B/0021/B021_1.mat,10,0.05,0.05,24,True
source/12kHz_DE_data/B/0021/B021_1.mat,10,0.05,0.075,24,True
source/12kHz_DE_data/B/0021/B021_1.mat,10,0.1,0.025,25,True
source/12kHz_DE_data/B/0021/B021_1.mat,10,0.1,0.05,25,True
source/12kHz_DE_data/B/0021/B021_1.mat,10,0.1,0.075,25,True
source/12kHz_DE_data/B/0021/B021_1.mat,20,-0.1,0.025,10,True
source/12kHz_DE_data/B/0021/B021_1.mat,20,-0.1,0.05,10,True
source/12kHz_DE_data/B/0021/B021_1.mat,20,-0.1,0.075,10,True
source/12kHz_DE_data/B/0021/B021_1.mat,20,-0.05,0.025,11,True
source/12kHz_DE_data/B/0021/B021_1.mat,20,-0.05,0.05,11,True
source/12kHz_DE_data/B/0021/B021_1.mat,20,-0.05,0.075,11,True
source/12kHz_DE_data/B/0021/B021_1.mat,20,0,0.025,11,True
source/12kHz_DE_data/B/0021/B021_1.mat,20,0,0.05,11,True
source/12kHz_DE_data/B/0021/B021_1.mat,20,0,0.075,11,True
source/12kHz_DE_data/B/0021/B021_1.mat,20,0.05,0.025,12,True
source/12kHz_DE_data/B/0021/B021_1.mat,20,0.05,0.05,12,True
source/12kHz_DE_data/B/0021/B021_1.mat,20,0.05,0.075,12,True
source/12kHz_DE_data/B/0021/B021_1.mat,20,0.1,0.025,12,True
source/12kHz_DE_data/B/0021/B021_1.mat,20,0.1,0.05,12,True
source/12kHz_DE_data/B/0021/B021_1.mat,20,0.1,0.075,12,True
source/12kHz_DE_data/B/0021/B021_1.mat,40,-0.1,0.025,5,True
source/12kHz_DE_data/B/0021/B021_1.mat,40,-0.1,0.05,5,True
source/12kHz_DE_data/B/0021/B021_1.mat,40,-0.1,0.075,5,True
source/12kHz_DE_data/B/0021/B021_1.mat,40,-0.05,0.025,5,True
source/12kHz_DE_data/B/0021/B021_1.mat,40,-0.05,0.05,5,True
source/12kHz_DE_data/B/0021/B021_1.mat,40,-0.05,0.075,5,True
source/12kHz_DE_data/B/0021/B021_1.mat,40,0,0.025,5,True
source/12kHz_DE_data/B/0021/B021_1.mat,40,0,0.05,5,True
source/12kHz_DE_data/B/0021/B021_1.mat,40,0,0.075,5,True
source/12kHz_DE_data/B/0021/B021_1.mat,40,0.05,0.025,6,True
source/12kHz_DE_data/B/0021/B021_1.mat,40,0.05,0.05,6,True
source/12kHz_DE_data/B/0021/B021_1.mat,40,0.05,0.075,6,True
source/12kHz_DE_data/B/0021/B021_1.mat,40,0.1,0.025,6,True
source/12kHz_DE_data/B/0021/B021_1.mat,40,0.1,0.05,6,True
source/12kHz_DE_data/B/0021/B021_1.mat,40,0.1,0.075,6,True
source/12kHz_DE_data/B/0021/B021_2.mat,10,-0.1,0.025,20,True
source/12kHz_DE_data/B/0021/B021_2.mat,10,-0.1,0.05,20,True
source/12kHz_DE_data/B/0021/B021_2.mat,10,-0.1,0.075,20,True
source/12kHz_DE_data/B/0021/B021_2.mat,10,-0.05,0.025,22,True
source/12kHz_DE_data/B/0021/B021_2.mat,10,-0.05,0.05,21,True
source/12kHz_DE_data/B/0021/B021_2.mat,10,-0.05,0.075,21,True
source/12kHz_DE_data/B/0021/B021_2.mat,10,0,0.025,23,True
source/12kHz_DE_data/B/0021/B021_2.mat,10,0,0.05,23,True
source/12kHz_DE_data/B/0021/B021_2.mat,10,0,0.075,22,True
source/12kHz_DE_data/B/0021/B021_2.mat,10,0.05,0.025,24,True
source/12kHz_DE_data/B/0021/B021_2.mat,10,0.05,0.05,24,True
source/12kHz_DE_data/B/0021/B021_2.mat,10,0.05,0.075,24,True
source/12kHz_DE_data/B/0021/B021_2.mat,10,0.1,0.025,25,True
source/12kHz_DE_data/B/0021/B021_2.mat,10,0.1,0.05,25,True
source/12kHz_DE_data/B/0021/B021_2.mat,10,0.1,0.075,25,True
source/12kHz_DE_data/B/0021/B021_2.mat,20,-0.1,0.025,10,True
source/12kHz_DE_data/B/0021/B021_2.mat,20,-0.1,0.05,10,True
source/12kHz_DE_data/B/0021/B021_2.mat,20,-0.1,0.075,10,True
source/12kHz_DE_data/B/0021/B021_2.mat,20,-0.05,0.025,11,True
source/12kHz_DE_data/B/0021/B021_2.mat,20,-0.05,0.05,10,True
source/12kHz_DE_data/B/0021/B021_2.mat,20,-0.05,0.075,10,True
source/12kHz_DE_data/B/0021/B021_2.mat,20,0,0.025,11,True
source/12kHz_DE_data/B/0021/B021_2.mat,20,0,0.05,11,True
source/12kHz_DE_data/B/0021/B021_2.mat,20,0,0.075,11,True
source/12kHz_DE_data/B/0021/B021_2.mat,20,0.05,0.025,12,True
source/12kHz_DE_data/B/0021/B021_2.mat,20,0.05,0.05,12,True
source/12kHz_DE_data/B/0021/B021_2.mat,20,0.05,0.075,12,True
source/12kHz_DE_data/B/0021/B021_2.mat,20,0.1,0.025,12,True
source/12kHz_DE_data/B/0021/B021_2.mat,20,0.1,0.05,12,True
source/12kHz_DE_data/B/0021/B021_2.mat,20,0.1,0.075,12,True
source/12kHz_DE_data/B/0021/B021_2.mat,40,-0.1,0.025,5,True
source/12kHz_DE_data/B/0021/B021_2.mat,40,-0.1,0.05,5,True
source/12kHz_DE_data/B/0021/B021_2.mat,40,-0.1,0.075,5,True
source/12kHz_DE_data/B/0021/B021_2.mat,40,-0.05,0.025,5,True
source/12kHz_DE_data/B/0021/B021_2.mat,40,-0.05,0.05,5,True
source/12kHz_DE_data/B/0021/B021_2.mat,40,-0.05,0.075,5,True
source/12kHz_DE_data/B/0021/B021_2.mat,40,0,0.025,5,True
source/12kHz_DE_data/B/0021/B021_2.mat,40,0,0.05,5,True
source/12kHz_DE_data/B/0021/B021_2.mat,40,0,0.075,5,True
source/12kHz_DE_data/B/0021/B021_2.mat,40,0.05,0.025,6,True
source/12kHz_DE_data/B/0021/B021_2.mat,40,0.05,0.05,6,True
source/12kHz_DE_data/B/0021/B021_2.mat,40,0.05,0.075,6,True
source/12kHz_DE_data/B/0021/B021_2.mat,40,0.1,0.025,6,True
source/12kHz_DE_data/B/0021/B021_2.mat,40,0.1,0.05,6,True
source/12kHz_DE_data/B/0021/B021_2.mat,40,0.1,0.075,6,True
source/12kHz_DE_data/B/0021/B021_3.mat,10,-0.1,0.025,20,True
source/12kHz_DE_data/B/0021/B021_3.mat,10,-0.1,0.05,20,True
source/12kHz_DE_data/B/0021/B021_3.mat,10,-0.1,0.075,20,True
source/12kHz_DE_data/B/0021/B021_3.mat,10,-0.05,0.025,21,True
source/12kHz_DE_data/B/0021/B021_3.mat,10,-0.05,0.05,21,True
source/12kHz_DE_data/B/0021/B021_3.mat,10,-0.05,0.075,21,True
source/12kHz_DE_data/B/0021/B021_3.mat,10,0,0.025,22,True
source/12kHz_DE_data/B/0021/B021_3.mat,10,0,0.05,22,True
source/12kHz_DE_data/B/0021/B021_3.mat,10,0,0.075,22,True
source/12kHz_DE_data/B/0021/B021_3.mat,10,0.05,0.025,24,True
source/12kHz_DE_data/B/0021/B021_3.mat,10,0.05,0.05,23,True
source/12kHz_DE_data/B/0021/B021_3.mat,10,0.05,0.075,23,True
source/12kHz_DE_data/B/0021/B021_3.mat,10,0.1,0.025,25,True
source/12kHz_DE_data/B/0021/B021_3.mat,10,0.1,0.05,25,True
source/12kHz_DE_data/B/0021/B021_3.mat,10,0.1,0.075,24,True
source/12kHz_DE_data/B/0021/B021_3.mat,20,-0.1,0.025,10,True
source/12kHz_DE_data/B/0021/B021_3.mat,20,-0.1,0.05,10,True
source/12kHz_DE_data/B/0021/B021_3.mat,20,-0.1,0.075,10,True
source/12kHz_DE_data/B/0021/B021_3.mat,20,-0.05,0.025,10,True
source/12kHz_DE_data/B/0021/B021_3.mat,20,-0.05,0.05,10,True
source/12kHz_DE_data/B/0021/B021_3.mat,20,-0.05,0.075,10,True
source/12kHz_DE_data/B/0021/B021_3.mat,20,0,0.025,11,True
source/12kHz_DE_data/B/0021/B021_3.mat,20,0,0.05,11,True
source/12kHz_DE_data/B/0021/B021_3.mat,20,0,0.075,11,True
source/12kHz_DE_data/B/0021/B021_3.mat,20,0.05,0.025,12,True
source/12kHz_DE_data/B/0021/B021_3.mat,20,0.05,0.05,11,True
source/12kHz_DE_data/B/0021/B021_3.mat,20,0.05,0.075,11,True
source/12kHz_DE_data/B/0021/B021_3.mat,20,0.1,0.025,12,True
source/12kHz_DE_data/B/0021/B021_3.mat,20,0.1,0.05,12,True
source/12kHz_DE_data/B/0021/B021_3.mat,20,0.1,0.075,12,True
source/12kHz_DE_data/B/0021/B021_3.mat,40,-0.1,0.025,5,True
source/12kHz_DE_data/B/0021/B021_3.mat,40,-0.1,0.05,5,True
source/12kHz_DE_data/B/0021/B021_3.mat,40,-0.1,0.075,5,True
source/12kHz_DE_data/B/0021/B021_3.mat,40,-0.05,0.025,5,True
source/12kHz_DE_data/B/0021/B021_3.mat,40,-0.05,0.05,5,True
source/12kHz_DE_data/B/0021/B021_3.mat,40,-0.05,0.075,5,True
source/12kHz_DE_data/B/0021/B021_3.mat,40,0,0.025,5,True
source/12kHz_DE_data/B/0021/B021_3.mat,40,0,0.05,5,True
source/12kHz_DE_data/B/0021/B021_3.mat,40,0,0.075,5,True
source/12kHz_DE_data/B/0021/B021_3.mat,40,0.05,0.025,6,True
source/12kHz_DE_data/B/0021/B021_3.mat,40,0.05,0.05,5,True
source/12kHz_DE_data/B/0021/B021_3.mat,40,0.05,0.075,5,True
source/12kHz_DE_data/B/0021/B021_3.mat,40,0.1,0.025,6,True
source/12kHz_DE_data/B/0021/B021_3.mat,40,0.1,0.05,6,True
source/12kHz_DE_data/B/0021/B021_3.mat,40,0.1,0.075,6,True
source/12kHz_DE_data/B/0028/B028_0_(1797rpm).mat,10,-0.1,0.025,21,True
source/12kHz_DE_data/B/0028/B028_0_(1797rpm).mat,10,-0.1,0.05,21,True
source/12kHz_DE_data/B/0028/B028_0_(1797rpm).mat,10,-0.1,0.075,21,True
source/12kHz_DE_data/B/0028/B028_0_(1797rpm).mat,10,-0.05,0.025,22,True
source/12kHz_DE_data/B/0028/B028_0_(1797rpm).mat,10,-0.05,0.05,22,True
source/12kHz_DE_data/B/0028/B028_0_(1797rpm).mat,10,-0.05,0.075,22,True
source/12kHz_DE_data/B/0028/B028_0_(1797rpm).mat,10,0,0.025,23,True
source/12kHz_DE_data/B/0028/B028_0_(1797rpm).mat,10,0,0.05,23,True
source/12kHz_DE_data/B/0028/B028_0_(1797rpm).mat,10,0,0.075,23,True
source/12kHz_DE_data/B/0028/B028_0_(1797rpm).mat,10,0.05,0.025,25,True
source/12kHz_DE_data/B/0028/B028_0_(1797rpm).mat,10,0.05,0.05,24,True
source/12kHz_DE_data/B/0028/B028_0_(1797rpm).mat,10,0.05,0.075,24,True
source/12kHz_DE_data/B/0028/B028_0_(1797rpm).mat,10,0.1,0.025,26,True
source/12kHz_DE_data/B/0028/B028_0_(1797rpm).mat,10,0.1,0.05,26,True
source/12kHz_DE_data/B/0028/B028_0_(1797rpm).mat,10,0.1,0.075,25,True
source/12kHz_DE_data/B/0028/B028_0_(1797rpm).mat,20,-0.1,0.025,10,True
source/12kHz_DE_data/B/0028/B028_0_(1797rpm).mat,20,-0.1,0.05,10,True
source/12kHz_DE_data/B/0028/B028_0_(1797rpm).mat,20,-0.1,0.075,10,True
source/12kHz_DE_data/B/0028/B028_0_(1797rpm).mat,20,-0.05,0.025,11,True
source/12kHz_DE_data/B/0028/B028_0_(1797rpm).mat,20,-0.05,0.05,11,True
source/12kHz_DE_data/B/0028/B028_0_(1797rpm).mat,20,-0.05,0.075,11,True
source/12kHz_DE_data/B/0028/B028_0_(1797rpm).mat,20,0,0.025,11,True
source/12kHz_DE_data/B/0028/B028_0_(1797rpm).mat,20,0,0.05,11,True
source/12kHz_DE_data/B/0028/B028_0_(1797rpm).mat,20,0,0.075,11,True
source/12kHz_DE_data/B/0028/B028_0_(1797rpm).mat,20,0.05,0.025,12,True
source/12kHz_DE_data/B/0028/B028_0_(1797rpm).mat,20,0.05,0.05,12,True
source/12kHz_DE_data/B/0028/B028_0_(1797rpm).mat,20,0.05,0.075,12,True
source/12kHz_DE_data/B/0028/B028_0_(1797rpm).mat,20,0.1,0.025,13,True
source/12kHz_DE_data/B/0028/B028_0_(1797rpm).mat,20,0.1,0.05,13,True
source/12kHz_DE_data/B/0028/B028_0_(1797rpm).mat,20,0.1,0.075,12,True
source/12kHz_DE_data/B/0028/B028_0_(1797rpm).mat,40,-0.1,0.025,5,True
source/12kHz_DE_data/B/0028/B028_0_(1797rpm).mat,40,-0.1,0.05,5,True
source/12kHz_DE_data/B/0028/B028_0_(1797rpm).mat,40,-0.1,0.075,5,True
source/12kHz_DE_data/B/0028/B028_0_(1797rpm).mat,40,-0.05,0.025,5,True
source/12kHz_DE_data/B/0028/B028_0_(1797rpm).mat,40,-0.05,0.05,5,True
source/12kHz_DE_data/B/0028/B028_0_(1797rpm).mat,40,-0.05,0.075,5,True
source/12kHz_DE_data/B/0028/B028_0_(1797rpm).mat,40,0,0.025,5,True
source/12kHz_DE_data/B/0028/B028_0_(1797rpm).mat,40,0,0.05,5,True
source/12kHz_DE_data/B/0028/B028_0_(1797rpm).mat,40,0,0.075,5,True
source/12kHz_DE_data/B/0028/B028_0_(1797rpm).mat,40,0.05,0.025,6,True
source/12kHz_DE_data/B/0028/B028_0_(1797rpm).mat,40,0.05,0.05,6,True
source/12kHz_DE_data/B/0028/B028_0_(1797rpm).mat,40,0.05,0.075,6,True
source/12kHz_DE_data/B/0028/B028_0_(1797rpm).mat,40,0.1,0.025,6,True
source/12kHz_DE_data/B/0028/B028_0_(1797rpm).mat,40,0.1,0.05,6,True
source/12kHz_DE_data/B/0028/B028_0_(1797rpm).mat,40,0.1,0.075,6,True
source/12kHz_DE_data/B/0028/B028_1_(1772rpm).mat,10,-0.1,0.025,21,True
source/12kHz_DE_data/B/0028/B028_1_(1772rpm).mat,10,-0.1,0.05,21,True
source/12kHz_DE_data/B/0028/B028_1_(1772rpm).mat,10,-0.1,0.075,20,True
source/12kHz_DE_data/B/0028/B028_1_(1772rpm).mat,10,-0.05,0.025,22,True
source/12kHz_DE_data/B/0028/B028_1_(1772rpm).mat,10,-0.05,0.05,22,True
source/12kHz_DE_data/B/0028/B028_1_(1772rpm).mat,10,-0.05,0.075,22,True
source/12kHz_DE_data/B/0028/B028_1_(1772rpm).mat,10,0,0.025,23,True
source/12kHz_DE_data/B/0028/B028_1_(1772rpm).mat,10,0,0.05,23,True
source/12kHz_DE_data/B/0028/B028_1_(1772rpm).mat,10,0,0.075,23,True
source/12kHz_DE_data/B/0028/B028_1_(1772rpm).mat,10,0.05,0.025,24,True
source/12kHz_DE_data/B/0028/B028_1_(1772rpm).mat,10,0.05,0.05,24,True
source/12kHz_DE_data/B/0028/B028_1_(1772rpm).mat,10,0.05,0.075,24,True
source/12kHz_DE_data/B/0028/B028_1_(1772rpm).mat,10,0.1,0.025,25,True
source/12kHz_DE_data/B/0028/B028_1_(1772rpm).mat,10,0.1,0.05,25,True
source/12kHz_DE_data/B/0028/B028_1_(1772rpm).mat,10,0.1,0.075,25,True
source/12kHz_DE_data/B/0028/B028_1_(1772rpm).mat,20,-0.1,0.025,10,True
source/12kHz_DE_data/B/0028/B028_1_(1772rpm).mat,20,-0.1,0.05,10,True
source/12kHz_DE_data/B/0028/B028_1_(1772rpm).mat,20,-0.1,0.075,10,True
source/12kHz_DE_data/B/0028/B028_1_(1772rpm).mat,20,-0.05,0.025,11,True
source/12kHz_DE_data/B/0028/B028_1_(1772rpm).mat,20,-0.05,0.05,11,True
source/12kHz_DE_data/B/0028/B028_1_(1772rpm).mat,20,-0.05,0.075,11,True
source/12kHz_DE_data/B/0028/B028_1_(1772rpm).mat,20,0,0.025,11,True
source/12kHz_DE_data/B/0028/B028_1_(1772rpm).mat,20,0,0.05,11,True
source/12kHz_DE_data/B/0028/B028_1_(1772rpm).mat,20,0,0.075,11,True
source/12kHz_DE_data/B/0028/B028_1_(1772rpm).mat,20,0.05,0.025,12,True
source/12kHz_DE_data/B/0028/B028_1_(1772rpm).mat,20,0.05,0.05,12,True
source/12kHz_DE_data/B/0028/B028_1_(1772rpm).mat,20,0.05,0.075,12,True
source/12kHz_DE_data/B/0028/B028_1_(1772rpm).mat,20,0.1,0.025,12,True
source/12kHz_DE_data/B/0028/B028_1_(1772rpm).mat,20,0.1,0.05,12,True
source/12kHz_DE_data/B/0028/B028_1_(1772rpm).mat,20,0.1,0.075,12,True
source/12kHz_DE_data/B/0028/B028_1_(1772rpm).mat,40,-0.1,0.025,5,True
source/12kHz_DE_data/B/0028/B028_1_(1772rpm).mat,40,-0.1,0.05,5,True
source/12kHz_DE_data/B/0028/B028_1_(1772rpm).mat,40,-0.1,0.075,5,True
source/12kHz_DE_data/B/0028/B028_1_(1772rpm).mat,40,-0.05,0.025,5,True
source/12kHz_DE_data/B/0028/B028_1_(1772rpm).mat,40,-0.05,0.05,5,True
source/12kHz_DE_data/B/0028/B028_1_(1772rpm).mat,40,-0.05,0.075,5,True
source/12kHz_DE_data/B/0028/B028_1_(1772rpm).mat,40,0,0.025,5,True
source/12kHz_DE_data/B/0028/B028_1_(1772rpm).mat,40,0,0.05,5,True
source/12kHz_DE_data/B/0028/B028_1_(1772rpm).mat,40,0,0.075,5,True
source/12kHz_DE_data/B/0028/B028_1_(1772rpm).mat,40,0.05,0.025,6,True
source/12kHz_DE_data/B/0028/B028_1_(1772rpm).mat,40,0.05,0.05,6,True
source/12kHz_DE_data/B/0028/B028_1_(1772rpm).mat,40,0.05,0.075,6,True
source/12kHz_DE_data/B/0028/B028_1_(1772rpm).mat,40,0.1,0.025,6,True
source/12kHz_DE_data/B/0028/B028_1_(1772rpm).mat,40,0.1,0.05,6,True
source/12kHz_DE_data/B/0028/B028_1_(1772rpm).mat,40,0.1,0.075,6,True
source/12kHz_DE_data/B/0028/B028_2_(1750rpm).mat,10,-0.1,0.025,20,True
source/12kHz_DE_data/B/0028/B028_2_(1750rpm).mat,10,-0.1,0.05,20,True
source/12kHz_DE_data/B/0028/B028_2_(1750rpm).mat,10,-0.1,0.075,20,True
source/12kHz_DE_data/B/0028/B028_2_(1750rpm).mat,10,-0.05,0.025,22,True
source/12kHz_DE_data/B/0028/B028_2_(1750rpm).mat,10,-0.05,0.05,21,True
source/12kHz_DE_data/B/0028/B028_2_(1750rpm).mat,10,-0.05,0.075,21,True
source/12kHz_DE_data/B/0028/B028_2_(1750rpm).mat,10,0,0.025,23,True
source/12kHz_DE_data/B/0028/B028_2_(1750rpm).mat,10,0,0.05,23,True
source/12kHz_DE_data/B/0028/B028_2_(1750rpm).mat,10,0,0.075,22,True
source/12kHz_DE_data/B/0028/B028_2_(1750rpm).mat,10,0.05,0.025,24,True
source/12kHz_DE_data/B/0028/B028_2_(1750rpm).mat,10,0.05,0.05,24,True
source/12kHz_DE_data/B/0028/B028_2_(1750rpm).mat,10,0.05,0.075,24,True
source/12kHz_DE_data/B/0028/B028_2_(1750rpm).mat,10,0.1,0.025,25,True
source/12kHz_DE_data/B/0028/B028_2_(1750rpm).mat,10,0.1,0.05,25,True
source/12kHz_DE_data/B/0028/B028_2_(1750rpm).mat,10,0.1,0.075,25,True
source/12kHz_DE_data/B/0028/B028_2_(1750rpm).mat,20,-0.1,0.025,10,True
source/12kHz_DE_data/B/0028/B028_2_(1750rpm).mat,20,-0.1,0.05,10,True
source/12kHz_DE_data/B/0028/B028_2_(1750rpm).mat,20,-0.1,0.075,10,True
source/12kHz_DE_data/B/0028/B028_2_(1750rpm).mat,20,-0.05,0.025,11,True
source/12kHz_DE_data/B/0028/B028_2_(1750rpm).mat,20,-0.05,0.05,10,True
source/12kHz_DE_data/B/0028/B028_2_(1750rpm).mat,20,-0.05,0.075,10,True
source/12kHz_DE_data/B/0028/B028_2_(1750rpm).mat,20,0,0.025,11,True
source/12kHz_DE_data/B/0028/B028_2_(1750rpm).mat,20,0,0.05,11,True
source/12kHz_DE_data/B/0028/B028_2_(1750rpm).mat,20,0,0.075,11,True
source/12kHz_DE_data/B/0028/B028_2_(1750rpm).mat,20,0.05,0.025,12,True
source/12kHz_DE_data/B/0028/B028_2_(1750rpm).mat,20,0.05,0.05,12,True
source/12kHz_DE_data/B/0028/B028_2_(1750rpm).mat,20,0.05,0.075,12,True
source/12kHz_DE_data/B/0028/B028_2_(1750rpm).mat,20,0.1,0.025,12,True
source/12kHz_DE_data/B/0028/B028_2_(1750rpm).mat,20,0.1,0.05,12,True
source/12kHz_DE_data/B/0028/B028_2_(1750rpm).mat,20,0.1,0.075,12,True
source/12kHz_DE_data/B/0028/B028_2_(1750rpm).mat,40,-0.1,0.025,5,True
source/12kHz_DE_data/B/0028/B028_2_(1750rpm).mat,40,-0.1,0.05,5,True
source/12kHz_DE_data/B/0028/B028_2_(1750rpm).mat,40,-0.1,0.075,5,True
source/12kHz_DE_data/B/0028/B028_2_(1750rpm).mat,40,-0.05,0.025,5,True
source/12kHz_DE_data/B/0028/B028_2_(1750rpm).mat,40,-0.05,0.05,5,True
source/12kHz_DE_data/B/0028/B028_2_(1750rpm).mat,40,-0.05,0.075,5,True
source/12kHz_DE_data/B/0028/B028_2_(1750rpm).mat,40,0,0.025,5,True
source/12kHz_DE_data/B/0028/B028_2_(1750rpm).mat,40,0,0.05,5,True
source/12kHz_DE_data/B/0028/B028_2_(1750rpm).mat,40,0,0.075,5,True
source/12kHz_DE_data/B/0028/B028_2_(1750rpm).mat,40,0.05,0.025,6,True
source/12kHz_DE_data/B/0028/B028_2_(1750rpm).mat,40,0.05,0.05,6,True
source/12kHz_DE_data/B/0028/B028_2_(1750rpm).mat,40,0.05,0.075,6,True
source/12kHz_DE_data/B/0028/B028_2_(1750rpm).mat,40,0.1,0.025,6,True
source/12kHz_DE_data/B/0028/B028_2_(1750rpm).mat,40,0.1,0.05,6,True
source/12kHz_DE_data/B/0028/B028_2_(1750rpm).mat,40,0.1,0.075,6,True
source/12kHz_DE_data/B/0028/B028_3_(1730rpm).mat,10,-0.1,0.025,20,True
source/12kHz_DE_data/B/0028/B028_3_(1730rpm).mat,10,-0.1,0.05,20,True
source/12kHz_DE_data/B/0028/B028_3_(1730rpm).mat,10,-0.1,0.075,20,True
source/12kHz_DE_data/B/0028/B028_3_(1730rpm).mat,10,-0.05,0.025,21,True
source/12kHz_DE_data/B/0028/B028_3_(1730rpm).mat,10,-0.05,0.05,21,True
source/12kHz_DE_data/B/0028/B028_3_(1730rpm).mat,10,-0.05,0.075,21,True
source/12kHz_DE_data/B/0028/B028_3_(1730rpm).mat,10,0,0.025,22,True
source/12kHz_DE_data/B/0028/B028_3_(1730rpm).mat,10,0,0.05,22,True
source/12kHz_DE_data/B/0028/B028_3_(1730rpm).mat,10,0,0.075,22,True
source/12kHz_DE_data/B/0028/B028_3_(1730rpm).mat,10,0.05,0.025,24,True
source/12kHz_DE_data/B/0028/B028_3_(1730rpm).mat,10,0.05,0.05,23,True
source/12kHz_DE_data/B/0028/B028_3_(1730rpm).mat,10,0.05,0.075,23,True
source/12kHz_DE_data/B/0028/B028_3_(1730rpm).mat,10,0.1,0.025,25,True
source/12kHz_DE_data/B/0028/B028_3_(1730rpm).mat,10,0.1,0.05,25,True
source/12kHz_DE_data/B/0028/B028_3_(1730rpm).mat,10,0.1,0.075,24,True
source/12kHz_DE_data/B/0028/B028_3_(1730rpm).mat,20,-0.1,0.025,10,True
source/12kHz_DE_data/B/0028/B028_3_(1730rpm).mat,20,-0.1,0.05,10,True
source/12kHz_DE_data/B/0028/B028_3_(1730rpm).mat,20,-0.1,0.075,10,True
source/12kHz_DE_data/B/0028/B028_3_(1730rpm).mat,20,-0.05,0.025,10,True
source/12kHz_DE_data/B/0028/B028_3_(1730rpm).mat,20,-0.05,0.05,10,True
source/12kHz_DE_data/B/0028/B028_3_(1730rpm).mat,20,-0.05,0.075,10,True
source/12kHz_DE_data/B/0028/B028_3_(1730rpm).mat,20,0,0.025,11,True
source/12kHz_DE_data/B/0028/B028_3_(1730rpm).mat,20,0,0.05,11,True
source/12kHz_DE_data/B/0028/B028_3_(1730rpm).mat,20,0,0.075,11,True
source/12kHz_DE_data/B/0028/B028_3_(1730rpm).mat,20,0.05,0.025,12,True
source/12kHz_DE_data/B/0028/B028_3_(1730rpm).mat,20,0.05,0.05,11,True
source/12kHz_DE_data/B/0028/B028_3_(1730rpm).mat,20,0.05,0.075,11,True
source/12kHz_DE_data/B/0028/B028_3_(1730rpm).mat,20,0.1,0.025,12,True
source/12kHz_DE_data/B/0028/B028_3_(1730rpm).mat,20,0.1,0.05,12,True
source/12kHz_DE_data/B/0028/B028_3_(1730rpm).mat,20,0.1,0.075,12,True
source/12kHz_DE_data/B/0028/B028_3_(1730rpm).mat,40,-0.1,0.025,5,True
source/12kHz_DE_data/B/0028/B028_3_(1730rpm).mat,40,-0.1,0.05,5,True
source/12kHz_DE_data/B/0028/B028_3_(1730rpm).mat,40,-0.1,0.075,5,True
source/12kHz_DE_data/B/0028/B028_3_(1730rpm).mat,40,-0.05,0.025,5,True
source/12kHz_DE_data/B/0028/B028_3_(1730rpm).mat,40,-0.05,0.05,5,True
source/12kHz_DE_data/B/0028/B028_3_(1730rpm).mat,40,-0.05,0.075,5,True
source/12kHz_DE_data/B/0028/B028_3_(1730rpm).mat,40,0,0.025,5,True
source/12kHz_DE_data/B/0028/B028_3_(1730rpm).mat,40,0,0.05,5,True
source/12kHz_DE_data/B/0028/B028_3_(1730rpm).mat,40,0,0.075,5,True
source/12kHz_DE_data/B/0028/B028_3_(1730rpm).mat,40,0.05,0.025,6,True
source/12kHz_DE_data/B/0028/B028_3_(1730rpm).mat,40,0.05,0.05,5,True
source/12kHz_DE_data/B/0028/B028_3_(1730rpm).mat,40,0.05,0.075,5,True
source/12kHz_DE_data/B/0028/B028_3_(1730rpm).mat,40,0.1,0.025,6,True
source/12kHz_DE_data/B/0028/B028_3_(1730rpm).mat,40,0.1,0.05,6,True
source/12kHz_DE_data/B/0028/B028_3_(1730rpm).mat,40,0.1,0.075,6,True
source/12kHz_DE_data/IR/0007/IR007_0.mat,10,-0.1,0.025,21,True
source/12kHz_DE_data/IR/0007/IR007_0.mat,10,-0.1,0.05,21,True
source/12kHz_DE_data/IR/0007/IR007_0.mat,10,-0.1,0.075,21,True
source/12kHz_DE_data/IR/0007/IR007_0.mat,10,-0.05,0.025,22,True
source/12kHz_DE_data/IR/0007/IR007_0.mat,10,-0.05,0.05,22,True
source/12kHz_DE_data/IR/0007/IR007_0.mat,10,-0.05,0.075,22,True
source/12kHz_DE_data/IR/0007/IR007_0.mat,10,0,0.025,23,True
source/12kHz_DE_data/IR/0007/IR007_0.mat,10,0,0.05,23,True
source/12kHz_DE_data/IR/0007/IR007_0.mat,10,0,0.075,23,True
source/12kHz_DE_data/IR/0007/IR007_0.mat,10,0.05,0.025,25,True
source/12kHz_DE_data/IR/0007/IR007_0.mat,10,0.05,0.05,24,True
source/12kHz_DE_data/IR/0007/IR007_0.mat,10,0.05,0.075,24,True
source/12kHz_DE_data/IR/0007/IR007_0.mat,10,0.1,0.025,26,True
source/12kHz_DE_data/IR/0007/IR007_0.mat,10,0.1,0.05,26,True
source/12kHz_DE_data/IR/0007/IR007_0.mat,10,0.1,0.075,25,True
source/12kHz_DE_data/IR/0007/IR007_0.mat,20,-0.1,0.025,10,True
source/12kHz_DE_data/IR/0007/IR007_0.mat,20,-0.1,0.05,10,True
source/12kHz_DE_data/IR/0007/IR007_0.mat,20,-0.1,0.075,10,True
source/12kHz_DE_data/IR/0007/IR007_0.mat,20,-0.05,0.025,11,True
source/12kHz_DE_data/IR/0007/IR007_0.mat,20,-0.05,0.05,11,True
source/12kHz_DE_data/IR/0007/IR007_0.mat,20,-0.05,0.075,11,True
source/12kHz_DE_data/IR/0007/IR007_0.mat,20,0,0.025,11,True
source/12kHz_DE_data/IR/0007/IR007_0.mat,20,0,0.05,11,True
source/12kHz_DE_data/IR/0007/IR007_0.mat,20,0,0.075,11,True
source/12kHz_DE_data/IR/0007/IR007_0.mat,20,0.05,0.025,12,True
source/12kHz_DE_data/IR/0007/IR007_0.mat,20,0.05,0.05,12,True
source/12kHz_DE_data/IR/0007/IR007_0.mat,20,0.05,0.075,12,True
source/12kHz_DE_data/IR/0007/IR007_0.mat,20,0.1,0.025,13,True
source/12kHz_DE_data/IR/0007/IR007_0.mat,20,0.1,0.05,13,True
source/12kHz_DE_data/IR/0007/IR007_0.mat,20,0.1,0.075,12,True
source/12kHz_DE_data/IR/0007/IR007_0.mat,40,-0.1,0.025,5,True
source/12kHz_DE_data/IR/0007/IR007_0.mat,40,-0.1,0.05,5,True
source/12kHz_DE_data/IR/0007/IR007_0.mat,40,-0.1,0.075,5,True
source/12kHz_DE_data/IR/0007/IR007_0.mat,40,-0.05,0.025,5,True
source/12kHz_DE_data/IR/0007/IR007_0.mat,40,-0.05,0.05,5,True
source/12kHz_DE_data/IR/0007/IR007_0.mat,40,-0.05,0.075,5,True
source/12kHz_DE_data/IR/0007/IR007_0.mat,40,0,0.025,5,True
source/12kHz_DE_data/IR/0007/IR007_0.mat,40,0,0.05,5,True
source/12kHz_DE_data/IR/0007/IR007_0.mat,40,0,0.075,5,True
source/12kHz_DE_data/IR/0007/IR007_0.mat,40,0.05,0.025,6,True
source/12kHz_DE_data/IR/0007/IR007_0.mat,40,0.05,0.05,6,True
source/12kHz_DE_data/IR/0007/IR007_0.mat,40,0.05,0.075,6,True
source/12kHz_DE_data/IR/0007/IR007_0.mat,40,0.1,0.025,6,True
source/12kHz_DE_data/IR/0007/IR007_0.mat,40,0.1,0.05,6,True
source/12kHz_DE_data/IR/0007/IR007_0.mat,40,0.1,0.075,6,True
source/12kHz_DE_data/IR/0007/IR007_1.mat,10,-0.1,0.025,21,True
source/12kHz_DE_data/IR/0007/IR007_1.mat,10,-0.1,0.05,21,True
source/12kHz_DE_data/IR/0007/IR007_1.mat,10,-0.1,0.075,20,True
source/12kHz_DE_data/IR/0007/IR007_1.mat,10,-0.05,0.025,22,True
source/12kHz_DE_data/IR/0007/IR007_1.mat,10,-0.05,0.05,22,True
source/12kHz_DE_data/IR/0007/IR007_1.mat,10,-0.05,0.075,22,True
source/12kHz_DE_data/IR/0007/IR007_1.mat,10,0,0.025,23,True
source/12kHz_DE_data/IR/0007/IR007_1.mat,10,0,0.05,23,True
source/12kHz_DE_data/IR/0007/IR007_1.mat,10,0,0.075,23,True
source/12kHz_DE_data/IR/0007/IR007_1.mat,10,0.05,0.025,24,True
source/12kHz_DE_data/IR/0007/IR007_1.mat,10,0.05,0.05,24,True
source/12kHz_DE_data/IR/0007/IR007_1.mat,10,0.05,0.075,24,True
source/12kHz_DE_data/IR/0007/IR007_1.mat,10,0.1,0.025,25,True
source/12kHz_DE_data/IR/0007/IR007_1.mat,10,0.1,0.05,25,True
source/12kHz_DE_data/IR/0007/IR007_1.mat,10,0.1,0.075,25,True
source/12kHz_DE_data/IR/0007/IR007_1.mat,20,-0.1,0.025,10,True
source/12kHz_DE_data/IR/0007/IR007_1.mat,20,-0.1,0.05,10,True
source/12kHz_DE_data/IR/0007/IR007_1.mat,20,-0.1,0.075,10,True
source/12kHz_DE_data/IR/0007/IR007_1.mat,20,-0.05,0.025,11,True
source/12kHz_DE_data/IR/0007/IR007_1.mat,20,-0.05,0.05,11,True
source/12kHz_DE_data/IR/0007/IR007_1.mat,20,-0.05,0.075,11,True
source/12kHz_DE_data/IR/0007/IR007_1.mat,20,0,0.025,11,True
source/12kHz_DE_data/IR/0007/IR007_1.mat,20,0,0.05,11,True
source/12kHz_DE_data/IR/0007/IR007_1.mat,20,0,0.075,11,True
source/12kHz_DE_data/IR/0007/IR007_1.mat,20,0.05,0.025,12,True
source/12kHz_DE_data/IR/0007/IR007_1.mat,20,0.05,0.05,12,True
source/12kHz_DE_data/IR/0007/IR007_1.mat,20,0.05,0.075,12,True
source/12kHz_DE_data/IR/0007/IR007_1.mat,20,0.1,0.025,12,True
source/12kHz_DE_data/IR/0007/IR007_1.mat,20,0.1,0.05,12,True
source/12kHz_DE_data/IR/0007/IR007_1.mat,20,0.1,0.075,12,True
source/12kHz_DE_data/IR/0007/IR007_1.mat,40,-0.1,0.025,5,True
source/12kHz_DE_data/IR/0007/IR007_1.mat,40,-0.1,0.05,5,True
source/12kHz_DE_data/IR/0007/IR007_1.mat,40,-0.1,0.075,5,True
source/12kHz_DE_data/IR/0007/IR007_1.mat,40,-0.05,0.025,5,True
source/12kHz_DE_data/IR/0007/IR007_1.mat,40,-0.05,0.05,5,True
source/12kHz_DE_data/IR/0007/IR007_1.mat,40,-0.05,0.075,5,True
source/12kHz_DE_data/IR/0007/IR007_1.mat,40,0,0.025,5,True
source/12kHz_DE_data/IR/0007/IR007_1.mat,40,0,0.05,5,True
source/12kHz_DE_data/IR/0007/IR007_1.mat,40,0,0.075,5,True
source/12kHz_DE_data/IR/0007/IR007_1.mat,40,0.05,0.025,6,True
source/12kHz_DE_data/IR/0007/IR007_1.mat,40,0.05,0.05,6,True
source/12kHz_DE_data/IR/0007/IR007_1.mat,40,0.05,0.075,6,True
source/12kHz_DE_data/IR/0007/IR007_1.mat,40,0.1,0.025,6,True
source/12kHz_DE_data/IR/0007/IR007_1.mat,40,0.1,0.05,6,True
source/12kHz_DE_data/IR/0007/IR007_1.mat,40,0.1,0.075,6,True
source/12kHz_DE_data/IR/0007/IR007_2.mat,10,-0.1,0.025,20,True
source/12kHz_DE_data/IR/0007/IR007_2.mat,10,-0.1,0.05,20,True
source/12kHz_DE_data/IR/0007/IR007_2.mat,10,-0.1,0.075,20,True
source/12kHz_DE_data/IR/0007/IR007_2.mat,10,-0.05,0.025,21,True
source/12kHz_DE_data/IR/0007/IR007_2.mat,10,-0.05,0.05,21,True
source/12kHz_DE_data/IR/0007/IR007_2.mat,10,-0.05,0.075,21,True
source/12kHz_DE_data/IR/0007/IR007_2.mat,10,0,0.025,23,True
source/12kHz_DE_data/IR/0007/IR007_2.mat,10,0,0.05,23,True
source/12kHz_DE_data/IR/0007/IR007_2.mat,10,0,0.075,22,True
source/12kHz_DE_data/IR/0007/IR007_2.mat,10,0.05,0.025,24,True
source/12kHz_DE_data/IR/0007/IR007_2.mat,10,0.05,0.05,24,True
source/12kHz_DE_data/IR/0007/IR007_2.mat,10,0.05,0.075,24,True
source/12kHz_DE_data/IR/0007/IR007_2.mat,10,0.1,0.025,25,True
source/12kHz_DE_data/IR/0007/IR007_2.mat,10,0.1,0.05,25,True
source/12kHz_DE_data/IR/0007/IR007_2.mat,10,0.1,0.075,25,True
source/12kHz_DE_data/IR/0007/IR007_2.mat,20,-0.1,0.025,10,True
source/12kHz_DE_data/IR/0007/IR007_2.mat,20,-0.1,0.05,10,True
source/12kHz_DE_data/IR/0007/IR007_2.mat,20,-0.1,0.075,10,True
source/12kHz_DE_data/IR/0007/IR007_2.mat,20,-0.05,0.025,11,True
source/12kHz_DE_data/IR/0007/IR007_2.mat,20,-0.05,0.05,10,True
source/12kHz_DE_data/IR/0007/IR007_2.mat,20,-0.05,0.075,10,True
source/12kHz_DE_data/IR/0007/IR007_2.mat,20,0,0.025,11,True
source/12kHz_DE_data/IR/0007/IR007_2.mat,20,0,0.05,11,True
source/12kHz_DE_data/IR/0007/IR007_2.mat,20,0,0.075,11,True
source/12kHz_DE_data/IR/0007/IR007_2.mat,20,0.05,0.025,12,True
source/12kHz_DE_data/IR/0007/IR007_2.mat,20,0.05,0.05,12,True
source/12kHz_DE_data/IR/0007/IR007_2.mat,20,0.05,0.075,12,True
source/12kHz_DE_data/IR/0007/IR007_2.mat,20,0.1,0.025,12,True
source/12kHz_DE_data/IR/0007/IR007_2.mat,20,0.1,0.05,12,True
source/12kHz_DE_data/IR/0007/IR007_2.mat,20,0.1,0.075,12,True
source/12kHz_DE_data/IR/0007/IR007_2.mat,40,-0.1,0.025,5,True
source/12kHz_DE_data/IR/0007/IR007_2.mat,40,-0.1,0.05,5,True
source/12kHz_DE_data/IR/0007/IR007_2.mat,40,-0.1,0.075,5,True
source/12kHz_DE_data/IR/0007/IR007_2.mat,40,-0.05,0.025,5,True
source/12kHz_DE_data/IR/0007/IR007_2.mat,40,-0.05,0.05,5,True
source/12kHz_DE_data/IR/0007/IR007_2.mat,40,-0.05,0.075,5,True
source/12kHz_DE_data/IR/0007/IR007_2.mat,40,0,0.025,5,True
source/12kHz_DE_data/IR/0007/IR007_2.mat,40,0,0.05,5,True
source/12kHz_DE_data/IR/0007/IR007_2.mat,40,0,0.075,5,True
source/12kHz_DE_data/IR/0007/IR007_2.mat,40,0.05,0.025,6,True
source/12kHz_DE_data/IR/0007/IR007_2.mat,40,0.05,0.05,6,True
source/12kHz_DE_data/IR/0007/IR007_2.mat,40,0.05,0.075,6,True
source/12kHz_DE_data/IR/0007/IR007_2.mat,40,0.1,0.025,6,True
source/12kHz_DE_data/IR/0007/IR007_2.mat,40,0.1,0.05,6,True
source/12kHz_DE_data/IR/0007/IR007_2.mat,40,0.1,0.075,6,True
source/12kHz_DE_data/IR/0007/IR007_3.mat,10,-0.1,0.025,20,True
source/12kHz_DE_data/IR/0007/IR007_3.mat,10,-0.1,0.05,20,True
source/12kHz_DE_data/IR/0007/IR007_3.mat,10,-0.1,0.075,20,True
source/12kHz_DE_data/IR/0007/IR007_3.mat,10,-0.05,0.025,21,True
source/12kHz_DE_data/IR/0007/IR007_3.mat,10,-0.05,0.05,21,True
source/12kHz_DE_data/IR/0007/IR007_3.mat,10,-0.05,0.075,21,True
source/12kHz_DE_data/IR/0007/IR007_3.mat,10,0,0.025,22,True
source/12kHz_DE_data/IR/0007/IR007_3.mat,10,0,0.05,22,True
source/12kHz_DE_data/IR/0007/IR007_3.mat,10,0,0.075,22,True
source/12kHz_DE_data/IR/0007/IR007_3.mat,10,0.05,0.025,23,True
source/12kHz_DE_data/IR/0007/IR007_3.mat,10,0.05,0.05,23,True
source/12kHz_DE_data/IR/0007/IR007_3.mat,10,0.05,0.075,23,True
source/12kHz_DE_data/IR/0007/IR007_3.mat,10,0.1,0.025,25,True
source/12kHz_DE_data/IR/0007/IR007_3.mat,10,0.1,0.05,24,True
source/12kHz_DE_data/IR/0007/IR007_3.mat,10,0.1,0.075,24,True
source/12kHz_DE_data/IR/0007/IR007_3.mat,20,-0.1,0.025,10,True
source/12kHz_DE_data/IR/0007/IR007_3.mat,20,-0.1,0.05,10,True
source/12kHz_DE_data/IR/0007/IR007_3.mat,20,-0.1,0.075,10,True
source/12kHz_DE_data/IR/0007/IR007_3.mat,20,-0.05,0.025,10,True
source/12kHz_DE_data/IR/0007/IR007_3.mat,20,-0.05,0.05,10,True
source/12kHz_DE_data/IR/0007/IR007_3.mat,20,-0.05,0.075,10,True
source/12kHz_DE_data/IR/0007/IR007_3.mat,20,0,0.025,11,True
source/12kHz_DE_data/IR/0007/IR007_3.mat,20,0,0.05,11,True
source/12kHz_DE_data/IR/0007/IR007_3.mat,20,0,0.075,11,True
source/12kHz_DE_data/IR/0007/IR007_3.mat,20,0.05,0.025,11,True
source/12kHz_DE_data/IR/0007/IR007_3.mat,20,0.05,0.05,11,True
source/12kHz_DE_data/IR/0007/IR007_3.mat,20,0.05,0.075,11,True
source/12kHz_DE_data/IR/0007/IR007_3.mat,20,0.1,0.025,12,True
source/12kHz_DE_data/IR/0007/IR007_3.mat,20,0.1,0.05,12,True
source/12kHz_DE_data/IR/0007/IR007_3.mat,20,0.1,0.075,12,True
source/12kHz_DE_data/IR/0007/IR007_3.mat,40,-0.1,0.025,5,True
source/12kHz_DE_data/IR/0007/IR007_3.mat,40,-0.1,0.05,5,True
source/12kHz_DE_data/IR/0007/IR007_3.mat,40,-0.1,0.075,5,True
source/12kHz_DE_data/IR/0007/IR007_3.mat,40,-0.05,0.025,5,True
source/12kHz_DE_data/IR/0007/IR007_3.mat,40,-0.05,0.05,5,True
source/12kHz_DE_data/IR/0007/IR007_3.mat,40,-0.05,0.075,5,True
source/12kHz_DE_data/IR/0007/IR007_3.mat,40,0,0.025,5,True
source/12kHz_DE_data/IR/0007/IR007_3.mat,40,0,0.05,5,True
source/12kHz_DE_data/IR/0007/IR007_3.mat,40,0,0.075,5,True
source/12kHz_DE_data/IR/0007/IR007_3.mat,40,0.05,0.025,5,True
source/12kHz_DE_data/IR/0007/IR007_3.mat,40,0.05,0.05,5,True
source/12kHz_DE_data/IR/0007/IR007_3.mat,40,0.05,0.075,5,True
source/12kHz_DE_data/IR/0007/IR007_3.mat,40,0.1,0.025,6,True
source/12kHz_DE_data/IR/0007/IR007_3.mat,40,0.1,0.05,6,True
source/12kHz_DE_data/IR/0007/IR007_3.mat,40,0.1,0.075,6,True
source/12kHz_DE_data/IR/0014/IR014_0.mat,10,-0.1,0.025,21,True
source/12kHz_DE_data/IR/0014/IR014_0.mat,10,-0.1,0.05,21,True
source/12kHz_DE_data/IR/0014/IR014_0.mat,10,-0.1,0.075,21,True
source/12kHz_DE_data/IR/0014/IR014_0.mat,10,-0.05,0.025,22,True
source/12kHz_DE_data/IR/0014/IR014_0.mat,10,-0.05,0.05,22,True
source/12kHz_DE_data/IR/0014/IR014_0.mat,10,-0.05,0.075,22,True
source/12kHz_DE_data/IR/0014/IR014_0.mat,10,0,0.025,23,True
source/12kHz_DE_data/IR/0014/IR014_0.mat,10,0,0.05,23,True
source/12kHz_DE_data/IR/0014/IR014_0.mat,10,0,0.075,23,True
source/12kHz_DE_data/IR/0014/IR014_0.mat,10,0.05,0.025,25,True
source/12kHz_DE_data/IR/0014/IR014_0.mat,10,0.05,0.05,24,True
source/12kHz_DE_data/IR/0014/IR014_0.mat,10,0.05,0.075,24,True
source/12kHz_DE_data/IR/0014/IR014_0.mat,10,0.1,0.025,26,True
source/12kHz_DE_data/IR/0014/IR014_0.mat,10,0.1,0.05,26,True
source/12kHz_DE_data/IR/0014/IR014_0.mat,10,0.1,0.075,25,True
source/12kHz_DE_data/IR/0014/IR014_0.mat,20,-0.1,0.025,10,True
source/12kHz_DE_data/IR/0014/IR014_0.mat,20,-0.1,0.05,10,True
source/12kHz_DE_data/IR/0014/IR014_0.mat,20,-0.1,0.075,10,True
source/12kHz_DE_data/IR/0014/IR014_0.mat,20,-0.05,0.025,11,True
source/12kHz_DE_data/IR/0014/IR014_0.mat,20,-0.05,0.05,11,True
source/12kHz_DE_data/IR/0014/IR014_0.mat,20,-0.05,0.075,11,True
source/12kHz_DE_data/IR/0014/IR014_0.mat,20,0,0.025,11,True
source/12kHz_DE_data/IR/0014/IR014_0.mat,20,0,0.05,11,True
source/12kHz_DE_data/IR/0014/IR014_0.mat,20,0,0.075,11,True
source/12kHz_DE_data/IR/0014/IR014_0.mat,20,0.05,0.025,12,True
source/12kHz_DE_data/IR/0014/IR014_0.mat,20,0.05,0.05,12,True
source/12kHz_DE_data/IR/0014/IR014_0.mat,20,0.05,0.075,12,True
source/12kHz_DE_data/IR/0014/IR014_0.mat,20,0.1,0.025,13,True
source/12kHz_DE_data/IR/0014/IR014_0.mat,20,0.1,0.05,13,True
source/12kHz_DE_data/IR/0014/IR014_0.mat,20,0.1,0.075,12,True
source/12kHz_DE_data/IR/0014/IR014_0.mat,40,-0.1,0.025,5,True
source/12kHz_DE_data/IR/0014/IR014_0.mat,40,-0.1,0.05,5,True
source/12kHz_DE_data/IR/0014/IR014_0.mat,40,-0.1,0.075,5,True
source/12kHz_DE_data/IR/0014/IR014_0.mat,40,-0.05,0.025,5,True
source/12kHz_DE_data/IR/0014/IR014_0.mat,40,-0.05,0.05,5,True
source/12kHz_DE_data/IR/0014/IR014_0.mat,40,-0.05,0.075,5,True
source/12kHz_DE_data/IR/0014/IR014_0.mat,40,0,0.025,5,True
source/12kHz_DE_data/IR/0014/IR014_0.mat,40,0,0.05,5,True
source/12kHz_DE_data/IR/0014/IR014_0.mat,40,0,0.075,5,True
source/12kHz_DE_data/IR/0014/IR014_0.mat,40,0.05,0.025,6,True
source/12kHz_DE_data/IR/0014/IR014_0.mat,40,0.05,0.05,6,True
source/12kHz_DE_data/IR/0014/IR014_0.mat,40,0.05,0.075,6,True
source/12kHz_DE_data/IR/0014/IR014_0.mat,40,0.1,0.025,6,True
source/12kHz_DE_data/IR/0014/IR014_0.mat,40,0.1,0.05,6,True
source/12kHz_DE_data/IR/0014/IR014_0.mat,40,0.1,0.075,6,True
source/12kHz_DE_data/IR/0014/IR014_1.mat,10,-0.1,0.025,21,True
source/12kHz_DE_data/IR/0014/IR014_1.mat,10,-0.1,0.05,21,True
source/12kHz_DE_data/IR/0014/IR014_1.mat,10,-0.1,0.075,20,True
source/12kHz_DE_data/IR/0014/IR014_1.mat,10,-0.05,0.025,22,True
source/12kHz_DE_data/IR/0014/IR014_1.mat,10,-0.05,0.05,22,True
source/12kHz_DE_data/IR/0014/IR014_1.mat,10,-0.05,0.075,22,True
source/12kHz_DE_data/IR/0014/IR014_1.mat,10,0,0.025,23,True
source/12kHz_DE_data/IR/0014/IR014_1.mat,10,0,0.05,23,True
source/12kHz_DE_data/IR/0014/IR014_1.mat,10,0,0.075,23,True
source/12kHz_DE_data/IR/0014/IR014_1.mat,10,0.05,0.025,24,True
source/12kHz_DE_data/IR/0014/IR014_1.mat,10,0.05,0.05,24,True
source/12kHz_DE_data/IR/0014/IR014_1.mat,10,0.05,0.075,24,True
source/12kHz_DE_data/IR/0014/IR014_1.mat,10,0.1,0.025,25,True
source/12kHz_DE_data/IR/0014/IR014_1.mat,10,0.1,0.05,25,True
source/12kHz_DE_data/IR/0014/IR014_1.mat,10,0.1,0.075,25,True
source/12kHz_DE_data/IR/0014/IR014_1.mat,20,-0.1,0.025,10,True
source/12kHz_DE_data/IR/0014/IR014_1.mat,20,-0.1,0.05,10,True
source/12kHz_DE_data/IR/0014/IR014_1.mat,20,-0.1,0.075,10,True
source/12kHz_DE_data/IR/0014/IR014_1.mat,20,-0.05,0.025,11,True
source/12kHz_DE_data/IR/0014/IR014_1.mat,20,-0.05,0.05,11,True
source/12kHz_DE_data/IR/0014/IR014_1.mat,20,-0.05,0.075,11,True
source/12kHz_DE_data/IR/0014/IR014_1.mat,20,0,0.025,11,True
source/12kHz_DE_data/IR/0014/IR014_1.mat,20,0,0.05,11,True
source/12kHz_DE_data/IR/0014/IR014_1.mat,20,0,0.075,11,True
source/12kHz_DE_data/IR/0014/IR014_1.mat,20,0.05,0.025,12,True
source/12kHz_DE_data/IR/0014/IR014_1.mat,20,0.05,0.05,12,True
source/12kHz_DE_data/IR/0014/IR014_1.mat,20,0.05,0.075,12,True
source/12kHz_DE_data/IR/0014/IR014_1.mat,20,0.1,0.025,12,True
source/12kHz_DE_data/IR/0014/IR014_1.mat,20,0.1,0.05,12,True
source/12kHz_DE_data/IR/0014/IR014_1.mat,20,0.1,0.075,12,True
source/12kHz_DE_data/IR/0014/IR014_1.mat,40,-0.1,0.025,5,True
source/12kHz_DE_data/IR/0014/IR014_1.mat,40,-0.1,0.05,5,True
source/12kHz_DE_data/IR/0014/IR014_1.mat,40,-0.1,0.075,5,True
source/12kHz_DE_data/IR/0014/IR014_1.mat,40,-0.05,0.025,5,True
source/12kHz_DE_data/IR/0014/IR014_1.mat,40,-0.05,0.05,5,True
source/12kHz_DE_data/IR/0014/IR014_1.mat,40,-0.05,0.075,5,True
source/12kHz_DE_data/IR/0014/IR014_1.mat,40,0,0.025,5,True
source/12kHz_DE_data/IR/0014/IR014_1.mat,40,0,0.05,5,True
source/12kHz_DE_data/IR/0014/IR014_1.mat,40,0,0.075,5,True
source/12kHz_DE_data/IR/0014/IR014_1.mat,40,0.05,0.025,6,True
source/12kHz_DE_data/IR/0014/IR014_1.mat,40,0.05,0.05,6,True
source/12kHz_DE_data/IR/0014/IR014_1.mat,40,0.05,0.075,6,True
source/12kHz_DE_data/IR/0014/IR014_1.mat,40,0.1,0.025,6,True
source/12kHz_DE_data/IR/0014/IR014_1.mat,40,0.1,0.05,6,True
source/12kHz_DE_data/IR/0014/IR014_1.mat,40,0.1,0.075,6,True
source/12kHz_DE_data/IR/0014/IR014_2.mat,10,-0.1,0.025,20,True
source/12kHz_DE_data/IR/0014/IR014_2.mat,10,-0.1,0.05,20,True
source/12kHz_DE_data/IR/0014/IR014_2.mat,10,-0.1,0.075,20,True
source/12kHz_DE_data/IR/0014/IR014_2.mat,10,-0.05,0.025,22,True
source/12kHz_DE_data/IR/0014/IR014_2.mat,10,-0.05,0.05,21,True
source/12kHz_DE_data/IR/0014/IR014_2.mat,10,-0.05,0.075,21,True
source/12kHz_DE_data/IR/0014/IR014_2.mat,10,0,0.025,23,True
source/12kHz_DE_data/IR/0014/IR014_2.mat,10,0,0.05,23,True
source/12kHz_DE_data/IR/0014/IR014_2.mat,10,0,0.075,22,True
source/12kHz_DE_data/IR/0014/IR014_2.mat,10,0.05,0.025,24,True
source/12kHz_DE_data/IR/0014/IR014_2.mat,10,0.05,0.05,24,True
source/12kHz_DE_data/IR/0014/IR014_2.mat,10,0.05,0.075,24,True
source/12kHz_DE_data/IR/0014/IR014_2.mat,10,0.1,0.025,25,True
source/12kHz_DE_data/IR/0014/IR014_2.mat,10,0.1,0.05,25,True
source/12kHz_DE_data/IR/0014/IR014_2.mat,10,0.1,0.075,25,True
source/12kHz_DE_data/IR/0014/IR014_2.mat,20,-0.1,0.025,10,True
source/12kHz_DE_data/IR/0014/IR014_2.mat,20,-0.1,0.05,10,True
source/12kHz_DE_data/IR/0014/IR014_2.mat,20,-0.1,0.075,10,True
source/12kHz_DE_data/IR/0014/IR014_2.mat,20,-0.05,0.025,11,True
source/12kHz_DE_data/IR/0014/IR014_2.mat,20,-0.05,0.05,10,True
source/12kHz_DE_data/IR/0014/IR014_2.mat,20,-0.05,0.075,10,True
source/12kHz_DE_data/IR/0014/IR014_2.mat,20,0,0.025,11,True
source/12kHz_DE_data/IR/0014/IR014_2.mat,20,0,0.05,11,True
source/12kHz_DE_data/IR/0014/IR014_2.mat,20,0,0.075,11,True
source/12kHz_DE_data/IR/0014/IR014_2.mat,20,0.05,0.025,12,True
source/12kHz_DE_data/IR/0014/IR014_2.mat,20,0.05,0.05,12,True
source/12kHz_DE_data/IR/0014/IR014_2.mat,20,0.05,0.075,12,True
source/12kHz_DE_data/IR/0014/IR014_2.mat,20,0.1,0.025,12,True
source/12kHz_DE_data/IR/0014/IR014_2.mat,20,0.1,0.05,12,True
source/12kHz_DE_data/IR/0014/IR014_2.mat,20,0.1,0.075,12,True
source/12kHz_DE_data/IR/0014/IR014_2.mat,40,-0.1,0.025,5,True
source/12kHz_DE_data/IR/0014/IR014_2.mat,40,-0.1,0.05,5,True
source/12kHz_DE_data/IR/0014/IR014_2.mat,40,-0.1,0.075,5,True
source/12kHz_DE_data/IR/0014/IR014_2.mat,40,-0.05,0.025,5,True
source/12kHz_DE_data/IR/0014/IR014_2.mat,40,-0.05,0.05,5,True
source/12kHz_DE_data/IR/0014/IR014_2.mat,40,-0.05,0.075,5,True
source/12kHz_DE_data/IR/0014/IR014_2.mat,40,0,0.025,5,True
source/12kHz_DE_data/IR/0014/IR014_2.mat,40,0,0.05,5,True
source/12kHz_DE_data/IR/0014/IR014_2.mat,40,0,0.075,5,True
source/12kHz_DE_data/IR/0014/IR014_2.mat,40,0.05,0.025,6,True
source/12kHz_DE_data/IR/0014/IR014_2.mat,40,0.05,0.05,6,True
source/12kHz_DE_data/IR/0014/IR014_2.mat,40,0.05,0.075,6,True
source/12kHz_DE_data/IR/0014/IR014_2.mat,40,0.1,0.025,6,True
source/12kHz_DE_data/IR/0014/IR014_2.mat,40,0.1,0.05,6,True
source/12kHz_DE_data/IR/0014/IR014_2.mat,40,0.1,0.075,6,True
source/12kHz_DE_data/IR/0014/IR014_3.mat,10,-0.1,0.025,20,True
source/12kHz_DE_data/IR/0014/IR014_3.mat,10,-0.1,0.05,20,True
source/12kHz_DE_data/IR/0014/IR014_3.mat,10,-0.1,0.075,20,True
source/12kHz_DE_data/IR/0014/IR014_3.mat,10,-0.05,0.025,21,True
source/12kHz_DE_data/IR/0014/IR014_3.mat,10,-0.05,0.05,21,True
source/12kHz_DE_data/IR/0014/IR014_3.mat,10,-0.05,0.075,21,True
source/12kHz_DE_data/IR/0014/IR014_3.mat,10,0,0.025,22,True
source/12kHz_DE_data/IR/0014/IR014_3.mat,10,0,0.05,22,True
source/12kHz_DE_data/IR/0014/IR014_3.mat,10,0,0.075,22,True
source/12kHz_DE_data/IR/0014/IR014_3.mat,10,0.05,0.025,24,True
source/12kHz_DE_data/IR/0014/IR014_3.mat,10,0.05,0.05,23,True
source/12kHz_DE_data/IR/0014/IR014_3.mat,10,0.05,0.075,23,True
source/12kHz_DE_data/IR/0014/IR014_3.mat,10,0.1,0.025,25,True
source/12kHz_DE_data/IR/0014/IR014_3.mat,10,0.1,0.05,25,True
source/12kHz_DE_data/IR/0014/IR014_3.mat,10,0.1,0.075,24,True
source/12kHz_DE_data/IR/0014/IR014_3.mat,20,-0.1,0.025,10,True
source/12kHz_DE_data/IR/0014/IR014_3.mat,20,-0.1,0.05,10,True
source/12kHz_DE_data/IR/0014/IR014_3.mat,20,-0.1,0.075,10,True
source/12kHz_DE_data/IR/0014/IR014_3.mat,20,-0.05,0.025,10,True
source/12kHz_DE_data/IR/0014/IR014_3.mat,20,-0.05,0.05,10,True
source/12kHz_DE_data/IR/0014/IR014_3.mat,20,-0.05,0.075,10,True
source/12kHz_DE_data/IR/0014/IR014_3.mat,20,0,0.025,11,True
source/12kHz_DE_data/IR/0014/IR014_3.mat,20,0,0.05,11,True
source/12kHz_DE_data/IR/0014/IR014_3.mat,20,0,0.075,11,True
source/12kHz_DE_data/IR/0014/IR014_3.mat,20,0.05,0.025,12,True
source/12kHz_DE_data/IR/0014/IR014_3.mat,20,0.05,0.05,11,True
source/12kHz_DE_data/IR/0014/IR014_3.mat,20,0.05,0.075,11,True
source/12kHz_DE_data/IR/0014/IR014_3.mat,20,0.1,0.025,12,True
source/12kHz_DE_data/IR/0014/IR014_3.mat,20,0.1,0.05,12,True
source/12kHz_DE_data/IR/0014/IR014_3.mat,20,0.1,0.075,12,True
source/12kHz_DE_data/IR/0014/IR014_3.mat,40,-0.1,0.025,5,True
source/12kHz_DE_data/IR/0014/IR014_3.mat,40,-0.1,0.05,5,True
source/12kHz_DE_data/IR/0014/IR014_3.mat,40,-0.1,0.075,5,True
source/12kHz_DE_data/IR/0014/IR014_3.mat,40,-0.05,0.025,5,True
source/12kHz_DE_data/IR/0014/IR014_3.mat,40,-0.05,0.05,5,True
source/12kHz_DE_data/IR/0014/IR014_3.mat,40,-0.05,0.075,5,True
source/12kHz_DE_data/IR/0014/IR014_3.mat,40,0,0.025,5,True
source/12kHz_DE_data/IR/0014/IR014_3.mat,40,0,0.05,5,True
source/12kHz_DE_data/IR/0014/IR014_3.mat,40,0,0.075,5,True
source/12kHz_DE_data/IR/0014/IR014_3.mat,40,0.05,0.025,6,True
source/12kHz_DE_data/IR/0014/IR014_3.mat,40,0.05,0.05,5,True
source/12kHz_DE_data/IR/0014/IR014_3.mat,40,0.05,0.075,5,True
source/12kHz_DE_data/IR/0014/IR014_3.mat,40,0.1,0.025,6,True
source/12kHz_DE_data/IR/0014/IR014_3.mat,40,0.1,0.05,6,True
source/12kHz_DE_data/IR/0014/IR014_3.mat,40,0.1,0.075,6,True
source/12kHz_DE_data/IR/0021/IR021_0.mat,10,-0.1,0.025,21,True
source/12kHz_DE_data/IR/0021/IR021_0.mat,10,-0.1,0.05,21,True
source/12kHz_DE_data/IR/0021/IR021_0.mat,10,-0.1,0.075,21,True
source/12kHz_DE_data/IR/0021/IR021_0.mat,10,-0.05,0.025,22,True
source/12kHz_DE_data/IR/0021/IR021_0.mat,10,-0.05,0.05,22,True
source/12kHz_DE_data/IR/0021/IR021_0.mat,10,-0.05,0.075,22,True
source/12kHz_DE_data/IR/0021/IR021_0.mat,10,0,0.025,23,True
source/12kHz_DE_data/IR/0021/IR021_0.mat,10,0,0.05,23,True
source/12kHz_DE_data/IR/0021/IR021_0.mat,10,0,0.075,23,True
source/12kHz_DE_data/IR/0021/IR021_0.mat,10,0.05,0.025,25,True
source/12kHz_DE_data/IR/0021/IR021_0.mat,10,0.05,0.05,24,True
source/12kHz_DE_data/IR/0021/IR021_0.mat,10,0.05,0.075,24,True
source/12kHz_DE_data/IR/0021/IR021_0.mat,10,0.1,0.025,26,True
source/12kHz_DE_data/IR/0021/IR021_0.mat,10,0.1,0.05,26,True
source/12kHz_DE_data/IR/0021/IR021_0.mat,10,0.1,0.075,25,True
source/12kHz_DE_data/IR/0021/IR021_0.mat,20,-0.1,0.025,10,True
source/12kHz_DE_data/IR/0021/IR021_0.mat,20,-0.1,0.05,10,True
source/12kHz_DE_data/IR/0021/IR021_0.mat,20,-0.1,0.075,10,True
source/12kHz_DE_data/IR/0021/IR021_0.mat,20,-0.05,0.025,11,True
source/12kHz_DE_data/IR/0021/IR021_0.mat,20,-0.05,0.05,11,True
source/12kHz_DE_data/IR/0021/IR021_0.mat,20,-0.05,0.075,11,True
source/12kHz_DE_data/IR/0021/IR021_0.mat,20,0,0.025,11,True
source/12kHz_DE_data/IR/0021/IR021_0.mat,20,0,0.05,11,True
source/12kHz_DE_data/IR/0021/IR021_0.mat,20,0,0.075,11,True
source/12kHz_DE_data/IR/0021/IR021_0.mat,20,0.05,0.025,12,True
source/12kHz_DE_data/IR/0021/IR021_0.mat,20,0.05,0.05,12,True
source/12kHz_DE_data/IR/0021/IR021_0.mat,20,0.05,0.075,12,True
source/12kHz_DE_data/IR/0021/IR021_0.mat,20,0.1,0.025,13,True
source/12kHz_DE_data/IR/0021/IR021_0.mat,20,0.1,0.05,13,True
source/12kHz_DE_data/IR/0021/IR021_0.mat,20,0.1,0.075,12,True
source/12kHz_DE_data/IR/0021/IR021_0.mat,40,-0.1,0.025,5,True
source/12kHz_DE_data/IR/0021/IR021_0.mat,40,-0.1,0.05,5,True
source/12kHz_DE_data/IR/0021/IR021_0.mat,40,-0.1,0.075,5,True
source/12kHz_DE_data/IR/0021/IR021_0.mat,40,-0.05,0.025,5,True
source/12kHz_DE_data/IR/0021/IR021_0.mat,40,-0.05,0.05,5,True
source/12kHz_DE_data/IR/0021/IR021_0.mat,40,-0.05,0.075,5,True
source/12kHz_DE_data/IR/0021/IR021_0.mat,40,0,0.025,5,True
source/12kHz_DE_data/IR/0021/IR021_0.mat,40,0,0.05,5,True
source/12kHz_DE_data/IR/0021/IR021_0.mat,40,0,0.075,5,True
source/12kHz_DE_data/IR/0021/IR021_0.mat,40,0.05,0.025,6,True
source/12kHz_DE_data/IR/0021/IR021_0.mat,40,0.05,0.05,6,True
source/12kHz_DE_data/IR/0021/IR021_0.mat,40,0.05,0.075,6,True
source/12kHz_DE_data/IR/0021/IR021_0.mat,40,0.1,0.025,6,True
source/12kHz_DE_data/IR/0021/IR021_0.mat,40,0.1,0.05,6,True
source/12kHz_DE_data/IR/0021/IR021_0.mat,40,0.1,0.075,6,True
source/12kHz_DE_data/IR/0021/IR021_1.mat,10,-0.1,0.025,21,True
source/12kHz_DE_data/IR/0021/IR021_1.mat,10,-0.1,0.05,21,True
source/12kHz_DE_data/IR/0021/IR021_1.mat,10,-0.1,0.075,20,True
source/12kHz_DE_data/IR/0021/IR021_1.mat,10,-0.05,0.025,22,True
source/12kHz_DE_data/IR/0021/IR021_1.mat,10,-0.05,0.05,22,True
source/12kHz_DE_data/IR/0021/IR021_1.mat,10,-0.05,0.075,22,True
source/12kHz_DE_data/IR/0021/IR021_1.mat,10,0,0.025,23,True
source/12kHz_DE_data/IR/0021/IR021_1.mat,10,0,0.05,23,True
source/12kHz_DE_data/IR/0021/IR021_1.mat,10,0,0.075,23,True
source/12kHz_DE_data/IR/0021/IR021_1.mat,10,0.05,0.025,24,True
source/12kHz_DE_data/IR/0021/IR021_1.mat,10,0.05,0.05,24,True
source/12kHz_DE_data/IR/0021/IR021_1.mat,10,0.05,0.075,24,True
source/12kHz_DE_data/IR/0021/IR021_1.mat,10,0.1,0.025,25,True
source/12kHz_DE_data/IR/0021/IR021_1.mat,10,0.1,0.05,25,True
source/12kHz_DE_data/IR/0021/IR021_1.mat,10,0.1,0.075,25,True
source/12kHz_DE_data/IR/0021/IR021_1.mat,20,-0.1,0.025,10,True
source/12kHz_DE_data/IR/0021/IR021_1.mat,20,-0.1,0.05,10,True
source/12kHz_DE_data/IR/0021/IR021_1.mat,20,-0.1,0.075,10,True
source/12kHz_DE_data/IR/0021/IR021_1.mat,20,-0.05,0.025,11,True
source/12kHz_DE_data/IR/0021/IR021_1.mat,20,-0.05,0.05,11,True
source/12kHz_DE_data/IR/0021/IR021_1.mat,20,-0.05,0.075,11,True
source/12kHz_DE_data/IR/0021/IR021_1.mat,20,0,0.025,11,True
source/12kHz_DE_data/IR/0021/IR021_1.mat,20,0,0.05,11,True
source/12kHz_DE_data/IR/0021/IR021_1.mat,20,0,0.075,11,True
source/12kHz_DE_data/IR/0021/IR021_1.mat,20,0.05,0.025,12,True
source/12kHz_DE_data/IR/0021/IR021_1.mat,20,0.05,0.05,12,True
source/12kHz_DE_data/IR/0021/IR021_1.mat,20,0.05,0.075,12,True
source/12kHz_DE_data/IR/0021/IR021_1.mat,20,0.1,0.025,12,True
source/12kHz_DE_data/IR/0021/IR021_1.mat,20,0.1,0.05,12,True
source/12kHz_DE_data/IR/0021/IR021_1.mat,20,0.1,0.075,12,True
source/12kHz_DE_data/IR/0021/IR021_1.mat,40,-0.1,0.025,5,True
source/12kHz_DE_data/IR/0021/IR021_1.mat,40,-0.1,0.05,5,True
source/12kHz_DE_data/IR/0021/IR021_1.mat,40,-0.1,0.075,5,True
source/12kHz_DE_data/IR/0021/IR021_1.mat,40,-0.05,0.025,5,True
source/12kHz_DE_data/IR/0021/IR021_1.mat,40,-0.05,0.05,5,True
source/12kHz_DE_data/IR/0021/IR021_1.mat,40,-0.05,0.075,5,True
source/12kHz_DE_data/IR/0021/IR021_1.mat,40,0,0.025,5,True
source/12kHz_DE_data/IR/0021/IR021_1.mat,40,0,0.05,5,True
source/12kHz_DE_data/IR/0021/IR021_1.mat,40,0,0.075,5,True
source/12kHz_DE_data/IR/0021/IR021_1.mat,40,0.05,0.025,6,True
source/12kHz_DE_data/IR/0021/IR021_1.mat,40,0.05,0.05,6,True
source/12kHz_DE_data/IR/0021/IR021_1.mat,40,0.05,0.075,6,True
source/12kHz_DE_data/IR/0021/IR021_1.mat,40,0.1,0.025,6,True
source/12kHz_DE_data/IR/0021/IR021_1.mat,40,0.1,0.05,6,True
source/12kHz_DE_data/IR/0021/IR021_1.mat,40,0.1,0.075,6,True
source/12kHz_DE_data/IR/0021/IR021_2.mat,10,-0.1,0.025,20,True
source/12kHz_DE_data/IR/0021/IR021_2.mat,10,-0.1,0.05,20,True
source/12kHz_DE_data/IR/0021/IR021_2.mat,10,-0.1,0.075,20,True
source/12kHz_DE_data/IR/0021/IR021_2.mat,10,-0.05,0.025,22,True
source/12kHz_DE_data/IR/0021/IR021_2.mat,10,-0.05,0.05,21,True
source/12kHz_DE_data/IR/0021/IR021_2.mat,10,-0.05,0.075,21,True
source/12kHz_DE_data/IR/0021/IR021_2.mat,10,0,0.025,23,True
source/12kHz_DE_data/IR/0021/IR021_2.mat,10,0,0.05,23,True
source/12kHz_DE_data/IR/0021/IR021_2.mat,10,0,0.075,22,True
source/12kHz_DE_data/IR/0021/IR021_2.mat,10,0.05,0.025,24,True
source/12kHz_DE_data/IR/0021/IR021_2.mat,10,0.05,0.05,24,True
source/12kHz_DE_data/IR/0021/IR021_2.mat,10,0.05,0.075,24,True
source/12kHz_DE_data/IR/0021/IR021_2.mat,10,0.1,0.025,25,True
source/12kHz_DE_data/IR/0021/IR021_2.mat,10,0.1,0.05,25,True
source/12kHz_DE_data/IR/0021/IR021_2.mat,10,0.1,0.075,25,True
source/12kHz_DE_data/IR/0021/IR021_2.mat,20,-0.1,0.025,10,True
source/12kHz_DE_data/IR/0021/IR021_2.mat,20,-0.1,0.05,10,True
source/12kHz_DE_data/IR/0021/IR021_2.mat,20,-0.1,0.075,10,True
source/12kHz_DE_data/IR/0021/IR021_2.mat,20,-0.05,0.025,11,True
source/12kHz_DE_data/IR/0021/IR021_2.mat,20,-0.05,0.05,10,True
source/12kHz_DE_data/IR/0021/IR021_2.mat,20,-0.05,0.075,10,True
source/12kHz_DE_data/IR/0021/IR021_2.mat,20,0,0.025,11,True
source/12kHz_DE_data/IR/0021/IR021_2.mat,20,0,0.05,11,True
source/12kHz_DE_data/IR/0021/IR021_2.mat,20,0,0.075,11,True
source/12kHz_DE_data/IR/0021/IR021_2.mat,20,0.05,0.025,12,True
source/12kHz_DE_data/IR/0021/IR021_2.mat,20,0.05,0.05,12,True
source/12kHz_DE_data/IR/0021/IR021_2.mat,20,0.05,0.075,12,True
source/12kHz_DE_data/IR/0021/IR021_2.mat,20,0.1,0.025,12,True
source/12kHz_DE_data/IR/0021/IR021_2.mat,20,0.1,0.05,12,True
source/12kHz_DE_data/IR/0021/IR021_2.mat,20,0.1,0.075,12,True
source/12kHz_DE_data/IR/0021/IR021_2.mat,40,-0.1,0.025,5,True
source/12kHz_DE_data/IR/0021/IR021_2.mat,40,-0.1,0.05,5,True
source/12kHz_DE_data/IR/0021/IR021_2.mat,40,-0.1,0.075,5,True
source/12kHz_DE_data/IR/0021/IR021_2.mat,40,-0.05,0.025,5,True
source/12kHz_DE_data/IR/0021/IR021_2.mat,40,-0.05,0.05,5,True
source/12kHz_DE_data/IR/0021/IR021_2.mat,40,-0.05,0.075,5,True
source/12kHz_DE_data/IR/0021/IR021_2.mat,40,0,0.025,5,True
source/12kHz_DE_data/IR/0021/IR021_2.mat,40,0,0.05,5,True
source/12kHz_DE_data/IR/0021/IR021_2.mat,40,0,0.075,5,True
source/12kHz_DE_data/IR/0021/IR021_2.mat,40,0.05,0.025,6,True
source/12kHz_DE_data/IR/0021/IR021_2.mat,40,0.05,0.05,6,True
source/12kHz_DE_data/IR/0021/IR021_2.mat,40,0.05,0.075,6,True
source/12kHz_DE_data/IR/0021/IR021_2.mat,40,0.1,0.025,6,True
source/12kHz_DE_data/IR/0021/IR021_2.mat,40,0.1,0.05,6,True
source/12kHz_DE_data/IR/0021/IR021_2.mat,40,0.1,0.075,6,True
source/12kHz_DE_data/IR/0021/IR021_3.mat,10,-0.1,0.025,20,True
source/12kHz_DE_data/IR/0021/IR021_3.mat,10,-0.1,0.05,20,True
source/12kHz_DE_data/IR/0021/IR021_3.mat,10,-0.1,0.075,20,True
source/12kHz_DE_data/IR/0021/IR021_3.mat,10,-0.05,0.025,21,True
source/12kHz_DE_data/IR/0021/IR021_3.mat,10,-0.05,0.05,21,True
source/12kHz_DE_data/IR/0021/IR021_3.mat,10,-0.05,0.075,21,True
source/12kHz_DE_data/IR/0021/IR021_3.mat,10,0,0.025,22,True
source/12kHz_DE_data/IR/0021/IR021_3.mat,10,0,0.05,22,True
source/12kHz_DE_data/IR/0021/IR021_3.mat,10,0,0.075,22,True
source/12kHz_DE_data/IR/0021/IR021_3.mat,10,0.05,0.025,24,True
source/12kHz_DE_data/IR/0021/IR021_3.mat,10,0.05,0.05,23,True
source/12kHz_DE_data/IR/0021/IR021_3.mat,10,0.05,0.075,23,True
source/12kHz_DE_data/IR/0021/IR021_3.mat,10,0.1,0.025,25,True
source/12kHz_DE_data/IR/0021/IR021_3.mat,10,0.1,0.05,25,True
source/12kHz_DE_data/IR/0021/IR021_3.mat,10,0.1,0.075,24,True
source/12kHz_DE_data/IR/0021/IR021_3.mat,20,-0.1,0.025,10,True
source/12kHz_DE_data/IR/0021/IR021_3.mat,20,-0.1,0.05,10,True
source/12kHz_DE_data/IR/0021/IR021_3.mat,20,-0.1,0.075,10,True
source/12kHz_DE_data/IR/0021/IR021_3.mat,20,-0.05,0.025,10,True
source/12kHz_DE_data/IR/0021/IR021_3.mat,20,-0.05,0.05,10,True
source/12kHz_DE_data/IR/0021/IR021_3.mat,20,-0.05,0.075,10,True
source/12kHz_DE_data/IR/0021/IR021_3.mat,20,0,0.025,11,True
source/12kHz_DE_data/IR/0021/IR021_3.mat,20,0,0.05,11,True
source/12kHz_DE_data/IR/0021/IR021_3.mat,20,0,0.075,11,True
source/12kHz_DE_data/IR/0021/IR021_3.mat,20,0.05,0.025,12,True
source/12kHz_DE_data/IR/0021/IR021_3.mat,20,0.05,0.05,11,True
source/12kHz_DE_data/IR/0021/IR021_3.mat,20,0.05,0.075,11,True
source/12kHz_DE_data/IR/0021/IR021_3.mat,20,0.1,0.025,12,True
source/12kHz_DE_data/IR/0021/IR021_3.mat,20,0.1,0.05,12,True
source/12kHz_DE_data/IR/0021/IR021_3.mat,20,0.1,0.075,12,True
source/12kHz_DE_data/IR/0021/IR021_3.mat,40,-0.1,0.025,5,True
source/12kHz_DE_data/IR/0021/IR021_3.mat,40,-0.1,0.05,5,True
source/12kHz_DE_data/IR/0021/IR021_3.mat,40,-0.1,0.075,5,True
source/12kHz_DE_data/IR/0021/IR021_3.mat,40,-0.05,0.025,5,True
source/12kHz_DE_data/IR/0021/IR021_3.mat,40,-0.05,0.05,5,True
source/12kHz_DE_data/IR/0021/IR021_3.mat,40,-0.05,0.075,5,True
source/12kHz_DE_data/IR/0021/IR021_3.mat,40,0,0.025,5,True
source/12kHz_DE_data/IR/0021/IR021_3.mat,40,0,0.05,5,True
source/12kHz_DE_data/IR/0021/IR021_3.mat,40,0,0.075,5,True
source/12kHz_DE_data/IR/0021/IR021_3.mat,40,0.05,0.025,6,True
source/12kHz_DE_data/IR/0021/IR021_3.mat,40,0.05,0.05,5,True
source/12kHz_DE_data/IR/0021/IR021_3.mat,40,0.05,0.075,5,True
source/12kHz_DE_data/IR/0021/IR021_3.mat,40,0.1,0.025,6,True
source/12kHz_DE_data/IR/0021/IR021_3.mat,40,0.1,0.05,6,True
source/12kHz_DE_data/IR/0021/IR021_3.mat,40,0.1,0.075,6,True
source/12kHz_DE_data/IR/0028/IR028_0_(1797rpm).mat,10,-0.1,0.025,21,True
source/12kHz_DE_data/IR/0028/IR028_0_(1797rpm).mat,10,-0.1,0.05,21,True
source/12kHz_DE_data/IR/0028/IR028_0_(1797rpm).mat,10,-0.1,0.075,21,True
source/12kHz_DE_data/IR/0028/IR028_0_(1797rpm).mat,10,-0.05,0.025,22,True
source/12kHz_DE_data/IR/0028/IR028_0_(1797rpm).mat,10,-0.05,0.05,22,True
source/12kHz_DE_data/IR/0028/IR028_0_(1797rpm).mat,10,-0.05,0.075,22,True
source/12kHz_DE_data/IR/0028/IR028_0_(1797rpm).mat,10,0,0.025,23,True
source/12kHz_DE_data/IR/0028/IR028_0_(1797rpm).mat,10,0,0.05,23,True
source/12kHz_DE_data/IR/0028/IR028_0_(1797rpm).mat,10,0,0.075,23,True
source/12kHz_DE_data/IR/0028/IR028_0_(1797rpm).mat,10,0.05,0.025,25,True
source/12kHz_DE_data/IR/0028/IR028_0_(1797rpm).mat,10,0.05,0.05,24,True
source/12kHz_DE_data/IR/0028/IR028_0_(1797rpm).mat,10,0.05,0.075,24,True
source/12kHz_DE_data/IR/0028/IR028_0_(1797rpm).mat,10,0.1,0.025,26,True
source/12kHz_DE_data/IR/0028/IR028_0_(1797rpm).mat,10,0.1,0.05,26,True
source/12kHz_DE_data/IR/0028/IR028_0_(1797rpm).mat,10,0.1,0.075,25,True
source/12kHz_DE_data/IR/0028/IR028_0_(1797rpm).mat,20,-0.1,0.025,10,True
source/12kHz_DE_data/IR/0028/IR028_0_(1797rpm).mat,20,-0.1,0.05,10,True
source/12kHz_DE_data/IR/0028/IR028_0_(1797rpm).mat,20,-0.1,0.075,10,True
source/12kHz_DE_data/IR/0028/IR028_0_(1797rpm).mat,20,-0.05,0.025,11,True
source/12kHz_DE_data/IR/0028/IR028_0_(1797rpm).mat,20,-0.05,0.05,11,True
source/12kHz_DE_data/IR/0028/IR028_0_(1797rpm).mat,20,-0.05,0.075,11,True
source/12kHz_DE_data/IR/0028/IR028_0_(1797rpm).mat,20,0,0.025,11,True
source/12kHz_DE_data/IR/0028/IR028_0_(1797rpm).mat,20,0,0.05,11,True
source/12kHz_DE_data/IR/0028/IR028_0_(1797rpm).mat,20,0,0.075,11,True
source/12kHz_DE_data/IR/0028/IR028_0_(1797rpm).mat,20,0.05,0.025,12,True
source/12kHz_DE_data/IR/0028/IR028_0_(1797rpm).mat,20,0.05,0.05,12,True
source/12kHz_DE_data/IR/0028/IR028_0_(1797rpm).mat,20,0.05,0.075,12,True
source/12kHz_DE_data/IR/0028/IR028_0_(1797rpm).mat,20,0.1,0.025,13,True
source/12kHz_DE_data/IR/0028/IR028_0_(1797rpm).mat,20,0.1,0.05,13,True
source/12kHz_DE_data/IR/0028/IR028_0_(1797rpm).mat,20,0.1,0.075,12,True
source/12kHz_DE_data/IR/0028/IR028_0_(1797rpm).mat,40,-0.1,0.025,5,True
source/12kHz_DE_data/IR/0028/IR028_0_(1797rpm).mat,40,-0.1,0.05,5,True
source/12kHz_DE_data/IR/0028/IR028_0_(1797rpm).mat,40,-0.1,0.075,5,True
source/12kHz_DE_data/IR/0028/IR028_0_(1797rpm).mat,40,-0.05,0.025,5,True
source/12kHz_DE_data/IR/0028/IR028_0_(1797rpm).mat,40,-0.05,0.05,5,True
source/12kHz_DE_data/IR/0028/IR028_0_(1797rpm).mat,40,-0.05,0.075,5,True
source/12kHz_DE_data/IR/0028/IR028_0_(1797rpm).mat,40,0,0.025,5,True
source/12kHz_DE_data/IR/0028/IR028_0_(1797rpm).mat,40,0,0.05,5,True
source/12kHz_DE_data/IR/0028/IR028_0_(1797rpm).mat,40,0,0.075,5,True
source/12kHz_DE_data/IR/0028/IR028_0_(1797rpm).mat,40,0.05,0.025,6,True
source/12kHz_DE_data/IR/0028/IR028_0_(1797rpm).mat,40,0.05,0.05,6,True
source/12kHz_DE_data/IR/0028/IR028_0_(1797rpm).mat,40,0.05,0.075,6,True
source/12kHz_DE_data/IR/0028/IR028_0_(1797rpm).mat,40,0.1,0.025,6,True
source/12kHz_DE_data/IR/0028/IR028_0_(1797rpm).mat,40,0.1,0.05,6,True
source/12kHz_DE_data/IR/0028/IR028_0_(1797rpm).mat,40,0.1,0.075,6,True
source/12kHz_DE_data/IR/0028/IR028_1_(1772rpm).mat,10,-0.1,0.025,21,True
source/12kHz_DE_data/IR/0028/IR028_1_(1772rpm).mat,10,-0.1,0.05,21,True
source/12kHz_DE_data/IR/0028/IR028_1_(1772rpm).mat,10,-0.1,0.075,20,True
source/12kHz_DE_data/IR/0028/IR028_1_(1772rpm).mat,10,-0.05,0.025,22,True
source/12kHz_DE_data/IR/0028/IR028_1_(1772rpm).mat,10,-0.05,0.05,22,True
source/12kHz_DE_data/IR/0028/IR028_1_(1772rpm).mat,10,-0.05,0.075,22,True
source/12kHz_DE_data/IR/0028/IR028_1_(1772rpm).mat,10,0,0.025,23,True
source/12kHz_DE_data/IR/0028/IR028_1_(1772rpm).mat,10,0,0.05,23,True
source/12kHz_DE_data/IR/0028/IR028_1_(1772rpm).mat,10,0,0.075,23,True
source/12kHz_DE_data/IR/0028/IR028_1_(1772rpm).mat,10,0.05,0.025,24,True
source/12kHz_DE_data/IR/0028/IR028_1_(1772rpm).mat,10,0.05,0.05,24,True
source/12kHz_DE_data/IR/0028/IR028_1_(1772rpm).mat,10,0.05,0.075,24,True
source/12kHz_DE_data/IR/0028/IR028_1_(1772rpm).mat,10,0.1,0.025,25,True
source/12kHz_DE_data/IR/0028/IR028_1_(1772rpm).mat,10,0.1,0.05,25,True
source/12kHz_DE_data/IR/0028/IR028_1_(1772rpm).mat,10,0.1,0.075,25,True
source/12kHz_DE_data/IR/0028/IR028_1_(1772rpm).mat,20,-0.1,0.025,10,True
source/12kHz_DE_data/IR/0028/IR028_1_(1772rpm).mat,20,-0.1,0.05,10,True
source/12kHz_DE_data/IR/0028/IR028_1_(1772rpm).mat,20,-0.1,0.075,10,True
source/12kHz_DE_data/IR/0028/IR028_1_(1772rpm).mat,20,-0.05,0.025,11,True
source/12kHz_DE_data/IR/0028/IR028_1_(1772rpm).mat,20,-0.05,0.05,11,True
source/12kHz_DE_data/IR/0028/IR028_1_(1772rpm).mat,20,-0.05,0.075,11,True
source/12kHz_DE_data/IR/0028/IR028_1_(1772rpm).mat,20,0,0.025,11,True
source/12kHz_DE_data/IR/0028/IR028_1_(1772rpm).mat,20,0,0.05,11,True
source/12kHz_DE_data/IR/0028/IR028_1_(1772rpm).mat,20,0,0.075,11,True
source/12kHz_DE_data/IR/0028/IR028_1_(1772rpm).mat,20,0.05,0.025,12,True
source/12kHz_DE_data/IR/0028/IR028_1_(1772rpm).mat,20,0.05,0.05,12,True
source/12kHz_DE_data/IR/0028/IR028_1_(1772rpm).mat,20,0.05,0.075,12,True
source/12kHz_DE_data/IR/0028/IR028_1_(1772rpm).mat,20,0.1,0.025,12,True
source/12kHz_DE_data/IR/0028/IR028_1_(1772rpm).mat,20,0.1,0.05,12,True
source/12kHz_DE_data/IR/0028/IR028_1_(1772rpm).mat,20,0.1,0.075,12,True
source/12kHz_DE_data/IR/0028/IR028_1_(1772rpm).mat,40,-0.1,0.025,5,True
source/12kHz_DE_data/IR/0028/IR028_1_(1772rpm).mat,40,-0.1,0.05,5,True
source/12kHz_DE_data/IR/0028/IR028_1_(1772rpm).mat,40,-0.1,0.075,5,True
source/12kHz_DE_data/IR/0028/IR028_1_(1772rpm).mat,40,-0.05,0.025,5,True
source/12kHz_DE_data/IR/0028/IR028_1_(1772rpm).mat,40,-0.05,0.05,5,True
source/12kHz_DE_data/IR/0028/IR028_1_(1772rpm).mat,40,-0.05,0.075,5,True
source/12kHz_DE_data/IR/0028/IR028_1_(1772rpm).mat,40,0,0.025,5,True
source/12kHz_DE_data/IR/0028/IR028_1_(1772rpm).mat,40,0,0.05,5,True
source/12kHz_DE_data/IR/0028/IR028_1_(1772rpm).mat,40,0,0.075,5,True
source/12kHz_DE_data/IR/0028/IR028_1_(1772rpm).mat,40,0.05,0.025,6,True
source/12kHz_DE_data/IR/0028/IR028_1_(1772rpm).mat,40,0.05,0.05,6,True
source/12kHz_DE_data/IR/0028/IR028_1_(1772rpm).mat,40,0.05,0.075,6,True
source/12kHz_DE_data/IR/0028/IR028_1_(1772rpm).mat,40,0.1,0.025,6,True
source/12kHz_DE_data/IR/0028/IR028_1_(1772rpm).mat,40,0.1,0.05,6,True
source/12kHz_DE_data/IR/0028/IR028_1_(1772rpm).mat,40,0.1,0.075,6,True
source/12kHz_DE_data/IR/0028/IR028_2_(1750rpm).mat,10,-0.1,0.025,20,True
source/12kHz_DE_data/IR/0028/IR028_2_(1750rpm).mat,10,-0.1,0.05,20,True
source/12kHz_DE_data/IR/0028/IR028_2_(1750rpm).mat,10,-0.1,0.075,20,True
source/12kHz_DE_data/IR/0028/IR028_2_(1750rpm).mat,10,-0.05,0.025,22,True
source/12kHz_DE_data/IR/0028/IR028_2_(1750rpm).mat,10,-0.05,0.05,21,True
source/12kHz_DE_data/IR/0028/IR028_2_(1750rpm).mat,10,-0.05,0.075,21,True
source/12kHz_DE_data/IR/0028/IR028_2_(1750rpm).mat,10,0,0.025,23,True
source/12kHz_DE_data/IR/0028/IR028_2_(1750rpm).mat,10,0,0.05,23,True
source/12kHz_DE_data/IR/0028/IR028_2_(1750rpm).mat,10,0,0.075,22,True
source/12kHz_DE_data/IR/0028/IR028_2_(1750rpm).mat,10,0.05,0.025,24,True
source/12kHz_DE_data/IR/0028/IR028_2_(1750rpm).mat,10,0.05,0.05,24,True
source/12kHz_DE_data/IR/0028/IR028_2_(1750rpm).mat,10,0.05,0.075,24,True
source/12kHz_DE_data/IR/0028/IR028_2_(1750rpm).mat,10,0.1,0.025,25,True
source/12kHz_DE_data/IR/0028/IR028_2_(1750rpm).mat,10,0.1,0.05,25,True
source/12kHz_DE_data/IR/0028/IR028_2_(1750rpm).mat,10,0.1,0.075,25,True
source/12kHz_DE_data/IR/0028/IR028_2_(1750rpm).mat,20,-0.1,0.025,10,True
source/12kHz_DE_data/IR/0028/IR028_2_(1750rpm).mat,20,-0.1,0.05,10,True
source/12kHz_DE_data/IR/0028/IR028_2_(1750rpm).mat,20,-0.1,0.075,10,True
source/12kHz_DE_data/IR/0028/IR028_2_(1750rpm).mat,20,-0.05,0.025,11,True
source/12kHz_DE_data/IR/0028/IR028_2_(1750rpm).mat,20,-0.05,0.05,10,True
source/12kHz_DE_data/IR/0028/IR028_2_(1750rpm).mat,20,-0.05,0.075,10,True
source/12kHz_DE_data/IR/0028/IR028_2_(1750rpm).mat,20,0,0.025,11,True
source/12kHz_DE_data/IR/0028/IR028_2_(1750rpm).mat,20,0,0.05,11,True
source/12kHz_DE_data/IR/0028/IR028_2_(1750rpm).mat,20,0,0.075,11,True
source/12kHz_DE_data/IR/0028/IR028_2_(1750rpm).mat,20,0.05,0.025,12,True
source/12kHz_DE_data/IR/0028/IR028_2_(1750rpm).mat,20,0.05,0.05,12,True
source/12kHz_DE_data/IR/0028/IR028_2_(1750rpm).mat,20,0.05,0.075,12,True
source/12kHz_DE_data/IR/0028/IR028_2_(1750rpm).mat,20,0.1,0.025,12,True
source/12kHz_DE_data/IR/0028/IR028_2_(1750rpm).mat,20,0.1,0.05,12,True
source/12kHz_DE_data/IR/0028/IR028_2_(1750rpm).mat,20,0.1,0.075,12,True
source/12kHz_DE_data/IR/0028/IR028_2_(1750rpm).mat,40,-0.1,0.025,5,True
source/12kHz_DE_data/IR/0028/IR028_2_(1750rpm).mat,40,-0.1,0.05,5,True
source/12kHz_DE_data/IR/0028/IR028_2_(1750rpm).mat,40,-0.1,0.075,5,True
source/12kHz_DE_data/IR/0028/IR028_2_(1750rpm).mat,40,-0.05,0.025,5,True
source/12kHz_DE_data/IR/0028/IR028_2_(1750rpm).mat,40,-0.05,0.05,5,True
source/12kHz_DE_data/IR/0028/IR028_2_(1750rpm).mat,40,-0.05,0.075,5,True
source/12kHz_DE_data/IR/0028/IR028_2_(1750rpm).mat,40,0,0.025,5,True
source/12kHz_DE_data/IR/0028/IR028_2_(1750rpm).mat,40,0,0.05,5,True
source/12kHz_DE_data/IR/0028/IR028_2_(1750rpm).mat,40,0,0.075,5,True
source/12kHz_DE_data/IR/0028/IR028_2_(1750rpm).mat,40,0.05,0.025,6,True
source/12kHz_DE_data/IR/0028/IR028_2_(1750rpm).mat,40,0.05,0.05,6,True
source/12kHz_DE_data/IR/0028/IR028_2_(1750rpm).mat,40,0.05,0.075,6,True
source/12kHz_DE_data/IR/0028/IR028_2_(1750rpm).mat,40,0.1,0.025,6,True
source/12kHz_DE_data/IR/0028/IR028_2_(1750rpm).mat,40,0.1,0.05,6,True
source/12kHz_DE_data/IR/0028/IR028_2_(1750rpm).mat,40,0.1,0.075,6,True
source/12kHz_DE_data/IR/0028/IR028_3_(1730rpm).mat,10,-0.1,0.025,20,True
source/12kHz_DE_data/IR/0028/IR028_3_(1730rpm).mat,10,-0.1,0.05,20,True
source/12kHz_DE_data/IR/0028/IR028_3_(1730rpm).mat,10,-0.1,0.075,20,True
source/12kHz_DE_data/IR/0028/IR028_3_(1730rpm).mat,10,-0.05,0.025,21,True
source/12kHz_DE_data/IR/0028/IR028_3_(1730rpm).mat,10,-0.05,0.05,21,True
source/12kHz_DE_data/IR/0028/IR028_3_(1730rpm).mat,10,-0.05,0.075,21,True
source/12kHz_DE_data/IR/0028/IR028_3_(1730rpm).mat,10,0,0.025,22,True
source/12kHz_DE_data/IR/0028/IR028_3_(1730rpm).mat,10,0,0.05,22,True
source/12kHz_DE_data/IR/0028/IR028_3_(1730rpm).mat,10,0,0.075,22,True
source/12kHz_DE_data/IR/0028/IR028_3_(1730rpm).mat,10,0.05,0.025,24,True
source/12kHz_DE_data/IR/0028/IR028_3_(1730rpm).mat,10,0.05,0.05,23,True
source/12kHz_DE_data/IR/0028/IR028_3_(1730rpm).mat,10,0.05,0.075,23,True
source/12kHz_DE_data/IR/0028/IR028_3_(1730rpm).mat,10,0.1,0.025,25,True
source/12kHz_DE_data/IR/0028/IR028_3_(1730rpm).mat,10,0.1,0.05,25,True
source/12kHz_DE_data/IR/0028/IR028_3_(1730rpm).mat,10,0.1,0.075,24,True
source/12kHz_DE_data/IR/0028/IR028_3_(1730rpm).mat,20,-0.1,0.025,10,True
source/12kHz_DE_data/IR/0028/IR028_3_(1730rpm).mat,20,-0.1,0.05,10,True
source/12kHz_DE_data/IR/0028/IR028_3_(1730rpm).mat,20,-0.1,0.075,10,True
source/12kHz_DE_data/IR/0028/IR028_3_(1730rpm).mat,20,-0.05,0.025,10,True
source/12kHz_DE_data/IR/0028/IR028_3_(1730rpm).mat,20,-0.05,0.05,10,True
source/12kHz_DE_data/IR/0028/IR028_3_(1730rpm).mat,20,-0.05,0.075,10,True
source/12kHz_DE_data/IR/0028/IR028_3_(1730rpm).mat,20,0,0.025,11,True
source/12kHz_DE_data/IR/0028/IR028_3_(1730rpm).mat,20,0,0.05,11,True
source/12kHz_DE_data/IR/0028/IR028_3_(1730rpm).mat,20,0,0.075,11,True
source/12kHz_DE_data/IR/0028/IR028_3_(1730rpm).mat,20,0.05,0.025,12,True
source/12kHz_DE_data/IR/0028/IR028_3_(1730rpm).mat,20,0.05,0.05,11,True
source/12kHz_DE_data/IR/0028/IR028_3_(1730rpm).mat,20,0.05,0.075,11,True
source/12kHz_DE_data/IR/0028/IR028_3_(1730rpm).mat,20,0.1,0.025,12,True
source/12kHz_DE_data/IR/0028/IR028_3_(1730rpm).mat,20,0.1,0.05,12,True
source/12kHz_DE_data/IR/0028/IR028_3_(1730rpm).mat,20,0.1,0.075,12,True
source/12kHz_DE_data/IR/0028/IR028_3_(1730rpm).mat,40,-0.1,0.025,5,True
source/12kHz_DE_data/IR/0028/IR028_3_(1730rpm).mat,40,-0.1,0.05,5,True
source/12kHz_DE_data/IR/0028/IR028_3_(1730rpm).mat,40,-0.1,0.075,5,True
source/12kHz_DE_data/IR/0028/IR028_3_(1730rpm).mat,40,-0.05,0.025,5,True
source/12kHz_DE_data/IR/0028/IR028_3_(1730rpm).mat,40,-0.05,0.05,5,True
source/12kHz_DE_data/IR/0028/IR028_3_(1730rpm).mat,40,-0.05,0.075,5,True
source/12kHz_DE_data/IR/0028/IR028_3_(1730rpm).mat,40,0,0.025,5,True
source/12kHz_DE_data/IR/0028/IR028_3_(1730rpm).mat,40,0,0.05,5,True
source/12kHz_DE_data/IR/0028/IR028_3_(1730rpm).mat,40,0,0.075,5,True
source/12kHz_DE_data/IR/0028/IR028_3_(1730rpm).mat,40,0.05,0.025,6,True
source/12kHz_DE_data/IR/0028/IR028_3_(1730rpm).mat,40,0.05,0.05,5,True
source/12kHz_DE_data/IR/0028/IR028_3_(1730rpm).mat,40,0.05,0.075,5,True
source/12kHz_DE_data/IR/0028/IR028_3_(1730rpm).mat,40,0.1,0.025,6,True
source/12kHz_DE_data/IR/0028/IR028_3_(1730rpm).mat,40,0.1,0.05,6,True
source/12kHz_DE_data/IR/0028/IR028_3_(1730rpm).mat,40,0.1,0.075,6,True
source/12kHz_DE_data/OR/Centered/0007/OR007@6_0.mat,10,-0.1,0.025,21,True
source/12kHz_DE_data/OR/Centered/0007/OR007@6_0.mat,10,-0.1,0.05,21,True
source/12kHz_DE_data/OR/Centered/0007/OR007@6_0.mat,10,-0.1,0.075,21,True
source/12kHz_DE_data/OR/Centered/0007/OR007@6_0.mat,10,-0.05,0.025,22,True
source/12kHz_DE_data/OR/Centered/0007/OR007@6_0.mat,10,-0.05,0.05,22,True
source/12kHz_DE_data/OR/Centered/0007/OR007@6_0.mat,10,-0.05,0.075,22,True
source/12kHz_DE_data/OR/Centered/0007/OR007@6_0.mat,10,0,0.025,23,True
source/12kHz_DE_data/OR/Centered/0007/OR007@6_0.mat,10,0,0.05,23,True
source/12kHz_DE_data/OR/Centered/0007/OR007@6_0.mat,10,0,0.075,23,True
source/12kHz_DE_data/OR/Centered/0007/OR007@6_0.mat,10,0.05,0.025,25,True
source/12kHz_DE_data/OR/Centered/0007/OR007@6_0.mat,10,0.05,0.05,24,True
source/12kHz_DE_data/OR/Centered/0007/OR007@6_0.mat,10,0.05,0.075,24,True
source/12kHz_DE_data/OR/Centered/0007/OR007@6_0.mat,10,0.1,0.025,26,True
source/12kHz_DE_data/OR/Centered/0007/OR007@6_0.mat,10,0.1,0.05,26,True
source/12kHz_DE_data/OR/Centered/0007/OR007@6_0.mat,10,0.1,0.075,25,True
source/12kHz_DE_data/OR/Centered/0007/OR007@6_0.mat,20,-0.1,0.025,10,True
source/12kHz_DE_data/OR/Centered/0007/OR007@6_0.mat,20,-0.1,0.05,10,True
source/12kHz_DE_data/OR/Centered/0007/OR007@6_0.mat,20,-0.1,0.075,10,True
source/12kHz_DE_data/OR/Centered/0007/OR007@6_0.mat,20,-0.05,0.025,11,True
source/12kHz_DE_data/OR/Centered/0007/OR007@6_0.mat,20,-0.05,0.05,11,True
source/12kHz_DE_data/OR/Centered/0007/OR007@6_0.mat,20,-0.05,0.075,11,True
source/12kHz_DE_data/OR/Centered/0007/OR007@6_0.mat,20,0,0.025,11,True
source/12kHz_DE_data/OR/Centered/0007/OR007@6_0.mat,20,0,0.05,11,True
source/12kHz_DE_data/OR/Centered/0007/OR007@6_0.mat,20,0,0.075,11,True
source/12kHz_DE_data/OR/Centered/0007/OR007@6_0.mat,20,0.05,0.025,12,True
source/12kHz_DE_data/OR/Centered/0007/OR007@6_0.mat,20,0.05,0.05,12,True
source/12kHz_DE_data/OR/Centered/0007/OR007@6_0.mat,20,0.05,0.075,12,True
source/12kHz_DE_data/OR/Centered/0007/OR007@6_0.mat,20,0.1,0.025,13,True
source/12kHz_DE_data/OR/Centered/0007/OR007@6_0.mat,20,0.1,0.05,13,True
source/12kHz_DE_data/OR/Centered/0007/OR007@6_0.mat,20,0.1,0.075,12,True
source/12kHz_DE_data/OR/Centered/0007/OR007@6_0.mat,40,-0.1,0.025,5,True
source/12kHz_DE_data/OR/Centered/0007/OR007@6_0.mat,40,-0.1,0.05,5,True
source/12kHz_DE_data/OR/Centered/0007/OR007@6_0.mat,40,-0.1,0.075,5,True
source/12kHz_DE_data/OR/Centered/0007/OR007@6_0.mat,40,-0.05,0.025,5,True
source/12kHz_DE_data/OR/Centered/0007/OR007@6_0.mat,40,-0.05,0.05,5,True
source/12kHz_DE_data/OR/Centered/0007/OR007@6_0.mat,40,-0.05,0.075,5,True
source/12kHz_DE_data/OR/Centered/0007/OR007@6_0.mat,40,0,0.025,5,True
source/12kHz_DE_data/OR/Centered/0007/OR007@6_0.mat,40,0,0.05,5,True
source/12kHz_DE_data/OR/Centered/0007/OR007@6_0.mat,40,0,0.075,5,True
source/12kHz_DE_data/OR/Centered/0007/OR007@6_0.mat,40,0.05,0.025,6,True
source/12kHz_DE_data/OR/Centered/0007/OR007@6_0.mat,40,0.05,0.05,6,True
source/12kHz_DE_data/OR/Centered/0007/OR007@6_0.mat,40,0.05,0.075,6,True
source/12kHz_DE_data/OR/Centered/0007/OR007@6_0.mat,40,0.1,0.025,6,True
source/12kHz_DE_data/OR/Centered/0007/OR007@6_0.mat,40,0.1,0.05,6,True
source/12kHz_DE_data/OR/Centered/0007/OR007@6_0.mat,40,0.1,0.075,6,True
source/12kHz_DE_data/OR/Centered/0007/OR007@6_1.mat,10,-0.1,0.025,21,True
source/12kHz_DE_data/OR/Centered/0007/OR007@6_1.mat,10,-0.1,0.05,21,True
source/12kHz_DE_data/OR/Centered/0007/OR007@6_1.mat,10,-0.1,0.075,20,True
source/12kHz_DE_data/OR/Centered/0007/OR007@6_1.mat,10,-0.05,0.025,22,True
source/12kHz_DE_data/OR/Centered/0007/OR007@6_1.mat,10,-0.05,0.05,22,True
source/12kHz_DE_data/OR/Centered/0007/OR007@6_1.mat,10,-0.05,0.075,22,True
source/12kHz_DE_data/OR/Centered/0007/OR007@6_1.mat,10,0,0.025,23,True
source/12kHz_DE_data/OR/Centered/0007/OR007@6_1.mat,10,0,0.05,23,True
source/12kHz_DE_data/OR/Centered/0007/OR007@6_1.mat,10,0,0.075,23,True
source/12kHz_DE_data/OR/Centered/0007/OR007@6_1.mat,10,0.05,0.025,24,True
source/12kHz_DE_data/OR/Centered/0007/OR007@6_1.mat,10,0.05,0.05,24,True
source/12kHz_DE_data/OR/Centered/0007/OR007@6_1.mat,10,0.05,0.075,24,True
source/12kHz_DE_data/OR/Centered/0007/OR007@6_1.mat,10,0.1,0.025,25,True
source/12kHz_DE_data/OR/Centered/0007/OR007@6_1.mat,10,0.1,0.05,25,True
source/12kHz_DE_data/OR/Centered/0007/OR007@6_1.mat,10,0.1,0.075,25,True
source/12kHz_DE_data/OR/Centered/0007/OR007@6_1.mat,20,-0.1,0.025,10,True
source/12kHz_DE_data/OR/Centered/0007/OR007@6_1.mat,20,-0.1,0.05,10,True
source/12kHz_DE_data/OR/Centered/0007/OR007@6_1.mat,20,-0.1,0.075,10,True
source/12kHz_DE_data/OR/Centered/0007/OR007@6_1.mat,20,-0.05,0.025,11,True
source/12kHz_DE_data/OR/Centered/0007/OR007@6_1.mat,20,-0.05,0.05,11,True
source/12kHz_DE_data/OR/Centered/0007/OR007@6_1.mat,20,-0.05,0.075,11,True
source/12kHz_DE_data/OR/Centered/0007/OR007@6_1.mat,20,0,0.025,11,True
source/12kHz_DE_data/OR/Centered/0007/OR007@6_1.mat,20,0,0.05,11,True
source/12kHz_DE_data/OR/Centered/0007/OR007@6_1.mat,20,0,0.075,11,True
source/12kHz_DE_data/OR/Centered/0007/OR007@6_1.mat,20,0.05,0.025,12,True
source/12kHz_DE_data/OR/Centered/0007/OR007@6_1.mat,20,0.05,0.05,12,True
source/12kHz_DE_data/OR/Centered/0007/OR007@6_1.mat,20,0.05,0.075,12,True
source/12kHz_DE_data/OR/Centered/0007/OR007@6_1.mat,20,0.1,0.025,12,True
source/12kHz_DE_data/OR/Centered/0007/OR007@6_1.mat,20,0.1,0.05,12,True
source/12kHz_DE_data/OR/Centered/0007/OR007@6_1.mat,20,0.1,0.075,12,True
source/12kHz_DE_data/OR/Centered/0007/OR007@6_1.mat,40,-0.1,0.025,5,True
source/12kHz_DE_data/OR/Centered/0007/OR007@6_1.mat,40,-0.1,0.05,5,True
source/12kHz_DE_data/OR/Centered/0007/OR007@6_1.mat,40,-0.1,0.075,5,True
source/12kHz_DE_data/OR/Centered/0007/OR007@6_1.mat,40,-0.05,0.025,5,True
source/12kHz_DE_data/OR/Centered/0007/OR007@6_1.mat,40,-0.05,0.05,5,True
source/12kHz_DE_data/OR/Centered/0007/OR007@6_1.mat,40,-0.05,0.075,5,True
source/12kHz_DE_data/OR/Centered/0007/OR007@6_1.mat,40,0,0.025,5,True
source/12kHz_DE_data/OR/Centered/0007/OR007@6_1.mat,40,0,0.05,5,True
source/12kHz_DE_data/OR/Centered/0007/OR007@6_1.mat,40,0,0.075,5,True
source/12kHz_DE_data/OR/Centered/0007/OR007@6_1.mat,40,0.05,0.025,6,True
source/12kHz_DE_data/OR/Centered/0007/OR007@6_1.mat,40,0.05,0.05,6,True
source/12kHz_DE_data/OR/Centered/0007/OR007@6_1.mat,40,0.05,0.075,6,True
source/12kHz_DE_data/OR/Centered/0007/OR007@6_1.mat,40,0.1,0.025,6,True
source/12kHz_DE_data/OR/Centered/0007/OR007@6_1.mat,40,0.1,0.05,6,True
source/12kHz_DE_data/OR/Centered/0007/OR007@6_1.mat,40,0.1,0.075,6,True
source/12kHz_DE_data/OR/Centered/0007/OR007@6_2.mat,10,-0.1,0.025,20,True
source/12kHz_DE_data/OR/Centered/0007/OR007@6_2.mat,10,-0.1,0.05,20,True
source/12kHz_DE_data/OR/Centered/0007/OR007@6_2.mat,10,-0.1,0.075,20,True
source/12kHz_DE_data/OR/Centered/0007/OR007@6_2.mat,10,-0.05,0.025,22,True
source/12kHz_DE_data/OR/Centered/0007/OR007@6_2.mat,10,-0.05,0.05,21,True
source/12kHz_DE_data/OR/Centered/0007/OR007@6_2.mat,10,-0.05,0.075,21,True
source/12kHz_DE_data/OR/Centered/0007/OR007@6_2.mat,10,0,0.025,23,True
source/12kHz_DE_data/OR/Centered/0007/OR007@6_2.mat,10,0,0.05,23,True
source/12kHz_DE_data/OR/Centered/0007/OR007@6_2.mat,10,0,0.075,22,True
source/12kHz_DE_data/OR/Centered/0007/OR007@6_2.mat,10,0.05,0.025,24,True
source/12kHz_DE_data/OR/Centered/0007/OR007@6_2.mat,10,0.05,0.05,24,True
source/12kHz_DE_data/OR/Centered/0007/OR007@6_2.mat,10,0.05,0.075,24,True
source/12kHz_DE_data/OR/Centered/0007/OR007@6_2.mat,10,0.1,0.025,25,True
source/12kHz_DE_data/OR/Centered/0007/OR007@6_2.mat,10,0.1,0.05,25,True
source/12kHz_DE_data/OR/Centered/0007/OR007@6_2.mat,10,0.1,0.075,25,True
source/12kHz_DE_data/OR/Centered/0007/OR007@6_2.mat,20,-0.1,0.025,10,True
source/12kHz_DE_data/OR/Centered/0007/OR007@6_2.mat,20,-0.1,0.05,10,True
source/12kHz_DE_data/OR/Centered/0007/OR007@6_2.mat,20,-0.1,0.075,10,True
source/12kHz_DE_data/OR/Centered/0007/OR007@6_2.mat,20,-0.05,0.025,11,True
source/12kHz_DE_data/OR/Centered/0007/OR007@6_2.mat,20,-0.05,0.05,10,True
source/12kHz_DE_data/OR/Centered/0007/OR007@6_2.mat,20,-0.05,0.075,10,True
source/12kHz_DE_data/OR/Centered/0007/OR007@6_2.mat,20,0,0.025,11,True
source/12kHz_DE_data/OR/Centered/0007/OR007@6_2.mat,20,0,0.05,11,True
source/12kHz_DE_data/OR/Centered/0007/OR007@6_2.mat,20,0,0.075,11,True
source/12kHz_DE_data/OR/Centered/0007/OR007@6_2.mat,20,0.05,0.025,12,True
source/12kHz_DE_data/OR/Centered/0007/OR007@6_2.mat,20,0.05,0.05,12,True
source/12kHz_DE_data/OR/Centered/0007/OR007@6_2.mat,20,0.05,0.075,12,True
source/12kHz_DE_data/OR/Centered/0007/OR007@6_2.mat,20,0.1,0.025,12,True
source/12kHz_DE_data/OR/Centered/0007/OR007@6_2.mat,20,0.1,0.05,12,True
source/12kHz_DE_data/OR/Centered/0007/OR007@6_2.mat,20,0.1,0.075,12,True
source/12kHz_DE_data/OR/Centered/0007/OR007@6_2.mat,40,-0.1,0.025,5,True
source/12kHz_DE_data/OR/Centered/0007/OR007@6_2.mat,40,-0.1,0.05,5,True
source/12kHz_DE_data/OR/Centered/0007/OR007@6_2.mat,40,-0.1,0.075,5,True
source/12kHz_DE_data/OR/Centered/0007/OR007@6_2.mat,40,-0.05,0.025,5,True
source/12kHz_DE_data/OR/Centered/0007/OR007@6_2.mat,40,-0.05,0.05,5,True
source/12kHz_DE_data/OR/Centered/0007/OR007@6_2.mat,40,-0.05,0.075,5,True
source/12kHz_DE_data/OR/Centered/0007/OR007@6_2.mat,40,0,0.025,5,True
source/12kHz_DE_data/OR/Centered/0007/OR007@6_2.mat,40,0,0.05,5,True
source/12kHz_DE_data/OR/Centered/0007/OR007@6_2.mat,40,0,0.075,5,True
source/12kHz_DE_data/OR/Centered/0007/OR007@6_2.mat,40,0.05,0.025,6,True
source/12kHz_DE_data/OR/Centered/0007/OR007@6_2.mat,40,0.05,0.05,6,True
source/12kHz_DE_data/OR/Centered/0007/OR007@6_2.mat,40,0.05,0.075,6,True
source/12kHz_DE_data/OR/Centered/0007/OR007@6_2.mat,40,0.1,0.025,6,True
source/12kHz_DE_data/OR/Centered/0007/OR007@6_2.mat,40,0.1,0.05,6,True
source/12kHz_DE_data/OR/Centered/0007/OR007@6_2.mat,40,0.1,0.075,6,True
source/12kHz_DE_data/OR/Centered/0007/OR007@6_3.mat,10,-0.1,0.025,20,True
source/12kHz_DE_data/OR/Centered/0007/OR007@6_3.mat,10,-0.1,0.05,20,True
source/12kHz_DE_data/OR/Centered/0007/OR007@6_3.mat,10,-0.1,0.075,20,True
source/12kHz_DE_data/OR/Centered/0007/OR007@6_3.mat,10,-0.05,0.025,21,True
source/12kHz_DE_data/OR/Centered/0007/OR007@6_3.mat,10,-0.05,0.05,21,True
source/12kHz_DE_data/OR/Centered/0007/OR007@6_3.mat,10,-0.05,0.075,21,True
source/12kHz_DE_data/OR/Centered/0007/OR007@6_3.mat,10,0,0.025,22,True
source/12kHz_DE_data/OR/Centered/0007/OR007@6_3.mat,10,0,0.05,22,True
source/12kHz_DE_data/OR/Centered/0007/OR007@6_3.mat,10,0,0.075,22,True
source/12kHz_DE_data/OR/Centered/0007/OR007@6_3.mat,10,0.05,0.025,23,True
source/12kHz_DE_data/OR/Centered/0007/OR007@6_3.mat,10,0.05,0.05,23,True
source/12kHz_DE_data/OR/Centered/0007/OR007@6_3.mat,10,0.05,0.075,23,True
source/12kHz_DE_data/OR/Centered/0007/OR007@6_3.mat,10,0.1,0.025,25,True
source/12kHz_DE_data/OR/Centered/0007/OR007@6_3.mat,10,0.1,0.05,25,True
source/12kHz_DE_data/OR/Centered/0007/OR007@6_3.mat,10,0.1,0.075,24,True
source/12kHz_DE_data/OR/Centered/0007/OR007@6_3.mat,20,-0.1,0.025,10,True
source/12kHz_DE_data/OR/Centered/0007/OR007@6_3.mat,20,-0.1,0.05,10,True
source/12kHz_DE_data/OR/Centered/0007/OR007@6_3.mat,20,-0.1,0.075,10,True
source/12kHz_DE_data/OR/Centered/0007/OR007@6_3.mat,20,-0.05,0.025,10,True
source/12kHz_DE_data/OR/Centered/0007/OR007@6_3.mat,20,-0.05,0.05,10,True
source/12kHz_DE_data/OR/Centered/0007/OR007@6_3.mat,20,-0.05,0.075,10,True
source/12kHz_DE_data/OR/Centered/0007/OR007@6_3.mat,20,0,0.025,11,True
source/12kHz_DE_data/OR/Centered/0007/OR007@6_3.mat,20,0,0.05,11,True
source/12kHz_DE_data/OR/Centered/0007/OR007@6_3.mat,20,0,0.075,11,True
source/12kHz_DE_data/OR/Centered/0007/OR007@6_3.mat,20,0.05,0.025,12,True
source/12kHz_DE_data/OR/Centered/0007/OR007@6_3.mat,20,0.05,0.05,11,True
source/12kHz_DE_data/OR/Centered/0007/OR007@6_3.mat,20,0.05,0.075,11,True
source/12kHz_DE_data/OR/Centered/0007/OR007@6_3.mat,20,0.1,0.025,12,True
source/12kHz_DE_data/OR/Centered/0007/OR007@6_3.mat,20,0.1,0.05,12,True
source/12kHz_DE_data/OR/Centered/0007/OR007@6_3.mat,20,0.1,0.075,12,True
source/12kHz_DE_data/OR/Centered/0007/OR007@6_3.mat,40,-0.1,0.025,5,True
source/12kHz_DE_data/OR/Centered/0007/OR007@6_3.mat,40,-0.1,0.05,5,True
source/12kHz_DE_data/OR/Centered/0007/OR007@6_3.mat,40,-0.1,0.075,5,True
source/12kHz_DE_data/OR/Centered/0007/OR007@6_3.mat,40,-0.05,0.025,5,True
source/12kHz_DE_data/OR/Centered/0007/OR007@6_3.mat,40,-0.05,0.05,5,True
source/12kHz_DE_data/OR/Centered/0007/OR007@6_3.mat,40,-0.05,0.075,5,True
source/12kHz_DE_data/OR/Centered/0007/OR007@6_3.mat,40,0,0.025,5,True
source/12kHz_DE_data/OR/Centered/0007/OR007@6_3.mat,40,0,0.05,5,True
source/12kHz_DE_data/OR/Centered/0007/OR007@6_3.mat,40,0,0.075,5,True
source/12kHz_DE_data/OR/Centered/0007/OR007@6_3.mat,40,0.05,0.025,6,True
source/12kHz_DE_data/OR/Centered/0007/OR007@6_3.mat,40,0.05,0.05,5,True
source/12kHz_DE_data/OR/Centered/0007/OR007@6_3.mat,40,0.05,0.075,5,True
source/12kHz_DE_data/OR/Centered/0007/OR007@6_3.mat,40,0.1,0.025,6,True
source/12kHz_DE_data/OR/Centered/0007/OR007@6_3.mat,40,0.1,0.05,6,True
source/12kHz_DE_data/OR/Centered/0007/OR007@6_3.mat,40,0.1,0.075,6,True
source/12kHz_DE_data/OR/Centered/0014/OR014@6_0.mat,10,-0.1,0.025,21,True
source/12kHz_DE_data/OR/Centered/0014/OR014@6_0.mat,10,-0.1,0.05,21,True
source/12kHz_DE_data/OR/Centered/0014/OR014@6_0.mat,10,-0.1,0.075,21,True
source/12kHz_DE_data/OR/Centered/0014/OR014@6_0.mat,10,-0.05,0.025,22,True
source/12kHz_DE_data/OR/Centered/0014/OR014@6_0.mat,10,-0.05,0.05,22,True
source/12kHz_DE_data/OR/Centered/0014/OR014@6_0.mat,10,-0.05,0.075,22,True
source/12kHz_DE_data/OR/Centered/0014/OR014@6_0.mat,10,0,0.025,23,True
source/12kHz_DE_data/OR/Centered/0014/OR014@6_0.mat,10,0,0.05,23,True
source/12kHz_DE_data/OR/Centered/0014/OR014@6_0.mat,10,0,0.075,23,True
source/12kHz_DE_data/OR/Centered/0014/OR014@6_0.mat,10,0.05,0.025,25,True
source/12kHz_DE_data/OR/Centered/0014/OR014@6_0.mat,10,0.05,0.05,24,True
source/12kHz_DE_data/OR/Centered/0014/OR014@6_0.mat,10,0.05,0.075,24,True
source/12kHz_DE_data/OR/Centered/0014/OR014@6_0.mat,10,0.1,0.025,26,True
source/12kHz_DE_data/OR/Centered/0014/OR014@6_0.mat,10,0.1,0.05,26,True
source/12kHz_DE_data/OR/Centered/0014/OR014@6_0.mat,10,0.1,0.075,25,True
source/12kHz_DE_data/OR/Centered/0014/OR014@6_0.mat,20,-0.1,0.025,10,True
source/12kHz_DE_data/OR/Centered/0014/OR014@6_0.mat,20,-0.1,0.05,10,True
source/12kHz_DE_data/OR/Centered/0014/OR014@6_0.mat,20,-0.1,0.075,10,True
source/12kHz_DE_data/OR/Centered/0014/OR014@6_0.mat,20,-0.05,0.025,11,True
source/12kHz_DE_data/OR/Centered/0014/OR014@6_0.mat,20,-0.05,0.05,11,True
source/12kHz_DE_data/OR/Centered/0014/OR014@6_0.mat,20,-0.05,0.075,11,True
source/12kHz_DE_data/OR/Centered/0014/OR014@6_0.mat,20,0,0.025,11,True
source/12kHz_DE_data/OR/Centered/0014/OR014@6_0.mat,20,0,0.05,11,True
source/12kHz_DE_data/OR/Centered/0014/OR014@6_0.mat,20,0,0.075,11,True
source/12kHz_DE_data/OR/Centered/0014/OR014@6_0.mat,20,0.05,0.025,12,True
source/12kHz_DE_data/OR/Centered/0014/OR014@6_0.mat,20,0.05,0.05,12,True
source/12kHz_DE_data/OR/Centered/0014/OR014@6_0.mat,20,0.05,0.075,12,True
source/12kHz_DE_data/OR/Centered/0014/OR014@6_0.mat,20,0.1,0.025,13,True
source/12kHz_DE_data/OR/Centered/0014/OR014@6_0.mat,20,0.1,0.05,13,True
source/12kHz_DE_data/OR/Centered/0014/OR014@6_0.mat,20,0.1,0.075,12,True
source/12kHz_DE_data/OR/Centered/0014/OR014@6_0.mat,40,-0.1,0.025,5,True
source/12kHz_DE_data/OR/Centered/0014/OR014@6_0.mat,40,-0.1,0.05,5,True
source/12kHz_DE_data/OR/Centered/0014/OR014@6_0.mat,40,-0.1,0.075,5,True
source/12kHz_DE_data/OR/Centered/0014/OR014@6_0.mat,40,-0.05,0.025,5,True
source/12kHz_DE_data/OR/Centered/0014/OR014@6_0.mat,40,-0.05,0.05,5,True
source/12kHz_DE_data/OR/Centered/0014/OR014@6_0.mat,40,-0.05,0.075,5,True
source/12kHz_DE_data/OR/Centered/0014/OR014@6_0.mat,40,0,0.025,5,True
source/12kHz_DE_data/OR/Centered/0014/OR014@6_0.mat,40,0,0.05,5,True
source/12kHz_DE_data/OR/Centered/0014/OR014@6_0.mat,40,0,0.075,5,True
source/12kHz_DE_data/OR/Centered/0014/OR014@6_0.mat,40,0.05,0.025,6,True
source/12kHz_DE_data/OR/Centered/0014/OR014@6_0.mat,40,0.05,0.05,6,True
source/12kHz_DE_data/OR/Centered/0014/OR014@6_0.mat,40,0.05,0.075,6,True
source/12kHz_DE_data/OR/Centered/0014/OR014@6_0.mat,40,0.1,0.025,6,True
source/12kHz_DE_data/OR/Centered/0014/OR014@6_0.mat,40,0.1,0.05,6,True
source/12kHz_DE_data/OR/Centered/0014/OR014@6_0.mat,40,0.1,0.075,6,True
source/12kHz_DE_data/OR/Centered/0014/OR014@6_1.mat,10,-0.1,0.025,21,True
source/12kHz_DE_data/OR/Centered/0014/OR014@6_1.mat,10,-0.1,0.05,21,True
source/12kHz_DE_data/OR/Centered/0014/OR014@6_1.mat,10,-0.1,0.075,20,True
source/12kHz_DE_data/OR/Centered/0014/OR014@6_1.mat,10,-0.05,0.025,22,True
source/12kHz_DE_data/OR/Centered/0014/OR014@6_1.mat,10,-0.05,0.05,22,True
source/12kHz_DE_data/OR/Centered/0014/OR014@6_1.mat,10,-0.05,0.075,22,True
source/12kHz_DE_data/OR/Centered/0014/OR014@6_1.mat,10,0,0.025,23,True
source/12kHz_DE_data/OR/Centered/0014/OR014@6_1.mat,10,0,0.05,23,True
source/12kHz_DE_data/OR/Centered/0014/OR014@6_1.mat,10,0,0.075,23,True
source/12kHz_DE_data/OR/Centered/0014/OR014@6_1.mat,10,0.05,0.025,24,True
source/12kHz_DE_data/OR/Centered/0014/OR014@6_1.mat,10,0.05,0.05,24,True
source/12kHz_DE_data/OR/Centered/0014/OR014@6_1.mat,10,0.05,0.075,24,True
source/12kHz_DE_data/OR/Centered/0014/OR014@6_1.mat,10,0.1,0.025,25,True
source/12kHz_DE_data/OR/Centered/0014/OR014@6_1.mat,10,0.1,0.05,25,True
source/12kHz_DE_data/OR/Centered/0014/OR014@6_1.mat,10,0.1,0.075,25,True
source/12kHz_DE_data/OR/Centered/0014/OR014@6_1.mat,20,-0.1,0.025,10,True
source/12kHz_DE_data/OR/Centered/0014/OR014@6_1.mat,20,-0.1,0.05,10,True
source/12kHz_DE_data/OR/Centered/0014/OR014@6_1.mat,20,-0.1,0.075,10,True
source/12kHz_DE_data/OR/Centered/0014/OR014@6_1.mat,20,-0.05,0.025,11,True
source/12kHz_DE_data/OR/Centered/0014/OR014@6_1.mat,20,-0.05,0.05,11,True
source/12kHz_DE_data/OR/Centered/0014/OR014@6_1.mat,20,-0.05,0.075,11,True
source/12kHz_DE_data/OR/Centered/0014/OR014@6_1.mat,20,0,0.025,11,True
source/12kHz_DE_data/OR/Centered/0014/OR014@6_1.mat,20,0,0.05,11,True
source/12kHz_DE_data/OR/Centered/0014/OR014@6_1.mat,20,0,0.075,11,True
source/12kHz_DE_data/OR/Centered/0014/OR014@6_1.mat,20,0.05,0.025,12,True
source/12kHz_DE_data/OR/Centered/0014/OR014@6_1.mat,20,0.05,0.05,12,True
source/12kHz_DE_data/OR/Centered/0014/OR014@6_1.mat,20,0.05,0.075,12,True
source/12kHz_DE_data/OR/Centered/0014/OR014@6_1.mat,20,0.1,0.025,12,True
source/12kHz_DE_data/OR/Centered/0014/OR014@6_1.mat,20,0.1,0.05,12,True
source/12kHz_DE_data/OR/Centered/0014/OR014@6_1.mat,20,0.1,0.075,12,True
source/12kHz_DE_data/OR/Centered/0014/OR014@6_1.mat,40,-0.1,0.025,5,True
source/12kHz_DE_data/OR/Centered/0014/OR014@6_1.mat,40,-0.1,0.05,5,True
source/12kHz_DE_data/OR/Centered/0014/OR014@6_1.mat,40,-0.1,0.075,5,True
source/12kHz_DE_data/OR/Centered/0014/OR014@6_1.mat,40,-0.05,0.025,5,True
source/12kHz_DE_data/OR/Centered/0014/OR014@6_1.mat,40,-0.05,0.05,5,True
source/12kHz_DE_data/OR/Centered/0014/OR014@6_1.mat,40,-0.05,0.075,5,True
source/12kHz_DE_data/OR/Centered/0014/OR014@6_1.mat,40,0,0.025,5,True
source/12kHz_DE_data/OR/Centered/0014/OR014@6_1.mat,40,0,0.05,5,True
source/12kHz_DE_data/OR/Centered/0014/OR014@6_1.mat,40,0,0.075,5,True
source/12kHz_DE_data/OR/Centered/0014/OR014@6_1.mat,40,0.05,0.025,6,True
source/12kHz_DE_data/OR/Centered/0014/OR014@6_1.mat,40,0.05,0.05,6,True
source/12kHz_DE_data/OR/Centered/0014/OR014@6_1.mat,40,0.05,0.075,6,True
source/12kHz_DE_data/OR/Centered/0014/OR014@6_1.mat,40,0.1,0.025,6,True
source/12kHz_DE_data/OR/Centered/0014/OR014@6_1.mat,40,0.1,0.05,6,True
source/12kHz_DE_data/OR/Centered/0014/OR014@6_1.mat,40,0.1,0.075,6,True
source/12kHz_DE_data/OR/Centered/0014/OR014@6_2.mat,10,-0.1,0.025,20,True
source/12kHz_DE_data/OR/Centered/0014/OR014@6_2.mat,10,-0.1,0.05,20,True
source/12kHz_DE_data/OR/Centered/0014/OR014@6_2.mat,10,-0.1,0.075,20,True
source/12kHz_DE_data/OR/Centered/0014/OR014@6_2.mat,10,-0.05,0.025,22,True
source/12kHz_DE_data/OR/Centered/0014/OR014@6_2.mat,10,-0.05,0.05,21,True
source/12kHz_DE_data/OR/Centered/0014/OR014@6_2.mat,10,-0.05,0.075,21,True
source/12kHz_DE_data/OR/Centered/0014/OR014@6_2.mat,10,0,0.025,23,True
source/12kHz_DE_data/OR/Centered/0014/OR014@6_2.mat,10,0,0.05,23,True
source/12kHz_DE_data/OR/Centered/0014/OR014@6_2.mat,10,0,0.075,22,True
source/12kHz_DE_data/OR/Centered/0014/OR014@6_2.mat,10,0.05,0.025,24,True
source/12kHz_DE_data/OR/Centered/0014/OR014@6_2.mat,10,0.05,0.05,24,True
source/12kHz_DE_data/OR/Centered/0014/OR014@6_2.mat,10,0.05,0.075,24,True
source/12kHz_DE_data/OR/Centered/0014/OR014@6_2.mat,10,0.1,0.025,25,True
source/12kHz_DE_data/OR/Centered/0014/OR014@6_2.mat,10,0.1,0.05,25,True
source/12kHz_DE_data/OR/Centered/0014/OR014@6_2.mat,10,0.1,0.075,25,True
source/12kHz_DE_data/OR/Centered/0014/OR014@6_2.mat,20,-0.1,0.025,10,True
source/12kHz_DE_data/OR/Centered/0014/OR014@6_2.mat,20,-0.1,0.05,10,True
source/12kHz_DE_data/OR/Centered/0014/OR014@6_2.mat,20,-0.1,0.075,10,True
source/12kHz_DE_data/OR/Centered/0014/OR014@6_2.mat,20,-0.05,0.025,11,True
source/12kHz_DE_data/OR/Centered/0014/OR014@6_2.mat,20,-0.05,0.05,10,True
source/12kHz_DE_data/OR/Centered/0014/OR014@6_2.mat,20,-0.05,0.075,10,True
source/12kHz_DE_data/OR/Centered/0014/OR014@6_2.mat,20,0,0.025,11,True
source/12kHz_DE_data/OR/Centered/0014/OR014@6_2.mat,20,0,0.05,11,True
source/12kHz_DE_data/OR/Centered/0014/OR014@6_2.mat,20,0,0.075,11,True
source/12kHz_DE_data/OR/Centered/0014/OR014@6_2.mat,20,0.05,0.025,12,True
source/12kHz_DE_data/OR/Centered/0014/OR014@6_2.mat,20,0.05,0.05,12,True
source/12kHz_DE_data/OR/Centered/0014/OR014@6_2.mat,20,0.05,0.075,12,True
source/12kHz_DE_data/OR/Centered/0014/OR014@6_2.mat,20,0.1,0.025,12,True
source/12kHz_DE_data/OR/Centered/0014/OR014@6_2.mat,20,0.1,0.05,12,True
source/12kHz_DE_data/OR/Centered/0014/OR014@6_2.mat,20,0.1,0.075,12,True
source/12kHz_DE_data/OR/Centered/0014/OR014@6_2.mat,40,-0.1,0.025,5,True
source/12kHz_DE_data/OR/Centered/0014/OR014@6_2.mat,40,-0.1,0.05,5,True
source/12kHz_DE_data/OR/Centered/0014/OR014@6_2.mat,40,-0.1,0.075,5,True
source/12kHz_DE_data/OR/Centered/0014/OR014@6_2.mat,40,-0.05,0.025,5,True
source/12kHz_DE_data/OR/Centered/0014/OR014@6_2.mat,40,-0.05,0.05,5,True
source/12kHz_DE_data/OR/Centered/0014/OR014@6_2.mat,40,-0.05,0.075,5,True
source/12kHz_DE_data/OR/Centered/0014/OR014@6_2.mat,40,0,0.025,5,True
source/12kHz_DE_data/OR/Centered/0014/OR014@6_2.mat,40,0,0.05,5,True
source/12kHz_DE_data/OR/Centered/0014/OR014@6_2.mat,40,0,0.075,5,True
source/12kHz_DE_data/OR/Centered/0014/OR014@6_2.mat,40,0.05,0.025,6,True
source/12kHz_DE_data/OR/Centered/0014/OR014@6_2.mat,40,0.05,0.05,6,True
source/12kHz_DE_data/OR/Centered/0014/OR014@6_2.mat,40,0.05,0.075,6,True
source/12kHz_DE_data/OR/Centered/0014/OR014@6_2.mat,40,0.1,0.025,6,True
source/12kHz_DE_data/OR/Centered/0014/OR014@6_2.mat,40,0.1,0.05,6,True
source/12kHz_DE_data/OR/Centered/0014/OR014@6_2.mat,40,0.1,0.075,6,True
source/12kHz_DE_data/OR/Centered/0014/OR014@6_3.mat,10,-0.1,0.025,20,True
source/12kHz_DE_data/OR/Centered/0014/OR014@6_3.mat,10,-0.1,0.05,20,True
source/12kHz_DE_data/OR/Centered/0014/OR014@6_3.mat,10,-0.1,0.075,20,True
source/12kHz_DE_data/OR/Centered/0014/OR014@6_3.mat,10,-0.05,0.025,21,True
source/12kHz_DE_data/OR/Centered/0014/OR014@6_3.mat,10,-0.05,0.05,21,True
source/12kHz_DE_data/OR/Centered/0014/OR014@6_3.mat,10,-0.05,0.075,21,True
source/12kHz_DE_data/OR/Centered/0014/OR014@6_3.mat,10,0,0.025,22,True
source/12kHz_DE_data/OR/Centered/0014/OR014@6_3.mat,10,0,0.05,22,True
source/12kHz_DE_data/OR/Centered/0014/OR014@6_3.mat,10,0,0.075,22,True
source/12kHz_DE_data/OR/Centered/0014/OR014@6_3.mat,10,0.05,0.025,23,True
source/12kHz_DE_data/OR/Centered/0014/OR014@6_3.mat,10,0.05,0.05,23,True
source/12kHz_DE_data/OR/Centered/0014/OR014@6_3.mat,10,0.05,0.075,23,True
source/12kHz_DE_data/OR/Centered/0014/OR014@6_3.mat,10,0.1,0.025,25,True
source/12kHz_DE_data/OR/Centered/0014/OR014@6_3.mat,10,0.1,0.05,24,True
source/12kHz_DE_data/OR/Centered/0014/OR014@6_3.mat,10,0.1,0.075,24,True
source/12kHz_DE_data/OR/Centered/0014/OR014@6_3.mat,20,-0.1,0.025,10,True
source/12kHz_DE_data/OR/Centered/0014/OR014@6_3.mat,20,-0.1,0.05,10,True
source/12kHz_DE_data/OR/Centered/0014/OR014@6_3.mat,20,-0.1,0.075,10,True
source/12kHz_DE_data/OR/Centered/0014/OR014@6_3.mat,20,-0.05,0.025,10,True
source/12kHz_DE_data/OR/Centered/0014/OR014@6_3.mat,20,-0.05,0.05,10,True
source/12kHz_DE_data/OR/Centered/0014/OR014@6_3.mat,20,-0.05,0.075,10,True
source/12kHz_DE_data/OR/Centered/0014/OR014@6_3.mat,20,0,0.025,11,True
source/12kHz_DE_data/OR/Centered/0014/OR014@6_3.mat,20,0,0.05,11,True
source/12kHz_DE_data/OR/Centered/0014/OR014@6_3.mat,20,0,0.075,11,True
source/12kHz_DE_data/OR/Centered/0014/OR014@6_3.mat,20,0.05,0.025,11,True
source/12kHz_DE_data/OR/Centered/0014/OR014@6_3.mat,20,0.05,0.05,11,True
source/12kHz_DE_data/OR/Centered/0014/OR014@6_3.mat,20,0.05,0.075,11,True
source/12kHz_DE_data/OR/Centered/0014/OR014@6_3.mat,20,0.1,0.025,12,True
source/12kHz_DE_data/OR/Centered/0014/OR014@6_3.mat,20,0.1,0.05,12,True
source/12kHz_DE_data/OR/Centered/0014/OR014@6_3.mat,20,0.1,0.075,12,True
source/12kHz_DE_data/OR/Centered/0014/OR014@6_3.mat,40,-0.1,0.025,5,True
source/12kHz_DE_data/OR/Centered/0014/OR014@6_3.mat,40,-0.1,0.05,5,True
source/12kHz_DE_data/OR/Centered/0014/OR014@6_3.mat,40,-0.1,0.075,5,True
source/12kHz_DE_data/OR/Centered/0014/OR014@6_3.mat,40,-0.05,0.025,5,True
source/12kHz_DE_data/OR/Centered/0014/OR014@6_3.mat,40,-0.05,0.05,5,True
source/12kHz_DE_data/OR/Centered/0014/OR014@6_3.mat,40,-0.05,0.075,5,True
source/12kHz_DE_data/OR/Centered/0014/OR014@6_3.mat,40,0,0.025,5,True
source/12kHz_DE_data/OR/Centered/0014/OR014@6_3.mat,40,0,0.05,5,True
source/12kHz_DE_data/OR/Centered/0014/OR014@6_3.mat,40,0,0.075,5,True
source/12kHz_DE_data/OR/Centered/0014/OR014@6_3.mat,40,0.05,0.025,5,True
source/12kHz_DE_data/OR/Centered/0014/OR014@6_3.mat,40,0.05,0.05,5,True
source/12kHz_DE_data/OR/Centered/0014/OR014@6_3.mat,40,0.05,0.075,5,True
source/12kHz_DE_data/OR/Centered/0014/OR014@6_3.mat,40,0.1,0.025,6,True
source/12kHz_DE_data/OR/Centered/0014/OR014@6_3.mat,40,0.1,0.05,6,True
source/12kHz_DE_data/OR/Centered/0014/OR014@6_3.mat,40,0.1,0.075,6,True
source/12kHz_DE_data/OR/Centered/0021/OR021@6_0.mat,10,-0.1,0.025,21,True
source/12kHz_DE_data/OR/Centered/0021/OR021@6_0.mat,10,-0.1,0.05,21,True
source/12kHz_DE_data/OR/Centered/0021/OR021@6_0.mat,10,-0.1,0.075,21,True
source/12kHz_DE_data/OR/Centered/0021/OR021@6_0.mat,10,-0.05,0.025,22,True
source/12kHz_DE_data/OR/Centered/0021/OR021@6_0.mat,10,-0.05,0.05,22,True
source/12kHz_DE_data/OR/Centered/0021/OR021@6_0.mat,10,-0.05,0.075,22,True
source/12kHz_DE_data/OR/Centered/0021/OR021@6_0.mat,10,0,0.025,23,True
source/12kHz_DE_data/OR/Centered/0021/OR021@6_0.mat,10,0,0.05,23,True
source/12kHz_DE_data/OR/Centered/0021/OR021@6_0.mat,10,0,0.075,23,True
source/12kHz_DE_data/OR/Centered/0021/OR021@6_0.mat,10,0.05,0.025,25,True
source/12kHz_DE_data/OR/Centered/0021/OR021@6_0.mat,10,0.05,0.05,24,True
source/12kHz_DE_data/OR/Centered/0021/OR021@6_0.mat,10,0.05,0.075,24,True
source/12kHz_DE_data/OR/Centered/0021/OR021@6_0.mat,10,0.1,0.025,26,True
source/12kHz_DE_data/OR/Centered/0021/OR021@6_0.mat,10,0.1,0.05,26,True
source/12kHz_DE_data/OR/Centered/0021/OR021@6_0.mat,10,0.1,0.075,25,True
source/12kHz_DE_data/OR/Centered/0021/OR021@6_0.mat,20,-0.1,0.025,10,True
source/12kHz_DE_data/OR/Centered/0021/OR021@6_0.mat,20,-0.1,0.05,10,True
source/12kHz_DE_data/OR/Centered/0021/OR021@6_0.mat,20,-0.1,0.075,10,True
source/12kHz_DE_data/OR/Centered/0021/OR021@6_0.mat,20,-0.05,0.025,11,True
source/12kHz_DE_data/OR/Centered/0021/OR021@6_0.mat,20,-0.05,0.05,11,True
source/12kHz_DE_data/OR/Centered/0021/OR021@6_0.mat,20,-0.05,0.075,11,True
source/12kHz_DE_data/OR/Centered/0021/OR021@6_0.mat,20,0,0.025,11,True
source/12kHz_DE_data/OR/Centered/0021/OR021@6_0.mat,20,0,0.05,11,True
source/12kHz_DE_data/OR/Centered/0021/OR021@6_0.mat,20,0,0.075,11,True
source/12kHz_DE_data/OR/Centered/0021/OR021@6_0.mat,20,0.05,0.025,12,True
source/12kHz_DE_data/OR/Centered/0021/OR021@6_0.mat,20,0.05,0.05,12,True
source/12kHz_DE_data/OR/Centered/0021/OR021@6_0.mat,20,0.05,0.075,12,True
source/12kHz_DE_data/OR/Centered/0021/OR021@6_0.mat,20,0.1,0.025,13,True
source/12kHz_DE_data/OR/Centered/0021/OR021@6_0.mat,20,0.1,0.05,13,True
source/12kHz_DE_data/OR/Centered/0021/OR021@6_0.mat,20,0.1,0.075,12,True
source/12kHz_DE_data/OR/Centered/0021/OR021@6_0.mat,40,-0.1,0.025,5,True
source/12kHz_DE_data/OR/Centered/0021/OR021@6_0.mat,40,-0.1,0.05,5,True
source/12kHz_DE_data/OR/Centered/0021/OR021@6_0.mat,40,-0.1,0.075,5,True
source/12kHz_DE_data/OR/Centered/0021/OR021@6_0.mat,40,-0.05,0.025,5,True
source/12kHz_DE_data/OR/Centered/0021/OR021@6_0.mat,40,-0.05,0.05,5,True
source/12kHz_DE_data/OR/Centered/0021/OR021@6_0.mat,40,-0.05,0.075,5,True
source/12kHz_DE_data/OR/Centered/0021/OR021@6_0.mat,40,0,0.025,5,True
source/12kHz_DE_data/OR/Centered/0021/OR021@6_0.mat,40,0,0.05,5,True
source/12kHz_DE_data/OR/Centered/0021/OR021@6_0.mat,40,0,0.075,5,True
source/12kHz_DE_data/OR/Centered/0021/OR021@6_0.mat,40,0.05,0.025,6,True
source/12kHz_DE_data/OR/Centered/0021/OR021@6_0.mat,40,0.05,0.05,6,True
source/12kHz_DE_data/OR/Centered/0021/OR021@6_0.mat,40,0.05,0.075,6,True
source/12kHz_DE_data/OR/Centered/0021/OR021@6_0.mat,40,0.1,0.025,6,True
source/12kHz_DE_data/OR/Centered/0021/OR021@6_0.mat,40,0.1,0.05,6,True
source/12kHz_DE_data/OR/Centered/0021/OR021@6_0.mat,40,0.1,0.075,6,True
source/12kHz_DE_data/OR/Centered/0021/OR021@6_1.mat,10,-0.1,0.025,21,True
source/12kHz_DE_data/OR/Centered/0021/OR021@6_1.mat,10,-0.1,0.05,20,True
source/12kHz_DE_data/OR/Centered/0021/OR021@6_1.mat,10,-0.1,0.075,20,True
source/12kHz_DE_data/OR/Centered/0021/OR021@6_1.mat,10,-0.05,0.025,22,True
source/12kHz_DE_data/OR/Centered/0021/OR021@6_1.mat,10,-0.05,0.05,22,True
source/12kHz_DE_data/OR/Centered/0021/OR021@6_1.mat,10,-0.05,0.075,22,True
source/12kHz_DE_data/OR/Centered/0021/OR021@6_1.mat,10,0,0.025,23,True
source/12kHz_DE_data/OR/Centered/0021/OR021@6_1.mat,10,0,0.05,23,True
source/12kHz_DE_data/OR/Centered/0021/OR021@6_1.mat,10,0,0.075,23,True
source/12kHz_DE_data/OR/Centered/0021/OR021@6_1.mat,10,0.05,0.025,24,True
source/12kHz_DE_data/OR/Centered/0021/OR021@6_1.mat,10,0.05,0.05,24,True
source/12kHz_DE_data/OR/Centered/0021/OR021@6_1.mat,10,0.05,0.075,24,True
source/12kHz_DE_data/OR/Centered/0021/OR021@6_1.mat,10,0.1,0.025,25,True
source/12kHz_DE_data/OR/Centered/0021/OR021@6_1.mat,10,0.1,0.05,25,True
source/12kHz_DE_data/OR/Centered/0021/OR021@6_1.mat,10,0.1,0.075,25,True
source/12kHz_DE_data/OR/Centered/0021/OR021@6_1.mat,20,-0.1,0.025,10,True
source/12kHz_DE_data/OR/Centered/0021/OR021@6_1.mat,20,-0.1,0.05,10,True
source/12kHz_DE_data/OR/Centered/0021/OR021@6_1.mat,20,-0.1,0.075,10,True
source/12kHz_DE_data/OR/Centered/0021/OR021@6_1.mat,20,-0.05,0.025,11,True
source/12kHz_DE_data/OR/Centered/0021/OR021@6_1.mat,20,-0.05,0.05,11,True
source/12kHz_DE_data/OR/Centered/0021/OR021@6_1.mat,20,-0.05,0.075,11,True
source/12kHz_DE_data/OR/Centered/0021/OR021@6_1.mat,20,0,0.025,11,True
source/12kHz_DE_data/OR/Centered/0021/OR021@6_1.mat,20,0,0.05,11,True
source/12kHz_DE_data/OR/Centered/0021/OR021@6_1.mat,20,0,0.075,11,True
source/12kHz_DE_data/OR/Centered/0021/OR021@6_1.mat,20,0.05,0.025,12,True
source/12kHz_DE_data/OR/Centered/0021/OR021@6_1.mat,20,0.05,0.05,12,True
source/12kHz_DE_data/OR/Centered/0021/OR021@6_1.mat,20,0.05,0.075,12,True
source/12kHz_DE_data/OR/Centered/0021/OR021@6_1.mat,20,0.1,0.025,12,True
source/12kHz_DE_data/OR/Centered/0021/OR021@6_1.mat,20,0.1,0.05,12,True
source/12kHz_DE_data/OR/Centered/0021/OR021@6_1.mat,20,0.1,0.075,12,True
source/12kHz_DE_data/OR/Centered/0021/OR021@6_1.mat,40,-0.1,0.025,5,True
source/12kHz_DE_data/OR/Centered/0021/OR021@6_1.mat,40,-0.1,0.05,5,True
source/12kHz_DE_data/OR/Centered/0021/OR021@6_1.mat,40,-0.1,0.075,5,True
source/12kHz_DE_data/OR/Centered/0021/OR021@6_1.mat,40,-0.05,0.025,5,True
source/12kHz_DE_data/OR/Centered/0021/OR021@6_1.mat,40,-0.05,0.05,5,True
source/12kHz_DE_data/OR/Centered/0021/OR021@6_1.mat,40,-0.05,0.075,5,True
source/12kHz_DE_data/OR/Centered/0021/OR021@6_1.mat,40,0,0.025,5,True
source/12kHz_DE_data/OR/Centered/0021/OR021@6_1.mat,40,0,0.05,5,True
source/12kHz_DE_data/OR/Centered/0021/OR021@6_1.mat,40,0,0.075,5,True
source/12kHz_DE_data/OR/Centered/0021/OR021@6_1.mat,40,0.05,0.025,6,True
source/12kHz_DE_data/OR/Centered/0021/OR021@6_1.mat,40,0.05,0.05,6,True
source/12kHz_DE_data/OR/Centered/0021/OR021@6_1.mat,40,0.05,0.075,6,True
source/12kHz_DE_data/OR/Centered/0021/OR021@6_1.mat,40,0.1,0.025,6,True
source/12kHz_DE_data/OR/Centered/0021/OR021@6_1.mat,40,0.1,0.05,6,True
source/12kHz_DE_data/OR/Centered/0021/OR021@6_1.mat,40,0.1,0.075,6,True
source/12kHz_DE_data/OR/Centered/0021/OR021@6_2.mat,10,-0.1,0.025,20,True
source/12kHz_DE_data/OR/Centered/0021/OR021@6_2.mat,10,-0.1,0.05,20,True
source/12kHz_DE_data/OR/Centered/0021/OR021@6_2.mat,10,-0.1,0.075,20,True
source/12kHz_DE_data/OR/Centered/0021/OR021@6_2.mat,10,-0.05,0.025,21,True
source/12kHz_DE_data/OR/Centered/0021/OR021@6_2.mat,10,-0.05,0.05,21,True
source/12kHz_DE_data/OR/Centered/0021/OR021@6_2.mat,10,-0.05,0.075,21,True
source/12kHz_DE_data/OR/Centered/0021/OR021@6_2.mat,10,0,0.025,23,True
source/12kHz_DE_data/OR/Centered/0021/OR021@6_2.mat,10,0,0.05,23,True
source/12kHz_DE_data/OR/Centered/0021/OR021@6_2.mat,10,0,0.075,22,True
source/12kHz_DE_data/OR/Centered/0021/OR021@6_2.mat,10,0.05,0.025,24,True
source/12kHz_DE_data/OR/Centered/0021/OR021@6_2.mat,10,0.05,0.05,24,True
source/12kHz_DE_data/OR/Centered/0021/OR021@6_2.mat,10,0.05,0.075,24,True
source/12kHz_DE_data/OR/Centered/0021/OR021@6_2.mat,10,0.1,0.025,25,True
source/12kHz_DE_data/OR/Centered/0021/OR021@6_2.mat,10,0.1,0.05,25,True
source/12kHz_DE_data/OR/Centered/0021/OR021@6_2.mat,10,0.1,0.075,25,True
source/12kHz_DE_data/OR/Centered/0021/OR021@6_2.mat,20,-0.1,0.025,10,True
source/12kHz_DE_data/OR/Centered/0021/OR021@6_2.mat,20,-0.1,0.05,10,True
source/12kHz_DE_data/OR/Centered/0021/OR021@6_2.mat,20,-0.1,0.075,10,True
source/12kHz_DE_data/OR/Centered/0021/OR021@6_2.mat,20,-0.05,0.025,11,True
source/12kHz_DE_data/OR/Centered/0021/OR021@6_2.mat,20,-0.05,0.05,10,True
source/12kHz_DE_data/OR/Centered/0021/OR021@6_2.mat,20,-0.05,0.075,10,True
source/12kHz_DE_data/OR/Centered/0021/OR021@6_2.mat,20,0,0.025,11,True
source/12kHz_DE_data/OR/Centered/0021/OR021@6_2.mat,20,0,0.05,11,True
source/12kHz_DE_data/OR/Centered/0021/OR021@6_2.mat,20,0,0.075,11,True
source/12kHz_DE_data/OR/Centered/0021/OR021@6_2.mat,20,0.05,0.025,12,True
source/12kHz_DE_data/OR/Centered/0021/OR021@6_2.mat,20,0.05,0.05,12,True
source/12kHz_DE_data/OR/Centered/0021/OR021@6_2.mat,20,0.05,0.075,12,True
source/12kHz_DE_data/OR/Centered/0021/OR021@6_2.mat,20,0.1,0.025,12,True
source/12kHz_DE_data/OR/Centered/0021/OR021@6_2.mat,20,0.1,0.05,12,True
source/12kHz_DE_data/OR/Centered/0021/OR021@6_2.mat,20,0.1,0.075,12,True
source/12kHz_DE_data/OR/Centered/0021/OR021@6_2.mat,40,-0.1,0.025,5,True
source/12kHz_DE_data/OR/Centered/0021/OR021@6_2.mat,40,-0.1,0.05,5,True
source/12kHz_DE_data/OR/Centered/0021/OR021@6_2.mat,40,-0.1,0.075,5,True
source/12kHz_DE_data/OR/Centered/0021/OR021@6_2.mat,40,-0.05,0.025,5,True
source/12kHz_DE_data/OR/Centered/0021/OR021@6_2.mat,40,-0.05,0.05,5,True
source/12kHz_DE_data/OR/Centered/0021/OR021@6_2.mat,40,-0.05,0.075,5,True
source/12kHz_DE_data/OR/Centered/0021/OR021@6_2.mat,40,0,0.025,5,True
source/12kHz_DE_data/OR/Centered/0021/OR021@6_2.mat,40,0,0.05,5,True
source/12kHz_DE_data/OR/Centered/0021/OR021@6_2.mat,40,0,0.075,5,True
source/12kHz_DE_data/OR/Centered/0021/OR021@6_2.mat,40,0.05,0.025,6,True
source/12kHz_DE_data/OR/Centered/0021/OR021@6_2.mat,40,0.05,0.05,6,True
source/12kHz_DE_data/OR/Centered/0021/OR021@6_2.mat,40,0.05,0.075,6,True
source/12kHz_DE_data/OR/Centered/0021/OR021@6_2.mat,40,0.1,0.025,6,True
source/12kHz_DE_data/OR/Centered/0021/OR021@6_2.mat,40,0.1,0.05,6,True
source/12kHz_DE_data/OR/Centered/0021/OR021@6_2.mat,40,0.1,0.075,6,True
source/12kHz_DE_data/OR/Centered/0021/OR021@6_3.mat,10,-0.1,0.025,20,True
source/12kHz_DE_data/OR/Centered/0021/OR021@6_3.mat,10,-0.1,0.05,20,True
source/12kHz_DE_data/OR/Centered/0021/OR021@6_3.mat,10,-0.1,0.075,20,True
source/12kHz_DE_data/OR/Centered/0021/OR021@6_3.mat,10,-0.05,0.025,21,True
source/12kHz_DE_data/OR/Centered/0021/OR021@6_3.mat,10,-0.05,0.05,21,True
source/12kHz_DE_data/OR/Centered/0021/OR021@6_3.mat,10,-0.05,0.075,21,True
source/12kHz_DE_data/OR/Centered/0021/OR021@6_3.mat,10,0,0.025,22,True
source/12kHz_DE_data/OR/Centered/0021/OR021@6_3.mat,10,0,0.05,22,True
source/12kHz_DE_data/OR/Centered/0021/OR021@6_3.mat,10,0,0.075,22,True
source/12kHz_DE_data/OR/Centered/0021/OR021@6_3.mat,10,0.05,0.025,23,True
source/12kHz_DE_data/OR/Centered/0021/OR021@6_3.mat,10,0.05,0.05,23,True
source/12kHz_DE_data/OR/Centered/0021/OR021@6_3.mat,10,0.05,0.075,23,True
source/12kHz_DE_data/OR/Centered/0021/OR021@6_3.mat,10,0.1,0.025,25,True
source/12kHz_DE_data/OR/Centered/0021/OR021@6_3.mat,10,0.1,0.05,24,True
source/12kHz_DE_data/OR/Centered/0021/OR021@6_3.mat,10,0.1,0.075,24,True
source/12kHz_DE_data/OR/Centered/0021/OR021@6_3.mat,20,-0.1,0.025,10,True
source/12kHz_DE_data/OR/Centered/0021/OR021@6_3.mat,20,-0.1,0.05,10,True
source/12kHz_DE_data/OR/Centered/0021/OR021@6_3.mat,20,-0.1,0.075,10,True
source/12kHz_DE_data/OR/Centered/0021/OR021@6_3.mat,20,-0.05,0.025,10,True
source/12kHz_DE_data/OR/Centered/0021/OR021@6_3.mat,20,-0.05,0.05,10,True
source/12kHz_DE_data/OR/Centered/0021/OR021@6_3.mat,20,-0.05,0.075,10,True
source/12kHz_DE_data/OR/Centered/0021/OR021@6_3.mat,20,0,0.025,11,True
source/12kHz_DE_data/OR/Centered/0021/OR021@6_3.mat,20,0,0.05,11,True
source/12kHz_DE_data/OR/Centered/0021/OR021@6_3.mat,20,0,0.075,11,True
source/12kHz_DE_data/OR/Centered/0021/OR021@6_3.mat,20,0.05,0.025,11,True
source/12kHz_DE_data/OR/Centered/0021/OR021@6_3.mat,20,0.05,0.05,11,True
source/12kHz_DE_data/OR/Centered/0021/OR021@6_3.mat,20,0.05,0.075,11,True
source/12kHz_DE_data/OR/Centered/0021/OR021@6_3.mat,20,0.1,0.025,12,True
source/12kHz_DE_data/OR/Centered/0021/OR021@6_3.mat,20,0.1,0.05,12,True
source/12kHz_DE_data/OR/Centered/0021/OR021@6_3.mat,20,0.1,0.075,12,True
source/12kHz_DE_data/OR/Centered/0021/OR021@6_3.mat,40,-0.1,0.025,5,True
source/12kHz_DE_data/OR/Centered/0021/OR021@6_3.mat,40,-0.1,0.05,5,True
source/12kHz_DE_data/OR/Centered/0021/OR021@6_3.mat,40,-0.1,0.075,5,True
source/12kHz_DE_data/OR/Centered/0021/OR021@6_3.mat,40,-0.05,0.025,5,True
source/12kHz_DE_data/OR/Centered/0021/OR021@6_3.mat,40,-0.05,0.05,5,True
source/12kHz_DE_data/OR/Centered/0021/OR021@6_3.mat,40,-0.05,0.075,5,True
source/12kHz_DE_data/OR/Centered/0021/OR021@6_3.mat,40,0,0.025,5,True
source/12kHz_DE_data/OR/Centered/0021/OR021@6_3.mat,40,0,0.05,5,True
source/12kHz_DE_data/OR/Centered/0021/OR021@6_3.mat,40,0,0.075,5,True
source/12kHz_DE_data/OR/Centered/0021/OR021@6_3.mat,40,0.05,0.025,5,True
source/12kHz_DE_data/OR/Centered/0021/OR021@6_3.mat,40,0.05,0.05,5,True
source/12kHz_DE_data/OR/Centered/0021/OR021@6_3.mat,40,0.05,0.075,5,True
source/12kHz_DE_data/OR/Centered/0021/OR021@6_3.mat,40,0.1,0.025,6,True
source/12kHz_DE_data/OR/Centered/0021/OR021@6_3.mat,40,0.1,0.05,6,True
source/12kHz_DE_data/OR/Centered/0021/OR021@6_3.mat,40,0.1,0.075,6,True
source/12kHz_DE_data/OR/Opposite/0007/OR007@12_0.mat,10,-0.1,0.025,21,True
source/12kHz_DE_data/OR/Opposite/0007/OR007@12_0.mat,10,-0.1,0.05,21,True
source/12kHz_DE_data/OR/Opposite/0007/OR007@12_0.mat,10,-0.1,0.075,21,True
source/12kHz_DE_data/OR/Opposite/0007/OR007@12_0.mat,10,-0.05,0.025,22,True
source/12kHz_DE_data/OR/Opposite/0007/OR007@12_0.mat,10,-0.05,0.05,22,True
source/12kHz_DE_data/OR/Opposite/0007/OR007@12_0.mat,10,-0.05,0.075,22,True
source/12kHz_DE_data/OR/Opposite/0007/OR007@12_0.mat,10,0,0.025,23,True
source/12kHz_DE_data/OR/Opposite/0007/OR007@12_0.mat,10,0,0.05,23,True
source/12kHz_DE_data/OR/Opposite/0007/OR007@12_0.mat,10,0,0.075,23,True
source/12kHz_DE_data/OR/Opposite/0007/OR007@12_0.mat,10,0.05,0.025,25,True
source/12kHz_DE_data/OR/Opposite/0007/OR007@12_0.mat,10,0.05,0.05,24,True
source/12kHz_DE_data/OR/Opposite/0007/OR007@12_0.mat,10,0.05,0.075,24,True
source/12kHz_DE_data/OR/Opposite/0007/OR007@12_0.mat,10,0.1,0.025,26,True
source/12kHz_DE_data/OR/Opposite/0007/OR007@12_0.mat,10,0.1,0.05,26,True
source/12kHz_DE_data/OR/Opposite/0007/OR007@12_0.mat,10,0.1,0.075,25,True
source/12kHz_DE_data/OR/Opposite/0007/OR007@12_0.mat,20,-0.1,0.025,10,True
source/12kHz_DE_data/OR/Opposite/0007/OR007@12_0.mat,20,-0.1,0.05,10,True
source/12kHz_DE_data/OR/Opposite/0007/OR007@12_0.mat,20,-0.1,0.075,10,True
source/12kHz_DE_data/OR/Opposite/0007/OR007@12_0.mat,20,-0.05,0.025,11,True
source/12kHz_DE_data/OR/Opposite/0007/OR007@12_0.mat,20,-0.05,0.05,11,True
source/12kHz_DE_data/OR/Opposite/0007/OR007@12_0.mat,20,-0.05,0.075,11,True
source/12kHz_DE_data/OR/Opposite/0007/OR007@12_0.mat,20,0,0.025,11,True
source/12kHz_DE_data/OR/Opposite/0007/OR007@12_0.mat,20,0,0.05,11,True
source/12kHz_DE_data/OR/Opposite/0007/OR007@12_0.mat,20,0,0.075,11,True
source/12kHz_DE_data/OR/Opposite/0007/OR007@12_0.mat,20,0.05,0.025,12,True
source/12kHz_DE_data/OR/Opposite/0007/OR007@12_0.mat,20,0.05,0.05,12,True
source/12kHz_DE_data/OR/Opposite/0007/OR007@12_0.mat,20,0.05,0.075,12,True
source/12kHz_DE_data/OR/Opposite/0007/OR007@12_0.mat,20,0.1,0.025,13,True
source/12kHz_DE_data/OR/Opposite/0007/OR007@12_0.mat,20,0.1,0.05,13,True
source/12kHz_DE_data/OR/Opposite/0007/OR007@12_0.mat,20,0.1,0.075,12,True
source/12kHz_DE_data/OR/Opposite/0007/OR007@12_0.mat,40,-0.1,0.025,5,True
source/12kHz_DE_data/OR/Opposite/0007/OR007@12_0.mat,40,-0.1,0.05,5,True
source/12kHz_DE_data/OR/Opposite/0007/OR007@12_0.mat,40,-0.1,0.075,5,True
source/12kHz_DE_data/OR/Opposite/0007/OR007@12_0.mat,40,-0.05,0.025,5,True
source/12kHz_DE_data/OR/Opposite/0007/OR007@12_0.mat,40,-0.05,0.05,5,True
source/12kHz_DE_data/OR/Opposite/0007/OR007@12_0.mat,40,-0.05,0.075,5,True
source/12kHz_DE_data/OR/Opposite/0007/OR007@12_0.mat,40,0,0.025,5,True
source/12kHz_DE_data/OR/Opposite/0007/OR007@12_0.mat,40,0,0.05,5,True
source/12kHz_DE_data/OR/Opposite/0007/OR007@12_0.mat,40,0,0.075,5,True
source/12kHz_DE_data/OR/Opposite/0007/OR007@12_0.mat,40,0.05,0.025,6,True
source/12kHz_DE_data/OR/Opposite/0007/OR007@12_0.mat,40,0.05,0.05,6,True
source/12kHz_DE_data/OR/Opposite/0007/OR007@12_0.mat,40,0.05,0.075,6,True
source/12kHz_DE_data/OR/Opposite/0007/OR007@12_0.mat,40,0.1,0.025,6,True
source/12kHz_DE_data/OR/Opposite/0007/OR007@12_0.mat,40,0.1,0.05,6,True
source/12kHz_DE_data/OR/Opposite/0007/OR007@12_0.mat,40,0.1,0.075,6,True
source/12kHz_DE_data/OR/Opposite/0007/OR007@12_1.mat,10,-0.1,0.025,21,True
source/12kHz_DE_data/OR/Opposite/0007/OR007@12_1.mat,10,-0.1,0.05,21,True
source/12kHz_DE_data/OR/Opposite/0007/OR007@12_1.mat,10,-0.1,0.075,20,True
source/12kHz_DE_data/OR/Opposite/0007/OR007@12_1.mat,10,-0.05,0.025,22,True
source/12kHz_DE_data/OR/Opposite/0007/OR007@12_1.mat,10,-0.05,0.05,22,True
source/12kHz_DE_data/OR/Opposite/0007/OR007@12_1.mat,10,-0.05,0.075,22,True
source/12kHz_DE_data/OR/Opposite/0007/OR007@12_1.mat,10,0,0.025,23,True
source/12kHz_DE_data/OR/Opposite/0007/OR007@12_1.mat,10,0,0.05,23,True
source/12kHz_DE_data/OR/Opposite/0007/OR007@12_1.mat,10,0,0.075,23,True
source/12kHz_DE_data/OR/Opposite/0007/OR007@12_1.mat,10,0.05,0.025,24,True
source/12kHz_DE_data/OR/Opposite/0007/OR007@12_1.mat,10,0.05,0.05,24,True
source/12kHz_DE_data/OR/Opposite/0007/OR007@12_1.mat,10,0.05,0.075,24,True
source/12kHz_DE_data/OR/Opposite/0007/OR007@12_1.mat,10,0.1,0.025,25,True
source/12kHz_DE_data/OR/Opposite/0007/OR007@12_1.mat,10,0.1,0.05,25,True
source/12kHz_DE_data/OR/Opposite/0007/OR007@12_1.mat,10,0.1,0.075,25,True
source/12kHz_DE_data/OR/Opposite/0007/OR007@12_1.mat,20,-0.1,0.025,10,True
source/12kHz_DE_data/OR/Opposite/0007/OR007@12_1.mat,20,-0.1,0.05,10,True
source/12kHz_DE_data/OR/Opposite/0007/OR007@12_1.mat,20,-0.1,0.075,10,True
source/12kHz_DE_data/OR/Opposite/0007/OR007@12_1.mat,20,-0.05,0.025,11,True
source/12kHz_DE_data/OR/Opposite/0007/OR007@12_1.mat,20,-0.05,0.05,11,True
source/12kHz_DE_data/OR/Opposite/0007/OR007@12_1.mat,20,-0.05,0.075,11,True
source/12kHz_DE_data/OR/Opposite/0007/OR007@12_1.mat,20,0,0.025,11,True
source/12kHz_DE_data/OR/Opposite/0007/OR007@12_1.mat,20,0,0.05,11,True
source/12kHz_DE_data/OR/Opposite/0007/OR007@12_1.mat,20,0,0.075,11,True
source/12kHz_DE_data/OR/Opposite/0007/OR007@12_1.mat,20,0.05,0.025,12,True
source/12kHz_DE_data/OR/Opposite/0007/OR007@12_1.mat,20,0.05,0.05,12,True
source/12kHz_DE_data/OR/Opposite/0007/OR007@12_1.mat,20,0.05,0.075,12,True
source/12kHz_DE_data/OR/Opposite/0007/OR007@12_1.mat,20,0.1,0.025,12,True
source/12kHz_DE_data/OR/Opposite/0007/OR007@12_1.mat,20,0.1,0.05,12,True
source/12kHz_DE_data/OR/Opposite/0007/OR007@12_1.mat,20,0.1,0.075,12,True
source/12kHz_DE_data/OR/Opposite/0007/OR007@12_1.mat,40,-0.1,0.025,5,True
source/12kHz_DE_data/OR/Opposite/0007/OR007@12_1.mat,40,-0.1,0.05,5,True
source/12kHz_DE_data/OR/Opposite/0007/OR007@12_1.mat,40,-0.1,0.075,5,True
source/12kHz_DE_data/OR/Opposite/0007/OR007@12_1.mat,40,-0.05,0.025,5,True
source/12kHz_DE_data/OR/Opposite/0007/OR007@12_1.mat,40,-0.05,0.05,5,True
source/12kHz_DE_data/OR/Opposite/0007/OR007@12_1.mat,40,-0.05,0.075,5,True
source/12kHz_DE_data/OR/Opposite/0007/OR007@12_1.mat,40,0,0.025,5,True
source/12kHz_DE_data/OR/Opposite/0007/OR007@12_1.mat,40,0,0.05,5,True
source/12kHz_DE_data/OR/Opposite/0007/OR007@12_1.mat,40,0,0.075,5,True
source/12kHz_DE_data/OR/Opposite/0007/OR007@12_1.mat,40,0.05,0.025,6,True
source/12kHz_DE_data/OR/Opposite/0007/OR007@12_1.mat,40,0.05,0.05,6,True
source/12kHz_DE_data/OR/Opposite/0007/OR007@12_1.mat,40,0.05,0.075,6,True
source/12kHz_DE_data/OR/Opposite/0007/OR007@12_1.mat,40,0.1,0.025,6,True
source/12kHz_DE_data/OR/Opposite/0007/OR007@12_1.mat,40,0.1,0.05,6,True
source/12kHz_DE_data/OR/Opposite/0007/OR007@12_1.mat,40,0.1,0.075,6,True
source/12kHz_DE_data/OR/Opposite/0007/OR007@12_2.mat,10,-0.1,0.025,20,True
source/12kHz_DE_data/OR/Opposite/0007/OR007@12_2.mat,10,-0.1,0.05,20,True
source/12kHz_DE_data/OR/Opposite/0007/OR007@12_2.mat,10,-0.1,0.075,20,True
source/12kHz_DE_data/OR/Opposite/0007/OR007@12_2.mat,10,-0.05,0.025,22,True
source/12kHz_DE_data/OR/Opposite/0007/OR007@12_2.mat,10,-0.05,0.05,21,True
source/12kHz_DE_data/OR/Opposite/0007/OR007@12_2.mat,10,-0.05,0.075,21,True
source/12kHz_DE_data/OR/Opposite/0007/OR007@12_2.mat,10,0,0.025,23,True
source/12kHz_DE_data/OR/Opposite/0007/OR007@12_2.mat,10,0,0.05,23,True
source/12kHz_DE_data/OR/Opposite/0007/OR007@12_2.mat,10,0,0.075,22,True
source/12kHz_DE_data/OR/Opposite/0007/OR007@12_2.mat,10,0.05,0.025,24,True
source/12kHz_DE_data/OR/Opposite/0007/OR007@12_2.mat,10,0.05,0.05,24,True
source/12kHz_DE_data/OR/Opposite/0007/OR007@12_2.mat,10,0.05,0.075,24,True
source/12kHz_DE_data/OR/Opposite/0007/OR007@12_2.mat,10,0.1,0.025,25,True
source/12kHz_DE_data/OR/Opposite/0007/OR007@12_2.mat,10,0.1,0.05,25,True
source/12kHz_DE_data/OR/Opposite/0007/OR007@12_2.mat,10,0.1,0.075,25,True
source/12kHz_DE_data/OR/Opposite/0007/OR007@12_2.mat,20,-0.1,0.025,10,True
source/12kHz_DE_data/OR/Opposite/0007/OR007@12_2.mat,20,-0.1,0.05,10,True
source/12kHz_DE_data/OR/Opposite/0007/OR007@12_2.mat,20,-0.1,0.075,10,True
source/12kHz_DE_data/OR/Opposite/0007/OR007@12_2.mat,20,-0.05,0.025,11,True
source/12kHz_DE_data/OR/Opposite/0007/OR007@12_2.mat,20,-0.05,0.05,10,True
source/12kHz_DE_data/OR/Opposite/0007/OR007@12_2.mat,20,-0.05,0.075,10,True
source/12kHz_DE_data/OR/Opposite/0007/OR007@12_2.mat,20,0,0.025,11,True
source/12kHz_DE_data/OR/Opposite/0007/OR007@12_2.mat,20,0,0.05,11,True
source/12kHz_DE_data/OR/Opposite/0007/OR007@12_2.mat,20,0,0.075,11,True
source/12kHz_DE_data/OR/Opposite/0007/OR007@12_2.mat,20,0.05,0.025,12,True
source/12kHz_DE_data/OR/Opposite/0007/OR007@12_2.mat,20,0.05,0.05,12,True
source/12kHz_DE_data/OR/Opposite/0007/OR007@12_2.mat,20,0.05,0.075,12,True
source/12kHz_DE_data/OR/Opposite/0007/OR007@12_2.mat,20,0.1,0.025,12,True
source/12kHz_DE_data/OR/Opposite/0007/OR007@12_2.mat,20,0.1,0.05,12,True
source/12kHz_DE_data/OR/Opposite/0007/OR007@12_2.mat,20,0.1,0.075,12,True
source/12kHz_DE_data/OR/Opposite/0007/OR007@12_2.mat,40,-0.1,0.025,5,True
source/12kHz_DE_data/OR/Opposite/0007/OR007@12_2.mat,40,-0.1,0.05,5,True
source/12kHz_DE_data/OR/Opposite/0007/OR007@12_2.mat,40,-0.1,0.075,5,True
source/12kHz_DE_data/OR/Opposite/0007/OR007@12_2.mat,40,-0.05,0.025,5,True
source/12kHz_DE_data/OR/Opposite/0007/OR007@12_2.mat,40,-0.05,0.05,5,True
source/12kHz_DE_data/OR/Opposite/0007/OR007@12_2.mat,40,-0.05,0.075,5,True
source/12kHz_DE_data/OR/Opposite/0007/OR007@12_2.mat,40,0,0.025,5,True
source/12kHz_DE_data/OR/Opposite/0007/OR007@12_2.mat,40,0,0.05,5,True
source/12kHz_DE_data/OR/Opposite/0007/OR007@12_2.mat,40,0,0.075,5,True
source/12kHz_DE_data/OR/Opposite/0007/OR007@12_2.mat,40,0.05,0.025,6,True
source/12kHz_DE_data/OR/Opposite/0007/OR007@12_2.mat,40,0.05,0.05,6,True
source/12kHz_DE_data/OR/Opposite/0007/OR007@12_2.mat,40,0.05,0.075,6,True
source/12kHz_DE_data/OR/Opposite/0007/OR007@12_2.mat,40,0.1,0.025,6,True
source/12kHz_DE_data/OR/Opposite/0007/OR007@12_2.mat,40,0.1,0.05,6,True
source/12kHz_DE_data/OR/Opposite/0007/OR007@12_2.mat,40,0.1,0.075,6,True
source/12kHz_DE_data/OR/Opposite/0007/OR007@12_3.mat,10,-0.1,0.025,20,True
source/12kHz_DE_data/OR/Opposite/0007/OR007@12_3.mat,10,-0.1,0.05,20,True
source/12kHz_DE_data/OR/Opposite/0007/OR007@12_3.mat,10,-0.1,0.075,20,True
source/12kHz_DE_data/OR/Opposite/0007/OR007@12_3.mat,10,-0.05,0.025,21,True
source/12kHz_DE_data/OR/Opposite/0007/OR007@12_3.mat,10,-0.05,0.05,21,True
source/12kHz_DE_data/OR/Opposite/0007/OR007@12_3.mat,10,-0.05,0.075,21,True
source/12kHz_DE_data/OR/Opposite/0007/OR007@12_3.mat,10,0,0.025,22,True
source/12kHz_DE_data/OR/Opposite/0007/OR007@12_3.mat,10,0,0.05,22,True
source/12kHz_DE_data/OR/Opposite/0007/OR007@12_3.mat,10,0,0.075,22,True
source/12kHz_DE_data/OR/Opposite/0007/OR007@12_3.mat,10,0.05,0.025,23,True
source/12kHz_DE_data/OR/Opposite/0007/OR007@12_3.mat,10,0.05,0.05,23,True
source/12kHz_DE_data/OR/Opposite/0007/OR007@12_3.mat,10,0.05,0.075,23,True
source/12kHz_DE_data/OR/Opposite/0007/OR007@12_3.mat,10,0.1,0.025,25,True
source/12kHz_DE_data/OR/Opposite/0007/OR007@12_3.mat,10,0.1,0.05,24,True
source/12kHz_DE_data/OR/Opposite/0007/OR007@12_3.mat,10,0.1,0.075,24,True
source/12kHz_DE_data/OR/Opposite/0007/OR007@12_3.mat,20,-0.1,0.025,10,True
source/12kHz_DE_data/OR/Opposite/0007/OR007@12_3.mat,20,-0.1,0.05,10,True
source/12kHz_DE_data/OR/Opposite/0007/OR007@12_3.mat,20,-0.1,0.075,10,True
source/12kHz_DE_data/OR/Opposite/0007/OR007@12_3.mat,20,-0.05,0.025,10,True
source/12kHz_DE_data/OR/Opposite/0007/OR007@12_3.mat,20,-0.05,0.05,10,True
source/12kHz_DE_data/OR/Opposite/0007/OR007@12_3.mat,20,-0.05,0.075,10,True
source/12kHz_DE_data/OR/Opposite/0007/OR007@12_3.mat,20,0,0.025,11,True
source/12kHz_DE_data/OR/Opposite/0007/OR007@12_3.mat,20,0,0.05,11,True
source/12kHz_DE_data/OR/Opposite/0007/OR007@12_3.mat,20,0,0.075,11,True
source/12kHz_DE_data/OR/Opposite/0007/OR007@12_3.mat,20,0.05,0.025,11,True
source/12kHz_DE_data/OR/Opposite/0007/OR007@12_3.mat,20,0.05,0.05,11,True
source/12kHz_DE_data/OR/Opposite/0007/OR007@12_3.mat,20,0.05,0.075,11,True
source/12kHz_DE_data/OR/Opposite/0007/OR007@12_3.mat,20,0.1,0.025,12,True
source/12kHz_DE_data/OR/Opposite/0007/OR007@12_3.mat,20,0.1,0.05,12,True
source/12kHz_DE_data/OR/Opposite/0007/OR007@12_3.mat,20,0.1,0.075,12,True
source/12kHz_DE_data/OR/Opposite/0007/OR007@12_3.mat,40,-0.1,0.025,5,True
source/12kHz_DE_data/OR/Opposite/0007/OR007@12_3.mat,40,-0.1,0.05,5,True
source/12kHz_DE_data/OR/Opposite/0007/OR007@12_3.mat,40,-0.1,0.075,5,True
source/12kHz_DE_data/OR/Opposite/0007/OR007@12_3.mat,40,-0.05,0.025,5,True
source/12kHz_DE_data/OR/Opposite/0007/OR007@12_3.mat,40,-0.05,0.05,5,True
source/12kHz_DE_data/OR/Opposite/0007/OR007@12_3.mat,40,-0.05,0.075,5,True
source/12kHz_DE_data/OR/Opposite/0007/OR007@12_3.mat,40,0,0.025,5,True
source/12kHz_DE_data/OR/Opposite/0007/OR007@12_3.mat,40,0,0.05,5,True
source/12kHz_DE_data/OR/Opposite/0007/OR007@12_3.mat,40,0,0.075,5,True
source/12kHz_DE_data/OR/Opposite/0007/OR007@12_3.mat,40,0.05,0.025,5,True
source/12kHz_DE_data/OR/Opposite/0007/OR007@12_3.mat,40,0.05,0.05,5,True
source/12kHz_DE_data/OR/Opposite/0007/OR007@12_3.mat,40,0.05,0.075,5,True
source/12kHz_DE_data/OR/Opposite/0007/OR007@12_3.mat,40,0.1,0.025,6,True
source/12kHz_DE_data/OR/Opposite/0007/OR007@12_3.mat,40,0.1,0.05,6,True
source/12kHz_DE_data/OR/Opposite/0007/OR007@12_3.mat,40,0.1,0.075,6,True
source/12kHz_DE_data/OR/Opposite/0021/OR021@12_0.mat,10,-0.1,0.025,21,True
source/12kHz_DE_data/OR/Opposite/0021/OR021@12_0.mat,10,-0.1,0.05,21,True
source/12kHz_DE_data/OR/Opposite/0021/OR021@12_0.mat,10,-0.1,0.075,21,True
source/12kHz_DE_data/OR/Opposite/0021/OR021@12_0.mat,10,-0.05,0.025,22,True
source/12kHz_DE_data/OR/Opposite/0021/OR021@12_0.mat,10,-0.05,0.05,22,True
source/12kHz_DE_data/OR/Opposite/0021/OR021@12_0.mat,10,-0.05,0.075,22,True
source/12kHz_DE_data/OR/Opposite/0021/OR021@12_0.mat,10,0,0.025,23,True
source/12kHz_DE_data/OR/Opposite/0021/OR021@12_0.mat,10,0,0.05,23,True
source/12kHz_DE_data/OR/Opposite/0021/OR021@12_0.mat,10,0,0.075,23,True
source/12kHz_DE_data/OR/Opposite/0021/OR021@12_0.mat,10,0.05,0.025,25,True
source/12kHz_DE_data/OR/Opposite/0021/OR021@12_0.mat,10,0.05,0.05,24,True
source/12kHz_DE_data/OR/Opposite/0021/OR021@12_0.mat,10,0.05,0.075,24,True
source/12kHz_DE_data/OR/Opposite/0021/OR021@12_0.mat,10,0.1,0.025,26,True
source/12kHz_DE_data/OR/Opposite/0021/OR021@12_0.mat,10,0.1,0.05,26,True
source/12kHz_DE_data/OR/Opposite/0021/OR021@12_0.mat,10,0.1,0.075,25,True
source/12kHz_DE_data/OR/Opposite/0021/OR021@12_0.mat,20,-0.1,0.025,10,True
source/12kHz_DE_data/OR/Opposite/0021/OR021@12_0.mat,20,-0.1,0.05,10,True
source/12kHz_DE_data/OR/Opposite/0021/OR021@12_0.mat,20,-0.1,0.075,10,True
source/12kHz_DE_data/OR/Opposite/0021/OR021@12_0.mat,20,-0.05,0.025,11,True
source/12kHz_DE_data/OR/Opposite/0021/OR021@12_0.mat,20,-0.05,0.05,11,True
source/12kHz_DE_data/OR/Opposite/0021/OR021@12_0.mat,20,-0.05,0.075,11,True
source/12kHz_DE_data/OR/Opposite/0021/OR021@12_0.mat,20,0,0.025,11,True
source/12kHz_DE_data/OR/Opposite/0021/OR021@12_0.mat,20,0,0.05,11,True
source/12kHz_DE_data/OR/Opposite/0021/OR021@12_0.mat,20,0,0.075,11,True
source/12kHz_DE_data/OR/Opposite/0021/OR021@12_0.mat,20,0.05,0.025,12,True
source/12kHz_DE_data/OR/Opposite/0021/OR021@12_0.mat,20,0.05,0.05,12,True
source/12kHz_DE_data/OR/Opposite/0021/OR021@12_0.mat,20,0.05,0.075,12,True
source/12kHz_DE_data/OR/Opposite/0021/OR021@12_0.mat,20,0.1,0.025,13,True
source/12kHz_DE_data/OR/Opposite/0021/OR021@12_0.mat,20,0.1,0.05,13,True
source/12kHz_DE_data/OR/Opposite/0021/OR021@12_0.mat,20,0.1,0.075,12,True
source/12kHz_DE_data/OR/Opposite/0021/OR021@12_0.mat,40,-0.1,0.025,5,True
source/12kHz_DE_data/OR/Opposite/0021/OR021@12_0.mat,40,-0.1,0.05,5,True
source/12kHz_DE_data/OR/Opposite/0021/OR021@12_0.mat,40,-0.1,0.075,5,True
source/12kHz_DE_data/OR/Opposite/0021/OR021@12_0.mat,40,-0.05,0.025,5,True
source/12kHz_DE_data/OR/Opposite/0021/OR021@12_0.mat,40,-0.05,0.05,5,True
source/12kHz_DE_data/OR/Opposite/0021/OR021@12_0.mat,40,-0.05,0.075,5,True
source/12kHz_DE_data/OR/Opposite/0021/OR021@12_0.mat,40,0,0.025,5,True
source/12kHz_DE_data/OR/Opposite/0021/OR021@12_0.mat,40,0,0.05,5,True
source/12kHz_DE_data/OR/Opposite/0021/OR021@12_0.mat,40,0,0.075,5,True
source/12kHz_DE_data/OR/Opposite/0021/OR021@12_0.mat,40,0.05,0.025,6,True
source/12kHz_DE_data/OR/Opposite/0021/OR021@12_0.mat,40,0.05,0.05,6,True
source/12kHz_DE_data/OR/Opposite/0021/OR021@12_0.mat,40,0.05,0.075,6,True
source/12kHz_DE_data/OR/Opposite/0021/OR021@12_0.mat,40,0.1,0.025,6,True
source/12kHz_DE_data/OR/Opposite/0021/OR021@12_0.mat,40,0.1,0.05,6,True
source/12kHz_DE_data/OR/Opposite/0021/OR021@12_0.mat,40,0.1,0.075,6,True
source/12kHz_DE_data/OR/Opposite/0021/OR021@12_1.mat,10,-0.1,0.025,21,True
source/12kHz_DE_data/OR/Opposite/0021/OR021@12_1.mat,10,-0.1,0.05,20,True
source/12kHz_DE_data/OR/Opposite/0021/OR021@12_1.mat,10,-0.1,0.075,20,True
source/12kHz_DE_data/OR/Opposite/0021/OR021@12_1.mat,10,-0.05,0.025,22,True
source/12kHz_DE_data/OR/Opposite/0021/OR021@12_1.mat,10,-0.05,0.05,22,True
source/12kHz_DE_data/OR/Opposite/0021/OR021@12_1.mat,10,-0.05,0.075,22,True
source/12kHz_DE_data/OR/Opposite/0021/OR021@12_1.mat,10,0,0.025,23,True
source/12kHz_DE_data/OR/Opposite/0021/OR021@12_1.mat,10,0,0.05,23,True
source/12kHz_DE_data/OR/Opposite/0021/OR021@12_1.mat,10,0,0.075,23,True
source/12kHz_DE_data/OR/Opposite/0021/OR021@12_1.mat,10,0.05,0.025,24,True
source/12kHz_DE_data/OR/Opposite/0021/OR021@12_1.mat,10,0.05,0.05,24,True
source/12kHz_DE_data/OR/Opposite/0021/OR021@12_1.mat,10,0.05,0.075,24,True
source/12kHz_DE_data/OR/Opposite/0021/OR021@12_1.mat,10,0.1,0.025,25,True
source/12kHz_DE_data/OR/Opposite/0021/OR021@12_1.mat,10,0.1,0.05,25,True
source/12kHz_DE_data/OR/Opposite/0021/OR021@12_1.mat,10,0.1,0.075,25,True
source/12kHz_DE_data/OR/Opposite/0021/OR021@12_1.mat,20,-0.1,0.025,10,True
source/12kHz_DE_data/OR/Opposite/0021/OR021@12_1.mat,20,-0.1,0.05,10,True
source/12kHz_DE_data/OR/Opposite/0021/OR021@12_1.mat,20,-0.1,0.075,10,True
source/12kHz_DE_data/OR/Opposite/0021/OR021@12_1.mat,20,-0.05,0.025,11,True
source/12kHz_DE_data/OR/Opposite/0021/OR021@12_1.mat,20,-0.05,0.05,11,True
source/12kHz_DE_data/OR/Opposite/0021/OR021@12_1.mat,20,-0.05,0.075,11,True
source/12kHz_DE_data/OR/Opposite/0021/OR021@12_1.mat,20,0,0.025,11,True
source/12kHz_DE_data/OR/Opposite/0021/OR021@12_1.mat,20,0,0.05,11,True
source/12kHz_DE_data/OR/Opposite/0021/OR021@12_1.mat,20,0,0.075,11,True
source/12kHz_DE_data/OR/Opposite/0021/OR021@12_1.mat,20,0.05,0.025,12,True
source/12kHz_DE_data/OR/Opposite/0021/OR021@12_1.mat,20,0.05,0.05,12,True
source/12kHz_DE_data/OR/Opposite/0021/OR021@12_1.mat,20,0.05,0.075,12,True
source/12kHz_DE_data/OR/Opposite/0021/OR021@12_1.mat,20,0.1,0.025,12,True
source/12kHz_DE_data/OR/Opposite/0021/OR021@12_1.mat,20,0.1,0.05,12,True
source/12kHz_DE_data/OR/Opposite/0021/OR021@12_1.mat,20,0.1,0.075,12,True
source/12kHz_DE_data/OR/Opposite/0021/OR021@12_1.mat,40,-0.1,0.025,5,True
source/12kHz_DE_data/OR/Opposite/0021/OR021@12_1.mat,40,-0.1,0.05,5,True
source/12kHz_DE_data/OR/Opposite/0021/OR021@12_1.mat,40,-0.1,0.075,5,True
source/12kHz_DE_data/OR/Opposite/0021/OR021@12_1.mat,40,-0.05,0.025,5,True
source/12kHz_DE_data/OR/Opposite/0021/OR021@12_1.mat,40,-0.05,0.05,5,True
source/12kHz_DE_data/OR/Opposite/0021/OR021@12_1.mat,40,-0.05,0.075,5,True
source/12kHz_DE_data/OR/Opposite/0021/OR021@12_1.mat,40,0,0.025,5,True
source/12kHz_DE_data/OR/Opposite/0021/OR021@12_1.mat,40,0,0.05,5,True
source/12kHz_DE_data/OR/Opposite/0021/OR021@12_1.mat,40,0,0.075,5,True
source/12kHz_DE_data/OR/Opposite/0021/OR021@12_1.mat,40,0.05,0.025,6,True
source/12kHz_DE_data/OR/Opposite/0021/OR021@12_1.mat,40,0.05,0.05,6,True
source/12kHz_DE_data/OR/Opposite/0021/OR021@12_1.mat,40,0.05,0.075,6,True
source/12kHz_DE_data/OR/Opposite/0021/OR021@12_1.mat,40,0.1,0.025,6,True
source/12kHz_DE_data/OR/Opposite/0021/OR021@12_1.mat,40,0.1,0.05,6,True
source/12kHz_DE_data/OR/Opposite/0021/OR021@12_1.mat,40,0.1,0.075,6,True
source/12kHz_DE_data/OR/Opposite/0021/OR021@12_2.mat,10,-0.1,0.025,20,True
source/12kHz_DE_data/OR/Opposite/0021/OR021@12_2.mat,10,-0.1,0.05,20,True
source/12kHz_DE_data/OR/Opposite/0021/OR021@12_2.mat,10,-0.1,0.075,20,True
source/12kHz_DE_data/OR/Opposite/0021/OR021@12_2.mat,10,-0.05,0.025,21,True
source/12kHz_DE_data/OR/Opposite/0021/OR021@12_2.mat,10,-0.05,0.05,21,True
source/12kHz_DE_data/OR/Opposite/0021/OR021@12_2.mat,10,-0.05,0.075,21,True
source/12kHz_DE_data/OR/Opposite/0021/OR021@12_2.mat,10,0,0.025,23,True
source/12kHz_DE_data/OR/Opposite/0021/OR021@12_2.mat,10,0,0.05,22,True
source/12kHz_DE_data/OR/Opposite/0021/OR021@12_2.mat,10,0,0.075,22,True
source/12kHz_DE_data/OR/Opposite/0021/OR021@12_2.mat,10,0.05,0.025,24,True
source/12kHz_DE_data/OR/Opposite/0021/OR021@12_2.mat,10,0.05,0.05,24,True
source/12kHz_DE_data/OR/Opposite/0021/OR021@12_2.mat,10,0.05,0.075,23,True
source/12kHz_DE_data/OR/Opposite/0021/OR021@12_2.mat,10,0.1,0.025,25,True
source/12kHz_DE_data/OR/Opposite/0021/OR021@12_2.mat,10,0.1,0.05,25,True
source/12kHz_DE_data/OR/Opposite/0021/OR021@12_2.mat,10,0.1,0.075,25,True
source/12kHz_DE_data/OR/Opposite/0021/OR021@12_2.mat,20,-0.1,0.025,10,True
source/12kHz_DE_data/OR/Opposite/0021/OR021@12_2.mat,20,-0.1,0.05,10,True
source/12kHz_DE_data/OR/Opposite/0021/OR021@12_2.mat,20,-0.1,0.075,10,True
source/12kHz_DE_data/OR/Opposite/0021/OR021@12_2.mat,20,-0.05,0.025,10,True
source/12kHz_DE_data/OR/Opposite/0021/OR021@12_2.mat,20,-0.05,0.05,10,True
source/12kHz_DE_data/OR/Opposite/0021/OR021@12_2.mat,20,-0.05,0.075,10,True
source/12kHz_DE_data/OR/Opposite/0021/OR021@12_2.mat,20,0,0.025,11,True
source/12kHz_DE_data/OR/Opposite/0021/OR021@12_2.mat,20,0,0.05,11,True
source/12kHz_DE_data/OR/Opposite/0021/OR021@12_2.mat,20,0,0.075,11,True
source/12kHz_DE_data/OR/Opposite/0021/OR021@12_2.mat,20,0.05,0.025,12,True
source/12kHz_DE_data/OR/Opposite/0021/OR021@12_2.mat,20,0.05,0.05,12,True
source/12kHz_DE_data/OR/Opposite/0021/OR021@12_2.mat,20,0.05,0.075,11,True
source/12kHz_DE_data/OR/Opposite/0021/OR021@12_2.mat,20,0.1,0.025,12,True
source/12kHz_DE_data/OR/Opposite/0021/OR021@12_2.mat,20,0.1,0.05,12,True
source/12kHz_DE_data/OR/Opposite/0021/OR021@12_2.mat,20,0.1,0.075,12,True
source/12kHz_DE_data/OR/Opposite/0021/OR021@12_2.mat,40,-0.1,0.025,5,True
source/12kHz_DE_data/OR/Opposite/0021/OR021@12_2.mat,40,-0.1,0.05,5,True
source/12kHz_DE_data/OR/Opposite/0021/OR021@12_2.mat,40,-0.1,0.075,5,True
source/12kHz_DE_data/OR/Opposite/0021/OR021@12_2.mat,40,-0.05,0.025,5,True
source/12kHz_DE_data/OR/Opposite/0021/OR021@12_2.mat,40,-0.05,0.05,5,True
source/12kHz_DE_data/OR/Opposite/0021/OR021@12_2.mat,40,-0.05,0.075,5,True
source/12kHz_DE_data/OR/Opposite/0021/OR021@12_2.mat,40,0,0.025,5,True
source/12kHz_DE_data/OR/Opposite/0021/OR021@12_2.mat,40,0,0.05,5,True
source/12kHz_DE_data/OR/Opposite/0021/OR021@12_2.mat,40,0,0.075,5,True
source/12kHz_DE_data/OR/Opposite/0021/OR021@12_2.mat,40,0.05,0.025,6,True
source/12kHz_DE_data/OR/Opposite/0021/OR021@12_2.mat,40,0.05,0.05,6,True
source/12kHz_DE_data/OR/Opposite/0021/OR021@12_2.mat,40,0.05,0.075,5,True
source/12kHz_DE_data/OR/Opposite/0021/OR021@12_2.mat,40,0.1,0.025,6,True
source/12kHz_DE_data/OR/Opposite/0021/OR021@12_2.mat,40,0.1,0.05,6,True
source/12kHz_DE_data/OR/Opposite/0021/OR021@12_2.mat,40,0.1,0.075,6,True
source/12kHz_DE_data/OR/Opposite/0021/OR021@12_3.mat,10,-0.1,0.025,20,True
source/12kHz_DE_data/OR/Opposite/0021/OR021@12_3.mat,10,-0.1,0.05,20,True
source/12kHz_DE_data/OR/Opposite/0021/OR021@12_3.mat,10,-0.1,0.075,20,True
source/12kHz_DE_data/OR/Opposite/0021/OR021@12_3.mat,10,-0.05,0.025,21,True
source/12kHz_DE_data/OR/Opposite/0021/OR021@12_3.mat,10,-0.05,0.05,21,True
source/12kHz_DE_data/OR/Opposite/0021/OR021@12_3.mat,10,-0.05,0.075,21,True
source/12kHz_DE_data/OR/Opposite/0021/OR021@12_3.mat,10,0,0.025,22,True
source/12kHz_DE_data/OR/Opposite/0021/OR021@12_3.mat,10,0,0.05,22,True
source/12kHz_DE_data/OR/Opposite/0021/OR021@12_3.mat,10,0,0.075,22,True
source/12kHz_DE_data/OR/Opposite/0021/OR021@12_3.mat,10,0.05,0.025,23,True
source/12kHz_DE_data/OR/Opposite/0021/OR021@12_3.mat,10,0.05,0.05,23,True
source/12kHz_DE_data/OR/Opposite/0021/OR021@12_3.mat,10,0.05,0.075,23,True
source/12kHz_DE_data/OR/Opposite/0021/OR021@12_3.mat,10,0.1,0.025,25,True
source/12kHz_DE_data/OR/Opposite/0021/OR021@12_3.mat,10,0.1,0.05,24,True
source/12kHz_DE_data/OR/Opposite/0021/OR021@12_3.mat,10,0.1,0.075,24,True
source/12kHz_DE_data/OR/Opposite/0021/OR021@12_3.mat,20,-0.1,0.025,10,True
source/12kHz_DE_data/OR/Opposite/0021/OR021@12_3.mat,20,-0.1,0.05,10,True
source/12kHz_DE_data/OR/Opposite/0021/OR021@12_3.mat,20,-0.1,0.075,10,True
source/12kHz_DE_data/OR/Opposite/0021/OR021@12_3.mat,20,-0.05,0.025,10,True
source/12kHz_DE_data/OR/Opposite/0021/OR021@12_3.mat,20,-0.05,0.05,10,True
source/12kHz_DE_data/OR/Opposite/0021/OR021@12_3.mat,20,-0.05,0.075,10,True
source/12kHz_DE_data/OR/Opposite/0021/OR021@12_3.mat,20,0,0.025,11,True
source/12kHz_DE_data/OR/Opposite/0021/OR021@12_3.mat,20,0,0.05,11,True
source/12kHz_DE_data/OR/Opposite/0021/OR021@12_3.mat,20,0,0.075,11,True
source/12kHz_DE_data/OR/Opposite/0021/OR021@12_3.mat,20,0.05,0.025,11,True
source/12kHz_DE_data/OR/Opposite/0021/OR021@12_3.mat,20,0.05,0.05,11,True
source/12kHz_DE_data/OR/Opposite/0021/OR021@12_3.mat,20,0.05,0.075,11,True
source/12kHz_DE_data/OR/Opposite/0021/OR021@12_3.mat,20,0.1,0.025,12,True
source/12kHz_DE_data/OR/Opposite/0021/OR021@12_3.mat,20,0.1,0.05,12,True
source/12kHz_DE_data/OR/Opposite/0021/OR021@12_3.mat,20,0.1,0.075,12,True
source/12kHz_DE_data/OR/Opposite/0021/OR021@12_3.mat,40,-0.1,0.025,5,True
source/12kHz_DE_data/OR/Opposite/0021/OR021@12_3.mat,40,-0.1,0.05,5,True
source/12kHz_DE_data/OR/Opposite/0021/OR021@12_3.mat,40,-0.1,0.075,5,True
source/12kHz_DE_data/OR/Opposite/0021/OR021@12_3.mat,40,-0.05,0.025,5,True
source/12kHz_DE_data/OR/Opposite/0021/OR021@12_3.mat,40,-0.05,0.05,5,True
source/12kHz_DE_data/OR/Opposite/0021/OR021@12_3.mat,40,-0.05,0.075,5,True
source/12kHz_DE_data/OR/Opposite/0021/OR021@12_3.mat,40,0,0.025,5,True
source/12kHz_DE_data/OR/Opposite/0021/OR021@12_3.mat,40,0,0.05,5,True
source/12kHz_DE_data/OR/Opposite/0021/OR021@12_3.mat,40,0,0.075,5,True
source/12kHz_DE_data/OR/Opposite/0021/OR021@12_3.mat,40,0.05,0.025,5,True
source/12kHz_DE_data/OR/Opposite/0021/OR021@12_3.mat,40,0.05,0.05,5,True
source/12kHz_DE_data/OR/Opposite/0021/OR021@12_3.mat,40,0.05,0.075,5,True
source/12kHz_DE_data/OR/Opposite/0021/OR021@12_3.mat,40,0.1,0.025,6,True
source/12kHz_DE_data/OR/Opposite/0021/OR021@12_3.mat,40,0.1,0.05,6,True
source/12kHz_DE_data/OR/Opposite/0021/OR021@12_3.mat,40,0.1,0.075,6,True
source/12kHz_DE_data/OR/Orthogonal/0007/OR007@3_0.mat,10,-0.1,0.025,21,True
source/12kHz_DE_data/OR/Orthogonal/0007/OR007@3_0.mat,10,-0.1,0.05,21,True
source/12kHz_DE_data/OR/Orthogonal/0007/OR007@3_0.mat,10,-0.1,0.075,21,True
source/12kHz_DE_data/OR/Orthogonal/0007/OR007@3_0.mat,10,-0.05,0.025,22,True
source/12kHz_DE_data/OR/Orthogonal/0007/OR007@3_0.mat,10,-0.05,0.05,22,True
source/12kHz_DE_data/OR/Orthogonal/0007/OR007@3_0.mat,10,-0.05,0.075,22,True
source/12kHz_DE_data/OR/Orthogonal/0007/OR007@3_0.mat,10,0,0.025,23,True
source/12kHz_DE_data/OR/Orthogonal/0007/OR007@3_0.mat,10,0,0.05,23,True
source/12kHz_DE_data/OR/Orthogonal/0007/OR007@3_0.mat,10,0,0.075,23,True
source/12kHz_DE_data/OR/Orthogonal/0007/OR007@3_0.mat,10,0.05,0.025,25,True
source/12kHz_DE_data/OR/Orthogonal/0007/OR007@3_0.mat,10,0.05,0.05,24,True
source/12kHz_DE_data/OR/Orthogonal/0007/OR007@3_0.mat,10,0.05,0.075,24,True
source/12kHz_DE_data/OR/Orthogonal/0007/OR007@3_0.mat,10,0.1,0.025,26,True
source/12kHz_DE_data/OR/Orthogonal/0007/OR007@3_0.mat,10,0.1,0.05,26,True
source/12kHz_DE_data/OR/Orthogonal/0007/OR007@3_0.mat,10,0.1,0.075,25,True
source/12kHz_DE_data/OR/Orthogonal/0007/OR007@3_0.mat,20,-0.1,0.025,10,True
source/12kHz_DE_data/OR/Orthogonal/0007/OR007@3_0.mat,20,-0.1,0.05,10,True
source/12kHz_DE_data/OR/Orthogonal/0007/OR007@3_0.mat,20,-0.1,0.075,10,True
source/12kHz_DE_data/OR/Orthogonal/0007/OR007@3_0.mat,20,-0.05,0.025,11,True
source/12kHz_DE_data/OR/Orthogonal/0007/OR007@3_0.mat,20,-0.05,0.05,11,True
source/12kHz_DE_data/OR/Orthogonal/0007/OR007@3_0.mat,20,-0.05,0.075,11,True
source/12kHz_DE_data/OR/Orthogonal/0007/OR007@3_0.mat,20,0,0.025,11,True
source/12kHz_DE_data/OR/Orthogonal/0007/OR007@3_0.mat,20,0,0.05,11,True
source/12kHz_DE_data/OR/Orthogonal/0007/OR007@3_0.mat,20,0,0.075,11,True
source/12kHz_DE_data/OR/Orthogonal/0007/OR007@3_0.mat,20,0.05,0.025,12,True
source/12kHz_DE_data/OR/Orthogonal/0007/OR007@3_0.mat,20,0.05,0.05,12,True
source/12kHz_DE_data/OR/Orthogonal/0007/OR007@3_0.mat,20,0.05,0.075,12,True
source/12kHz_DE_data/OR/Orthogonal/0007/OR007@3_0.mat,20,0.1,0.025,13,True
source/12kHz_DE_data/OR/Orthogonal/0007/OR007@3_0.mat,20,0.1,0.05,13,True
source/12kHz_DE_data/OR/Orthogonal/0007/OR007@3_0.mat,20,0.1,0.075,12,True
source/12kHz_DE_data/OR/Orthogonal/0007/OR007@3_0.mat,40,-0.1,0.025,5,True
source/12kHz_DE_data/OR/Orthogonal/0007/OR007@3_0.mat,40,-0.1,0.05,5,True
source/12kHz_DE_data/OR/Orthogonal/0007/OR007@3_0.mat,40,-0.1,0.075,5,True
source/12kHz_DE_data/OR/Orthogonal/0007/OR007@3_0.mat,40,-0.05,0.025,5,True
source/12kHz_DE_data/OR/Orthogonal/0007/OR007@3_0.mat,40,-0.05,0.05,5,True
source/12kHz_DE_data/OR/Orthogonal/0007/OR007@3_0.mat,40,-0.05,0.075,5,True
source/12kHz_DE_data/OR/Orthogonal/0007/OR007@3_0.mat,40,0,0.025,5,True
source/12kHz_DE_data/OR/Orthogonal/0007/OR007@3_0.mat,40,0,0.05,5,True
source/12kHz_DE_data/OR/Orthogonal/0007/OR007@3_0.mat,40,0,0.075,5,True
source/12kHz_DE_data/OR/Orthogonal/0007/OR007@3_0.mat,40,0.05,0.025,6,True
source/12kHz_DE_data/OR/Orthogonal/0007/OR007@3_0.mat,40,0.05,0.05,6,True
source/12kHz_DE_data/OR/Orthogonal/0007/OR007@3_0.mat,40,0.05,0.075,6,True
source/12kHz_DE_data/OR/Orthogonal/0007/OR007@3_0.mat,40,0.1,0.025,6,True
source/12kHz_DE_data/OR/Orthogonal/0007/OR007@3_0.mat,40,0.1,0.05,6,True
source/12kHz_DE_data/OR/Orthogonal/0007/OR007@3_0.mat,40,0.1,0.075,6,True
source/12kHz_DE_data/OR/Orthogonal/0007/OR007@3_1.mat,10,-0.1,0.025,21,True
source/12kHz_DE_data/OR/Orthogonal/0007/OR007@3_1.mat,10,-0.1,0.05,21,True
source/12kHz_DE_data/OR/Orthogonal/0007/OR007@3_1.mat,10,-0.1,0.075,20,True
source/12kHz_DE_data/OR/Orthogonal/0007/OR007@3_1.mat,10,-0.05,0.025,22,True
source/12kHz_DE_data/OR/Orthogonal/0007/OR007@3_1.mat,10,-0.05,0.05,22,True
source/12kHz_DE_data/OR/Orthogonal/0007/OR007@3_1.mat,10,-0.05,0.075,22,True
source/12kHz_DE_data/OR/Orthogonal/0007/OR007@3_1.mat,10,0,0.025,23,True
source/12kHz_DE_data/OR/Orthogonal/0007/OR007@3_1.mat,10,0,0.05,23,True
source/12kHz_DE_data/OR/Orthogonal/0007/OR007@3_1.mat,10,0,0.075,23,True
source/12kHz_DE_data/OR/Orthogonal/0007/OR007@3_1.mat,10,0.05,0.025,24,True
source/12kHz_DE_data/OR/Orthogonal/0007/OR007@3_1.mat,10,0.05,0.05,24,True
source/12kHz_DE_data/OR/Orthogonal/0007/OR007@3_1.mat,10,0.05,0.075,24,True
source/12kHz_DE_data/OR/Orthogonal/0007/OR007@3_1.mat,10,0.1,0.025,25,True
source/12kHz_DE_data/OR/Orthogonal/0007/OR007@3_1.mat,10,0.1,0.05,25,True
source/12kHz_DE_data/OR/Orthogonal/0007/OR007@3_1.mat,10,0.1,0.075,25,True
source/12kHz_DE_data/OR/Orthogonal/0007/OR007@3_1.mat,20,-0.1,0.025,10,True
source/12kHz_DE_data/OR/Orthogonal/0007/OR007@3_1.mat,20,-0.1,0.05,10,True
source/12kHz_DE_data/OR/Orthogonal/0007/OR007@3_1.mat,20,-0.1,0.075,10,True
source/12kHz_DE_data/OR/Orthogonal/0007/OR007@3_1.mat,20,-0.05,0.025,11,True
source/12kHz_DE_data/OR/Orthogonal/0007/OR007@3_1.mat,20,-0.05,0.05,11,True
source/12kHz_DE_data/OR/Orthogonal/0007/OR007@3_1.mat,20,-0.05,0.075,11,True
source/12kHz_DE_data/OR/Orthogonal/0007/OR007@3_1.mat,20,0,0.025,11,True
source/12kHz_DE_data/OR/Orthogonal/0007/OR007@3_1.mat,20,0,0.05,11,True
source/12kHz_DE_data/OR/Orthogonal/0007/OR007@3_1.mat,20,0,0.075,11,True
source/12kHz_DE_data/OR/Orthogonal/0007/OR007@3_1.mat,20,0.05,0.025,12,True
source/12kHz_DE_data/OR/Orthogonal/0007/OR007@3_1.mat,20,0.05,0.05,12,True
source/12kHz_DE_data/OR/Orthogonal/0007/OR007@3_1.mat,20,0.05,0.075,12,True
source/12kHz_DE_data/OR/Orthogonal/0007/OR007@3_1.mat,20,0.1,0.025,12,True
source/12kHz_DE_data/OR/Orthogonal/0007/OR007@3_1.mat,20,0.1,0.05,12,True
source/12kHz_DE_data/OR/Orthogonal/0007/OR007@3_1.mat,20,0.1,0.075,12,True
source/12kHz_DE_data/OR/Orthogonal/0007/OR007@3_1.mat,40,-0.1,0.025,5,True
source/12kHz_DE_data/OR/Orthogonal/0007/OR007@3_1.mat,40,-0.1,0.05,5,True
source/12kHz_DE_data/OR/Orthogonal/0007/OR007@3_1.mat,40,-0.1,0.075,5,True
source/12kHz_DE_data/OR/Orthogonal/0007/OR007@3_1.mat,40,-0.05,0.025,5,True
source/12kHz_DE_data/OR/Orthogonal/0007/OR007@3_1.mat,40,-0.05,0.05,5,True
source/12kHz_DE_data/OR/Orthogonal/0007/OR007@3_1.mat,40,-0.05,0.075,5,True
source/12kHz_DE_data/OR/Orthogonal/0007/OR007@3_1.mat,40,0,0.025,5,True
source/12kHz_DE_data/OR/Orthogonal/0007/OR007@3_1.mat,40,0,0.05,5,True
source/12kHz_DE_data/OR/Orthogonal/0007/OR007@3_1.mat,40,0,0.075,5,True
source/12kHz_DE_data/OR/Orthogonal/0007/OR007@3_1.mat,40,0.05,0.025,6,True
source/12kHz_DE_data/OR/Orthogonal/0007/OR007@3_1.mat,40,0.05,0.05,6,True
source/12kHz_DE_data/OR/Orthogonal/0007/OR007@3_1.mat,40,0.05,0.075,6,True
source/12kHz_DE_data/OR/Orthogonal/0007/OR007@3_1.mat,40,0.1,0.025,6,True
source/12kHz_DE_data/OR/Orthogonal/0007/OR007@3_1.mat,40,0.1,0.05,6,True
source/12kHz_DE_data/OR/Orthogonal/0007/OR007@3_1.mat,40,0.1,0.075,6,True
source/12kHz_DE_data/OR/Orthogonal/0007/OR007@3_2.mat,10,-0.1,0.025,20,True
source/12kHz_DE_data/OR/Orthogonal/0007/OR007@3_2.mat,10,-0.1,0.05,20,True
source/12kHz_DE_data/OR/Orthogonal/0007/OR007@3_2.mat,10,-0.1,0.075,20,True
source/12kHz_DE_data/OR/Orthogonal/0007/OR007@3_2.mat,10,-0.05,0.025,22,True
source/12kHz_DE_data/OR/Orthogonal/0007/OR007@3_2.mat,10,-0.05,0.05,21,True
source/12kHz_DE_data/OR/Orthogonal/0007/OR007@3_2.mat,10,-0.05,0.075,21,True
source/12kHz_DE_data/OR/Orthogonal/0007/OR007@3_2.mat,10,0,0.025,23,True
source/12kHz_DE_data/OR/Orthogonal/0007/OR007@3_2.mat,10,0,0.05,23,True
source/12kHz_DE_data/OR/Orthogonal/0007/OR007@3_2.mat,10,0,0.075,22,True
source/12kHz_DE_data/OR/Orthogonal/0007/OR007@3_2.mat,10,0.05,0.025,24,True
source/12kHz_DE_data/OR/Orthogonal/0007/OR007@3_2.mat,10,0.05,0.05,24,True
source/12kHz_DE_data/OR/Orthogonal/0007/OR007@3_2.mat,10,0.05,0.075,24,True
source/12kHz_DE_data/OR/Orthogonal/0007/OR007@3_2.mat,10,0.1,0.025,25,True
source/12kHz_DE_data/OR/Orthogonal/0007/OR007@3_2.mat,10,0.1,0.05,25,True
source/12kHz_DE_data/OR/Orthogonal/0007/OR007@3_2.mat,10,0.1,0.075,25,True
source/12kHz_DE_data/OR/Orthogonal/0007/OR007@3_2.mat,20,-0.1,0.025,10,True
source/12kHz_DE_data/OR/Orthogonal/0007/OR007@3_2.mat,20,-0.1,0.05,10,True
source/12kHz_DE_data/OR/Orthogonal/0007/OR007@3_2.mat,20,-0.1,0.075,10,True
source/12kHz_DE_data/OR/Orthogonal/0007/OR007@3_2.mat,20,-0.05,0.025,11,True
source/12kHz_DE_data/OR/Orthogonal/0007/OR007@3_2.mat,20,-0.05,0.05,10,True
source/12kHz_DE_data/OR/Orthogonal/0007/OR007@3_2.mat,20,-0.05,0.075,10,True
source/12kHz_DE_data/OR/Orthogonal/0007/OR007@3_2.mat,20,0,0.025,11,True
source/12kHz_DE_data/OR/Orthogonal/0007/OR007@3_2.mat,20,0,0.05,11,True
source/12kHz_DE_data/OR/Orthogonal/0007/OR007@3_2.mat,20,0,0.075,11,True
source/12kHz_DE_data/OR/Orthogonal/0007/OR007@3_2.mat,20,0.05,0.025,12,True
source/12kHz_DE_data/OR/Orthogonal/0007/OR007@3_2.mat,20,0.05,0.05,12,True
source/12kHz_DE_data/OR/Orthogonal/0007/OR007@3_2.mat,20,0.05,0.075,12,True
source/12kHz_DE_data/OR/Orthogonal/0007/OR007@3_2.mat,20,0.1,0.025,12,True
source/12kHz_DE_data/OR/Orthogonal/0007/OR007@3_2.mat,20,0.1,0.05,12,True
source/12kHz_DE_data/OR/Orthogonal/0007/OR007@3_2.mat,20,0.1,0.075,12,True
source/12kHz_DE_data/OR/Orthogonal/0007/OR007@3_2.mat,40,-0.1,0.025,5,True
source/12kHz_DE_data/OR/Orthogonal/0007/OR007@3_2.mat,40,-0.1,0.05,5,True
source/12kHz_DE_data/OR/Orthogonal/0007/OR007@3_2.mat,40,-0.1,0.075,5,True
source/12kHz_DE_data/OR/Orthogonal/0007/OR007@3_2.mat,40,-0.05,0.025,5,True
source/12kHz_DE_data/OR/Orthogonal/0007/OR007@3_2.mat,40,-0.05,0.05,5,True
source/12kHz_DE_data/OR/Orthogonal/0007/OR007@3_2.mat,40,-0.05,0.075,5,True
source/12kHz_DE_data/OR/Orthogonal/0007/OR007@3_2.mat,40,0,0.025,5,True
source/12kHz_DE_data/OR/Orthogonal/0007/OR007@3_2.mat,40,0,0.05,5,True
source/12kHz_DE_data/OR/Orthogonal/0007/OR007@3_2.mat,40,0,0.075,5,True
source/12kHz_DE_data/OR/Orthogonal/0007/OR007@3_2.mat,40,0.05,0.025,6,True
source/12kHz_DE_data/OR/Orthogonal/0007/OR007@3_2.mat,40,0.05,0.05,6,True
source/12kHz_DE_data/OR/Orthogonal/0007/OR007@3_2.mat,40,0.05,0.075,6,True
source/12kHz_DE_data/OR/Orthogonal/0007/OR007@3_2.mat,40,0.1,0.025,6,True
source/12kHz_DE_data/OR/Orthogonal/0007/OR007@3_2.mat,40,0.1,0.05,6,True
source/12kHz_DE_data/OR/Orthogonal/0007/OR007@3_2.mat,40,0.1,0.075,6,True
source/12kHz_DE_data/OR/Orthogonal/0007/OR007@3_3.mat,10,-0.1,0.025,20,True
source/12kHz_DE_data/OR/Orthogonal/0007/OR007@3_3.mat,10,-0.1,0.05,20,True
source/12kHz_DE_data/OR/Orthogonal/0007/OR007@3_3.mat,10,-0.1,0.075,20,True
source/12kHz_DE_data/OR/Orthogonal/0007/OR007@3_3.mat,10,-0.05,0.025,21,True
source/12kHz_DE_data/OR/Orthogonal/0007/OR007@3_3.mat,10,-0.05,0.05,21,True
source/12kHz_DE_data/OR/Orthogonal/0007/OR007@3_3.mat,10,-0.05,0.075,21,True
source/12kHz_DE_data/OR/Orthogonal/0007/OR007@3_3.mat,10,0,0.025,22,True
source/12kHz_DE_data/OR/Orthogonal/0007/OR007@3_3.mat,10,0,0.05,22,True
source/12kHz_DE_data/OR/Orthogonal/0007/OR007@3_3.mat,10,0,0.075,22,True
source/12kHz_DE_data/OR/Orthogonal/0007/OR007@3_3.mat,10,0.05,0.025,23,True
source/12kHz_DE_data/OR/Orthogonal/0007/OR007@3_3.mat,10,0.05,0.05,23,True
source/12kHz_DE_data/OR/Orthogonal/0007/OR007@3_3.mat,10,0.05,0.075,23,True
source/12kHz_DE_data/OR/Orthogonal/0007/OR007@3_3.mat,10,0.1,0.025,25,True
source/12kHz_DE_data/OR/Orthogonal/0007/OR007@3_3.mat,10,0.1,0.05,25,True
source/12kHz_DE_data/OR/Orthogonal/0007/OR007@3_3.mat,10,0.1,0.075,24,True
source/12kHz_DE_data/OR/Orthogonal/0007/OR007@3_3.mat,20,-0.1,0.025,10,True
source/12kHz_DE_data/OR/Orthogonal/0007/OR007@3_3.mat,20,-0.1,0.05,10,True
source/12kHz_DE_data/OR/Orthogonal/0007/OR007@3_3.mat,20,-0.1,0.075,10,True
source/12kHz_DE_data/OR/Orthogonal/0007/OR007@3_3.mat,20,-0.05,0.025,10,True
source/12kHz_DE_data/OR/Orthogonal/0007/OR007@3_3.mat,20,-0.05,0.05,10,True
source/12kHz_DE_data/OR/Orthogonal/0007/OR007@3_3.mat,20,-0.05,0.075,10,True
source/12kHz_DE_data/OR/Orthogonal/0007/OR007@3_3.mat,20,0,0.025,11,True
source/12kHz_DE_data/OR/Orthogonal/0007/OR007@3_3.mat,20,0,0.05,11,True
source/12kHz_DE_data/OR/Orthogonal/0007/OR007@3_3.mat,20,0,0.075,11,True
source/12kHz_DE_data/OR/Orthogonal/0007/OR007@3_3.mat,20,0.05,0.025,12,True
source/12kHz_DE_data/OR/Orthogonal/0007/OR007@3_3.mat,20,0.05,0.05,11,True
source/12kHz_DE_data/OR/Orthogonal/0007/OR007@3_3.mat,20,0.05,0.075,11,True
source/12kHz_DE_data/OR/Orthogonal/0007/OR007@3_3.mat,20,0.1,0.025,12,True
source/12kHz_DE_data/OR/Orthogonal/0007/OR007@3_3.mat,20,0.1,0.05,12,True
source/12kHz_DE_data/OR/Orthogonal/0007/OR007@3_3.mat,20,0.1,0.075,12,True
source/12kHz_DE_data/OR/Orthogonal/0007/OR007@3_3.mat,40,-0.1,0.025,5,True
source/12kHz_DE_data/OR/Orthogonal/0007/OR007@3_3.mat,40,-0.1,0.05,5,True
source/12kHz_DE_data/OR/Orthogonal/0007/OR007@3_3.mat,40,-0.1,0.075,5,True
source/12kHz_DE_data/OR/Orthogonal/0007/OR007@3_3.mat,40,-0.05,0.025,5,True
source/12kHz_DE_data/OR/Orthogonal/0007/OR007@3_3.mat,40,-0.05,0.05,5,True
source/12kHz_DE_data/OR/Orthogonal/0007/OR007@3_3.mat,40,-0.05,0.075,5,True
source/12kHz_DE_data/OR/Orthogonal/0007/OR007@3_3.mat,40,0,0.025,5,True
source/12kHz_DE_data/OR/Orthogonal/0007/OR007@3_3.mat,40,0,0.05,5,True
source/12kHz_DE_data/OR/Orthogonal/0007/OR007@3_3.mat,40,0,0.075,5,True
source/12kHz_DE_data/OR/Orthogonal/0007/OR007@3_3.mat,40,0.05,0.025,6,True
source/12kHz_DE_data/OR/Orthogonal/0007/OR007@3_3.mat,40,0.05,0.05,5,True
source/12kHz_DE_data/OR/Orthogonal/0007/OR007@3_3.mat,40,0.05,0.075,5,True
source/12kHz_DE_data/OR/Orthogonal/0007/OR007@3_3.mat,40,0.1,0.025,6,True
source/12kHz_DE_data/OR/Orthogonal/0007/OR007@3_3.mat,40,0.1,0.05,6,True
source/12kHz_DE_data/OR/Orthogonal/0007/OR007@3_3.mat,40,0.1,0.075,6,True
source/12kHz_DE_data/OR/Orthogonal/0021/OR021@3_0.mat,10,-0.1,0.025,21,True
source/12kHz_DE_data/OR/Orthogonal/0021/OR021@3_0.mat,10,-0.1,0.05,21,True
source/12kHz_DE_data/OR/Orthogonal/0021/OR021@3_0.mat,10,-0.1,0.075,21,True
source/12kHz_DE_data/OR/Orthogonal/0021/OR021@3_0.mat,10,-0.05,0.025,22,True
source/12kHz_DE_data/OR/Orthogonal/0021/OR021@3_0.mat,10,-0.05,0.05,22,True
source/12kHz_DE_data/OR/Orthogonal/0021/OR021@3_0.mat,10,-0.05,0.075,22,True
source/12kHz_DE_data/OR/Orthogonal/0021/OR021@3_0.mat,10,0,0.025,23,True
source/12kHz_DE_data/OR/Orthogonal/0021/OR021@3_0.mat,10,0,0.05,23,True
source/12kHz_DE_data/OR/Orthogonal/0021/OR021@3_0.mat,10,0,0.075,23,True
source/12kHz_DE_data/OR/Orthogonal/0021/OR021@3_0.mat,10,0.05,0.025,25,True
source/12kHz_DE_data/OR/Orthogonal/0021/OR021@3_0.mat,10,0.05,0.05,24,True
source/12kHz_DE_data/OR/Orthogonal/0021/OR021@3_0.mat,10,0.05,0.075,24,True
source/12kHz_DE_data/OR/Orthogonal/0021/OR021@3_0.mat,10,0.1,0.025,26,True
source/12kHz_DE_data/OR/Orthogonal/0021/OR021@3_0.mat,10,0.1,0.05,26,True
source/12kHz_DE_data/OR/Orthogonal/0021/OR021@3_0.mat,10,0.1,0.075,25,True
source/12kHz_DE_data/OR/Orthogonal/0021/OR021@3_0.mat,20,-0.1,0.025,10,True
source/12kHz_DE_data/OR/Orthogonal/0021/OR021@3_0.mat,20,-0.1,0.05,10,True
source/12kHz_DE_data/OR/Orthogonal/0021/OR021@3_0.mat,20,-0.1,0.075,10,True
source/12kHz_DE_data/OR/Orthogonal/0021/OR021@3_0.mat,20,-0.05,0.025,11,True
source/12kHz_DE_data/OR/Orthogonal/0021/OR021@3_0.mat,20,-0.05,0.05,11,True
source/12kHz_DE_data/OR/Orthogonal/0021/OR021@3_0.mat,20,-0.05,0.075,11,True
source/12kHz_DE_data/OR/Orthogonal/0021/OR021@3_0.mat,20,0,0.025,11,True
source/12kHz_DE_data/OR/Orthogonal/0021/OR021@3_0.mat,20,0,0.05,11,True
source/12kHz_DE_data/OR/Orthogonal/0021/OR021@3_0.mat,20,0,0.075,11,True
source/12kHz_DE_data/OR/Orthogonal/0021/OR021@3_0.mat,20,0.05,0.025,12,True
source/12kHz_DE_data/OR/Orthogonal/0021/OR021@3_0.mat,20,0.05,0.05,12,True
source/12kHz_DE_data/OR/Orthogonal/0021/OR021@3_0.mat,20,0.05,0.075,12,True
source/12kHz_DE_data/OR/Orthogonal/0021/OR021@3_0.mat,20,0.1,0.025,13,True
source/12kHz_DE_data/OR/Orthogonal/0021/OR021@3_0.mat,20,0.1,0.05,13,True
source/12kHz_DE_data/OR/Orthogonal/0021/OR021@3_0.mat,20,0.1,0.075,12,True
source/12kHz_DE_data/OR/Orthogonal/0021/OR021@3_0.mat,40,-0.1,0.025,5,True
source/12kHz_DE_data/OR/Orthogonal/0021/OR021@3_0.mat,40,-0.1,0.05,5,True
source/12kHz_DE_data/OR/Orthogonal/0021/OR021@3_0.mat,40,-0.1,0.075,5,True
source/12kHz_DE_data/OR/Orthogonal/0021/OR021@3_0.mat,40,-0.05,0.025,5,True
source/12kHz_DE_data/OR/Orthogonal/0021/OR021@3_0.mat,40,-0.05,0.05,5,True
source/12kHz_DE_data/OR/Orthogonal/0021/OR021@3_0.mat,40,-0.05,0.075,5,True
source/12kHz_DE_data/OR/Orthogonal/0021/OR021@3_0.mat,40,0,0.025,5,True
source/12kHz_DE_data/OR/Orthogonal/0021/OR021@3_0.mat,40,0,0.05,5,True
source/12kHz_DE_data/OR/Orthogonal/0021/OR021@3_0.mat,40,0,0.075,5,True
source/12kHz_DE_data/OR/Orthogonal/0021/OR021@3_0.mat,40,0.05,0.025,6,True
source/12kHz_DE_data/OR/Orthogonal/0021/OR021@3_0.mat,40,0.05,0.05,6,True
source/12kHz_DE_data/OR/Orthogonal/0021/OR021@3_0.mat,40,0.05,0.075,6,True
source/12kHz_DE_data/OR/Orthogonal/0021/OR021@3_0.mat,40,0.1,0.025,6,True
source/12kHz_DE_data/OR/Orthogonal/0021/OR021@3_0.mat,40,0.1,0.05,6,True
source/12kHz_DE_data/OR/Orthogonal/0021/OR021@3_0.mat,40,0.1,0.075,6,True
source/12kHz_DE_data/OR/Orthogonal/0021/OR021@3_1.mat,10,-0.1,0.025,21,True
source/12kHz_DE_data/OR/Orthogonal/0021/OR021@3_1.mat,10,-0.1,0.05,20,True
source/12kHz_DE_data/OR/Orthogonal/0021/OR021@3_1.mat,10,-0.1,0.075,20,True
source/12kHz_DE_data/OR/Orthogonal/0021/OR021@3_1.mat,10,-0.05,0.025,22,True
source/12kHz_DE_data/OR/Orthogonal/0021/OR021@3_1.mat,10,-0.05,0.05,22,True
source/12kHz_DE_data/OR/Orthogonal/0021/OR021@3_1.mat,10,-0.05,0.075,22,True
source/12kHz_DE_data/OR/Orthogonal/0021/OR021@3_1.mat,10,0,0.025,23,True
source/12kHz_DE_data/OR/Orthogonal/0021/OR021@3_1.mat,10,0,0.05,23,True
source/12kHz_DE_data/OR/Orthogonal/0021/OR021@3_1.mat,10,0,0.075,23,True
source/12kHz_DE_data/OR/Orthogonal/0021/OR021@3_1.mat,10,0.05,0.025,24,True
source/12kHz_DE_data/OR/Orthogonal/0021/OR021@3_1.mat,10,0.05,0.05,24,True
source/12kHz_DE_data/OR/Orthogonal/0021/OR021@3_1.mat,10,0.05,0.075,24,True
source/12kHz_DE_data/OR/Orthogonal/0021/OR021@3_1.mat,10,0.1,0.025,25,True
source/12kHz_DE_data/OR/Orthogonal/0021/OR021@3_1.mat,10,0.1,0.05,25,True
source/12kHz_DE_data/OR/Orthogonal/0021/OR021@3_1.mat,10,0.1,0.075,25,True
source/12kHz_DE_data/OR/Orthogonal/0021/OR021@3_1.mat,20,-0.1,0.025,10,True
source/12kHz_DE_data/OR/Orthogonal/0021/OR021@3_1.mat,20,-0.1,0.05,10,True
source/12kHz_DE_data/OR/Orthogonal/0021/OR021@3_1.mat,20,-0.1,0.075,10,True
source/12kHz_DE_data/OR/Orthogonal/0021/OR021@3_1.mat,20,-0.05,0.025,11,True
source/12kHz_DE_data/OR/Orthogonal/0021/OR021@3_1.mat,20,-0.05,0.05,11,True
source/12kHz_DE_data/OR/Orthogonal/0021/OR021@3_1.mat,20,-0.05,0.075,11,True
source/12kHz_DE_data/OR/Orthogonal/0021/OR021@3_1.mat,20,0,0.025,11,True
source/12kHz_DE_data/OR/Orthogonal/0021/OR021@3_1.mat,20,0,0.05,11,True
source/12kHz_DE_data/OR/Orthogonal/0021/OR021@3_1.mat,20,0,0.075,11,True
source/12kHz_DE_data/OR/Orthogonal/0021/OR021@3_1.mat,20,0.05,0.025,12,True
source/12kHz_DE_data/OR/Orthogonal/0021/OR021@3_1.mat,20,0.05,0.05,12,True
source/12kHz_DE_data/OR/Orthogonal/0021/OR021@3_1.mat,20,0.05,0.075,12,True
source/12kHz_DE_data/OR/Orthogonal/0021/OR021@3_1.mat,20,0.1,0.025,12,True
source/12kHz_DE_data/OR/Orthogonal/0021/OR021@3_1.mat,20,0.1,0.05,12,True
source/12kHz_DE_data/OR/Orthogonal/0021/OR021@3_1.mat,20,0.1,0.075,12,True
source/12kHz_DE_data/OR/Orthogonal/0021/OR021@3_1.mat,40,-0.1,0.025,5,True
source/12kHz_DE_data/OR/Orthogonal/0021/OR021@3_1.mat,40,-0.1,0.05,5,True
source/12kHz_DE_data/OR/Orthogonal/0021/OR021@3_1.mat,40,-0.1,0.075,5,True
source/12kHz_DE_data/OR/Orthogonal/0021/OR021@3_1.mat,40,-0.05,0.025,5,True
source/12kHz_DE_data/OR/Orthogonal/0021/OR021@3_1.mat,40,-0.05,0.05,5,True
source/12kHz_DE_data/OR/Orthogonal/0021/OR021@3_1.mat,40,-0.05,0.075,5,True
source/12kHz_DE_data/OR/Orthogonal/0021/OR021@3_1.mat,40,0,0.025,5,True
source/12kHz_DE_data/OR/Orthogonal/0021/OR021@3_1.mat,40,0,0.05,5,True
source/12kHz_DE_data/OR/Orthogonal/0021/OR021@3_1.mat,40,0,0.075,5,True
source/12kHz_DE_data/OR/Orthogonal/0021/OR021@3_1.mat,40,0.05,0.025,6,True
source/12kHz_DE_data/OR/Orthogonal/0021/OR021@3_1.mat,40,0.05,0.05,6,True
source/12kHz_DE_data/OR/Orthogonal/0021/OR021@3_1.mat,40,0.05,0.075,6,True
source/12kHz_DE_data/OR/Orthogonal/0021/OR021@3_1.mat,40,0.1,0.025,6,True
source/12kHz_DE_data/OR/Orthogonal/0021/OR021@3_1.mat,40,0.1,0.05,6,True
source/12kHz_DE_data/OR/Orthogonal/0021/OR021@3_1.mat,40,0.1,0.075,6,True
source/12kHz_DE_data/OR/Orthogonal/0021/OR021@3_2.mat,10,-0.1,0.025,20,True
source/12kHz_DE_data/OR/Orthogonal/0021/OR021@3_2.mat,10,-0.1,0.05,20,True
source/12kHz_DE_data/OR/Orthogonal/0021/OR021@3_2.mat,10,-0.1,0.075,20,True
source/12kHz_DE_data/OR/Orthogonal/0021/OR021@3_2.mat,10,-0.05,0.025,21,True
source/12kHz_DE_data/OR/Orthogonal/0021/OR021@3_2.mat,10,-0.05,0.05,21,True
source/12kHz_DE_data/OR/Orthogonal/0021/OR021@3_2.mat,10,-0.05,0.075,21,True
source/12kHz_DE_data/OR/Orthogonal/0021/OR021@3_2.mat,10,0,0.025,23,True
source/12kHz_DE_data/OR/Orthogonal/0021/OR021@3_2.mat,10,0,0.05,22,True
source/12kHz_DE_data/OR/Orthogonal/0021/OR021@3_2.mat,10,0,0.075,22,True
source/12kHz_DE_data/OR/Orthogonal/0021/OR021@3_2.mat,10,0.05,0.025,24,True
source/12kHz_DE_data/OR/Orthogonal/0021/OR021@3_2.mat,10,0.05,0.05,24,True
source/12kHz_DE_data/OR/Orthogonal/0021/OR021@3_2.mat,10,0.05,0.075,24,True
source/12kHz_DE_data/OR/Orthogonal/0021/OR021@3_2.mat,10,0.1,0.025,25,True
source/12kHz_DE_data/OR/Orthogonal/0021/OR021@3_2.mat,10,0.1,0.05,25,True
source/12kHz_DE_data/OR/Orthogonal/0021/OR021@3_2.mat,10,0.1,0.075,25,True
source/12kHz_DE_data/OR/Orthogonal/0021/OR021@3_2.mat,20,-0.1,0.025,10,True
source/12kHz_DE_data/OR/Orthogonal/0021/OR021@3_2.mat,20,-0.1,0.05,10,True
source/12kHz_DE_data/OR/Orthogonal/0021/OR021@3_2.mat,20,-0.1,0.075,10,True
source/12kHz_DE_data/OR/Orthogonal/0021/OR021@3_2.mat,20,-0.05,0.025,10,True
source/12kHz_DE_data/OR/Orthogonal/0021/OR021@3_2.mat,20,-0.05,0.05,10,True
source/12kHz_DE_data/OR/Orthogonal/0021/OR021@3_2.mat,20,-0.05,0.075,10,True
source/12kHz_DE_data/OR/Orthogonal/0021/OR021@3_2.mat,20,0,0.025,11,True
source/12kHz_DE_data/OR/Orthogonal/0021/OR021@3_2.mat,20,0,0.05,11,True
source/12kHz_DE_data/OR/Orthogonal/0021/OR021@3_2.mat,20,0,0.075,11,True
source/12kHz_DE_data/OR/Orthogonal/0021/OR021@3_2.mat,20,0.05,0.025,12,True
source/12kHz_DE_data/OR/Orthogonal/0021/OR021@3_2.mat,20,0.05,0.05,12,True
source/12kHz_DE_data/OR/Orthogonal/0021/OR021@3_2.mat,20,0.05,0.075,12,True
source/12kHz_DE_data/OR/Orthogonal/0021/OR021@3_2.mat,20,0.1,0.025,12,True
source/12kHz_DE_data/OR/Orthogonal/0021/OR021@3_2.mat,20,0.1,0.05,12,True
source/12kHz_DE_data/OR/Orthogonal/0021/OR021@3_2.mat,20,0.1,0.075,12,True
source/12kHz_DE_data/OR/Orthogonal/0021/OR021@3_2.mat,40,-0.1,0.025,5,True
source/12kHz_DE_data/OR/Orthogonal/0021/OR021@3_2.mat,40,-0.1,0.05,5,True
source/12kHz_DE_data/OR/Orthogonal/0021/OR021@3_2.mat,40,-0.1,0.075,5,True
source/12kHz_DE_data/OR/Orthogonal/0021/OR021@3_2.mat,40,-0.05,0.025,5,True
source/12kHz_DE_data/OR/Orthogonal/0021/OR021@3_2.mat,40,-0.05,0.05,5,True
source/12kHz_DE_data/OR/Orthogonal/0021/OR021@3_2.mat,40,-0.05,0.075,5,True
source/12kHz_DE_data/OR/Orthogonal/0021/OR021@3_2.mat,40,0,0.025,5,True
source/12kHz_DE_data/OR/Orthogonal/0021/OR021@3_2.mat,40,0,0.05,5,True
source/12kHz_DE_data/OR/Orthogonal/0021/OR021@3_2.mat,40,0,0.075,5,True
source/12kHz_DE_data/OR/Orthogonal/0021/OR021@3_2.mat,40,0.05,0.025,6,True
source/12kHz_DE_data/OR/Orthogonal/0021/OR021@3_2.mat,40,0.05,0.05,6,True
source/12kHz_DE_data/OR/Orthogonal/0021/OR021@3_2.mat,40,0.05,0.075,5,True
source/12kHz_DE_data/OR/Orthogonal/0021/OR021@3_2.mat,40,0.1,0.025,6,True
source/12kHz_DE_data/OR/Orthogonal/0021/OR021@3_2.mat,40,0.1,0.05,6,True
source/12kHz_DE_data/OR/Orthogonal/0021/OR021@3_2.mat,40,0.1,0.075,6,True
source/12kHz_DE_data/OR/Orthogonal/0021/OR021@3_3.mat,10,-0.1,0.025,20,True
source/12kHz_DE_data/OR/Orthogonal/0021/OR021@3_3.mat,10,-0.1,0.05,20,True
source/12kHz_DE_data/OR/Orthogonal/0021/OR021@3_3.mat,10,-0.1,0.075,20,True
source/12kHz_DE_data/OR/Orthogonal/0021/OR021@3_3.mat,10,-0.05,0.025,21,True
source/12kHz_DE_data/OR/Orthogonal/0021/OR021@3_3.mat,10,-0.05,0.05,21,True
source/12kHz_DE_data/OR/Orthogonal/0021/OR021@3_3.mat,10,-0.05,0.075,21,True
source/12kHz_DE_data/OR/Orthogonal/0021/OR021@3_3.mat,10,0,0.025,22,True
source/12kHz_DE_data/OR/Orthogonal/0021/OR021@3_3.mat,10,0,0.05,22,True
source/12kHz_DE_data/OR/Orthogonal/0021/OR021@3_3.mat,10,0,0.075,22,True
source/12kHz_DE_data/OR/Orthogonal/0021/OR021@3_3.mat,10,0.05,0.025,23,True
source/12kHz_DE_data/OR/Orthogonal/0021/OR021@3_3.mat,10,0.05,0.05,23,True
source/12kHz_DE_data/OR/Orthogonal/0021/OR021@3_3.mat,10,0.05,0.075,23,True
source/12kHz_DE_data/OR/Orthogonal/0021/OR021@3_3.mat,10,0.1,0.025,25,True
source/12kHz_DE_data/OR/Orthogonal/0021/OR021@3_3.mat,10,0.1,0.05,24,True
source/12kHz_DE_data/OR/Orthogonal/0021/OR021@3_3.mat,10,0.1,0.075,24,True
source/12kHz_DE_data/OR/Orthogonal/0021/OR021@3_3.mat,20,-0.1,0.025,10,True
source/12kHz_DE_data/OR/Orthogonal/0021/OR021@3_3.mat,20,-0.1,0.05,10,True
source/12kHz_DE_data/OR/Orthogonal/0021/OR021@3_3.mat,20,-0.1,0.075,10,True
source/12kHz_DE_data/OR/Orthogonal/0021/OR021@3_3.mat,20,-0.05,0.025,10,True
source/12kHz_DE_data/OR/Orthogonal/0021/OR021@3_3.mat,20,-0.05,0.05,10,True
source/12kHz_DE_data/OR/Orthogonal/0021/OR021@3_3.mat,20,-0.05,0.075,10,True
source/12kHz_DE_data/OR/Orthogonal/0021/OR021@3_3.mat,20,0,0.025,11,True
source/12kHz_DE_data/OR/Orthogonal/0021/OR021@3_3.mat,20,0,0.05,11,True
source/12kHz_DE_data/OR/Orthogonal/0021/OR021@3_3.mat,20,0,0.075,11,True
source/12kHz_DE_data/OR/Orthogonal/0021/OR021@3_3.mat,20,0.05,0.025,11,True
source/12kHz_DE_data/OR/Orthogonal/0021/OR021@3_3.mat,20,0.05,0.05,11,True
source/12kHz_DE_data/OR/Orthogonal/0021/OR021@3_3.mat,20,0.05,0.075,11,True
source/12kHz_DE_data/OR/Orthogonal/0021/OR021@3_3.mat,20,0.1,0.025,12,True
source/12kHz_DE_data/OR/Orthogonal/0021/OR021@3_3.mat,20,0.1,0.05,12,True
source/12kHz_DE_data/OR/Orthogonal/0021/OR021@3_3.mat,20,0.1,0.075,12,True
source/12kHz_DE_data/OR/Orthogonal/0021/OR021@3_3.mat,40,-0.1,0.025,5,True
source/12kHz_DE_data/OR/Orthogonal/0021/OR021@3_3.mat,40,-0.1,0.05,5,True
source/12kHz_DE_data/OR/Orthogonal/0021/OR021@3_3.mat,40,-0.1,0.075,5,True
source/12kHz_DE_data/OR/Orthogonal/0021/OR021@3_3.mat,40,-0.05,0.025,5,True
source/12kHz_DE_data/OR/Orthogonal/0021/OR021@3_3.mat,40,-0.05,0.05,5,True
source/12kHz_DE_data/OR/Orthogonal/0021/OR021@3_3.mat,40,-0.05,0.075,5,True
source/12kHz_DE_data/OR/Orthogonal/0021/OR021@3_3.mat,40,0,0.025,5,True
source/12kHz_DE_data/OR/Orthogonal/0021/OR021@3_3.mat,40,0,0.05,5,True
source/12kHz_DE_data/OR/Orthogonal/0021/OR021@3_3.mat,40,0,0.075,5,True
source/12kHz_DE_data/OR/Orthogonal/0021/OR021@3_3.mat,40,0.05,0.025,5,True
source/12kHz_DE_data/OR/Orthogonal/0021/OR021@3_3.mat,40,0.05,0.05,5,True
source/12kHz_DE_data/OR/Orthogonal/0021/OR021@3_3.mat,40,0.05,0.075,5,True
source/12kHz_DE_data/OR/Orthogonal/0021/OR021@3_3.mat,40,0.1,0.025,6,True
source/12kHz_DE_data/OR/Orthogonal/0021/OR021@3_3.mat,40,0.1,0.05,6,True
source/12kHz_DE_data/OR/Orthogonal/0021/OR021@3_3.mat,40,0.1,0.075,6,True
source/48kHz_DE_data/B/0007/B007_0.mat,10,-0.1,0.025,10,True
source/48kHz_DE_data/B/0007/B007_0.mat,10,-0.1,0.05,10,True
source/48kHz_DE_data/B/0007/B007_0.mat,10,-0.1,0.075,10,True
source/48kHz_DE_data/B/0007/B007_0.mat,10,-0.05,0.025,11,True
source/48kHz_DE_data/B/0007/B007_0.mat,10,-0.05,0.05,11,True
source/48kHz_DE_data/B/0007/B007_0.mat,10,-0.05,0.075,10,True
source/48kHz_DE_data/B/0007/B007_0.mat,10,0,0.025,11,True
source/48kHz_DE_data/B/0007/B007_0.mat,10,0,0.05,11,True
source/48kHz_DE_data/B/0007/B007_0.mat,10,0,0.075,11,True
source/48kHz_DE_data/B/0007/B007_0.mat,10,0.05,0.025,12,True
source/48kHz_DE_data/B/0007/B007_0.mat,10,0.05,0.05,12,True
source/48kHz_DE_data/B/0007/B007_0.mat,10,0.05,0.075,12,True
source/48kHz_DE_data/B/0007/B007_0.mat,10,0.1,0.025,13,True
source/48kHz_DE_data/B/0007/B007_0.mat,10,0.1,0.05,12,True
source/48kHz_DE_data/B/0007/B007_0.mat,10,0.1,0.075,12,True
source/48kHz_DE_data/B/0007/B007_0.mat,20,-0.1,0.025,5,True
source/48kHz_DE_data/B/0007/B007_0.mat,20,-0.1,0.05,5,True
source/48kHz_DE_data/B/0007/B007_0.mat,20,-0.1,0.075,5,True
source/48kHz_DE_data/B/0007/B007_0.mat,20,-0.05,0.025,5,True
source/48kHz_DE_data/B/0007/B007_0.mat,20,-0.05,0.05,5,True
source/48kHz_DE_data/B/0007/B007_0.mat,20,-0.05,0.075,5,True
source/48kHz_DE_data/B/0007/B007_0.mat,20,0,0.025,5,True
source/48kHz_DE_data/B/0007/B007_0.mat,20,0,0.05,5,True
source/48kHz_DE_data/B/0007/B007_0.mat,20,0,0.075,5,True
source/48kHz_DE_data/B/0007/B007_0.mat,20,0.05,0.025,6,True
source/48kHz_DE_data/B/0007/B007_0.mat,20,0.05,0.05,6,True
source/48kHz_DE_data/B/0007/B007_0.mat,20,0.05,0.075,6,True
source/48kHz_DE_data/B/0007/B007_0.mat,20,0.1,0.025,6,True
source/48kHz_DE_data/B/0007/B007_0.mat,20,0.1,0.05,6,True
source/48kHz_DE_data/B/0007/B007_0.mat,20,0.1,0.075,6,True
source/48kHz_DE_data/B/0007/B007_0.mat,40,-0.1,0.025,2,True
source/48kHz_DE_data/B/0007/B007_0.mat,40,-0.1,0.05,2,True
source/48kHz_DE_data/B/0007/B007_0.mat,40,-0.1,0.075,2,True
source/48kHz_DE_data/B/0007/B007_0.mat,40,-0.05,0.025,2,True
source/48kHz_DE_data/B/0007/B007_0.mat,40,-0.05,0.05,2,True
source/48kHz_DE_data/B/0007/B007_0.mat,40,-0.05,0.075,2,True
source/48kHz_DE_data/B/0007/B007_0.mat,40,0,0.025,2,True
source/48kHz_DE_data/B/0007/B007_0.mat,40,0,0.05,2,True
source/48kHz_DE_data/B/0007/B007_0.mat,40,0,0.075,2,True
source/48kHz_DE_data/B/0007/B007_0.mat,40,0.05,0.025,3,True
source/48kHz_DE_data/B/0007/B007_0.mat,40,0.05,0.05,3,True
source/48kHz_DE_data/B/0007/B007_0.mat,40,0.05,0.075,3,True
source/48kHz_DE_data/B/0007/B007_0.mat,40,0.1,0.025,3,True
source/48kHz_DE_data/B/0007/B007_0.mat,40,0.1,0.05,3,True
source/48kHz_DE_data/B/0007/B007_0.mat,40,0.1,0.075,3,True
source/48kHz_DE_data/B/0007/B007_1.mat,10,-0.1,0.025,10,True
source/48kHz_DE_data/B/0007/B007_1.mat,10,-0.1,0.05,10,True
source/48kHz_DE_data/B/0007/B007_1.mat,10,-0.1,0.075,10,True
source/48kHz_DE_data/B/0007/B007_1.mat,10,-0.05,0.025,11,True
source/48kHz_DE_data/B/0007/B007_1.mat,10,-0.05,0.05,10,True
source/48kHz_DE_data/B/0007/B007_1.mat,10,-0.05,0.075,10,True
source/48kHz_DE_data/B/0007/B007_1.mat,10,0,0.025,11,True
source/48kHz_DE_data/B/0007/B007_1.mat,10,0,0.05,11,True
source/48kHz_DE_data/B/0007/B007_1.mat,10,0,0.075,11,True
source/48kHz_DE_data/B/0007/B007_1.mat,10,0.05,0.025,12,True
source/48kHz_DE_data/B/0007/B007_1.mat,10,0.05,0.05,12,True
source/48kHz_DE_data/B/0007/B007_1.mat,10,0.05,0.075,11,True
source/48kHz_DE_data/B/0007/B007_1.mat,10,0.1,0.025,12,True
source/48kHz_DE_data/B/0007/B007_1.mat,10,0.1,0.05,12,True
source/48kHz_DE_data/B/0007/B007_1.mat,10,0.1,0.075,12,True
source/48kHz_DE_data/B/0007/B007_1.mat,20,-0.1,0.025,5,True
source/48kHz_DE_data/B/0007/B007_1.mat,20,-0.1,0.05,5,True
source/48kHz_DE_data/B/0007/B007_1.mat,20,-0.1,0.075,5,True
source/48kHz_DE_data/B/0007/B007_1.mat,20,-0.05,0.025,5,True
source/48kHz_DE_data/B/0007/B007_1.mat,20,-0.05,0.05,5,True
source/48kHz_DE_data/B/0007/B007_1.mat,20,-0.05,0.075,5,True
source/48kHz_DE_data/B/0007/B007_1.mat,20,0,0.025,5,True
source/48kHz_DE_data/B/0007/B007_1.mat,20,0,0.05,5,True
source/48kHz_DE_data/B/0007/B007_1.mat,20,0,0.075,5,True
source/48kHz_DE_data/B/0007/B007_1.mat,20,0.05,0.025,6,True
source/48kHz_DE_data/B/0007/B007_1.mat,20,0.05,0.05,6,True
source/48kHz_DE_data/B/0007/B007_1.mat,20,0.05,0.075,5,True
source/48kHz_DE_data/B/0007/B007_1.mat,20,0.1,0.025,6,True
source/48kHz_DE_data/B/0007/B007_1.mat,20,0.1,0.05,6,True
source/48kHz_DE_data/B/0007/B007_1.mat,20,0.1,0.075,6,True
source/48kHz_DE_data/B/0007/B007_1.mat,40,-0.1,0.025,2,True
source/48kHz_DE_data/B/0007/B007_1.mat,40,-0.1,0.05,2,True
source/48kHz_DE_data/B/0007/B007_1.mat,40,-0.1,0.075,2,True
source/48kHz_DE_data/B/0007/B007_1.mat,40,-0.05,0.025,2,True
source/48kHz_DE_data/B/0007/B007_1.mat,40,-0.05,0.05,2,True
source/48kHz_DE_data/B/0007/B007_1.mat,40,-0.05,0.075,2,True
source/48kHz_DE_data/B/0007/B007_1.mat,40,0,0.025,2,True
source/48kHz_DE_data/B/0007/B007_1.mat,40,0,0.05,2,True
source/48kHz_DE_data/B/0007/B007_1.mat,40,0,0.075,2,True
source/48kHz_DE_data/B/0007/B007_1.mat,40,0.05,0.025,3,True
source/48kHz_DE_data/B/0007/B007_1.mat,40,0.05,0.05,3,True
source/48kHz_DE_data/B/0007/B007_1.mat,40,0.05,0.075,2,True
source/48kHz_DE_data/B/0007/B007_1.mat,40,0.1,0.025,3,True
source/48kHz_DE_data/B/0007/B007_1.mat,40,0.1,0.05,3,True
source/48kHz_DE_data/B/0007/B007_1.mat,40,0.1,0.075,3,True
source/48kHz_DE_data/B/0007/B007_2.mat,10,-0.1,0.025,10,True
source/48kHz_DE_data/B/0007/B007_2.mat,10,-0.1,0.05,10,True
source/48kHz_DE_data/B/0007/B007_2.mat,10,-0.1,0.075,10,True
source/48kHz_DE_data/B/0007/B007_2.mat,10,-0.05,0.025,10,True
source/48kHz_DE_data/B/0007/B007_2.mat,10,-0.05,0.05,10,True
source/48kHz_DE_data/B/0007/B007_2.mat,10,-0.05,0.075,10,True
source/48kHz_DE_data/B/0007/B007_2.mat,10,0,0.025,11,True
source/48kHz_DE_data/B/0007/B007_2.mat,10,0,0.05,11,True
source/48kHz_DE_data/B/0007/B007_2.mat,10,0,0.075,11,True
source/48kHz_DE_data/B/0007/B007_2.mat,10,0.05,0.025,12,True
source/48kHz_DE_data/B/0007/B007_2.mat,10,0.05,0.05,11,True
source/48kHz_DE_data/B/0007/B007_2.mat,10,0.05,0.075,11,True
source/48kHz_DE_data/B/0007/B007_2.mat,10,0.1,0.025,12,True
source/48kHz_DE_data/B/0007/B007_2.mat,10,0.1,0.05,12,True
source/48kHz_DE_data/B/0007/B007_2.mat,10,0.1,0.075,12,True
source/48kHz_DE_data/B/0007/B007_2.mat,20,-0.1,0.025,5,True
source/48kHz_DE_data/B/0007/B007_2.mat,20,-0.1,0.05,5,True
source/48kHz_DE_data/B/0007/B007_2.mat,20,-0.1,0.075,5,True
source/48kHz_DE_data/B/0007/B007_2.mat,20,-0.05,0.025,5,True
source/48kHz_DE_data/B/0007/B007_2.mat,20,-0.05,0.05,5,True
source/48kHz_DE_data/B/0007/B007_2.mat,20,-0.05,0.075,5,True
source/48kHz_DE_data/B/0007/B007_2.mat,20,0,0.025,5,True
source/48kHz_DE_data/B/0007/B007_2.mat,20,0,0.05,5,True
source/48kHz_DE_data/B/0007/B007_2.mat,20,0,0.075,5,True
source/48kHz_DE_data/B/0007/B007_2.mat,20,0.05,0.025,6,True
source/48kHz_DE_data/B/0007/B007_2.mat,20,0.05,0.05,5,True
source/48kHz_DE_data/B/0007/B007_2.mat,20,0.05,0.075,5,True
source/48kHz_DE_data/B/0007/B007_2.mat,20,0.1,0.025,6,True
source/48kHz_DE_data/B/0007/B007_2.mat,20,0.1,0.05,6,True
source/48kHz_DE_data/B/0007/B007_2.mat,20,0.1,0.075,6,True
source/48kHz_DE_data/B/0007/B007_2.mat,40,-0.1,0.025,2,True
source/48kHz_DE_data/B/0007/B007_2.mat,40,-0.1,0.05,2,True
source/48kHz_DE_data/B/0007/B007_2.mat,40,-0.1,0.075,2,True
source/48kHz_DE_data/B/0007/B007_2.mat,40,-0.05,0.025,2,True
source/48kHz_DE_data/B/0007/B007_2.mat,40,-0.05,0.05,2,True
source/48kHz_DE_data/B/0007/B007_2.mat,40,-0.05,0.075,2,True
source/48kHz_DE_data/B/0007/B007_2.mat,40,0,0.025,2,True
source/48kHz_DE_data/B/0007/B007_2.mat,40,0,0.05,2,True
source/48kHz_DE_data/B/0007/B007_2.mat,40,0,0.075,2,True
source/48kHz_DE_data/B/0007/B007_2.mat,40,0.05,0.025,3,True
source/48kHz_DE_data/B/0007/B007_2.mat,40,0.05,0.05,2,True
source/48kHz_DE_data/B/0007/B007_2.mat,40,0.05,0.075,2,True
source/48kHz_DE_data/B/0007/B007_2.mat,40,0.1,0.025,3,True
source/48kHz_DE_data/B/0007/B007_2.mat,40,0.1,0.05,3,True
source/48kHz_DE_data/B/0007/B007_2.mat,40,0.1,0.075,3,True
source/48kHz_DE_data/B/0007/B007_3.mat,10,-0.1,0.025,10,True
source/48kHz_DE_data/B/0007/B007_3.mat,10,-0.1,0.05,10,True
source/48kHz_DE_data/B/0007/B007_3.mat,10,-0.1,0.075,9,True
source/48kHz_DE_data/B/0007/B007_3.mat,10,-0.05,0.025,10,True
source/48kHz_DE_data/B/0007/B007_3.mat,10,-0.05,0.05,10,True
source/48kHz_DE_data/B/0007/B007_3.mat,10,-0.05,0.075,10,True
source/48kHz_DE_data/B/0007/B007_3.mat,10,0,0.025,11,True
source/48kHz_DE_data/B/0007/B007_3.mat,10,0,0.05,11,True
source/48kHz_DE_data/B/0007/B007_3.mat,10,0,0.075,11,True
source/48kHz_DE_data/B/0007/B007_3.mat,10,0.05,0.025,11,True
source/48kHz_DE_data/B/0007/B007_3.mat,10,0.05,0.05,11,True
source/48kHz_DE_data/B/0007/B007_3.mat,10,0.05,0.075,11,True
source/48kHz_DE_data/B/0007/B007_3.mat,10,0.1,0.025,12,True
source/48kHz_DE_data/B/0007/B007_3.mat,10,0.1,0.05,12,True
source/48kHz_DE_data/B/0007/B007_3.mat,10,0.1,0.075,12,True
source/48kHz_DE_data/B/0007/B007_3.mat,20,-0.1,0.025,5,True
source/48kHz_DE_data/B/0007/B007_3.mat,20,-0.1,0.05,5,True
source/48kHz_DE_data/B/0007/B007_3.mat,20,-0.1,0.075,4,True
source/48kHz_DE_data/B/0007/B007_3.mat,20,-0.05,0.025,5,True
source/48kHz_DE_data/B/0007/B007_3.mat,20,-0.05,0.05,5,True
source/48kHz_DE_data/B/0007/B007_3.mat,20,-0.05,0.075,5,True
source/48kHz_DE_data/B/0007/B007_3.mat,20,0,0.025,5,True
source/48kHz_DE_data/B/0007/B007_3.mat,20,0,0.05,5,True
source/48kHz_DE_data/B/0007/B007_3.mat,20,0,0.075,5,True
source/48kHz_DE_data/B/0007/B007_3.mat,20,0.05,0.025,5,True
source/48kHz_DE_data/B/0007/B007_3.mat,20,0.05,0.05,5,True
source/48kHz_DE_data/B/0007/B007_3.mat,20,0.05,0.075,5,True
source/48kHz_DE_data/B/0007/B007_3.mat,20,0.1,0.025,6,True
source/48kHz_DE_data/B/0007/B007_3.mat,20,0.1,0.05,6,True
source/48kHz_DE_data/B/0007/B007_3.mat,20,0.1,0.075,6,True
source/48kHz_DE_data/B/0007/B007_3.mat,40,-0.1,0.025,2,True
source/48kHz_DE_data/B/0007/B007_3.mat,40,-0.1,0.05,2,True
source/48kHz_DE_data/B/0007/B007_3.mat,40,-0.1,0.075,2,True
source/48kHz_DE_data/B/0007/B007_3.mat,40,-0.05,0.025,2,True
source/48kHz_DE_data/B/0007/B007_3.mat,40,-0.05,0.05,2,True
source/48kHz_DE_data/B/0007/B007_3.mat,40,-0.05,0.075,2,True
source/48kHz_DE_data/B/0007/B007_3.mat,40,0,0.025,2,True
source/48kHz_DE_data/B/0007/B007_3.mat,40,0,0.05,2,True
source/48kHz_DE_data/B/0007/B007_3.mat,40,0,0.075,2,True
source/48kHz_DE_data/B/0007/B007_3.mat,40,0.05,0.025,2,True
source/48kHz_DE_data/B/0007/B007_3.mat,40,0.05,0.05,2,True
source/48kHz_DE_data/B/0007/B007_3.mat,40,0.05,0.075,2,True
source/48kHz_DE_data/B/0007/B007_3.mat,40,0.1,0.025,3,True
source/48kHz_DE_data/B/0007/B007_3.mat,40,0.1,0.05,3,True
source/48kHz_DE_data/B/0007/B007_3.mat,40,0.1,0.075,3,True
source/48kHz_DE_data/B/0014/B014_0.mat,10,-0.1,0.025,10,True
source/48kHz_DE_data/B/0014/B014_0.mat,10,-0.1,0.05,10,True
source/48kHz_DE_data/B/0014/B014_0.mat,10,-0.1,0.075,10,True
source/48kHz_DE_data/B/0014/B014_0.mat,10,-0.05,0.025,11,True
source/48kHz_DE_data/B/0014/B014_0.mat,10,-0.05,0.05,11,True
source/48kHz_DE_data/B/0014/B014_0.mat,10,-0.05,0.075,10,True
source/48kHz_DE_data/B/0014/B014_0.mat,10,0,0.025,11,True
source/48kHz_DE_data/B/0014/B014_0.mat,10,0,0.05,11,True
source/48kHz_DE_data/B/0014/B014_0.mat,10,0,0.075,11,True
source/48kHz_DE_data/B/0014/B014_0.mat,10,0.05,0.025,12,True
source/48kHz_DE_data/B/0014/B014_0.mat,10,0.05,0.05,12,True
source/48kHz_DE_data/B/0014/B014_0.mat,10,0.05,0.075,12,True
source/48kHz_DE_data/B/0014/B014_0.mat,10,0.1,0.025,13,True
source/48kHz_DE_data/B/0014/B014_0.mat,10,0.1,0.05,12,True
source/48kHz_DE_data/B/0014/B014_0.mat,10,0.1,0.075,12,True
source/48kHz_DE_data/B/0014/B014_0.mat,20,-0.1,0.025,5,True
source/48kHz_DE_data/B/0014/B014_0.mat,20,-0.1,0.05,5,True
source/48kHz_DE_data/B/0014/B014_0.mat,20,-0.1,0.075,5,True
source/48kHz_DE_data/B/0014/B014_0.mat,20,-0.05,0.025,5,True
source/48kHz_DE_data/B/0014/B014_0.mat,20,-0.05,0.05,5,True
source/48kHz_DE_data/B/0014/B014_0.mat,20,-0.05,0.075,5,True
source/48kHz_DE_data/B/0014/B014_0.mat,20,0,0.025,5,True
source/48kHz_DE_data/B/0014/B014_0.mat,20,0,0.05,5,True
source/48kHz_DE_data/B/0014/B014_0.mat,20,0,0.075,5,True
source/48kHz_DE_data/B/0014/B014_0.mat,20,0.05,0.025,6,True
source/48kHz_DE_data/B/0014/B014_0.mat,20,0.05,0.05,6,True
source/48kHz_DE_data/B/0014/B014_0.mat,20,0.05,0.075,6,True
source/48kHz_DE_data/B/0014/B014_0.mat,20,0.1,0.025,6,True
source/48kHz_DE_data/B/0014/B014_0.mat,20,0.1,0.05,6,True
source/48kHz_DE_data/B/0014/B014_0.mat,20,0.1,0.075,6,True
source/48kHz_DE_data/B/0014/B014_0.mat,40,-0.1,0.025,2,True
source/48kHz_DE_data/B/0014/B014_0.mat,40,-0.1,0.05,2,True
source/48kHz_DE_data/B/0014/B014_0.mat,40,-0.1,0.075,2,True
source/48kHz_DE_data/B/0014/B014_0.mat,40,-0.05,0.025,2,True
source/48kHz_DE_data/B/0014/B014_0.mat,40,-0.05,0.05,2,True
source/48kHz_DE_data/B/0014/B014_0.mat,40,-0.05,0.075,2,True
source/48kHz_DE_data/B/0014/B014_0.mat,40,0,0.025,2,True
source/48kHz_DE_data/B/0014/B014_0.mat,40,0,0.05,2,True
source/48kHz_DE_data/B/0014/B014_0.mat,40,0,0.075,2,True
source/48kHz_DE_data/B/0014/B014_0.mat,40,0.05,0.025,3,True
source/48kHz_DE_data/B/0014/B014_0.mat,40,0.05,0.05,3,True
source/48kHz_DE_data/B/0014/B014_0.mat,40,0.05,0.075,3,True
source/48kHz_DE_data/B/0014/B014_0.mat,40,0.1,0.025,3,True
source/48kHz_DE_data/B/0014/B014_0.mat,40,0.1,0.05,3,True
source/48kHz_DE_data/B/0014/B014_0.mat,40,0.1,0.075,3,True
source/48kHz_DE_data/B/0014/B014_1.mat,10,-0.1,0.025,10,True
source/48kHz_DE_data/B/0014/B014_1.mat,10,-0.1,0.05,10,True
source/48kHz_DE_data/B/0014/B014_1.mat,10,-0.1,0.075,10,True
source/48kHz_DE_data/B/0014/B014_1.mat,10,-0.05,0.025,11,True
source/48kHz_DE_data/B/0014/B014_1.mat,10,-0.05,0.05,10,True
source/48kHz_DE_data/B/0014/B014_1.mat,10,-0.05,0.075,10,True
source/48kHz_DE_data/B/0014/B014_1.mat,10,0,0.025,11,True
source/48kHz_DE_data/B/0014/B014_1.mat,10,0,0.05,11,True
source/48kHz_DE_data/B/0014/B014_1.mat,10,0,0.075,11,True
source/48kHz_DE_data/B/0014/B014_1.mat,10,0.05,0.025,12,True
source/48kHz_DE_data/B/0014/B014_1.mat,10,0.05,0.05,12,True
source/48kHz_DE_data/B/0014/B014_1.mat,10,0.05,0.075,11,True
source/48kHz_DE_data/B/0014/B014_1.mat,10,0.1,0.025,12,True
source/48kHz_DE_data/B/0014/B014_1.mat,10,0.1,0.05,12,True
source/48kHz_DE_data/B/0014/B014_1.mat,10,0.1,0.075,12,True
source/48kHz_DE_data/B/0014/B014_1.mat,20,-0.1,0.025,5,True
source/48kHz_DE_data/B/0014/B014_1.mat,20,-0.1,0.05,5,True
source/48kHz_DE_data/B/0014/B014_1.mat,20,-0.1,0.075,5,True
source/48kHz_DE_data/B/0014/B014_1.mat,20,-0.05,0.025,5,True
source/48kHz_DE_data/B/0014/B014_1.mat,20,-0.05,0.05,5,True
source/48kHz_DE_data/B/0014/B014_1.mat,20,-0.05,0.075,5,True
source/48kHz_DE_data/B/0014/B014_1.mat,20,0,0.025,5,True
source/48kHz_DE_data/B/0014/B014_1.mat,20,0,0.05,5,True
source/48kHz_DE_data/B/0014/B014_1.mat,20,0,0.075,5,True
source/48kHz_DE_data/B/0014/B014_1.mat,20,0.05,0.025,6,True
source/48kHz_DE_data/B/0014/B014_1.mat,20,0.05,0.05,6,True
source/48kHz_DE_data/B/0014/B014_1.mat,20,0.05,0.075,5,True
source/48kHz_DE_data/B/0014/B014_1.mat,20,0.1,0.025,6,True
source/48kHz_DE_data/B/0014/B014_1.mat,20,0.1,0.05,6,True
source/48kHz_DE_data/B/0014/B014_1.mat,20,0.1,0.075,6,True
source/48kHz_DE_data/B/0014/B014_1.mat,40,-0.1,0.025,2,True
source/48kHz_DE_data/B/0014/B014_1.mat,40,-0.1,0.05,2,True
source/48kHz_DE_data/B/0014/B014_1.mat,40,-0.1,0.075,2,True
source/48kHz_DE_data/B/0014/B014_1.mat,40,-0.05,0.025,2,True
source/48kHz_DE_data/B/0014/B014_1.mat,40,-0.05,0.05,2,True
source/48kHz_DE_data/B/0014/B014_1.mat,40,-0.05,0.075,2,True
source/48kHz_DE_data/B/0014/B014_1.mat,40,0,0.025,2,True
source/48kHz_DE_data/B/0014/B014_1.mat,40,0,0.05,2,True
source/48kHz_DE_data/B/0014/B014_1.mat,40,0,0.075,2,True
source/48kHz_DE_data/B/0014/B014_1.mat,40,0.05,0.025,3,True
source/48kHz_DE_data/B/0014/B014_1.mat,40,0.05,0.05,3,True
source/48kHz_DE_data/B/0014/B014_1.mat,40,0.05,0.075,2,True
source/48kHz_DE_data/B/0014/B014_1.mat,40,0.1,0.025,3,True
source/48kHz_DE_data/B/0014/B014_1.mat,40,0.1,0.05,3,True
source/48kHz_DE_data/B/0014/B014_1.mat,40,0.1,0.075,3,True
source/48kHz_DE_data/B/0014/B014_2.mat,10,-0.1,0.025,10,True
source/48kHz_DE_data/B/0014/B014_2.mat,10,-0.1,0.05,10,True
source/48kHz_DE_data/B/0014/B014_2.mat,10,-0.1,0.075,10,True
source/48kHz_DE_data/B/0014/B014_2.mat,10,-0.05,0.025,10,True
source/48kHz_DE_data/B/0014/B014_2.mat,10,-0.05,0.05,10,True
source/48kHz_DE_data/B/0014/B014_2.mat,10,-0.05,0.075,10,True
source/48kHz_DE_data/B/0014/B014_2.mat,10,0,0.025,11,True
source/48kHz_DE_data/B/0014/B014_2.mat,10,0,0.05,11,True
source/48kHz_DE_data/B/0014/B014_2.mat,10,0,0.075,11,True
source/48kHz_DE_data/B/0014/B014_2.mat,10,0.05,0.025,12,True
source/48kHz_DE_data/B/0014/B014_2.mat,10,0.05,0.05,11,True
source/48kHz_DE_data/B/0014/B014_2.mat,10,0.05,0.075,11,True
source/48kHz_DE_data/B/0014/B014_2.mat,10,0.1,0.025,12,True
source/48kHz_DE_data/B/0014/B014_2.mat,10,0.1,0.05,12,True
source/48kHz_DE_data/B/0014/B014_2.mat,10,0.1,0.075,12,True
source/48kHz_DE_data/B/0014/B014_2.mat,20,-0.1,0.025,5,True
source/48kHz_DE_data/B/0014/B014_2.mat,20,-0.1,0.05,5,True
source/48kHz_DE_data/B/0014/B014_2.mat,20,-0.1,0.075,5,True
source/48kHz_DE_data/B/0014/B014_2.mat,20,-0.05,0.025,5,True
source/48kHz_DE_data/B/0014/B014_2.mat,20,-0.05,0.05,5,True
source/48kHz_DE_data/B/0014/B014_2.mat,20,-0.05,0.075,5,True
source/48kHz_DE_data/B/0014/B014_2.mat,20,0,0.025,5,True
source/48kHz_DE_data/B/0014/B014_2.mat,20,0,0.05,5,True
source/48kHz_DE_data/B/0014/B014_2.mat,20,0,0.075,5,True
source/48kHz_DE_data/B/0014/B014_2.mat,20,0.05,0.025,6,True
source/48kHz_DE_data/B/0014/B014_2.mat,20,0.05,0.05,5,True
source/48kHz_DE_data/B/0014/B014_2.mat,20,0.05,0.075,5,True
source/48kHz_DE_data/B/0014/B014_2.mat,20,0.1,0.025,6,True
source/48kHz_DE_data/B/0014/B014_2.mat,20,0.1,0.05,6,True
source/48kHz_DE_data/B/0014/B014_2.mat,20,0.1,0.075,6,True
source/48kHz_DE_data/B/0014/B014_2.mat,40,-0.1,0.025,2,True
source/48kHz_DE_data/B/0014/B014_2.mat,40,-0.1,0.05,2,True
source/48kHz_DE_data/B/0014/B014_2.mat,40,-0.1,0.075,2,True
source/48kHz_DE_data/B/0014/B014_2.mat,40,-0.05,0.025,2,True
source/48kHz_DE_data/B/0014/B014_2.mat,40,-0.05,0.05,2,True
source/48kHz_DE_data/B/0014/B014_2.mat,40,-0.05,0.075,2,True
source/48kHz_DE_data/B/0014/B014_2.mat,40,0,0.025,2,True
source/48kHz_DE_data/B/0014/B014_2.mat,40,0,0.05,2,True
source/48kHz_DE_data/B/0014/B014_2.mat,40,0,0.075,2,True
source/48kHz_DE_data/B/0014/B014_2.mat,40,0.05,0.025,3,True
source/48kHz_DE_data/B/0014/B014_2.mat,40,0.05,0.05,2,True
source/48kHz_DE_data/B/0014/B014_2.mat,40,0.05,0.075,2,True
source/48kHz_DE_data/B/0014/B014_2.mat,40,0.1,0.025,3,True
source/48kHz_DE_data/B/0014/B014_2.mat,40,0.1,0.05,3,True
source/48kHz_DE_data/B/0014/B014_2.mat,40,0.1,0.075,3,True
source/48kHz_DE_data/B/0014/B014_3.mat,10,-0.1,0.025,10,True
source/48kHz_DE_data/B/0014/B014_3.mat,10,-0.1,0.05,10,True
source/48kHz_DE_data/B/0014/B014_3.mat,10,-0.1,0.075,9,True
source/48kHz_DE_data/B/0014/B014_3.mat,10,-0.05,0.025,10,True
source/48kHz_DE_data/B/0014/B014_3.mat,10,-0.05,0.05,10,True
source/48kHz_DE_data/B/0014/B014_3.mat,10,-0.05,0.075,10,True
source/48kHz_DE_data/B/0014/B014_3.mat,10,0,0.025,11,True
source/48kHz_DE_data/B/0014/B014_3.mat,10,0,0.05,11,True
source/48kHz_DE_data/B/0014/B014_3.mat,10,0,0.075,11,True
source/48kHz_DE_data/B/0014/B014_3.mat,10,0.05,0.025,11,True
source/48kHz_DE_data/B/0014/B014_3.mat,10,0.05,0.05,11,True
source/48kHz_DE_data/B/0014/B014_3.mat,10,0.05,0.075,11,True
source/48kHz_DE_data/B/0014/B014_3.mat,10,0.1,0.025,12,True
source/48kHz_DE_data/B/0014/B014_3.mat,10,0.1,0.05,12,True
source/48kHz_DE_data/B/0014/B014_3.mat,10,0.1,0.075,12,True
source/48kHz_DE_data/B/0014/B014_3.mat,20,-0.1,0.025,5,True
source/48kHz_DE_data/B/0014/B014_3.mat,20,-0.1,0.05,5,True
source/48kHz_DE_data/B/0014/B014_3.mat,20,-0.1,0.075,4,True
source/48kHz_DE_data/B/0014/B014_3.mat,20,-0.05,0.025,5,True
source/48kHz_DE_data/B/0014/B014_3.mat,20,-0.05,0.05,5,True
source/48kHz_DE_data/B/0014/B014_3.mat,20,-0.05,0.075,5,True
source/48kHz_DE_data/B/0014/B014_3.mat,20,0,0.025,5,True
source/48kHz_DE_data/B/0014/B014_3.mat,20,0,0.05,5,True
source/48kHz_DE_data/B/0014/B014_3.mat,20,0,0.075,5,True
source/48kHz_DE_data/B/0014/B014_3.mat,20,0.05,0.025,5,True
source/48kHz_DE_data/B/0014/B014_3.mat,20,0.05,0.05,5,True
source/48kHz_DE_data/B/0014/B014_3.mat,20,0.05,0.075,5,True
source/48kHz_DE_data/B/0014/B014_3.mat,20,0.1,0.025,6,True
source/48kHz_DE_data/B/0014/B014_3.mat,20,0.1,0.05,6,True
source/48kHz_DE_data/B/0014/B014_3.mat,20,0.1,0.075,6,True
source/48kHz_DE_data/B/0014/B014_3.mat,40,-0.1,0.025,2,True
source/48kHz_DE_data/B/0014/B014_3.mat,40,-0.1,0.05,2,True
source/48kHz_DE_data/B/0014/B014_3.mat,40,-0.1,0.075,2,True
source/48kHz_DE_data/B/0014/B014_3.mat,40,-0.05,0.025,2,True
source/48kHz_DE_data/B/0014/B014_3.mat,40,-0.05,0.05,2,True
source/48kHz_DE_data/B/0014/B014_3.mat,40,-0.05,0.075,2,True
source/48kHz_DE_data/B/0014/B014_3.mat,40,0,0.025,2,True
source/48kHz_DE_data/B/0014/B014_3.mat,40,0,0.05,2,True
source/48kHz_DE_data/B/0014/B014_3.mat,40,0,0.075,2,True
source/48kHz_DE_data/B/0014/B014_3.mat,40,0.05,0.025,2,True
source/48kHz_DE_data/B/0014/B014_3.mat,40,0.05,0.05,2,True
source/48kHz_DE_data/B/0014/B014_3.mat,40,0.05,0.075,2,True
source/48kHz_DE_data/B/0014/B014_3.mat,40,0.1,0.025,3,True
source/48kHz_DE_data/B/0014/B014_3.mat,40,0.1,0.05,3,True
source/48kHz_DE_data/B/0014/B014_3.mat,40,0.1,0.075,3,True
source/48kHz_DE_data/B/0021/B021_0.mat,10,-0.1,0.025,10,True
source/48kHz_DE_data/B/0021/B021_0.mat,10,-0.1,0.05,10,True
source/48kHz_DE_data/B/0021/B021_0.mat,10,-0.1,0.075,10,True
source/48kHz_DE_data/B/0021/B021_0.mat,10,-0.05,0.025,11,True
source/48kHz_DE_data/B/0021/B021_0.mat,10,-0.05,0.05,11,True
source/48kHz_DE_data/B/0021/B021_0.mat,10,-0.05,0.075,10,True
source/48kHz_DE_data/B/0021/B021_0.mat,10,0,0.025,11,True
source/48kHz_DE_data/B/0021/B021_0.mat,10,0,0.05,11,True
source/48kHz_DE_data/B/0021/B021_0.mat,10,0,0.075,11,True
source/48kHz_DE_data/B/0021/B021_0.mat,10,0.05,0.025,12,True
source/48kHz_DE_data/B/0021/B021_0.mat,10,0.05,0.05,12,True
source/48kHz_DE_data/B/0021/B021_0.mat,10,0.05,0.075,12,True
source/48kHz_DE_data/B/0021/B021_0.mat,10,0.1,0.025,13,True
source/48kHz_DE_data/B/0021/B021_0.mat,10,0.1,0.05,12,True
source/48kHz_DE_data/B/0021/B021_0.mat,10,0.1,0.075,12,True
source/48kHz_DE_data/B/0021/B021_0.mat,20,-0.1,0.025,5,True
source/48kHz_DE_data/B/0021/B021_0.mat,20,-0.1,0.05,5,True
source/48kHz_DE_data/B/0021/B021_0.mat,20,-0.1,0.075,5,True
source/48kHz_DE_data/B/0021/B021_0.mat,20,-0.05,0.025,5,True
source/48kHz_DE_data/B/0021/B021_0.mat,20,-0.05,0.05,5,True
source/48kHz_DE_data/B/0021/B021_0.mat,20,-0.05,0.075,5,True
source/48kHz_DE_data/B/0021/B021_0.mat,20,0,0.025,5,True
source/48kHz_DE_data/B/0021/B021_0.mat,20,0,0.05,5,True
source/48kHz_DE_data/B/0021/B021_0.mat,20,0,0.075,5,True
source/48kHz_DE_data/B/0021/B021_0.mat,20,0.05,0.025,6,True
source/48kHz_DE_data/B/0021/B021_0.mat,20,0.05,0.05,6,True
source/48kHz_DE_data/B/0021/B021_0.mat,20,0.05,0.075,6,True
source/48kHz_DE_data/B/0021/B021_0.mat,20,0.1,0.025,6,True
source/48kHz_DE_data/B/0021/B021_0.mat,20,0.1,0.05,6,True
source/48kHz_DE_data/B/0021/B021_0.mat,20,0.1,0.075,6,True
source/48kHz_DE_data/B/0021/B021_0.mat,40,-0.1,0.025,2,True
source/48kHz_DE_data/B/0021/B021_0.mat,40,-0.1,0.05,2,True
source/48kHz_DE_data/B/0021/B021_0.mat,40,-0.1,0.075,2,True
source/48kHz_DE_data/B/0021/B021_0.mat,40,-0.05,0.025,2,True
source/48kHz_DE_data/B/0021/B021_0.mat,40,-0.05,0.05,2,True
source/48kHz_DE_data/B/0021/B021_0.mat,40,-0.05,0.075,2,True
source/48kHz_DE_data/B/0021/B021_0.mat,40,0,0.025,2,True
source/48kHz_DE_data/B/0021/B021_0.mat,40,0,0.05,2,True
source/48kHz_DE_data/B/0021/B021_0.mat,40,0,0.075,2,True
source/48kHz_DE_data/B/0021/B021_0.mat,40,0.05,0.025,3,True
source/48kHz_DE_data/B/0021/B021_0.mat,40,0.05,0.05,3,True
source/48kHz_DE_data/B/0021/B021_0.mat,40,0.05,0.075,3,True
source/48kHz_DE_data/B/0021/B021_0.mat,40,0.1,0.025,3,True
source/48kHz_DE_data/B/0021/B021_0.mat,40,0.1,0.05,3,True
source/48kHz_DE_data/B/0021/B021_0.mat,40,0.1,0.075,3,True
source/48kHz_DE_data/B/0021/B021_1.mat,10,-0.1,0.025,10,True
source/48kHz_DE_data/B/0021/B021_1.mat,10,-0.1,0.05,10,True
source/48kHz_DE_data/B/0021/B021_1.mat,10,-0.1,0.075,10,True
source/48kHz_DE_data/B/0021/B021_1.mat,10,-0.05,0.025,11,True
source/48kHz_DE_data/B/0021/B021_1.mat,10,-0.05,0.05,10,True
source/48kHz_DE_data/B/0021/B021_1.mat,10,-0.05,0.075,10,True
source/48kHz_DE_data/B/0021/B021_1.mat,10,0,0.025,11,True
source/48kHz_DE_data/B/0021/B021_1.mat,10,0,0.05,11,True
source/48kHz_DE_data/B/0021/B021_1.mat,10,0,0.075,11,True
source/48kHz_DE_data/B/0021/B021_1.mat,10,0.05,0.025,12,True
source/48kHz_DE_data/B/0021/B021_1.mat,10,0.05,0.05,12,True
source/48kHz_DE_data/B/0021/B021_1.mat,10,0.05,0.075,11,True
source/48kHz_DE_data/B/0021/B021_1.mat,10,0.1,0.025,12,True
source/48kHz_DE_data/B/0021/B021_1.mat,10,0.1,0.05,12,True
source/48kHz_DE_data/B/0021/B021_1.mat,10,0.1,0.075,12,True
source/48kHz_DE_data/B/0021/B021_1.mat,20,-0.1,0.025,5,True
source/48kHz_DE_data/B/0021/B021_1.mat,20,-0.1,0.05,5,True
source/48kHz_DE_data/B/0021/B021_1.mat,20,-0.1,0.075,5,True
source/48kHz_DE_data/B/0021/B021_1.mat,20,-0.05,0.025,5,True
source/48kHz_DE_data/B/0021/B021_1.mat,20,-0.05,0.05,5,True
source/48kHz_DE_data/B/0021/B021_1.mat,20,-0.05,0.075,5,True
source/48kHz_DE_data/B/0021/B021_1.mat,20,0,0.025,5,True
source/48kHz_DE_data/B/0021/B021_1.mat,20,0,0.05,5,True
source/48kHz_DE_data/B/0021/B021_1.mat,20,0,0.075,5,True
source/48kHz_DE_data/B/0021/B021_1.mat,20,0.05,0.025,6,True
source/48kHz_DE_data/B/0021/B021_1.mat,20,0.05,0.05,6,True
source/48kHz_DE_data/B/0021/B021_1.mat,20,0.05,0.075,5,True
source/48kHz_DE_data/B/0021/B021_1.mat,20,0.1,0.025,6,True
source/48kHz_DE_data/B/0021/B021_1.mat,20,0.1,0.05,6,True
source/48kHz_DE_data/B/0021/B021_1.mat,20,0.1,0.075,6,True
source/48kHz_DE_data/B/0021/B021_1.mat,40,-0.1,0.025,2,True
source/48kHz_DE_data/B/0021/B021_1.mat,40,-0.1,0.05,2,True
source/48kHz_DE_data/B/0021/B021_1.mat,40,-0.1,0.075,2,True
source/48kHz_DE_data/B/0021/B021_1.mat,40,-0.05,0.025,2,True
source/48kHz_DE_data/B/0021/B021_1.mat,40,-0.05,0.05,2,True
source/48kHz_DE_data/B/0021/B021_1.mat,40,-0.05,0.075,2,True
source/48kHz_DE_data/B/0021/B021_1.mat,40,0,0.025,2,True
source/48kHz_DE_data/B/0021/B021_1.mat,40,0,0.05,2,True
source/48kHz_DE_data/B/0021/B021_1.mat,40,0,0.075,2,True
source/48kHz_DE_data/B/0021/B021_1.mat,40,0.05,0.025,3,True
source/48kHz_DE_data/B/0021/B021_1.mat,40,0.05,0.05,3,True
source/48kHz_DE_data/B/0021/B021_1.mat,40,0.05,0.075,2,True
source/48kHz_DE_data/B/0021/B021_1.mat,40,0.1,0.025,3,True
source/48kHz_DE_data/B/0021/B021_1.mat,40,0.1,0.05,3,True
source/48kHz_DE_data/B/0021/B021_1.mat,40,0.1,0.075,3,True
source/48kHz_DE_data/B/0021/B021_2.mat,10,-0.1,0.025,10,True
source/48kHz_DE_data/B/0021/B021_2.mat,10,-0.1,0.05,10,True
source/48kHz_DE_data/B/0021/B021_2.mat,10,-0.1,0.075,10,True
source/48kHz_DE_data/B/0021/B021_2.mat,10,-0.05,0.025,10,True
source/48kHz_DE_data/B/0021/B021_2.mat,10,-0.05,0.05,10,True
source/48kHz_DE_data/B/0021/B021_2.mat,10,-0.05,0.075,10,True
source/48kHz_DE_data/B/0021/B021_2.mat,10,0,0.025,11,True
source/48kHz_DE_data/B/0021/B021_2.mat,10,0,0.05,11,True
source/48kHz_DE_data/B/0021/B021_2.mat,10,0,0.075,11,True
source/48kHz_DE_data/B/0021/B021_2.mat,10,0.05,0.025,12,True
source/48kHz_DE_data/B/0021/B021_2.mat,10,0.05,0.05,11,True
source/48kHz_DE_data/B/0021/B021_2.mat,10,0.05,0.075,11,True
source/48kHz_DE_data/B/0021/B021_2.mat,10,0.1,0.025,12,True
source/48kHz_DE_data/B/0021/B021_2.mat,10,0.1,0.05,12,True
source/48kHz_DE_data/B/0021/B021_2.mat,10,0.1,0.075,12,True
source/48kHz_DE_data/B/0021/B021_2.mat,20,-0.1,0.025,5,True
source/48kHz_DE_data/B/0021/B021_2.mat,20,-0.1,0.05,5,True
source/48kHz_DE_data/B/0021/B021_2.mat,20,-0.1,0.075,5,True
source/48kHz_DE_data/B/0021/B021_2.mat,20,-0.05,0.025,5,True
source/48kHz_DE_data/B/0021/B021_2.mat,20,-0.05,0.05,5,True
source/48kHz_DE_data/B/0021/B021_2.mat,20,-0.05,0.075,5,True
source/48kHz_DE_data/B/0021/B021_2.mat,20,0,0.025,5,True
source/48kHz_DE_data/B/0021/B021_2.mat,20,0,0.05,5,True
source/48kHz_DE_data/B/0021/B021_2.mat,20,0,0.075,5,True
source/48kHz_DE_data/B/0021/B021_2.mat,20,0.05,0.025,6,True
source/48kHz_DE_data/B/0021/B021_2.mat,20,0.05,0.05,5,True
source/48kHz_DE_data/B/0021/B021_2.mat,20,0.05,0.075,5,True
source/48kHz_DE_data/B/0021/B021_2.mat,20,0.1,0.025,6,True
source/48kHz_DE_data/B/0021/B021_2.mat,20,0.1,0.05,6,True
source/48kHz_DE_data/B/0021/B021_2.mat,20,0.1,0.075,6,True
source/48kHz_DE_data/B/0021/B021_2.mat,40,-0.1,0.025,2,True
source/48kHz_DE_data/B/0021/B021_2.mat,40,-0.1,0.05,2,True
source/48kHz_DE_data/B/0021/B021_2.mat,40,-0.1,0.075,2,True
source/48kHz_DE_data/B/0021/B021_2.mat,40,-0.05,0.025,2,True
source/48kHz_DE_data/B/0021/B021_2.mat,40,-0.05,0.05,2,True
source/48kHz_DE_data/B/0021/B021_2.mat,40,-0.05,0.075,2,True
source/48kHz_DE_data/B/0021/B021_2.mat,40,0,0.025,2,True
source/48kHz_DE_data/B/0021/B021_2.mat,40,0,0.05,2,True
source/48kHz_DE_data/B/0021/B021_2.mat,40,0,0.075,2,True
source/48kHz_DE_data/B/0021/B021_2.mat,40,0.05,0.025,3,True
source/48kHz_DE_data/B/0021/B021_2.mat,40,0.05,0.05,2,True
source/48kHz_DE_data/B/0021/B021_2.mat,40,0.05,0.075,2,True
source/48kHz_DE_data/B/0021/B021_2.mat,40,0.1,0.025,3,True
source/48kHz_DE_data/B/0021/B021_2.mat,40,0.1,0.05,3,True
source/48kHz_DE_data/B/0021/B021_2.mat,40,0.1,0.075,3,True
source/48kHz_DE_data/B/0021/B021_3.mat,10,-0.1,0.025,10,True
source/48kHz_DE_data/B/0021/B021_3.mat,10,-0.1,0.05,10,True
source/48kHz_DE_data/B/0021/B021_3.mat,10,-0.1,0.075,9,True
source/48kHz_DE_data/B/0021/B021_3.mat,10,-0.05,0.025,10,True
source/48kHz_DE_data/B/0021/B021_3.mat,10,-0.05,0.05,10,True
source/48kHz_DE_data/B/0021/B021_3.mat,10,-0.05,0.075,10,True
source/48kHz_DE_data/B/0021/B021_3.mat,10,0,0.025,11,True
source/48kHz_DE_data/B/0021/B021_3.mat,10,0,0.05,11,True
source/48kHz_DE_data/B/0021/B021_3.mat,10,0,0.075,11,True
source/48kHz_DE_data/B/0021/B021_3.mat,10,0.05,0.025,11,True
source/48kHz_DE_data/B/0021/B021_3.mat,10,0.05,0.05,11,True
source/48kHz_DE_data/B/0021/B021_3.mat,10,0.05,0.075,11,True
source/48kHz_DE_data/B/0021/B021_3.mat,10,0.1,0.025,12,True
source/48kHz_DE_data/B/0021/B021_3.mat,10,0.1,0.05,12,True
source/48kHz_DE_data/B/0021/B021_3.mat,10,0.1,0.075,12,True
source/48kHz_DE_data/B/0021/B021_3.mat,20,-0.1,0.025,5,True
source/48kHz_DE_data/B/0021/B021_3.mat,20,-0.1,0.05,5,True
source/48kHz_DE_data/B/0021/B021_3.mat,20,-0.1,0.075,4,True
source/48kHz_DE_data/B/0021/B021_3.mat,20,-0.05,0.025,5,True
source/48kHz_DE_data/B/0021/B021_3.mat,20,-0.05,0.05,5,True
source/48kHz_DE_data/B/0021/B021_3.mat,20,-0.05,0.075,5,True
source/48kHz_DE_data/B/0021/B021_3.mat,20,0,0.025,5,True
source/48kHz_DE_data/B/0021/B021_3.mat,20,0,0.05,5,True
source/48kHz_DE_data/B/0021/B021_3.mat,20,0,0.075,5,True
source/48kHz_DE_data/B/0021/B021_3.mat,20,0.05,0.025,5,True
source/48kHz_DE_data/B/0021/B021_3.mat,20,0.05,0.05,5,True
source/48kHz_DE_data/B/0021/B021_3.mat,20,0.05,0.075,5,True
source/48kHz_DE_data/B/0021/B021_3.mat,20,0.1,0.025,6,True
source/48kHz_DE_data/B/0021/B021_3.mat,20,0.1,0.05,6,True
source/48kHz_DE_data/B/0021/B021_3.mat,20,0.1,0.075,6,True
source/48kHz_DE_data/B/0021/B021_3.mat,40,-0.1,0.025,2,True
source/48kHz_DE_data/B/0021/B021_3.mat,40,-0.1,0.05,2,True
source/48kHz_DE_data/B/0021/B021_3.mat,40,-0.1,0.075,2,True
source/48kHz_DE_data/B/0021/B021_3.mat,40,-0.05,0.025,2,True
source/48kHz_DE_data/B/0021/B021_3.mat,40,-0.05,0.05,2,True
source/48kHz_DE_data/B/0021/B021_3.mat,40,-0.05,0.075,2,True
source/48kHz_DE_data/B/0021/B021_3.mat,40,0,0.025,2,True
source/48kHz_DE_data/B/0021/B021_3.mat,40,0,0.05,2,True
source/48kHz_DE_data/B/0021/B021_3.mat,40,0,0.075,2,True
source/48kHz_DE_data/B/0021/B021_3.mat,40,0.05,0.025,2,True
source/48kHz_DE_data/B/0021/B021_3.mat,40,0.05,0.05,2,True
source/48kHz_DE_data/B/0021/B021_3.mat,40,0.05,0.075,2,True
source/48kHz_DE_data/B/0021/B021_3.mat,40,0.1,0.025,3,True
source/48kHz_DE_data/B/0021/B021_3.mat,40,0.1,0.05,3,True
source/48kHz_DE_data/B/0021/B021_3.mat,40,0.1,0.075,3,True
source/48kHz_DE_data/IR/0007/IR007_0.mat,10,-0.1,0.025,10,True
source/48kHz_DE_data/IR/0007/IR007_0.mat,10,-0.1,0.05,10,True
source/48kHz_DE_data/IR/0007/IR007_0.mat,10,-0.1,0.075,10,True
source/48kHz_DE_data/IR/0007/IR007_0.mat,10,-0.05,0.025,11,True
source/48kHz_DE_data/IR/0007/IR007_0.mat,10,-0.05,0.05,11,True
source/48kHz_DE_data/IR/0007/IR007_0.mat,10,-0.05,0.075,10,True
source/48kHz_DE_data/IR/0007/IR007_0.mat,10,0,0.025,11,True
source/48kHz_DE_data/IR/0007/IR007_0.mat,10,0,0.05,11,True
source/48kHz_DE_data/IR/0007/IR007_0.mat,10,0,0.075,11,True
source/48kHz_DE_data/IR/0007/IR007_0.mat,10,0.05,0.025,12,True
source/48kHz_DE_data/IR/0007/IR007_0.mat,10,0.05,0.05,12,True
source/48kHz_DE_data/IR/0007/IR007_0.mat,10,0.05,0.075,12,True
source/48kHz_DE_data/IR/0007/IR007_0.mat,10,0.1,0.025,13,True
source/48kHz_DE_data/IR/0007/IR007_0.mat,10,0.1,0.05,12,True
source/48kHz_DE_data/IR/0007/IR007_0.mat,10,0.1,0.075,12,True
source/48kHz_DE_data/IR/0007/IR007_0.mat,20,-0.1,0.025,5,True
source/48kHz_DE_data/IR/0007/IR007_0.mat,20,-0.1,0.05,5,True
source/48kHz_DE_data/IR/0007/IR007_0.mat,20,-0.1,0.075,5,True
source/48kHz_DE_data/IR/0007/IR007_0.mat,20,-0.05,0.025,5,True
source/48kHz_DE_data/IR/0007/IR007_0.mat,20,-0.05,0.05,5,True
source/48kHz_DE_data/IR/0007/IR007_0.mat,20,-0.05,0.075,5,True
source/48kHz_DE_data/IR/0007/IR007_0.mat,20,0,0.025,5,True
source/48kHz_DE_data/IR/0007/IR007_0.mat,20,0,0.05,5,True
source/48kHz_DE_data/IR/0007/IR007_0.mat,20,0,0.075,5,True
source/48kHz_DE_data/IR/0007/IR007_0.mat,20,0.05,0.025,6,True
source/48kHz_DE_data/IR/0007/IR007_0.mat,20,0.05,0.05,6,True
source/48kHz_DE_data/IR/0007/IR007_0.mat,20,0.05,0.075,6,True
source/48kHz_DE_data/IR/0007/IR007_0.mat,20,0.1,0.025,6,True
source/48kHz_DE_data/IR/0007/IR007_0.mat,20,0.1,0.05,6,True
source/48kHz_DE_data/IR/0007/IR007_0.mat,20,0.1,0.075,6,True
source/48kHz_DE_data/IR/0007/IR007_0.mat,40,-0.1,0.025,2,True
source/48kHz_DE_data/IR/0007/IR007_0.mat,40,-0.1,0.05,2,True
source/48kHz_DE_data/IR/0007/IR007_0.mat,40,-0.1,0.075,2,True
source/48kHz_DE_data/IR/0007/IR007_0.mat,40,-0.05,0.025,2,True
source/48kHz_DE_data/IR/0007/IR007_0.mat,40,-0.05,0.05,2,True
source/48kHz_DE_data/IR/0007/IR007_0.mat,40,-0.05,0.075,2,True
source/48kHz_DE_data/IR/0007/IR007_0.mat,40,0,0.025,2,True
source/48kHz_DE_data/IR/0007/IR007_0.mat,40,0,0.05,2,True
source/48kHz_DE_data/IR/0007/IR007_0.mat,40,0,0.075,2,True
source/48kHz_DE_data/IR/0007/IR007_0.mat,40,0.05,0.025,3,True
source/48kHz_DE_data/IR/0007/IR007_0.mat,40,0.05,0.05,3,True
source/48kHz_DE_data/IR/0007/IR007_0.mat,40,0.05,0.075,3,True
source/48kHz_DE_data/IR/0007/IR007_0.mat,40,0.1,0.025,3,True
source/48kHz_DE_data/IR/0007/IR007_0.mat,40,0.1,0.05,3,True
source/48kHz_DE_data/IR/0007/IR007_0.mat,40,0.1,0.075,3,True
source/48kHz_DE_data/IR/0007/IR007_1.mat,10,-0.1,0.025,10,True
source/48kHz_DE_data/IR/0007/IR007_1.mat,10,-0.1,0.05,10,True
source/48kHz_DE_data/IR/0007/IR007_1.mat,10,-0.1,0.075,10,True
source/48kHz_DE_data/IR/0007/IR007_1.mat,10,-0.05,0.025,11,True
source/48kHz_DE_data/IR/0007/IR007_1.mat,10,-0.05,0.05,10,True
source/48kHz_DE_data/IR/0007/IR007_1.mat,10,-0.05,0.075,10,True
source/48kHz_DE_data/IR/0007/IR007_1.mat,10,0,0.025,11,True
source/48kHz_DE_data/IR/0007/IR007_1.mat,10,0,0.05,11,True
source/48kHz_DE_data/IR/0007/IR007_1.mat,10,0,0.075,11,True
source/48kHz_DE_data/IR/0007/IR007_1.mat,10,0.05,0.025,12,True
source/48kHz_DE_data/IR/0007/IR007_1.mat,10,0.05,0.05,12,True
source/48kHz_DE_data/IR/0007/IR007_1.mat,10,0.05,0.075,11,True
source/48kHz_DE_data/IR/0007/IR007_1.mat,10,0.1,0.025,12,True
source/48kHz_DE_data/IR/0007/IR007_1.mat,10,0.1,0.05,12,True
source/48kHz_DE_data/IR/0007/IR007_1.mat,10,0.1,0.075,12,True
source/48kHz_DE_data/IR/0007/IR007_1.mat,20,-0.1,0.025,5,True
source/48kHz_DE_data/IR/0007/IR007_1.mat,20,-0.1,0.05,5,True
source/48kHz_DE_data/IR/0007/IR007_1.mat,20,-0.1,0.075,5,True
source/48kHz_DE_data/IR/0007/IR007_1.mat,20,-0.05,0.025,5,True
source/48kHz_DE_data/IR/0007/IR007_1.mat,20,-0.05,0.05,5,True
source/48kHz_DE_data/IR/0007/IR007_1.mat,20,-0.05,0.075,5,True
source/48kHz_DE_data/IR/0007/IR007_1.mat,20,0,0.025,5,True
source/48kHz_DE_data/IR/0007/IR007_1.mat,20,0,0.05,5,True
source/48kHz_DE_data/IR/0007/IR007_1.mat,20,0,0.075,5,True
source/48kHz_DE_data/IR/0007/IR007_1.mat,20,0.05,0.025,6,True
source/48kHz_DE_data/IR/0007/IR007_1.mat,20,0.05,0.05,6,True
source/48kHz_DE_data/IR/0007/IR007_1.mat,20,0.05,0.075,5,True
source/48kHz_DE_data/IR/0007/IR007_1.mat,20,0.1,0.025,6,True
source/48kHz_DE_data/IR/0007/IR007_1.mat,20,0.1,0.05,6,True
source/48kHz_DE_data/IR/0007/IR007_1.mat,20,0.1,0.075,6,True
source/48kHz_DE_data/IR/0007/IR007_1.mat,40,-0.1,0.025,2,True
source/48kHz_DE_data/IR/0007/IR007_1.mat,40,-0.1,0.05,2,True
source/48kHz_DE_data/IR/0007/IR007_1.mat,40,-0.1,0.075,2,True
source/48kHz_DE_data/IR/0007/IR007_1.mat,40,-0.05,0.025,2,True
source/48kHz_DE_data/IR/0007/IR007_1.mat,40,-0.05,0.05,2,True
source/48kHz_DE_data/IR/0007/IR007_1.mat,40,-0.05,0.075,2,True
source/48kHz_DE_data/IR/0007/IR007_1.mat,40,0,0.025,2,True
source/48kHz_DE_data/IR/0007/IR007_1.mat,40,0,0.05,2,True
source/48kHz_DE_data/IR/0007/IR007_1.mat,40,0,0.075,2,True
source/48kHz_DE_data/IR/0007/IR007_1.mat,40,0.05,0.025,3,True
source/48kHz_DE_data/IR/0007/IR007_1.mat,40,0.05,0.05,3,True
source/48kHz_DE_data/IR/0007/IR007_1.mat,40,0.05,0.075,2,True
source/48kHz_DE_data/IR/0007/IR007_1.mat,40,0.1,0.025,3,True
source/48kHz_DE_data/IR/0007/IR007_1.mat,40,0.1,0.05,3,True
source/48kHz_DE_data/IR/0007/IR007_1.mat,40,0.1,0.075,3,True
source/48kHz_DE_data/IR/0007/IR007_2.mat,10,-0.1,0.025,10,True
source/48kHz_DE_data/IR/0007/IR007_2.mat,10,-0.1,0.05,10,True
source/48kHz_DE_data/IR/0007/IR007_2.mat,10,-0.1,0.075,10,True
source/48kHz_DE_data/IR/0007/IR007_2.mat,10,-0.05,0.025,10,True
source/48kHz_DE_data/IR/0007/IR007_2.mat,10,-0.05,0.05,10,True
source/48kHz_DE_data/IR/0007/IR007_2.mat,10,-0.05,0.075,10,True
source/48kHz_DE_data/IR/0007/IR007_2.mat,10,0,0.025,11,True
source/48kHz_DE_data/IR/0007/IR007_2.mat,10,0,0.05,11,True
source/48kHz_DE_data/IR/0007/IR007_2.mat,10,0,0.075,11,True
source/48kHz_DE_data/IR/0007/IR007_2.mat,10,0.05,0.025,12,True
source/48kHz_DE_data/IR/0007/IR007_2.mat,10,0.05,0.05,11,True
source/48kHz_DE_data/IR/0007/IR007_2.mat,10,0.05,0.075,11,True
source/48kHz_DE_data/IR/0007/IR007_2.mat,10,0.1,0.025,12,True
source/48kHz_DE_data/IR/0007/IR007_2.mat,10,0.1,0.05,12,True
source/48kHz_DE_data/IR/0007/IR007_2.mat,10,0.1,0.075,12,True
source/48kHz_DE_data/IR/0007/IR007_2.mat,20,-0.1,0.025,5,True
source/48kHz_DE_data/IR/0007/IR007_2.mat,20,-0.1,0.05,5,True
source/48kHz_DE_data/IR/0007/IR007_2.mat,20,-0.1,0.075,5,True
source/48kHz_DE_data/IR/0007/IR007_2.mat,20,-0.05,0.025,5,True
source/48kHz_DE_data/IR/0007/IR007_2.mat,20,-0.05,0.05,5,True
source/48kHz_DE_data/IR/0007/IR007_2.mat,20,-0.05,0.075,5,True
source/48kHz_DE_data/IR/0007/IR007_2.mat,20,0,0.025,5,True
source/48kHz_DE_data/IR/0007/IR007_2.mat,20,0,0.05,5,True
source/48kHz_DE_data/IR/0007/IR007_2.mat,20,0,0.075,5,True
source/48kHz_DE_data/IR/0007/IR007_2.mat,20,0.05,0.025,6,True
source/48kHz_DE_data/IR/0007/IR007_2.mat,20,0.05,0.05,5,True
source/48kHz_DE_data/IR/0007/IR007_2.mat,20,0.05,0.075,5,True
source/48kHz_DE_data/IR/0007/IR007_2.mat,20,0.1,0.025,6,True
source/48kHz_DE_data/IR/0007/IR007_2.mat,20,0.1,0.05,6,True
source/48kHz_DE_data/IR/0007/IR007_2.mat,20,0.1,0.075,6,True
source/48kHz_DE_data/IR/0007/IR007_2.mat,40,-0.1,0.025,2,True
source/48kHz_DE_data/IR/0007/IR007_2.mat,40,-0.1,0.05,2,True
source/48kHz_DE_data/IR/0007/IR007_2.mat,40,-0.1,0.075,2,True
source/48kHz_DE_data/IR/0007/IR007_2.mat,40,-0.05,0.025,2,True
source/48kHz_DE_data/IR/0007/IR007_2.mat,40,-0.05,0.05,2,True
source/48kHz_DE_data/IR/0007/IR007_2.mat,40,-0.05,0.075,2,True
source/48kHz_DE_data/IR/0007/IR007_2.mat,40,0,0.025,2,True
source/48kHz_DE_data/IR/0007/IR007_2.mat,40,0,0.05,2,True
source/48kHz_DE_data/IR/0007/IR007_2.mat,40,0,0.075,2,True
source/48kHz_DE_data/IR/0007/IR007_2.mat,40,0.05,0.025,3,True
source/48kHz_DE_data/IR/0007/IR007_2.mat,40,0.05,0.05,2,True
source/48kHz_DE_data/IR/0007/IR007_2.mat,40,0.05,0.075,2,True
source/48kHz_DE_data/IR/0007/IR007_2.mat,40,0.1,0.025,3,True
source/48kHz_DE_data/IR/0007/IR007_2.mat,40,0.1,0.05,3,True
source/48kHz_DE_data/IR/0007/IR007_2.mat,40,0.1,0.075,3,True
source/48kHz_DE_data/IR/0007/IR007_3.mat,10,-0.1,0.025,10,True
source/48kHz_DE_data/IR/0007/IR007_3.mat,10,-0.1,0.05,10,True
source/48kHz_DE_data/IR/0007/IR007_3.mat,10,-0.1,0.075,9,True
source/48kHz_DE_data/IR/0007/IR007_3.mat,10,-0.05,0.025,10,True
source/48kHz_DE_data/IR/0007/IR007_3.mat,10,-0.05,0.05,10,True
source/48kHz_DE_data/IR/0007/IR007_3.mat,10,-0.05,0.075,10,True
source/48kHz_DE_data/IR/0007/IR007_3.mat,10,0,0.025,11,True
source/48kHz_DE_data/IR/0007/IR007_3.mat,10,0,0.05,11,True
source/48kHz_DE_data/IR/0007/IR007_3.mat,10,0,0.075,11,True
source/48kHz_DE_data/IR/0007/IR007_3.mat,10,0.05,0.025,11,True
source/48kHz_DE_data/IR/0007/IR007_3.mat,10,0.05,0.05,11,True
source/48kHz_DE_data/IR/0007/IR007_3.mat,10,0.05,0.075,11,True
source/48kHz_DE_data/IR/0007/IR007_3.mat,10,0.1,0.025,12,True
source/48kHz_DE_data/IR/0007/IR007_3.mat,10,0.1,0.05,12,True
source/48kHz_DE_data/IR/0007/IR007_3.mat,10,0.1,0.075,12,True
source/48kHz_DE_data/IR/0007/IR007_3.mat,20,-0.1,0.025,5,True
source/48kHz_DE_data/IR/0007/IR007_3.mat,20,-0.1,0.05,5,True
source/48kHz_DE_data/IR/0007/IR007_3.mat,20,-0.1,0.075,4,True
source/48kHz_DE_data/IR/0007/IR007_3.mat,20,-0.05,0.025,5,True
source/48kHz_DE_data/IR/0007/IR007_3.mat,20,-0.05,0.05,5,True
source/48kHz_DE_data/IR/0007/IR007_3.mat,20,-0.05,0.075,5,True
source/48kHz_DE_data/IR/0007/IR007_3.mat,20,0,0.025,5,True
source/48kHz_DE_data/IR/0007/IR007_3.mat,20,0,0.05,5,True
source/48kHz_DE_data/IR/0007/IR007_3.mat,20,0,0.075,5,True
source/48kHz_DE_data/IR/0007/IR007_3.mat,20,0.05,0.025,5,True
source/48kHz_DE_data/IR/0007/IR007_3.mat,20,0.05,0.05,5,True
source/48kHz_DE_data/IR/0007/IR007_3.mat,20,0.05,0.075,5,True
source/48kHz_DE_data/IR/0007/IR007_3.mat,20,0.1,0.025,6,True
source/48kHz_DE_data/IR/0007/IR007_3.mat,20,0.1,0.05,6,True
source/48kHz_DE_data/IR/0007/IR007_3.mat,20,0.1,0.075,6,True
source/48kHz_DE_data/IR/0007/IR007_3.mat,40,-0.1,0.025,2,True
source/48kHz_DE_data/IR/0007/IR007_3.mat,40,-0.1,0.05,2,True
source/48kHz_DE_data/IR/0007/IR007_3.mat,40,-0.1,0.075,2,True
source/48kHz_DE_data/IR/0007/IR007_3.mat,40,-0.05,0.025,2,True
source/48kHz_DE_data/IR/0007/IR007_3.mat,40,-0.05,0.05,2,True
source/48kHz_DE_data/IR/0007/IR007_3.mat,40,-0.05,0.075,2,True
source/48kHz_DE_data/IR/0007/IR007_3.mat,40,0,0.025,2,True
source/48kHz_DE_data/IR/0007/IR007_3.mat,40,0,0.05,2,True
source/48kHz_DE_data/IR/0007/IR007_3.mat,40,0,0.075,2,True
source/48kHz_DE_data/IR/0007/IR007_3.mat,40,0.05,0.025,2,True
source/48kHz_DE_data/IR/0007/IR007_3.mat,40,0.05,0.05,2,True
source/48kHz_DE_data/IR/0007/IR007_3.mat,40,0.05,0.075,2,True
source/48kHz_DE_data/IR/0007/IR007_3.mat,40,0.1,0.025,3,True
source/48kHz_DE_data/IR/0007/IR007_3.mat,40,0.1,0.05,3,True
source/48kHz_DE_data/IR/0007/IR007_3.mat,40,0.1,0.075,3,True
source/48kHz_DE_data/IR/0014/IR014_0.mat,10,-0.1,0.025,3,True
source/48kHz_DE_data/IR/0014/IR014_0.mat,10,-0.1,0.05,3,True
source/48kHz_DE_data/IR/0014/IR014_0.mat,10,-0.1,0.075,3,True
source/48kHz_DE_data/IR/0014/IR014_0.mat,10,-0.05,0.025,3,True
source/48kHz_DE_data/IR/0014/IR014_0.mat,10,-0.05,0.05,3,True
source/48kHz_DE_data/IR/0014/IR014_0.mat,10,-0.05,0.075,3,True
source/48kHz_DE_data/IR/0014/IR014_0.mat,10,0,0.025,3,True
source/48kHz_DE_data/IR/0014/IR014_0.mat,10,0,0.05,3,True
source/48kHz_DE_data/IR/0014/IR014_0.mat,10,0,0.075,3,True
source/48kHz_DE_data/IR/0014/IR014_0.mat,10,0.05,0.025,4,True
source/48kHz_DE_data/IR/0014/IR014_0.mat,10,0.05,0.05,3,True
source/48kHz_DE_data/IR/0014/IR014_0.mat,10,0.05,0.075,3,True
source/48kHz_DE_data/IR/0014/IR014_0.mat,10,0.1,0.025,4,True
source/48kHz_DE_data/IR/0014/IR014_0.mat,10,0.1,0.05,4,True
source/48kHz_DE_data/IR/0014/IR014_0.mat,10,0.1,0.075,3,True
source/48kHz_DE_data/IR/0014/IR014_0.mat,20,-0.1,0.025,1,True
source/48kHz_DE_data/IR/0014/IR014_0.mat,20,-0.1,0.05,1,True
source/48kHz_DE_data/IR/0014/IR014_0.mat,20,-0.1,0.075,1,True
source/48kHz_DE_data/IR/0014/IR014_0.mat,20,-0.05,0.025,1,True
source/48kHz_DE_data/IR/0014/IR014_0.mat,20,-0.05,0.05,1,True
source/48kHz_DE_data/IR/0014/IR014_0.mat,20,-0.05,0.075,1,True
source/48kHz_DE_data/IR/0014/IR014_0.mat,20,0,0.025,1,True
source/48kHz_DE_data/IR/0014/IR014_0.mat,20,0,0.05,1,True
source/48kHz_DE_data/IR/0014/IR014_0.mat,20,0,0.075,1,True
source/48kHz_DE_data/IR/0014/IR014_0.mat,20,0.05,0.025,2,True
source/48kHz_DE_data/IR/0014/IR014_0.mat,20,0.05,0.05,1,True
source/48kHz_DE_data/IR/0014/IR014_0.mat,20,0.05,0.075,1,True
source/48kHz_DE_data/IR/0014/IR014_0.mat,20,0.1,0.025,2,True
source/48kHz_DE_data/IR/0014/IR014_0.mat,20,0.1,0.05,2,True
source/48kHz_DE_data/IR/0014/IR014_0.mat,20,0.1,0.075,1,True
source/48kHz_DE_data/IR/0014/IR014_0.mat,40,-0.1,0.025,0,False
source/48kHz_DE_data/IR/0014/IR014_0.mat,40,-0.1,0.05,0,False
source/48kHz_DE_data/IR/0014/IR014_0.mat,40,-0.1,0.075,0,False
source/48kHz_DE_data/IR/0014/IR014_0.mat,40,-0.05,0.025,0,False
source/48kHz_DE_data/IR/0014/IR014_0.mat,40,-0.05,0.05,0,False
source/48kHz_DE_data/IR/0014/IR014_0.mat,40,-0.05,0.075,0,False
source/48kHz_DE_data/IR/0014/IR014_0.mat,40,0,0.025,0,False
source/48kHz_DE_data/IR/0014/IR014_0.mat,40,0,0.05,0,False
source/48kHz_DE_data/IR/0014/IR014_0.mat,40,0,0.075,0,False
source/48kHz_DE_data/IR/0014/IR014_0.mat,40,0.05,0.025,1,True
source/48kHz_DE_data/IR/0014/IR014_0.mat,40,0.05,0.05,0,False
source/48kHz_DE_data/IR/0014/IR014_0.mat,40,0.05,0.075,0,False
source/48kHz_DE_data/IR/0014/IR014_0.mat,40,0.1,0.025,1,True
source/48kHz_DE_data/IR/0014/IR014_0.mat,40,0.1,0.05,1,True
source/48kHz_DE_data/IR/0014/IR014_0.mat,40,0.1,0.075,0,False
source/48kHz_DE_data/IR/0014/IR014_1.mat,10,-0.1,0.025,10,True
source/48kHz_DE_data/IR/0014/IR014_1.mat,10,-0.1,0.05,10,True
source/48kHz_DE_data/IR/0014/IR014_1.mat,10,-0.1,0.075,10,True
source/48kHz_DE_data/IR/0014/IR014_1.mat,10,-0.05,0.025,11,True
source/48kHz_DE_data/IR/0014/IR014_1.mat,10,-0.05,0.05,10,True
source/48kHz_DE_data/IR/0014/IR014_1.mat,10,-0.05,0.075,10,True
source/48kHz_DE_data/IR/0014/IR014_1.mat,10,0,0.025,11,True
source/48kHz_DE_data/IR/0014/IR014_1.mat,10,0,0.05,11,True
source/48kHz_DE_data/IR/0014/IR014_1.mat,10,0,0.075,11,True
source/48kHz_DE_data/IR/0014/IR014_1.mat,10,0.05,0.025,12,True
source/48kHz_DE_data/IR/0014/IR014_1.mat,10,0.05,0.05,12,True
source/48kHz_DE_data/IR/0014/IR014_1.mat,10,0.05,0.075,11,True
source/48kHz_DE_data/IR/0014/IR014_1.mat,10,0.1,0.025,12,True
source/48kHz_DE_data/IR/0014/IR014_1.mat,10,0.1,0.05,12,True
source/48kHz_DE_data/IR/0014/IR014_1.mat,10,0.1,0.075,12,True
source/48kHz_DE_data/IR/0014/IR014_1.mat,20,-0.1,0.025,5,True
source/48kHz_DE_data/IR/0014/IR014_1.mat,20,-0.1,0.05,5,True
source/48kHz_DE_data/IR/0014/IR014_1.mat,20,-0.1,0.075,5,True
source/48kHz_DE_data/IR/0014/IR014_1.mat,20,-0.05,0.025,5,True
source/48kHz_DE_data/IR/0014/IR014_1.mat,20,-0.05,0.05,5,True
source/48kHz_DE_data/IR/0014/IR014_1.mat,20,-0.05,0.075,5,True
source/48kHz_DE_data/IR/0014/IR014_1.mat,20,0,0.025,5,True
source/48kHz_DE_data/IR/0014/IR014_1.mat,20,0,0.05,5,True
source/48kHz_DE_data/IR/0014/IR014_1.mat,20,0,0.075,5,True
source/48kHz_DE_data/IR/0014/IR014_1.mat,20,0.05,0.025,6,True
source/48kHz_DE_data/IR/0014/IR014_1.mat,20,0.05,0.05,6,True
source/48kHz_DE_data/IR/0014/IR014_1.mat,20,0.05,0.075,5,True
source/48kHz_DE_data/IR/0014/IR014_1.mat,20,0.1,0.025,6,True
source/48kHz_DE_data/IR/0014/IR014_1.mat,20,0.1,0.05,6,True
source/48kHz_DE_data/IR/0014/IR014_1.mat,20,0.1,0.075,6,True
source/48kHz_DE_data/IR/0014/IR014_1.mat,40,-0.1,0.025,2,True
source/48kHz_DE_data/IR/0014/IR014_1.mat,40,-0.1,0.05,2,True
source/48kHz_DE_data/IR/0014/IR014_1.mat,40,-0.1,0.075,2,True
source/48kHz_DE_data/IR/0014/IR014_1.mat,40,-0.05,0.025,2,True
source/48kHz_DE_data/IR/0014/IR014_1.mat,40,-0.05,0.05,2,True
source/48kHz_DE_data/IR/0014/IR014_1.mat,40,-0.05,0.075,2,True
source/48kHz_DE_data/IR/0014/IR014_1.mat,40,0,0.025,2,True
source/48kHz_DE_data/IR/0014/IR014_1.mat,40,0,0.05,2,True
source/48kHz_DE_data/IR/0014/IR014_1.mat,40,0,0.075,2,True
source/48kHz_DE_data/IR/0014/IR014_1.mat,40,0.05,0.025,3,True
source/48kHz_DE_data/IR/0014/IR014_1.mat,40,0.05,0.05,3,True
source/48kHz_DE_data/IR/0014/IR014_1.mat,40,0.05,0.075,2,True
source/48kHz_DE_data/IR/0014/IR014_1.mat,40,0.1,0.025,3,True
source/48kHz_DE_data/IR/0014/IR014_1.mat,40,0.1,0.05,3,True
source/48kHz_DE_data/IR/0014/IR014_1.mat,40,0.1,0.075,3,True
source/48kHz_DE_data/IR/0014/IR014_2.mat,10,-0.1,0.025,10,True
source/48kHz_DE_data/IR/0014/IR014_2.mat,10,-0.1,0.05,10,True
source/48kHz_DE_data/IR/0014/IR014_2.mat,10,-0.1,0.075,10,True
source/48kHz_DE_data/IR/0014/IR014_2.mat,10,-0.05,0.025,10,True
source/48kHz_DE_data/IR/0014/IR014_2.mat,10,-0.05,0.05,10,True
source/48kHz_DE_data/IR/0014/IR014_2.mat,10,-0.05,0.075,10,True
source/48kHz_DE_data/IR/0014/IR014_2.mat,10,0,0.025,11,True
source/48kHz_DE_data/IR/0014/IR014_2.mat,10,0,0.05,11,True
source/48kHz_DE_data/IR/0014/IR014_2.mat,10,0,0.075,11,True
source/48kHz_DE_data/IR/0014/IR014_2.mat,10,0.05,0.025,12,True
source/48kHz_DE_data/IR/0014/IR014_2.mat,10,0.05,0.05,11,True
source/48kHz_DE_data/IR/0014/IR014_2.mat,10,0.05,0.075,11,True
source/48kHz_DE_data/IR/0014/IR014_2.mat,10,0.1,0.025,12,True
source/48kHz_DE_data/IR/0014/IR014_2.mat,10,0.1,0.05,12,True
source/48kHz_DE_data/IR/0014/IR014_2.mat,10,0.1,0.075,12,True
source/48kHz_DE_data/IR/0014/IR014_2.mat,20,-0.1,0.025,5,True
source/48kHz_DE_data/IR/0014/IR014_2.mat,20,-0.1,0.05,5,True
source/48kHz_DE_data/IR/0014/IR014_2.mat,20,-0.1,0.075,5,True
source/48kHz_DE_data/IR/0014/IR014_2.mat,20,-0.05,0.025,5,True
source/48kHz_DE_data/IR/0014/IR014_2.mat,20,-0.05,0.05,5,True
source/48kHz_DE_data/IR/0014/IR014_2.mat,20,-0.05,0.075,5,True
source/48kHz_DE_data/IR/0014/IR014_2.mat,20,0,0.025,5,True
source/48kHz_DE_data/IR/0014/IR014_2.mat,20,0,0.05,5,True
source/48kHz_DE_data/IR/0014/IR014_2.mat,20,0,0.075,5,True
source/48kHz_DE_data/IR/0014/IR014_2.mat,20,0.05,0.025,6,True
source/48kHz_DE_data/IR/0014/IR014_2.mat,20,0.05,0.05,5,True
source/48kHz_DE_data/IR/0014/IR014_2.mat,20,0.05,0.075,5,True
source/48kHz_DE_data/IR/0014/IR014_2.mat,20,0.1,0.025,6,True
source/48kHz_DE_data/IR/0014/IR014_2.mat,20,0.1,0.05,6,True
source/48kHz_DE_data/IR/0014/IR014_2.mat,20,0.1,0.075,6,True
source/48kHz_DE_data/IR/0014/IR014_2.mat,40,-0.1,0.025,2,True
source/48kHz_DE_data/IR/0014/IR014_2.mat,40,-0.1,0.05,2,True
source/48kHz_DE_data/IR/0014/IR014_2.mat,40,-0.1,0.075,2,True
source/48kHz_DE_data/IR/0014/IR014_2.mat,40,-0.05,0.025,2,True
source/48kHz_DE_data/IR/0014/IR014_2.mat,40,-0.05,0.05,2,True
source/48kHz_DE_data/IR/0014/IR014_2.mat,40,-0.05,0.075,2,True
source/48kHz_DE_data/IR/0014/IR014_2.mat,40,0,0.025,2,True
source/48kHz_DE_data/IR/0014/IR014_2.mat,40,0,0.05,2,True
source/48kHz_DE_data/IR/0014/IR014_2.mat,40,0,0.075,2,True
source/48kHz_DE_data/IR/0014/IR014_2.mat,40,0.05,0.025,3,True
source/48kHz_DE_data/IR/0014/IR014_2.mat,40,0.05,0.05,2,True
source/48kHz_DE_data/IR/0014/IR014_2.mat,40,0.05,0.075,2,True
source/48kHz_DE_data/IR/0014/IR014_2.mat,40,0.1,0.025,3,True
source/48kHz_DE_data/IR/0014/IR014_2.mat,40,0.1,0.05,3,True
source/48kHz_DE_data/IR/0014/IR014_2.mat,40,0.1,0.075,3,True
source/48kHz_DE_data/IR/0014/IR014_3.mat,10,-0.1,0.025,10,True
source/48kHz_DE_data/IR/0014/IR014_3.mat,10,-0.1,0.05,10,True
source/48kHz_DE_data/IR/0014/IR014_3.mat,10,-0.1,0.075,9,True
source/48kHz_DE_data/IR/0014/IR014_3.mat,10,-0.05,0.025,10,True
source/48kHz_DE_data/IR/0014/IR014_3.mat,10,-0.05,0.05,10,True
source/48kHz_DE_data/IR/0014/IR014_3.mat,10,-0.05,0.075,10,True
source/48kHz_DE_data/IR/0014/IR014_3.mat,10,0,0.025,11,True
source/48kHz_DE_data/IR/0014/IR014_3.mat,10,0,0.05,11,True
source/48kHz_DE_data/IR/0014/IR014_3.mat,10,0,0.075,11,True
source/48kHz_DE_data/IR/0014/IR014_3.mat,10,0.05,0.025,11,True
source/48kHz_DE_data/IR/0014/IR014_3.mat,10,0.05,0.05,11,True
source/48kHz_DE_data/IR/0014/IR014_3.mat,10,0.05,0.075,11,True
source/48kHz_DE_data/IR/0014/IR014_3.mat,10,0.1,0.025,12,True
source/48kHz_DE_data/IR/0014/IR014_3.mat,10,0.1,0.05,12,True
source/48kHz_DE_data/IR/0014/IR014_3.mat,10,0.1,0.075,12,True
source/48kHz_DE_data/IR/0014/IR014_3.mat,20,-0.1,0.025,5,True
source/48kHz_DE_data/IR/0014/IR014_3.mat,20,-0.1,0.05,5,True
source/48kHz_DE_data/IR/0014/IR014_3.mat,20,-0.1,0.075,4,True
source/48kHz_DE_data/IR/0014/IR014_3.mat,20,-0.05,0.025,5,True
source/48kHz_DE_data/IR/0014/IR014_3.mat,20,-0.05,0.05,5,True
source/48kHz_DE_data/IR/0014/IR014_3.mat,20,-0.05,0.075,5,True
source/48kHz_DE_data/IR/0014/IR014_3.mat,20,0,0.025,5,True
source/48kHz_DE_data/IR/0014/IR014_3.mat,20,0,0.05,5,True
source/48kHz_DE_data/IR/0014/IR014_3.mat,20,0,0.075,5,True
source/48kHz_DE_data/IR/0014/IR014_3.mat,20,0.05,0.025,5,True
source/48kHz_DE_data/IR/0014/IR014_3.mat,20,0.05,0.05,5,True
source/48kHz_DE_data/IR/0014/IR014_3.mat,20,0.05,0.075,5,True
source/48kHz_DE_data/IR/0014/IR014_3.mat,20,0.1,0.025,6,True
source/48kHz_DE_data/IR/0014/IR014_3.mat,20,0.1,0.05,6,True
source/48kHz_DE_data/IR/0014/IR014_3.mat,20,0.1,0.075,6,True
source/48kHz_DE_data/IR/0014/IR014_3.mat,40,-0.1,0.025,2,True
source/48kHz_DE_data/IR/0014/IR014_3.mat,40,-0.1,0.05,2,True
source/48kHz_DE_data/IR/0014/IR014_3.mat,40,-0.1,0.075,2,True
source/48kHz_DE_data/IR/0014/IR014_3.mat,40,-0.05,0.025,2,True
source/48kHz_DE_data/IR/0014/IR014_3.mat,40,-0.05,0.05,2,True
source/48kHz_DE_data/IR/0014/IR014_3.mat,40,-0.05,0.075,2,True
source/48kHz_DE_data/IR/0014/IR014_3.mat,40,0,0.025,2,True
source/48kHz_DE_data/IR/0014/IR014_3.mat,40,0,0.05,2,True
source/48kHz_DE_data/IR/0014/IR014_3.mat,40,0,0.075,2,True
source/48kHz_DE_data/IR/0014/IR014_3.mat,40,0.05,0.025,2,True
source/48kHz_DE_data/IR/0014/IR014_3.mat,40,0.05,0.05,2,True
source/48kHz_DE_data/IR/0014/IR014_3.mat,40,0.05,0.075,2,True
source/48kHz_DE_data/IR/0014/IR014_3.mat,40,0.1,0.025,3,True
source/48kHz_DE_data/IR/0014/IR014_3.mat,40,0.1,0.05,3,True
source/48kHz_DE_data/IR/0014/IR014_3.mat,40,0.1,0.075,3,True
source/48kHz_DE_data/IR/0021/IR021_0.mat,10,-0.1,0.025,10,True
source/48kHz_DE_data/IR/0021/IR021_0.mat,10,-0.1,0.05,10,True
source/48kHz_DE_data/IR/0021/IR021_0.mat,10,-0.1,0.075,10,True
source/48kHz_DE_data/IR/0021/IR021_0.mat,10,-0.05,0.025,11,True
source/48kHz_DE_data/IR/0021/IR021_0.mat,10,-0.05,0.05,11,True
source/48kHz_DE_data/IR/0021/IR021_0.mat,10,-0.05,0.075,10,True
source/48kHz_DE_data/IR/0021/IR021_0.mat,10,0,0.025,11,True
source/48kHz_DE_data/IR/0021/IR021_0.mat,10,0,0.05,11,True
source/48kHz_DE_data/IR/0021/IR021_0.mat,10,0,0.075,11,True
source/48kHz_DE_data/IR/0021/IR021_0.mat,10,0.05,0.025,12,True
source/48kHz_DE_data/IR/0021/IR021_0.mat,10,0.05,0.05,12,True
source/48kHz_DE_data/IR/0021/IR021_0.mat,10,0.05,0.075,12,True
source/48kHz_DE_data/IR/0021/IR021_0.mat,10,0.1,0.025,13,True
source/48kHz_DE_data/IR/0021/IR021_0.mat,10,0.1,0.05,12,True
source/48kHz_DE_data/IR/0021/IR021_0.mat,10,0.1,0.075,12,True
source/48kHz_DE_data/IR/0021/IR021_0.mat,20,-0.1,0.025,5,True
source/48kHz_DE_data/IR/0021/IR021_0.mat,20,-0.1,0.05,5,True
source/48kHz_DE_data/IR/0021/IR021_0.mat,20,-0.1,0.075,5,True
source/48kHz_DE_data/IR/0021/IR021_0.mat,20,-0.05,0.025,5,True
source/48kHz_DE_data/IR/0021/IR021_0.mat,20,-0.05,0.05,5,True
source/48kHz_DE_data/IR/0021/IR021_0.mat,20,-0.05,0.075,5,True
source/48kHz_DE_data/IR/0021/IR021_0.mat,20,0,0.025,5,True
source/48kHz_DE_data/IR/0021/IR021_0.mat,20,0,0.05,5,True
source/48kHz_DE_data/IR/0021/IR021_0.mat,20,0,0.075,5,True
source/48kHz_DE_data/IR/0021/IR021_0.mat,20,0.05,0.025,6,True
source/48kHz_DE_data/IR/0021/IR021_0.mat,20,0.05,0.05,6,True
source/48kHz_DE_data/IR/0021/IR021_0.mat,20,0.05,0.075,6,True
source/48kHz_DE_data/IR/0021/IR021_0.mat,20,0.1,0.025,6,True
source/48kHz_DE_data/IR/0021/IR021_0.mat,20,0.1,0.05,6,True
source/48kHz_DE_data/IR/0021/IR021_0.mat,20,0.1,0.075,6,True
source/48kHz_DE_data/IR/0021/IR021_0.mat,40,-0.1,0.025,2,True
source/48kHz_DE_data/IR/0021/IR021_0.mat,40,-0.1,0.05,2,True
source/48kHz_DE_data/IR/0021/IR021_0.mat,40,-0.1,0.075,2,True
source/48kHz_DE_data/IR/0021/IR021_0.mat,40,-0.05,0.025,2,True
source/48kHz_DE_data/IR/0021/IR021_0.mat,40,-0.05,0.05,2,True
source/48kHz_DE_data/IR/0021/IR021_0.mat,40,-0.05,0.075,2,True
source/48kHz_DE_data/IR/0021/IR021_0.mat,40,0,0.025,2,True
source/48kHz_DE_data/IR/0021/IR021_0.mat,40,0,0.05,2,True
source/48kHz_DE_data/IR/0021/IR021_0.mat,40,0,0.075,2,True
source/48kHz_DE_data/IR/0021/IR021_0.mat,40,0.05,0.025,3,True
source/48kHz_DE_data/IR/0021/IR021_0.mat,40,0.05,0.05,3,True
source/48kHz_DE_data/IR/0021/IR021_0.mat,40,0.05,0.075,3,True
source/48kHz_DE_data/IR/0021/IR021_0.mat,40,0.1,0.025,3,True
source/48kHz_DE_data/IR/0021/IR021_0.mat,40,0.1,0.05,3,True
source/48kHz_DE_data/IR/0021/IR021_0.mat,40,0.1,0.075,3,True
source/48kHz_DE_data/IR/0021/IR021_1.mat,10,-0.1,0.025,10,True
source/48kHz_DE_data/IR/0021/IR021_1.mat,10,-0.1,0.05,10,True
source/48kHz_DE_data/IR/0021/IR021_1.mat,10,-0.1,0.075,10,True
source/48kHz_DE_data/IR/0021/IR021_1.mat,10,-0.05,0.025,11,True
source/48kHz_DE_data/IR/0021/IR021_1.mat,10,-0.05,0.05,10,True
source/48kHz_DE_data/IR/0021/IR021_1.mat,10,-0.05,0.075,10,True
source/48kHz_DE_data/IR/0021/IR021_1.mat,10,0,0.025,11,True
source/48kHz_DE_data/IR/0021/IR021_1.mat,10,0,0.05,11,True
source/48kHz_DE_data/IR/0021/IR021_1.mat,10,0,0.075,11,True
source/48kHz_DE_data/IR/0021/IR021_1.mat,10,0.05,0.025,12,True
source/48kHz_DE_data/IR/0021/IR021_1.mat,10,0.05,0.05,12,True
source/48kHz_DE_data/IR/0021/IR021_1.mat,10,0.05,0.075,11,True
source/48kHz_DE_data/IR/0021/IR021_1.mat,10,0.1,0.025,12,True
source/48kHz_DE_data/IR/0021/IR021_1.mat,10,0.1,0.05,12,True
source/48kHz_DE_data/IR/0021/IR021_1.mat,10,0.1,0.075,12,True
source/48kHz_DE_data/IR/0021/IR021_1.mat,20,-0.1,0.025,5,True
source/48kHz_DE_data/IR/0021/IR021_1.mat,20,-0.1,0.05,5,True
source/48kHz_DE_data/IR/0021/IR021_1.mat,20,-0.1,0.075,5,True
source/48kHz_DE_data/IR/0021/IR021_1.mat,20,-0.05,0.025,5,True
source/48kHz_DE_data/IR/0021/IR021_1.mat,20,-0.05,0.05,5,True
source/48kHz_DE_data/IR/0021/IR021_1.mat,20,-0.05,0.075,5,True
source/48kHz_DE_data/IR/0021/IR021_1.mat,20,0,0.025,5,True
source/48kHz_DE_data/IR/0021/IR021_1.mat,20,0,0.05,5,True
source/48kHz_DE_data/IR/0021/IR021_1.mat,20,0,0.075,5,True
source/48kHz_DE_data/IR/0021/IR021_1.mat,20,0.05,0.025,6,True
source/48kHz_DE_data/IR/0021/IR021_1.mat,20,0.05,0.05,6,True
source/48kHz_DE_data/IR/0021/IR021_1.mat,20,0.05,0.075,5,True
source/48kHz_DE_data/IR/0021/IR021_1.mat,20,0.1,0.025,6,True
source/48kHz_DE_data/IR/0021/IR021_1.mat,20,0.1,0.05,6,True
source/48kHz_DE_data/IR/0021/IR021_1.mat,20,0.1,0.075,6,True
source/48kHz_DE_data/IR/0021/IR021_1.mat,40,-0.1,0.025,2,True
source/48kHz_DE_data/IR/0021/IR021_1.mat,40,-0.1,0.05,2,True
source/48kHz_DE_data/IR/0021/IR021_1.mat,40,-0.1,0.075,2,True
source/48kHz_DE_data/IR/0021/IR021_1.mat,40,-0.05,0.025,2,True
source/48kHz_DE_data/IR/0021/IR021_1.mat,40,-0.05,0.05,2,True
source/48kHz_DE_data/IR/0021/IR021_1.mat,40,-0.05,0.075,2,True
source/48kHz_DE_data/IR/0021/IR021_1.mat,40,0,0.025,2,True
source/48kHz_DE_data/IR/0021/IR021_1.mat,40,0,0.05,2,True
source/48kHz_DE_data/IR/0021/IR021_1.mat,40,0,0.075,2,True
source/48kHz_DE_data/IR/0021/IR021_1.mat,40,0.05,0.025,3,True
source/48kHz_DE_data/IR/0021/IR021_1.mat,40,0.05,0.05,3,True
source/48kHz_DE_data/IR/0021/IR021_1.mat,40,0.05,0.075,2,True
source/48kHz_DE_data/IR/0021/IR021_1.mat,40,0.1,0.025,3,True
source/48kHz_DE_data/IR/0021/IR021_1.mat,40,0.1,0.05,3,True
source/48kHz_DE_data/IR/0021/IR021_1.mat,40,0.1,0.075,3,True
source/48kHz_DE_data/IR/0021/IR021_2.mat,10,-0.1,0.025,10,True
source/48kHz_DE_data/IR/0021/IR021_2.mat,10,-0.1,0.05,10,True
source/48kHz_DE_data/IR/0021/IR021_2.mat,10,-0.1,0.075,10,True
source/48kHz_DE_data/IR/0021/IR021_2.mat,10,-0.05,0.025,10,True
source/48kHz_DE_data/IR/0021/IR021_2.mat,10,-0.05,0.05,10,True
source/48kHz_DE_data/IR/0021/IR021_2.mat,10,-0.05,0.075,10,True
source/48kHz_DE_data/IR/0021/IR021_2.mat,10,0,0.025,11,True
source/48kHz_DE_data/IR/0021/IR021_2.mat,10,0,0.05,11,True
source/48kHz_DE_data/IR/0021/IR021_2.mat,10,0,0.075,11,True
source/48kHz_DE_data/IR/0021/IR021_2.mat,10,0.05,0.025,12,True
source/48kHz_DE_data/IR/0021/IR021_2.mat,10,0.05,0.05,11,True
source/48kHz_DE_data/IR/0021/IR021_2.mat,10,0.05,0.075,11,True
source/48kHz_DE_data/IR/0021/IR021_2.mat,10,0.1,0.025,12,True
source/48kHz_DE_data/IR/0021/IR021_2.mat,10,0.1,0.05,12,True
source/48kHz_DE_data/IR/0021/IR021_2.mat,10,0.1,0.075,12,True
source/48kHz_DE_data/IR/0021/IR021_2.mat,20,-0.1,0.025,5,True
source/48kHz_DE_data/IR/0021/IR021_2.mat,20,-0.1,0.05,5,True
source/48kHz_DE_data/IR/0021/IR021_2.mat,20,-0.1,0.075,5,True
source/48kHz_DE_data/IR/0021/IR021_2.mat,20,-0.05,0.025,5,True
source/48kHz_DE_data/IR/0021/IR021_2.mat,20,-0.05,0.05,5,True
source/48kHz_DE_data/IR/0021/IR021_2.mat,20,-0.05,0.075,5,True
source/48kHz_DE_data/IR/0021/IR021_2.mat,20,0,0.025,5,True
source/48kHz_DE_data/IR/0021/IR021_2.mat,20,0,0.05,5,True
source/48kHz_DE_data/IR/0021/IR021_2.mat,20,0,0.075,5,True
source/48kHz_DE_data/IR/0021/IR021_2.mat,20,0.05,0.025,6,True
source/48kHz_DE_data/IR/0021/IR021_2.mat,20,0.05,0.05,5,True
source/48kHz_DE_data/IR/0021/IR021_2.mat,20,0.05,0.075,5,True
source/48kHz_DE_data/IR/0021/IR021_2.mat,20,0.1,0.025,6,True
source/48kHz_DE_data/IR/0021/IR021_2.mat,20,0.1,0.05,6,True
source/48kHz_DE_data/IR/0021/IR021_2.mat,20,0.1,0.075,6,True
source/48kHz_DE_data/IR/0021/IR021_2.mat,40,-0.1,0.025,2,True
source/48kHz_DE_data/IR/0021/IR021_2.mat,40,-0.1,0.05,2,True
source/48kHz_DE_data/IR/0021/IR021_2.mat,40,-0.1,0.075,2,True
source/48kHz_DE_data/IR/0021/IR021_2.mat,40,-0.05,0.025,2,True
source/48kHz_DE_data/IR/0021/IR021_2.mat,40,-0.05,0.05,2,True
source/48kHz_DE_data/IR/0021/IR021_2.mat,40,-0.05,0.075,2,True
source/48kHz_DE_data/IR/0021/IR021_2.mat,40,0,0.025,2,True
source/48kHz_DE_data/IR/0021/IR021_2.mat,40,0,0.05,2,True
source/48kHz_DE_data/IR/0021/IR021_2.mat,40,0,0.075,2,True
source/48kHz_DE_data/IR/0021/IR021_2.mat,40,0.05,0.025,3,True
source/48kHz_DE_data/IR/0021/IR021_2.mat,40,0.05,0.05,2,True
source/48kHz_DE_data/IR/0021/IR021_2.mat,40,0.05,0.075,2,True
source/48kHz_DE_data/IR/0021/IR021_2.mat,40,0.1,0.025,3,True
source/48kHz_DE_data/IR/0021/IR021_2.mat,40,0.1,0.05,3,True
source/48kHz_DE_data/IR/0021/IR021_2.mat,40,0.1,0.075,3,True
source/48kHz_DE_data/IR/0021/IR021_3.mat,10,-0.1,0.025,10,True
source/48kHz_DE_data/IR/0021/IR021_3.mat,10,-0.1,0.05,10,True
source/48kHz_DE_data/IR/0021/IR021_3.mat,10,-0.1,0.075,9,True
source/48kHz_DE_data/IR/0021/IR021_3.mat,10,-0.05,0.025,10,True
source/48kHz_DE_data/IR/0021/IR021_3.mat,10,-0.05,0.05,10,True
source/48kHz_DE_data/IR/0021/IR021_3.mat,10,-0.05,0.075,10,True
source/48kHz_DE_data/IR/0021/IR021_3.mat,10,0,0.025,11,True
source/48kHz_DE_data/IR/0021/IR021_3.mat,10,0,0.05,11,True
source/48kHz_DE_data/IR/0021/IR021_3.mat,10,0,0.075,11,True
source/48kHz_DE_data/IR/0021/IR021_3.mat,10,0.05,0.025,11,True
source/48kHz_DE_data/IR/0021/IR021_3.mat,10,0.05,0.05,11,True
source/48kHz_DE_data/IR/0021/IR021_3.mat,10,0.05,0.075,11,True
source/48kHz_DE_data/IR/0021/IR021_3.mat,10,0.1,0.025,12,True
source/48kHz_DE_data/IR/0021/IR021_3.mat,10,0.1,0.05,12,True
source/48kHz_DE_data/IR/0021/IR021_3.mat,10,0.1,0.075,12,True
source/48kHz_DE_data/IR/0021/IR021_3.mat,20,-0.1,0.025,5,True
source/48kHz_DE_data/IR/0021/IR021_3.mat,20,-0.1,0.05,5,True
source/48kHz_DE_data/IR/0021/IR021_3.mat,20,-0.1,0.075,4,True
source/48kHz_DE_data/IR/0021/IR021_3.mat,20,-0.05,0.025,5,True
source/48kHz_DE_data/IR/0021/IR021_3.mat,20,-0.05,0.05,5,True
source/48kHz_DE_data/IR/0021/IR021_3.mat,20,-0.05,0.075,5,True
source/48kHz_DE_data/IR/0021/IR021_3.mat,20,0,0.025,5,True
source/48kHz_DE_data/IR/0021/IR021_3.mat,20,0,0.05,5,True
source/48kHz_DE_data/IR/0021/IR021_3.mat,20,0,0.075,5,True
source/48kHz_DE_data/IR/0021/IR021_3.mat,20,0.05,0.025,5,True
source/48kHz_DE_data/IR/0021/IR021_3.mat,20,0.05,0.05,5,True
source/48kHz_DE_data/IR/0021/IR021_3.mat,20,0.05,0.075,5,True
source/48kHz_DE_data/IR/0021/IR021_3.mat,20,0.1,0.025,6,True
source/48kHz_DE_data/IR/0021/IR021_3.mat,20,0.1,0.05,6,True
source/48kHz_DE_data/IR/0021/IR021_3.mat,20,0.1,0.075,6,True
source/48kHz_DE_data/IR/0021/IR021_3.mat,40,-0.1,0.025,2,True
source/48kHz_DE_data/IR/0021/IR021_3.mat,40,-0.1,0.05,2,True
source/48kHz_DE_data/IR/0021/IR021_3.mat,40,-0.1,0.075,2,True
source/48kHz_DE_data/IR/0021/IR021_3.mat,40,-0.05,0.025,2,True
source/48kHz_DE_data/IR/0021/IR021_3.mat,40,-0.05,0.05,2,True
source/48kHz_DE_data/IR/0021/IR021_3.mat,40,-0.05,0.075,2,True
source/48kHz_DE_data/IR/0021/IR021_3.mat,40,0,0.025,2,True
source/48kHz_DE_data/IR/0021/IR021_3.mat,40,0,0.05,2,True
source/48kHz_DE_data/IR/0021/IR021_3.mat,40,0,0.075,2,True
source/48kHz_DE_data/IR/0021/IR021_3.mat,40,0.05,0.025,2,True
source/48kHz_DE_data/IR/0021/IR021_3.mat,40,0.05,0.05,2,True
source/48kHz_DE_data/IR/0021/IR021_3.mat,40,0.05,0.075,2,True
source/48kHz_DE_data/IR/0021/IR021_3.mat,40,0.1,0.025,3,True
source/48kHz_DE_data/IR/0021/IR021_3.mat,40,0.1,0.05,3,True
source/48kHz_DE_data/IR/0021/IR021_3.mat,40,0.1,0.075,3,True
source/48kHz_DE_data/OR/Centered/0007/OR007@6_0.mat,10,-0.1,0.025,10,True
source/48kHz_DE_data/OR/Centered/0007/OR007@6_0.mat,10,-0.1,0.05,10,True
source/48kHz_DE_data/OR/Centered/0007/OR007@6_0.mat,10,-0.1,0.075,10,True
source/48kHz_DE_data/OR/Centered/0007/OR007@6_0.mat,10,-0.05,0.025,11,True
source/48kHz_DE_data/OR/Centered/0007/OR007@6_0.mat,10,-0.05,0.05,11,True
source/48kHz_DE_data/OR/Centered/0007/OR007@6_0.mat,10,-0.05,0.075,10,True
source/48kHz_DE_data/OR/Centered/0007/OR007@6_0.mat,10,0,0.025,11,True
source/48kHz_DE_data/OR/Centered/0007/OR007@6_0.mat,10,0,0.05,11,True
source/48kHz_DE_data/OR/Centered/0007/OR007@6_0.mat,10,0,0.075,11,True
source/48kHz_DE_data/OR/Centered/0007/OR007@6_0.mat,10,0.05,0.025,12,True
source/48kHz_DE_data/OR/Centered/0007/OR007@6_0.mat,10,0.05,0.05,12,True
source/48kHz_DE_data/OR/Centered/0007/OR007@6_0.mat,10,0.05,0.075,12,True
source/48kHz_DE_data/OR/Centered/0007/OR007@6_0.mat,10,0.1,0.025,13,True
source/48kHz_DE_data/OR/Centered/0007/OR007@6_0.mat,10,0.1,0.05,12,True
source/48kHz_DE_data/OR/Centered/0007/OR007@6_0.mat,10,0.1,0.075,12,True
source/48kHz_DE_data/OR/Centered/0007/OR007@6_0.mat,20,-0.1,0.025,5,True
source/48kHz_DE_data/OR/Centered/0007/OR007@6_0.mat,20,-0.1,0.05,5,True
source/48kHz_DE_data/OR/Centered/0007/OR007@6_0.mat,20,-0.1,0.075,5,True
source/48kHz_DE_data/OR/Centered/0007/OR007@6_0.mat,20,-0.05,0.025,5,True
source/48kHz_DE_data/OR/Centered/0007/OR007@6_0.mat,20,-0.05,0.05,5,True
source/48kHz_DE_data/OR/Centered/0007/OR007@6_0.mat,20,-0.05,0.075,5,True
source/48kHz_DE_data/OR/Centered/0007/OR007@6_0.mat,20,0,0.025,5,True
source/48kHz_DE_data/OR/Centered/0007/OR007@6_0.mat,20,0,0.05,5,True
source/48kHz_DE_data/OR/Centered/0007/OR007@6_0.mat,20,0,0.075,5,True
source/48kHz_DE_data/OR/Centered/0007/OR007@6_0.mat,20,0.05,0.025,6,True
source/48kHz_DE_data/OR/Centered/0007/OR007@6_0.mat,20,0.05,0.05,6,True
source/48kHz_DE_data/OR/Centered/0007/OR007@6_0.mat,20,0.05,0.075,6,True
source/48kHz_DE_data/OR/Centered/0007/OR007@6_0.mat,20,0.1,0.025,6,True
source/48kHz_DE_data/OR/Centered/0007/OR007@6_0.mat,20,0.1,0.05,6,True
source/48kHz_DE_data/OR/Centered/0007/OR007@6_0.mat,20,0.1,0.075,6,True
source/48kHz_DE_data/OR/Centered/0007/OR007@6_0.mat,40,-0.1,0.025,2,True
source/48kHz_DE_data/OR/Centered/0007/OR007@6_0.mat,40,-0.1,0.05,2,True
source/48kHz_DE_data/OR/Centered/0007/OR007@6_0.mat,40,-0.1,0.075,2,True
source/48kHz_DE_data/OR/Centered/0007/OR007@6_0.mat,40,-0.05,0.025,2,True
source/48kHz_DE_data/OR/Centered/0007/OR007@6_0.mat,40,-0.05,0.05,2,True
source/48kHz_DE_data/OR/Centered/0007/OR007@6_0.mat,40,-0.05,0.075,2,True
source/48kHz_DE_data/OR/Centered/0007/OR007@6_0.mat,40,0,0.025,2,True
source/48kHz_DE_data/OR/Centered/0007/OR007@6_0.mat,40,0,0.05,2,True
source/48kHz_DE_data/OR/Centered/0007/OR007@6_0.mat,40,0,0.075,2,True
source/48kHz_DE_data/OR/Centered/0007/OR007@6_0.mat,40,0.05,0.025,3,True
source/48kHz_DE_data/OR/Centered/0007/OR007@6_0.mat,40,0.05,0.05,3,True
source/48kHz_DE_data/OR/Centered/0007/OR007@6_0.mat,40,0.05,0.075,3,True
source/48kHz_DE_data/OR/Centered/0007/OR007@6_0.mat,40,0.1,0.025,3,True
source/48kHz_DE_data/OR/Centered/0007/OR007@6_0.mat,40,0.1,0.05,3,True
source/48kHz_DE_data/OR/Centered/0007/OR007@6_0.mat,40,0.1,0.075,3,True
source/48kHz_DE_data/OR/Centered/0007/OR007@6_1.mat,10,-0.1,0.025,10,True
source/48kHz_DE_data/OR/Centered/0007/OR007@6_1.mat,10,-0.1,0.05,10,True
source/48kHz_DE_data/OR/Centered/0007/OR007@6_1.mat,10,-0.1,0.075,10,True
source/48kHz_DE_data/OR/Centered/0007/OR007@6_1.mat,10,-0.05,0.025,11,True
source/48kHz_DE_data/OR/Centered/0007/OR007@6_1.mat,10,-0.05,0.05,10,True
source/48kHz_DE_data/OR/Centered/0007/OR007@6_1.mat,10,-0.05,0.075,10,True
source/48kHz_DE_data/OR/Centered/0007/OR007@6_1.mat,10,0,0.025,11,True
source/48kHz_DE_data/OR/Centered/0007/OR007@6_1.mat,10,0,0.05,11,True
source/48kHz_DE_data/OR/Centered/0007/OR007@6_1.mat,10,0,0.075,11,True
source/48kHz_DE_data/OR/Centered/0007/OR007@6_1.mat,10,0.05,0.025,12,True
source/48kHz_DE_data/OR/Centered/0007/OR007@6_1.mat,10,0.05,0.05,12,True
source/48kHz_DE_data/OR/Centered/0007/OR007@6_1.mat,10,0.05,0.075,11,True
source/48kHz_DE_data/OR/Centered/0007/OR007@6_1.mat,10,0.1,0.025,12,True
source/48kHz_DE_data/OR/Centered/0007/OR007@6_1.mat,10,0.1,0.05,12,True
source/48kHz_DE_data/OR/Centered/0007/OR007@6_1.mat,10,0.1,0.075,12,True
source/48kHz_DE_data/OR/Centered/0007/OR007@6_1.mat,20,-0.1,0.025,5,True
source/48kHz_DE_data/OR/Centered/0007/OR007@6_1.mat,20,-0.1,0.05,5,True
source/48kHz_DE_data/OR/Centered/0007/OR007@6_1.mat,20,-0.1,0.075,5,True
source/48kHz_DE_data/OR/Centered/0007/OR007@6_1.mat,20,-0.05,0.025,5,True
source/48kHz_DE_data/OR/Centered/0007/OR007@6_1.mat,20,-0.05,0.05,5,True
source/48kHz_DE_data/OR/Centered/0007/OR007@6_1.mat,20,-0.05,0.075,5,True
source/48kHz_DE_data/OR/Centered/0007/OR007@6_1.mat,20,0,0.025,5,True
source/48kHz_DE_data/OR/Centered/0007/OR007@6_1.mat,20,0,0.05,5,True
source/48kHz_DE_data/OR/Centered/0007/OR007@6_1.mat,20,0,0.075,5,True
source/48kHz_DE_data/OR/Centered/0007/OR007@6_1.mat,20,0.05,0.025,6,True
source/48kHz_DE_data/OR/Centered/0007/OR007@6_1.mat,20,0.05,0.05,6,True
source/48kHz_DE_data/OR/Centered/0007/OR007@6_1.mat,20,0.05,0.075,5,True
source/48kHz_DE_data/OR/Centered/0007/OR007@6_1.mat,20,0.1,0.025,6,True
source/48kHz_DE_data/OR/Centered/0007/OR007@6_1.mat,20,0.1,0.05,6,True
source/48kHz_DE_data/OR/Centered/0007/OR007@6_1.mat,20,0.1,0.075,6,True
source/48kHz_DE_data/OR/Centered/0007/OR007@6_1.mat,40,-0.1,0.025,2,True
source/48kHz_DE_data/OR/Centered/0007/OR007@6_1.mat,40,-0.1,0.05,2,True
source/48kHz_DE_data/OR/Centered/0007/OR007@6_1.mat,40,-0.1,0.075,2,True
source/48kHz_DE_data/OR/Centered/0007/OR007@6_1.mat,40,-0.05,0.025,2,True
source/48kHz_DE_data/OR/Centered/0007/OR007@6_1.mat,40,-0.05,0.05,2,True
source/48kHz_DE_data/OR/Centered/0007/OR007@6_1.mat,40,-0.05,0.075,2,True
source/48kHz_DE_data/OR/Centered/0007/OR007@6_1.mat,40,0,0.025,2,True
source/48kHz_DE_data/OR/Centered/0007/OR007@6_1.mat,40,0,0.05,2,True
source/48kHz_DE_data/OR/Centered/0007/OR007@6_1.mat,40,0,0.075,2,True
source/48kHz_DE_data/OR/Centered/0007/OR007@6_1.mat,40,0.05,0.025,3,True
source/48kHz_DE_data/OR/Centered/0007/OR007@6_1.mat,40,0.05,0.05,3,True
source/48kHz_DE_data/OR/Centered/0007/OR007@6_1.mat,40,0.05,0.075,2,True
source/48kHz_DE_data/OR/Centered/0007/OR007@6_1.mat,40,0.1,0.025,3,True
source/48kHz_DE_data/OR/Centered/0007/OR007@6_1.mat,40,0.1,0.05,3,True
source/48kHz_DE_data/OR/Centered/0007/OR007@6_1.mat,40,0.1,0.075,3,True
source/48kHz_DE_data/OR/Centered/0007/OR007@6_2.mat,10,-0.1,0.025,10,True
source/48kHz_DE_data/OR/Centered/0007/OR007@6_2.mat,10,-0.1,0.05,10,True
source/48kHz_DE_data/OR/Centered/0007/OR007@6_2.mat,10,-0.1,0.075,10,True
source/48kHz_DE_data/OR/Centered/0007/OR007@6_2.mat,10,-0.05,0.025,10,True
source/48kHz_DE_data/OR/Centered/0007/OR007@6_2.mat,10,-0.05,0.05,10,True
source/48kHz_DE_data/OR/Centered/0007/OR007@6_2.mat,10,-0.05,0.075,10,True
source/48kHz_DE_data/OR/Centered/0007/OR007@6_2.mat,10,0,0.025,11,True
source/48kHz_DE_data/OR/Centered/0007/OR007@6_2.mat,10,0,0.05,11,True
source/48kHz_DE_data/OR/Centered/0007/OR007@6_2.mat,10,0,0.075,11,True
source/48kHz_DE_data/OR/Centered/0007/OR007@6_2.mat,10,0.05,0.025,12,True
source/48kHz_DE_data/OR/Centered/0007/OR007@6_2.mat,10,0.05,0.05,11,True
source/48kHz_DE_data/OR/Centered/0007/OR007@6_2.mat,10,0.05,0.075,11,True
source/48kHz_DE_data/OR/Centered/0007/OR007@6_2.mat,10,0.1,0.025,12,True
source/48kHz_DE_data/OR/Centered/0007/OR007@6_2.mat,10,0.1,0.05,12,True
source/48kHz_DE_data/OR/Centered/0007/OR007@6_2.mat,10,0.1,0.075,12,True
source/48kHz_DE_data/OR/Centered/0007/OR007@6_2.mat,20,-0.1,0.025,5,True
source/48kHz_DE_data/OR/Centered/0007/OR007@6_2.mat,20,-0.1,0.05,5,True
source/48kHz_DE_data/OR/Centered/0007/OR007@6_2.mat,20,-0.1,0.075,5,True
source/48kHz_DE_data/OR/Centered/0007/OR007@6_2.mat,20,-0.05,0.025,5,True
source/48kHz_DE_data/OR/Centered/0007/OR007@6_2.mat,20,-0.05,0.05,5,True
source/48kHz_DE_data/OR/Centered/0007/OR007@6_2.mat,20,-0.05,0.075,5,True
source/48kHz_DE_data/OR/Centered/0007/OR007@6_2.mat,20,0,0.025,5,True
source/48kHz_DE_data/OR/Centered/0007/OR007@6_2.mat,20,0,0.05,5,True
source/48kHz_DE_data/OR/Centered/0007/OR007@6_2.mat,20,0,0.075,5,True
source/48kHz_DE_data/OR/Centered/0007/OR007@6_2.mat,20,0.05,0.025,6,True
source/48kHz_DE_data/OR/Centered/0007/OR007@6_2.mat,20,0.05,0.05,5,True
source/48kHz_DE_data/OR/Centered/0007/OR007@6_2.mat,20,0.05,0.075,5,True
source/48kHz_DE_data/OR/Centered/0007/OR007@6_2.mat,20,0.1,0.025,6,True
source/48kHz_DE_data/OR/Centered/0007/OR007@6_2.mat,20,0.1,0.05,6,True
source/48kHz_DE_data/OR/Centered/0007/OR007@6_2.mat,20,0.1,0.075,6,True
source/48kHz_DE_data/OR/Centered/0007/OR007@6_2.mat,40,-0.1,0.025,2,True
source/48kHz_DE_data/OR/Centered/0007/OR007@6_2.mat,40,-0.1,0.05,2,True
source/48kHz_DE_data/OR/Centered/0007/OR007@6_2.mat,40,-0.1,0.075,2,True
source/48kHz_DE_data/OR/Centered/0007/OR007@6_2.mat,40,-0.05,0.025,2,True
source/48kHz_DE_data/OR/Centered/0007/OR007@6_2.mat,40,-0.05,0.05,2,True
source/48kHz_DE_data/OR/Centered/0007/OR007@6_2.mat,40,-0.05,0.075,2,True
source/48kHz_DE_data/OR/Centered/0007/OR007@6_2.mat,40,0,0.025,2,True
source/48kHz_DE_data/OR/Centered/0007/OR007@6_2.mat,40,0,0.05,2,True
source/48kHz_DE_data/OR/Centered/0007/OR007@6_2.mat,40,0,0.075,2,True
source/48kHz_DE_data/OR/Centered/0007/OR007@6_2.mat,40,0.05,0.025,3,True
source/48kHz_DE_data/OR/Centered/0007/OR007@6_2.mat,40,0.05,0.05,2,True
source/48kHz_DE_data/OR/Centered/0007/OR007@6_2.mat,40,0.05,0.075,2,True
source/48kHz_DE_data/OR/Centered/0007/OR007@6_2.mat,40,0.1,0.025,3,True
source/48kHz_DE_data/OR/Centered/0007/OR007@6_2.mat,40,0.1,0.05,3,True
source/48kHz_DE_data/OR/Centered/0007/OR007@6_2.mat,40,0.1,0.075,3,True
source/48kHz_DE_data/OR/Centered/0007/OR007@6_3.mat,10,-0.1,0.025,10,True
source/48kHz_DE_data/OR/Centered/0007/OR007@6_3.mat,10,-0.1,0.05,10,True
source/48kHz_DE_data/OR/Centered/0007/OR007@6_3.mat,10,-0.1,0.075,9,True
source/48kHz_DE_data/OR/Centered/0007/OR007@6_3.mat,10,-0.05,0.025,10,True
source/48kHz_DE_data/OR/Centered/0007/OR007@6_3.mat,10,-0.05,0.05,10,True
source/48kHz_DE_data/OR/Centered/0007/OR007@6_3.mat,10,-0.05,0.075,10,True
source/48kHz_DE_data/OR/Centered/0007/OR007@6_3.mat,10,0,0.025,11,True
source/48kHz_DE_data/OR/Centered/0007/OR007@6_3.mat,10,0,0.05,11,True
source/48kHz_DE_data/OR/Centered/0007/OR007@6_3.mat,10,0,0.075,11,True
source/48kHz_DE_data/OR/Centered/0007/OR007@6_3.mat,10,0.05,0.025,11,True
source/48kHz_DE_data/OR/Centered/0007/OR007@6_3.mat,10,0.05,0.05,11,True
source/48kHz_DE_data/OR/Centered/0007/OR007@6_3.mat,10,0.05,0.075,11,True
source/48kHz_DE_data/OR/Centered/0007/OR007@6_3.mat,10,0.1,0.025,12,True
source/48kHz_DE_data/OR/Centered/0007/OR007@6_3.mat,10,0.1,0.05,12,True
source/48kHz_DE_data/OR/Centered/0007/OR007@6_3.mat,10,0.1,0.075,12,True
source/48kHz_DE_data/OR/Centered/0007/OR007@6_3.mat,20,-0.1,0.025,5,True
source/48kHz_DE_data/OR/Centered/0007/OR007@6_3.mat,20,-0.1,0.05,5,True
source/48kHz_DE_data/OR/Centered/0007/OR007@6_3.mat,20,-0.1,0.075,4,True
source/48kHz_DE_data/OR/Centered/0007/OR007@6_3.mat,20,-0.05,0.025,5,True
source/48kHz_DE_data/OR/Centered/0007/OR007@6_3.mat,20,-0.05,0.05,5,True
source/48kHz_DE_data/OR/Centered/0007/OR007@6_3.mat,20,-0.05,0.075,5,True
source/48kHz_DE_data/OR/Centered/0007/OR007@6_3.mat,20,0,0.025,5,True
source/48kHz_DE_data/OR/Centered/0007/OR007@6_3.mat,20,0,0.05,5,True
source/48kHz_DE_data/OR/Centered/0007/OR007@6_3.mat,20,0,0.075,5,True
source/48kHz_DE_data/OR/Centered/0007/OR007@6_3.mat,20,0.05,0.025,5,True
source/48kHz_DE_data/OR/Centered/0007/OR007@6_3.mat,20,0.05,0.05,5,True
source/48kHz_DE_data/OR/Centered/0007/OR007@6_3.mat,20,0.05,0.075,5,True
source/48kHz_DE_data/OR/Centered/0007/OR007@6_3.mat,20,0.1,0.025,6,True
source/48kHz_DE_data/OR/Centered/0007/OR007@6_3.mat,20,0.1,0.05,6,True
source/48kHz_DE_data/OR/Centered/0007/OR007@6_3.mat,20,0.1,0.075,6,True
source/48kHz_DE_data/OR/Centered/0007/OR007@6_3.mat,40,-0.1,0.025,2,True
source/48kHz_DE_data/OR/Centered/0007/OR007@6_3.mat,40,-0.1,0.05,2,True
source/48kHz_DE_data/OR/Centered/0007/OR007@6_3.mat,40,-0.1,0.075,2,True
source/48kHz_DE_data/OR/Centered/0007/OR007@6_3.mat,40,-0.05,0.025,2,True
source/48kHz_DE_data/OR/Centered/0007/OR007@6_3.mat,40,-0.05,0.05,2,True
source/48kHz_DE_data/OR/Centered/0007/OR007@6_3.mat,40,-0.05,0.075,2,True
source/48kHz_DE_data/OR/Centered/0007/OR007@6_3.mat,40,0,0.025,2,True
source/48kHz_DE_data/OR/Centered/0007/OR007@6_3.mat,40,0,0.05,2,True
source/48kHz_DE_data/OR/Centered/0007/OR007@6_3.mat,40,0,0.075,2,True
source/48kHz_DE_data/OR/Centered/0007/OR007@6_3.mat,40,0.05,0.025,2,True
source/48kHz_DE_data/OR/Centered/0007/OR007@6_3.mat,40,0.05,0.05,2,True
source/48kHz_DE_data/OR/Centered/0007/OR007@6_3.mat,40,0.05,0.075,2,True
source/48kHz_DE_data/OR/Centered/0007/OR007@6_3.mat,40,0.1,0.025,3,True
source/48kHz_DE_data/OR/Centered/0007/OR007@6_3.mat,40,0.1,0.05,3,True
source/48kHz_DE_data/OR/Centered/0007/OR007@6_3.mat,40,0.1,0.075,3,True
source/48kHz_DE_data/OR/Centered/0014/OR014@6_0.mat,10,-0.1,0.025,10,True
source/48kHz_DE_data/OR/Centered/0014/OR014@6_0.mat,10,-0.1,0.05,10,True
source/48kHz_DE_data/OR/Centered/0014/OR014@6_0.mat,10,-0.1,0.075,10,True
source/48kHz_DE_data/OR/Centered/0014/OR014@6_0.mat,10,-0.05,0.025,11,True
source/48kHz_DE_data/OR/Centered/0014/OR014@6_0.mat,10,-0.05,0.05,11,True
source/48kHz_DE_data/OR/Centered/0014/OR014@6_0.mat,10,-0.05,0.075,10,True
source/48kHz_DE_data/OR/Centered/0014/OR014@6_0.mat,10,0,0.025,11,True
source/48kHz_DE_data/OR/Centered/0014/OR014@6_0.mat,10,0,0.05,11,True
source/48kHz_DE_data/OR/Centered/0014/OR014@6_0.mat,10,0,0.075,11,True
source/48kHz_DE_data/OR/Centered/0014/OR014@6_0.mat,10,0.05,0.025,12,True
source/48kHz_DE_data/OR/Centered/0014/OR014@6_0.mat,10,0.05,0.05,12,True
source/48kHz_DE_data/OR/Centered/0014/OR014@6_0.mat,10,0.05,0.075,12,True
source/48kHz_DE_data/OR/Centered/0014/OR014@6_0.mat,10,0.1,0.025,13,True
source/48kHz_DE_data/OR/Centered/0014/OR014@6_0.mat,10,0.1,0.05,12,True
source/48kHz_DE_data/OR/Centered/0014/OR014@6_0.mat,10,0.1,0.075,12,True
source/48kHz_DE_data/OR/Centered/0014/OR014@6_0.mat,20,-0.1,0.025,5,True
source/48kHz_DE_data/OR/Centered/0014/OR014@6_0.mat,20,-0.1,0.05,5,True
source/48kHz_DE_data/OR/Centered/0014/OR014@6_0.mat,20,-0.1,0.075,5,True
source/48kHz_DE_data/OR/Centered/0014/OR014@6_0.mat,20,-0.05,0.025,5,True
source/48kHz_DE_data/OR/Centered/0014/OR014@6_0.mat,20,-0.05,0.05,5,True
source/48kHz_DE_data/OR/Centered/0014/OR014@6_0.mat,20,-0.05,0.075,5,True
source/48kHz_DE_data/OR/Centered/0014/OR014@6_0.mat,20,0,0.025,5,True
source/48kHz_DE_data/OR/Centered/0014/OR014@6_0.mat,20,0,0.05,5,True
source/48kHz_DE_data/OR/Centered/0014/OR014@6_0.mat,20,0,0.075,5,True
source/48kHz_DE_data/OR/Centered/0014/OR014@6_0.mat,20,0.05,0.025,6,True
source/48kHz_DE_data/OR/Centered/0014/OR014@6_0.mat,20,0.05,0.05,6,True
source/48kHz_DE_data/OR/Centered/0014/OR014@6_0.mat,20,0.05,0.075,6,True
source/48kHz_DE_data/OR/Centered/0014/OR014@6_0.mat,20,0.1,0.025,6,True
source/48kHz_DE_data/OR/Centered/0014/OR014@6_0.mat,20,0.1,0.05,6,True
source/48kHz_DE_data/OR/Centered/0014/OR014@6_0.mat,20,0.1,0.075,6,True
source/48kHz_DE_data/OR/Centered/0014/OR014@6_0.mat,40,-0.1,0.025,2,True
source/48kHz_DE_data/OR/Centered/0014/OR014@6_0.mat,40,-0.1,0.05,2,True
source/48kHz_DE_data/OR/Centered/0014/OR014@6_0.mat,40,-0.1,0.075,2,True
source/48kHz_DE_data/OR/Centered/0014/OR014@6_0.mat,40,-0.05,0.025,2,True
source/48kHz_DE_data/OR/Centered/0014/OR014@6_0.mat,40,-0.05,0.05,2,True
source/48kHz_DE_data/OR/Centered/0014/OR014@6_0.mat,40,-0.05,0.075,2,True
source/48kHz_DE_data/OR/Centered/0014/OR014@6_0.mat,40,0,0.025,2,True
source/48kHz_DE_data/OR/Centered/0014/OR014@6_0.mat,40,0,0.05,2,True
source/48kHz_DE_data/OR/Centered/0014/OR014@6_0.mat,40,0,0.075,2,True
source/48kHz_DE_data/OR/Centered/0014/OR014@6_0.mat,40,0.05,0.025,3,True
source/48kHz_DE_data/OR/Centered/0014/OR014@6_0.mat,40,0.05,0.05,3,True
source/48kHz_DE_data/OR/Centered/0014/OR014@6_0.mat,40,0.05,0.075,3,True
source/48kHz_DE_data/OR/Centered/0014/OR014@6_0.mat,40,0.1,0.025,3,True
source/48kHz_DE_data/OR/Centered/0014/OR014@6_0.mat,40,0.1,0.05,3,True
source/48kHz_DE_data/OR/Centered/0014/OR014@6_0.mat,40,0.1,0.075,3,True
source/48kHz_DE_data/OR/Centered/0014/OR014@6_1.mat,10,-0.1,0.025,10,True
source/48kHz_DE_data/OR/Centered/0014/OR014@6_1.mat,10,-0.1,0.05,10,True
source/48kHz_DE_data/OR/Centered/0014/OR014@6_1.mat,10,-0.1,0.075,10,True
source/48kHz_DE_data/OR/Centered/0014/OR014@6_1.mat,10,-0.05,0.025,11,True
source/48kHz_DE_data/OR/Centered/0014/OR014@6_1.mat,10,-0.05,0.05,10,True
source/48kHz_DE_data/OR/Centered/0014/OR014@6_1.mat,10,-0.05,0.075,10,True
source/48kHz_DE_data/OR/Centered/0014/OR014@6_1.mat,10,0,0.025,11,True
source/48kHz_DE_data/OR/Centered/0014/OR014@6_1.mat,10,0,0.05,11,True
source/48kHz_DE_data/OR/Centered/0014/OR014@6_1.mat,10,0,0.075,11,True
source/48kHz_DE_data/OR/Centered/0014/OR014@6_1.mat,10,0.05,0.025,12,True
source/48kHz_DE_data/OR/Centered/0014/OR014@6_1.mat,10,0.05,0.05,12,True
source/48kHz_DE_data/OR/Centered/0014/OR014@6_1.mat,10,0.05,0.075,11,True
source/48kHz_DE_data/OR/Centered/0014/OR014@6_1.mat,10,0.1,0.025,12,True
source/48kHz_DE_data/OR/Centered/0014/OR014@6_1.mat,10,0.1,0.05,12,True
source/48kHz_DE_data/OR/Centered/0014/OR014@6_1.mat,10,0.1,0.075,12,True
source/48kHz_DE_data/OR/Centered/0014/OR014@6_1.mat,20,-0.1,0.025,5,True
source/48kHz_DE_data/OR/Centered/0014/OR014@6_1.mat,20,-0.1,0.05,5,True
source/48kHz_DE_data/OR/Centered/0014/OR014@6_1.mat,20,-0.1,0.075,5,True
source/48kHz_DE_data/OR/Centered/0014/OR014@6_1.mat,20,-0.05,0.025,5,True
source/48kHz_DE_data/OR/Centered/0014/OR014@6_1.mat,20,-0.05,0.05,5,True
source/48kHz_DE_data/OR/Centered/0014/OR014@6_1.mat,20,-0.05,0.075,5,True
source/48kHz_DE_data/OR/Centered/0014/OR014@6_1.mat,20,0,0.025,5,True
source/48kHz_DE_data/OR/Centered/0014/OR014@6_1.mat,20,0,0.05,5,True
source/48kHz_DE_data/OR/Centered/0014/OR014@6_1.mat,20,0,0.075,5,True
source/48kHz_DE_data/OR/Centered/0014/OR014@6_1.mat,20,0.05,0.025,6,True
source/48kHz_DE_data/OR/Centered/0014/OR014@6_1.mat,20,0.05,0.05,6,True
source/48kHz_DE_data/OR/Centered/0014/OR014@6_1.mat,20,0.05,0.075,5,True
source/48kHz_DE_data/OR/Centered/0014/OR014@6_1.mat,20,0.1,0.025,6,True
source/48kHz_DE_data/OR/Centered/0014/OR014@6_1.mat,20,0.1,0.05,6,True
source/48kHz_DE_data/OR/Centered/0014/OR014@6_1.mat,20,0.1,0.075,6,True
source/48kHz_DE_data/OR/Centered/0014/OR014@6_1.mat,40,-0.1,0.025,2,True
source/48kHz_DE_data/OR/Centered/0014/OR014@6_1.mat,40,-0.1,0.05,2,True
source/48kHz_DE_data/OR/Centered/0014/OR014@6_1.mat,40,-0.1,0.075,2,True
source/48kHz_DE_data/OR/Centered/0014/OR014@6_1.mat,40,-0.05,0.025,2,True
source/48kHz_DE_data/OR/Centered/0014/OR014@6_1.mat,40,-0.05,0.05,2,True
source/48kHz_DE_data/OR/Centered/0014/OR014@6_1.mat,40,-0.05,0.075,2,True
source/48kHz_DE_data/OR/Centered/0014/OR014@6_1.mat,40,0,0.025,2,True
source/48kHz_DE_data/OR/Centered/0014/OR014@6_1.mat,40,0,0.05,2,True
source/48kHz_DE_data/OR/Centered/0014/OR014@6_1.mat,40,0,0.075,2,True
source/48kHz_DE_data/OR/Centered/0014/OR014@6_1.mat,40,0.05,0.025,3,True
source/48kHz_DE_data/OR/Centered/0014/OR014@6_1.mat,40,0.05,0.05,3,True
source/48kHz_DE_data/OR/Centered/0014/OR014@6_1.mat,40,0.05,0.075,2,True
source/48kHz_DE_data/OR/Centered/0014/OR014@6_1.mat,40,0.1,0.025,3,True
source/48kHz_DE_data/OR/Centered/0014/OR014@6_1.mat,40,0.1,0.05,3,True
source/48kHz_DE_data/OR/Centered/0014/OR014@6_1.mat,40,0.1,0.075,3,True
source/48kHz_DE_data/OR/Centered/0014/OR014@6_2.mat,10,-0.1,0.025,10,True
source/48kHz_DE_data/OR/Centered/0014/OR014@6_2.mat,10,-0.1,0.05,10,True
source/48kHz_DE_data/OR/Centered/0014/OR014@6_2.mat,10,-0.1,0.075,10,True
source/48kHz_DE_data/OR/Centered/0014/OR014@6_2.mat,10,-0.05,0.025,10,True
source/48kHz_DE_data/OR/Centered/0014/OR014@6_2.mat,10,-0.05,0.05,10,True
source/48kHz_DE_data/OR/Centered/0014/OR014@6_2.mat,10,-0.05,0.075,10,True
source/48kHz_DE_data/OR/Centered/0014/OR014@6_2.mat,10,0,0.025,11,True
source/48kHz_DE_data/OR/Centered/0014/OR014@6_2.mat,10,0,0.05,11,True
source/48kHz_DE_data/OR/Centered/0014/OR014@6_2.mat,10,0,0.075,11,True
source/48kHz_DE_data/OR/Centered/0014/OR014@6_2.mat,10,0.05,0.025,12,True
source/48kHz_DE_data/OR/Centered/0014/OR014@6_2.mat,10,0.05,0.05,11,True
source/48kHz_DE_data/OR/Centered/0014/OR014@6_2.mat,10,0.05,0.075,11,True
source/48kHz_DE_data/OR/Centered/0014/OR014@6_2.mat,10,0.1,0.025,12,True
source/48kHz_DE_data/OR/Centered/0014/OR014@6_2.mat,10,0.1,0.05,12,True
source/48kHz_DE_data/OR/Centered/0014/OR014@6_2.mat,10,0.1,0.075,12,True
source/48kHz_DE_data/OR/Centered/0014/OR014@6_2.mat,20,-0.1,0.025,5,True
source/48kHz_DE_data/OR/Centered/0014/OR014@6_2.mat,20,-0.1,0.05,5,True
source/48kHz_DE_data/OR/Centered/0014/OR014@6_2.mat,20,-0.1,0.075,5,True
source/48kHz_DE_data/OR/Centered/0014/OR014@6_2.mat,20,-0.05,0.025,5,True
source/48kHz_DE_data/OR/Centered/0014/OR014@6_2.mat,20,-0.05,0.05,5,True
source/48kHz_DE_data/OR/Centered/0014/OR014@6_2.mat,20,-0.05,0.075,5,True
source/48kHz_DE_data/OR/Centered/0014/OR014@6_2.mat,20,0,0.025,5,True
source/48kHz_DE_data/OR/Centered/0014/OR014@6_2.mat,20,0,0.05,5,True
source/48kHz_DE_data/OR/Centered/0014/OR014@6_2.mat,20,0,0.075,5,True
source/48kHz_DE_data/OR/Centered/0014/OR014@6_2.mat,20,0.05,0.025,6,True
source/48kHz_DE_data/OR/Centered/0014/OR014@6_2.mat,20,0.05,0.05,5,True
source/48kHz_DE_data/OR/Centered/0014/OR014@6_2.mat,20,0.05,0.075,5,True
source/48kHz_DE_data/OR/Centered/0014/OR014@6_2.mat,20,0.1,0.025,6,True
source/48kHz_DE_data/OR/Centered/0014/OR014@6_2.mat,20,0.1,0.05,6,True
source/48kHz_DE_data/OR/Centered/0014/OR014@6_2.mat,20,0.1,0.075,6,True
source/48kHz_DE_data/OR/Centered/0014/OR014@6_2.mat,40,-0.1,0.025,2,True
source/48kHz_DE_data/OR/Centered/0014/OR014@6_2.mat,40,-0.1,0.05,2,True
source/48kHz_DE_data/OR/Centered/0014/OR014@6_2.mat,40,-0.1,0.075,2,True
source/48kHz_DE_data/OR/Centered/0014/OR014@6_2.mat,40,-0.05,0.025,2,True
source/48kHz_DE_data/OR/Centered/0014/OR014@6_2.mat,40,-0.05,0.05,2,True
source/48kHz_DE_data/OR/Centered/0014/OR014@6_2.mat,40,-0.05,0.075,2,True
source/48kHz_DE_data/OR/Centered/0014/OR014@6_2.mat,40,0,0.025,2,True
source/48kHz_DE_data/OR/Centered/0014/OR014@6_2.mat,40,0,0.05,2,True
source/48kHz_DE_data/OR/Centered/0014/OR014@6_2.mat,40,0,0.075,2,True
source/48kHz_DE_data/OR/Centered/0014/OR014@6_2.mat,40,0.05,0.025,3,True
source/48kHz_DE_data/OR/Centered/0014/OR014@6_2.mat,40,0.05,0.05,2,True
source/48kHz_DE_data/OR/Centered/0014/OR014@6_2.mat,40,0.05,0.075,2,True
source/48kHz_DE_data/OR/Centered/0014/OR014@6_2.mat,40,0.1,0.025,3,True
source/48kHz_DE_data/OR/Centered/0014/OR014@6_2.mat,40,0.1,0.05,3,True
source/48kHz_DE_data/OR/Centered/0014/OR014@6_2.mat,40,0.1,0.075,3,True
source/48kHz_DE_data/OR/Centered/0014/OR014@6_3.mat,10,-0.1,0.025,10,True
source/48kHz_DE_data/OR/Centered/0014/OR014@6_3.mat,10,-0.1,0.05,10,True
source/48kHz_DE_data/OR/Centered/0014/OR014@6_3.mat,10,-0.1,0.075,9,True
source/48kHz_DE_data/OR/Centered/0014/OR014@6_3.mat,10,-0.05,0.025,10,True
source/48kHz_DE_data/OR/Centered/0014/OR014@6_3.mat,10,-0.05,0.05,10,True
source/48kHz_DE_data/OR/Centered/0014/OR014@6_3.mat,10,-0.05,0.075,10,True
source/48kHz_DE_data/OR/Centered/0014/OR014@6_3.mat,10,0,0.025,11,True
source/48kHz_DE_data/OR/Centered/0014/OR014@6_3.mat,10,0,0.05,11,True
source/48kHz_DE_data/OR/Centered/0014/OR014@6_3.mat,10,0,0.075,11,True
source/48kHz_DE_data/OR/Centered/0014/OR014@6_3.mat,10,0.05,0.025,11,True
source/48kHz_DE_data/OR/Centered/0014/OR014@6_3.mat,10,0.05,0.05,11,True
source/48kHz_DE_data/OR/Centered/0014/OR014@6_3.mat,10,0.05,0.075,11,True
source/48kHz_DE_data/OR/Centered/0014/OR014@6_3.mat,10,0.1,0.025,12,True
source/48kHz_DE_data/OR/Centered/0014/OR014@6_3.mat,10,0.1,0.05,12,True
source/48kHz_DE_data/OR/Centered/0014/OR014@6_3.mat,10,0.1,0.075,12,True
source/48kHz_DE_data/OR/Centered/0014/OR014@6_3.mat,20,-0.1,0.025,5,True
source/48kHz_DE_data/OR/Centered/0014/OR014@6_3.mat,20,-0.1,0.05,5,True
source/48kHz_DE_data/OR/Centered/0014/OR014@6_3.mat,20,-0.1,0.075,4,True
source/48kHz_DE_data/OR/Centered/0014/OR014@6_3.mat,20,-0.05,0.025,5,True
source/48kHz_DE_data/OR/Centered/0014/OR014@6_3.mat,20,-0.05,0.05,5,True
source/48kHz_DE_data/OR/Centered/0014/OR014@6_3.mat,20,-0.05,0.075,5,True
source/48kHz_DE_data/OR/Centered/0014/OR014@6_3.mat,20,0,0.025,5,True
source/48kHz_DE_data/OR/Centered/0014/OR014@6_3.mat,20,0,0.05,5,True
source/48kHz_DE_data/OR/Centered/0014/OR014@6_3.mat,20,0,0.075,5,True
source/48kHz_DE_data/OR/Centered/0014/OR014@6_3.mat,20,0.05,0.025,5,True
source/48kHz_DE_data/OR/Centered/0014/OR014@6_3.mat,20,0.05,0.05,5,True
source/48kHz_DE_data/OR/Centered/0014/OR014@6_3.mat,20,0.05,0.075,5,True
source/48kHz_DE_data/OR/Centered/0014/OR014@6_3.mat,20,0.1,0.025,6,True
source/48kHz_DE_data/OR/Centered/0014/OR014@6_3.mat,20,0.1,0.05,6,True
source/48kHz_DE_data/OR/Centered/0014/OR014@6_3.mat,20,0.1,0.075,6,True
source/48kHz_DE_data/OR/Centered/0014/OR014@6_3.mat,40,-0.1,0.025,2,True
source/48kHz_DE_data/OR/Centered/0014/OR014@6_3.mat,40,-0.1,0.05,2,True
source/48kHz_DE_data/OR/Centered/0014/OR014@6_3.mat,40,-0.1,0.075,2,True
source/48kHz_DE_data/OR/Centered/0014/OR014@6_3.mat,40,-0.05,0.025,2,True
source/48kHz_DE_data/OR/Centered/0014/OR014@6_3.mat,40,-0.05,0.05,2,True
source/48kHz_DE_data/OR/Centered/0014/OR014@6_3.mat,40,-0.05,0.075,2,True
source/48kHz_DE_data/OR/Centered/0014/OR014@6_3.mat,40,0,0.025,2,True
source/48kHz_DE_data/OR/Centered/0014/OR014@6_3.mat,40,0,0.05,2,True
source/48kHz_DE_data/OR/Centered/0014/OR014@6_3.mat,40,0,0.075,2,True
source/48kHz_DE_data/OR/Centered/0014/OR014@6_3.mat,40,0.05,0.025,2,True
source/48kHz_DE_data/OR/Centered/0014/OR014@6_3.mat,40,0.05,0.05,2,True
source/48kHz_DE_data/OR/Centered/0014/OR014@6_3.mat,40,0.05,0.075,2,True
source/48kHz_DE_data/OR/Centered/0014/OR014@6_3.mat,40,0.1,0.025,3,True
source/48kHz_DE_data/OR/Centered/0014/OR014@6_3.mat,40,0.1,0.05,3,True
source/48kHz_DE_data/OR/Centered/0014/OR014@6_3.mat,40,0.1,0.075,3,True
source/48kHz_DE_data/OR/Centered/0021/OR021@6_0.mat,10,-0.1,0.025,10,True
source/48kHz_DE_data/OR/Centered/0021/OR021@6_0.mat,10,-0.1,0.05,10,True
source/48kHz_DE_data/OR/Centered/0021/OR021@6_0.mat,10,-0.1,0.075,10,True
source/48kHz_DE_data/OR/Centered/0021/OR021@6_0.mat,10,-0.05,0.025,11,True
source/48kHz_DE_data/OR/Centered/0021/OR021@6_0.mat,10,-0.05,0.05,11,True
source/48kHz_DE_data/OR/Centered/0021/OR021@6_0.mat,10,-0.05,0.075,10,True
source/48kHz_DE_data/OR/Centered/0021/OR021@6_0.mat,10,0,0.025,11,True
source/48kHz_DE_data/OR/Centered/0021/OR021@6_0.mat,10,0,0.05,11,True
source/48kHz_DE_data/OR/Centered/0021/OR021@6_0.mat,10,0,0.075,11,True
source/48kHz_DE_data/OR/Centered/0021/OR021@6_0.mat,10,0.05,0.025,12,True
source/48kHz_DE_data/OR/Centered/0021/OR021@6_0.mat,10,0.05,0.05,12,True
source/48kHz_DE_data/OR/Centered/0021/OR021@6_0.mat,10,0.05,0.075,12,True
source/48kHz_DE_data/OR/Centered/0021/OR021@6_0.mat,10,0.1,0.025,13,True
source/48kHz_DE_data/OR/Centered/0021/OR021@6_0.mat,10,0.1,0.05,12,True
source/48kHz_DE_data/OR/Centered/0021/OR021@6_0.mat,10,0.1,0.075,12,True
source/48kHz_DE_data/OR/Centered/0021/OR021@6_0.mat,20,-0.1,0.025,5,True
source/48kHz_DE_data/OR/Centered/0021/OR021@6_0.mat,20,-0.1,0.05,5,True
source/48kHz_DE_data/OR/Centered/0021/OR021@6_0.mat,20,-0.1,0.075,5,True
source/48kHz_DE_data/OR/Centered/0021/OR021@6_0.mat,20,-0.05,0.025,5,True
source/48kHz_DE_data/OR/Centered/0021/OR021@6_0.mat,20,-0.05,0.05,5,True
source/48kHz_DE_data/OR/Centered/0021/OR021@6_0.mat,20,-0.05,0.075,5,True
source/48kHz_DE_data/OR/Centered/0021/OR021@6_0.mat,20,0,0.025,5,True
source/48kHz_DE_data/OR/Centered/0021/OR021@6_0.mat,20,0,0.05,5,True
source/48kHz_DE_data/OR/Centered/0021/OR021@6_0.mat,20,0,0.075,5,True
source/48kHz_DE_data/OR/Centered/0021/OR021@6_0.mat,20,0.05,0.025,6,True
source/48kHz_DE_data/OR/Centered/0021/OR021@6_0.mat,20,0.05,0.05,6,True
source/48kHz_DE_data/OR/Centered/0021/OR021@6_0.mat,20,0.05,0.075,6,True
source/48kHz_DE_data/OR/Centered/0021/OR021@6_0.mat,20,0.1,0.025,6,True
source/48kHz_DE_data/OR/Centered/0021/OR021@6_0.mat,20,0.1,0.05,6,True
source/48kHz_DE_data/OR/Centered/0021/OR021@6_0.mat,20,0.1,0.075,6,True
source/48kHz_DE_data/OR/Centered/0021/OR021@6_0.mat,40,-0.1,0.025,2,True
source/48kHz_DE_data/OR/Centered/0021/OR021@6_0.mat,40,-0.1,0.05,2,True
source/48kHz_DE_data/OR/Centered/0021/OR021@6_0.mat,40,-0.1,0.075,2,True
source/48kHz_DE_data/OR/Centered/0021/OR021@6_0.mat,40,-0.05,0.025,2,True
source/48kHz_DE_data/OR/Centered/0021/OR021@6_0.mat,40,-0.05,0.05,2,True
source/48kHz_DE_data/OR/Centered/0021/OR021@6_0.mat,40,-0.05,0.075,2,True
source/48kHz_DE_data/OR/Centered/0021/OR021@6_0.mat,40,0,0.025,2,True
source/48kHz_DE_data/OR/Centered/0021/OR021@6_0.mat,40,0,0.05,2,True
source/48kHz_DE_data/OR/Centered/0021/OR021@6_0.mat,40,0,0.075,2,True
source/48kHz_DE_data/OR/Centered/0021/OR021@6_0.mat,40,0.05,0.025,3,True
source/48kHz_DE_data/OR/Centered/0021/OR021@6_0.mat,40,0.05,0.05,3,True
source/48kHz_DE_data/OR/Centered/0021/OR021@6_0.mat,40,0.05,0.075,3,True
source/48kHz_DE_data/OR/Centered/0021/OR021@6_0.mat,40,0.1,0.025,3,True
source/48kHz_DE_data/OR/Centered/0021/OR021@6_0.mat,40,0.1,0.05,3,True
source/48kHz_DE_data/OR/Centered/0021/OR021@6_0.mat,40,0.1,0.075,3,True
source/48kHz_DE_data/OR/Centered/0021/OR021@6_1.mat,10,-0.1,0.025,10,True
source/48kHz_DE_data/OR/Centered/0021/OR021@6_1.mat,10,-0.1,0.05,10,True
source/48kHz_DE_data/OR/Centered/0021/OR021@6_1.mat,10,-0.1,0.075,10,True
source/48kHz_DE_data/OR/Centered/0021/OR021@6_1.mat,10,-0.05,0.025,11,True
source/48kHz_DE_data/OR/Centered/0021/OR021@6_1.mat,10,-0.05,0.05,10,True
source/48kHz_DE_data/OR/Centered/0021/OR021@6_1.mat,10,-0.05,0.075,10,True
source/48kHz_DE_data/OR/Centered/0021/OR021@6_1.mat,10,0,0.025,11,True
source/48kHz_DE_data/OR/Centered/0021/OR021@6_1.mat,10,0,0.05,11,True
source/48kHz_DE_data/OR/Centered/0021/OR021@6_1.mat,10,0,0.075,11,True
source/48kHz_DE_data/OR/Centered/0021/OR021@6_1.mat,10,0.05,0.025,12,True
source/48kHz_DE_data/OR/Centered/0021/OR021@6_1.mat,10,0.05,0.05,12,True
source/48kHz_DE_data/OR/Centered/0021/OR021@6_1.mat,10,0.05,0.075,11,True
source/48kHz_DE_data/OR/Centered/0021/OR021@6_1.mat,10,0.1,0.025,12,True
source/48kHz_DE_data/OR/Centered/0021/OR021@6_1.mat,10,0.1,0.05,12,True
source/48kHz_DE_data/OR/Centered/0021/OR021@6_1.mat,10,0.1,0.075,12,True
source/48kHz_DE_data/OR/Centered/0021/OR021@6_1.mat,20,-0.1,0.025,5,True
source/48kHz_DE_data/OR/Centered/0021/OR021@6_1.mat,20,-0.1,0.05,5,True
source/48kHz_DE_data/OR/Centered/0021/OR021@6_1.mat,20,-0.1,0.075,5,True
source/48kHz_DE_data/OR/Centered/0021/OR021@6_1.mat,20,-0.05,0.025,5,True
source/48kHz_DE_data/OR/Centered/0021/OR021@6_1.mat,20,-0.05,0.05,5,True
source/48kHz_DE_data/OR/Centered/0021/OR021@6_1.mat,20,-0.05,0.075,5,True
source/48kHz_DE_data/OR/Centered/0021/OR021@6_1.mat,20,0,0.025,5,True
source/48kHz_DE_data/OR/Centered/0021/OR021@6_1.mat,20,0,0.05,5,True
source/48kHz_DE_data/OR/Centered/0021/OR021@6_1.mat,20,0,0.075,5,True
source/48kHz_DE_data/OR/Centered/0021/OR021@6_1.mat,20,0.05,0.025,6,True
source/48kHz_DE_data/OR/Centered/0021/OR021@6_1.mat,20,0.05,0.05,6,True
source/48kHz_DE_data/OR/Centered/0021/OR021@6_1.mat,20,0.05,0.075,5,True
source/48kHz_DE_data/OR/Centered/0021/OR021@6_1.mat,20,0.1,0.025,6,True
source/48kHz_DE_data/OR/Centered/0021/OR021@6_1.mat,20,0.1,0.05,6,True
source/48kHz_DE_data/OR/Centered/0021/OR021@6_1.mat,20,0.1,0.075,6,True
source/48kHz_DE_data/OR/Centered/0021/OR021@6_1.mat,40,-0.1,0.025,2,True
source/48kHz_DE_data/OR/Centered/0021/OR021@6_1.mat,40,-0.1,0.05,2,True
source/48kHz_DE_data/OR/Centered/0021/OR021@6_1.mat,40,-0.1,0.075,2,True
source/48kHz_DE_data/OR/Centered/0021/OR021@6_1.mat,40,-0.05,0.025,2,True
source/48kHz_DE_data/OR/Centered/0021/OR021@6_1.mat,40,-0.05,0.05,2,True
source/48kHz_DE_data/OR/Centered/0021/OR021@6_1.mat,40,-0.05,0.075,2,True
source/48kHz_DE_data/OR/Centered/0021/OR021@6_1.mat,40,0,0.025,2,True
source/48kHz_DE_data/OR/Centered/0021/OR021@6_1.mat,40,0,0.05,2,True
source/48kHz_DE_data/OR/Centered/0021/OR021@6_1.mat,40,0,0.075,2,True
source/48kHz_DE_data/OR/Centered/0021/OR021@6_1.mat,40,0.05,0.025,3,True
source/48kHz_DE_data/OR/Centered/0021/OR021@6_1.mat,40,0.05,0.05,3,True
source/48kHz_DE_data/OR/Centered/0021/OR021@6_1.mat,40,0.05,0.075,2,True
source/48kHz_DE_data/OR/Centered/0021/OR021@6_1.mat,40,0.1,0.025,3,True
source/48kHz_DE_data/OR/Centered/0021/OR021@6_1.mat,40,0.1,0.05,3,True
source/48kHz_DE_data/OR/Centered/0021/OR021@6_1.mat,40,0.1,0.075,3,True
source/48kHz_DE_data/OR/Centered/0021/OR021@6_2.mat,10,-0.1,0.025,10,True
source/48kHz_DE_data/OR/Centered/0021/OR021@6_2.mat,10,-0.1,0.05,10,True
source/48kHz_DE_data/OR/Centered/0021/OR021@6_2.mat,10,-0.1,0.075,10,True
source/48kHz_DE_data/OR/Centered/0021/OR021@6_2.mat,10,-0.05,0.025,10,True
source/48kHz_DE_data/OR/Centered/0021/OR021@6_2.mat,10,-0.05,0.05,10,True
source/48kHz_DE_data/OR/Centered/0021/OR021@6_2.mat,10,-0.05,0.075,10,True
source/48kHz_DE_data/OR/Centered/0021/OR021@6_2.mat,10,0,0.025,11,True
source/48kHz_DE_data/OR/Centered/0021/OR021@6_2.mat,10,0,0.05,11,True
source/48kHz_DE_data/OR/Centered/0021/OR021@6_2.mat,10,0,0.075,11,True
source/48kHz_DE_data/OR/Centered/0021/OR021@6_2.mat,10,0.05,0.025,12,True
source/48kHz_DE_data/OR/Centered/0021/OR021@6_2.mat,10,0.05,0.05,11,True
source/48kHz_DE_data/OR/Centered/0021/OR021@6_2.mat,10,0.05,0.075,11,True
source/48kHz_DE_data/OR/Centered/0021/OR021@6_2.mat,10,0.1,0.025,12,True
source/48kHz_DE_data/OR/Centered/0021/OR021@6_2.mat,10,0.1,0.05,12,True
source/48kHz_DE_data/OR/Centered/0021/OR021@6_2.mat,10,0.1,0.075,12,True
source/48kHz_DE_data/OR/Centered/0021/OR021@6_2.mat,20,-0.1,0.025,5,True
source/48kHz_DE_data/OR/Centered/0021/OR021@6_2.mat,20,-0.1,0.05,5,True
source/48kHz_DE_data/OR/Centered/0021/OR021@6_2.mat,20,-0.1,0.075,5,True
source/48kHz_DE_data/OR/Centered/0021/OR021@6_2.mat,20,-0.05,0.025,5,True
source/48kHz_DE_data/OR/Centered/0021/OR021@6_2.mat,20,-0.05,0.05,5,True
source/48kHz_DE_data/OR/Centered/0021/OR021@6_2.mat,20,-0.05,0.075,5,True
source/48kHz_DE_data/OR/Centered/0021/OR021@6_2.mat,20,0,0.025,5,True
source/48kHz_DE_data/OR/Centered/0021/OR021@6_2.mat,20,0,0.05,5,True
source/48kHz_DE_data/OR/Centered/0021/OR021@6_2.mat,20,0,0.075,5,True
source/48kHz_DE_data/OR/Centered/0021/OR021@6_2.mat,20,0.05,0.025,6,True
source/48kHz_DE_data/OR/Centered/0021/OR021@6_2.mat,20,0.05,0.05,5,True
source/48kHz_DE_data/OR/Centered/0021/OR021@6_2.mat,20,0.05,0.075,5,True
source/48kHz_DE_data/OR/Centered/0021/OR021@6_2.mat,20,0.1,0.025,6,True
source/48kHz_DE_data/OR/Centered/0021/OR021@6_2.mat,20,0.1,0.05,6,True
source/48kHz_DE_data/OR/Centered/0021/OR021@6_2.mat,20,0.1,0.075,6,True
source/48kHz_DE_data/OR/Centered/0021/OR021@6_2.mat,40,-0.1,0.025,2,True
source/48kHz_DE_data/OR/Centered/0021/OR021@6_2.mat,40,-0.1,0.05,2,True
source/48kHz_DE_data/OR/Centered/0021/OR021@6_2.mat,40,-0.1,0.075,2,True
source/48kHz_DE_data/OR/Centered/0021/OR021@6_2.mat,40,-0.05,0.025,2,True
source/48kHz_DE_data/OR/Centered/0021/OR021@6_2.mat,40,-0.05,0.05,2,True
source/48kHz_DE_data/OR/Centered/0021/OR021@6_2.mat,40,-0.05,0.075,2,True
source/48kHz_DE_data/OR/Centered/0021/OR021@6_2.mat,40,0,0.025,2,True
source/48kHz_DE_data/OR/Centered/0021/OR021@6_2.mat,40,0,0.05,2,True
source/48kHz_DE_data/OR/Centered/0021/OR021@6_2.mat,40,0,0.075,2,True
source/48kHz_DE_data/OR/Centered/0021/OR021@6_2.mat,40,0.05,0.025,3,True
source/48kHz_DE_data/OR/Centered/0021/OR021@6_2.mat,40,0.05,0.05,2,True
source/48kHz_DE_data/OR/Centered/0021/OR021@6_2.mat,40,0.05,0.075,2,True
source/48kHz_DE_data/OR/Centered/0021/OR021@6_2.mat,40,0.1,0.025,3,True
source/48kHz_DE_data/OR/Centered/0021/OR021@6_2.mat,40,0.1,0.05,3,True
source/48kHz_DE_data/OR/Centered/0021/OR021@6_2.mat,40,0.1,0.075,3,True
source/48kHz_DE_data/OR/Centered/0021/OR021@6_3.mat,10,-0.1,0.025,10,True
source/48kHz_DE_data/OR/Centered/0021/OR021@6_3.mat,10,-0.1,0.05,10,True
source/48kHz_DE_data/OR/Centered/0021/OR021@6_3.mat,10,-0.1,0.075,9,True
source/48kHz_DE_data/OR/Centered/0021/OR021@6_3.mat,10,-0.05,0.025,10,True
source/48kHz_DE_data/OR/Centered/0021/OR021@6_3.mat,10,-0.05,0.05,10,True
source/48kHz_DE_data/OR/Centered/0021/OR021@6_3.mat,10,-0.05,0.075,10,True
source/48kHz_DE_data/OR/Centered/0021/OR021@6_3.mat,10,0,0.025,11,True
source/48kHz_DE_data/OR/Centered/0021/OR021@6_3.mat,10,0,0.05,11,True
source/48kHz_DE_data/OR/Centered/0021/OR021@6_3.mat,10,0,0.075,11,True
source/48kHz_DE_data/OR/Centered/0021/OR021@6_3.mat,10,0.05,0.025,11,True
source/48kHz_DE_data/OR/Centered/0021/OR021@6_3.mat,10,0.05,0.05,11,True
source/48kHz_DE_data/OR/Centered/0021/OR021@6_3.mat,10,0.05,0.075,11,True
source/48kHz_DE_data/OR/Centered/0021/OR021@6_3.mat,10,0.1,0.025,12,True
source/48kHz_DE_data/OR/Centered/0021/OR021@6_3.mat,10,0.1,0.05,12,True
source/48kHz_DE_data/OR/Centered/0021/OR021@6_3.mat,10,0.1,0.075,12,True
source/48kHz_DE_data/OR/Centered/0021/OR021@6_3.mat,20,-0.1,0.025,5,True
source/48kHz_DE_data/OR/Centered/0021/OR021@6_3.mat,20,-0.1,0.05,5,True
source/48kHz_DE_data/OR/Centered/0021/OR021@6_3.mat,20,-0.1,0.075,4,True
source/48kHz_DE_data/OR/Centered/0021/OR021@6_3.mat,20,-0.05,0.025,5,True
source/48kHz_DE_data/OR/Centered/0021/OR021@6_3.mat,20,-0.05,0.05,5,True
source/48kHz_DE_data/OR/Centered/0021/OR021@6_3.mat,20,-0.05,0.075,5,True
source/48kHz_DE_data/OR/Centered/0021/OR021@6_3.mat,20,0,0.025,5,True
source/48kHz_DE_data/OR/Centered/0021/OR021@6_3.mat,20,0,0.05,5,True
source/48kHz_DE_data/OR/Centered/0021/OR021@6_3.mat,20,0,0.075,5,True
source/48kHz_DE_data/OR/Centered/0021/OR021@6_3.mat,20,0.05,0.025,5,True
source/48kHz_DE_data/OR/Centered/0021/OR021@6_3.mat,20,0.05,0.05,5,True
source/48kHz_DE_data/OR/Centered/0021/OR021@6_3.mat,20,0.05,0.075,5,True
source/48kHz_DE_data/OR/Centered/0021/OR021@6_3.mat,20,0.1,0.025,6,True
source/48kHz_DE_data/OR/Centered/0021/OR021@6_3.mat,20,0.1,0.05,6,True
source/48kHz_DE_data/OR/Centered/0021/OR021@6_3.mat,20,0.1,0.075,6,True
source/48kHz_DE_data/OR/Centered/0021/OR021@6_3.mat,40,-0.1,0.025,2,True
source/48kHz_DE_data/OR/Centered/0021/OR021@6_3.mat,40,-0.1,0.05,2,True
source/48kHz_DE_data/OR/Centered/0021/OR021@6_3.mat,40,-0.1,0.075,2,True
source/48kHz_DE_data/OR/Centered/0021/OR021@6_3.mat,40,-0.05,0.025,2,True
source/48kHz_DE_data/OR/Centered/0021/OR021@6_3.mat,40,-0.05,0.05,2,True
source/48kHz_DE_data/OR/Centered/0021/OR021@6_3.mat,40,-0.05,0.075,2,True
source/48kHz_DE_data/OR/Centered/0021/OR021@6_3.mat,40,0,0.025,2,True
source/48kHz_DE_data/OR/Centered/0021/OR021@6_3.mat,40,0,0.05,2,True
source/48kHz_DE_data/OR/Centered/0021/OR021@6_3.mat,40,0,0.075,2,True
source/48kHz_DE_data/OR/Centered/0021/OR021@6_3.mat,40,0.05,0.025,2,True
source/48kHz_DE_data/OR/Centered/0021/OR021@6_3.mat,40,0.05,0.05,2,True
source/48kHz_DE_data/OR/Centered/0021/OR021@6_3.mat,40,0.05,0.075,2,True
source/48kHz_DE_data/OR/Centered/0021/OR021@6_3.mat,40,0.1,0.025,3,True
source/48kHz_DE_data/OR/Centered/0021/OR021@6_3.mat,40,0.1,0.05,3,True
source/48kHz_DE_data/OR/Centered/0021/OR021@6_3.mat,40,0.1,0.075,3,True
source/48kHz_DE_data/OR/Opposite/0007/OR007@12_0.mat,10,-0.1,0.025,7,True
source/48kHz_DE_data/OR/Opposite/0007/OR007@12_0.mat,10,-0.1,0.05,7,True
source/48kHz_DE_data/OR/Opposite/0007/OR007@12_0.mat,10,-0.1,0.075,6,True
source/48kHz_DE_data/OR/Opposite/0007/OR007@12_0.mat,10,-0.05,0.025,7,True
source/48kHz_DE_data/OR/Opposite/0007/OR007@12_0.mat,10,-0.05,0.05,7,True
source/48kHz_DE_data/OR/Opposite/0007/OR007@12_0.mat,10,-0.05,0.075,7,True
source/48kHz_DE_data/OR/Opposite/0007/OR007@12_0.mat,10,0,0.025,7,True
source/48kHz_DE_data/OR/Opposite/0007/OR007@12_0.mat,10,0,0.05,7,True
source/48kHz_DE_data/OR/Opposite/0007/OR007@12_0.mat,10,0,0.075,7,True
source/48kHz_DE_data/OR/Opposite/0007/OR007@12_0.mat,10,0.05,0.025,8,True
source/48kHz_DE_data/OR/Opposite/0007/OR007@12_0.mat,10,0.05,0.05,8,True
source/48kHz_DE_data/OR/Opposite/0007/OR007@12_0.mat,10,0.05,0.075,8,True
source/48kHz_DE_data/OR/Opposite/0007/OR007@12_0.mat,10,0.1,0.025,8,True
source/48kHz_DE_data/OR/Opposite/0007/OR007@12_0.mat,10,0.1,0.05,8,True
source/48kHz_DE_data/OR/Opposite/0007/OR007@12_0.mat,10,0.1,0.075,8,True
source/48kHz_DE_data/OR/Opposite/0007/OR007@12_0.mat,20,-0.1,0.025,3,True
source/48kHz_DE_data/OR/Opposite/0007/OR007@12_0.mat,20,-0.1,0.05,3,True
source/48kHz_DE_data/OR/Opposite/0007/OR007@12_0.mat,20,-0.1,0.075,3,True
source/48kHz_DE_data/OR/Opposite/0007/OR007@12_0.mat,20,-0.05,0.025,3,True
source/48kHz_DE_data/OR/Opposite/0007/OR007@12_0.mat,20,-0.05,0.05,3,True
source/48kHz_DE_data/OR/Opposite/0007/OR007@12_0.mat,20,-0.05,0.075,3,True
source/48kHz_DE_data/OR/Opposite/0007/OR007@12_0.mat,20,0,0.025,3,True
source/48kHz_DE_data/OR/Opposite/0007/OR007@12_0.mat,20,0,0.05,3,True
source/48kHz_DE_data/OR/Opposite/0007/OR007@12_0.mat,20,0,0.075,3,True
source/48kHz_DE_data/OR/Opposite/0007/OR007@12_0.mat,20,0.05,0.025,4,True
source/48kHz_DE_data/OR/Opposite/0007/OR007@12_0.mat,20,0.05,0.05,4,True
source/48kHz_DE_data/OR/Opposite/0007/OR007@12_0.mat,20,0.05,0.075,4,True
source/48kHz_DE_data/OR/Opposite/0007/OR007@12_0.mat,20,0.1,0.025,4,True
source/48kHz_DE_data/OR/Opposite/0007/OR007@12_0.mat,20,0.1,0.05,4,True
source/48kHz_DE_data/OR/Opposite/0007/OR007@12_0.mat,20,0.1,0.075,4,True
source/48kHz_DE_data/OR/Opposite/0007/OR007@12_0.mat,40,-0.1,0.025,1,True
source/48kHz_DE_data/OR/Opposite/0007/OR007@12_0.mat,40,-0.1,0.05,1,True
source/48kHz_DE_data/OR/Opposite/0007/OR007@12_0.mat,40,-0.1,0.075,1,True
source/48kHz_DE_data/OR/Opposite/0007/OR007@12_0.mat,40,-0.05,0.025,1,True
source/48kHz_DE_data/OR/Opposite/0007/OR007@12_0.mat,40,-0.05,0.05,1,True
source/48kHz_DE_data/OR/Opposite/0007/OR007@12_0.mat,40,-0.05,0.075,1,True
source/48kHz_DE_data/OR/Opposite/0007/OR007@12_0.mat,40,0,0.025,1,True
source/48kHz_DE_data/OR/Opposite/0007/OR007@12_0.mat,40,0,0.05,1,True
source/48kHz_DE_data/OR/Opposite/0007/OR007@12_0.mat,40,0,0.075,1,True
source/48kHz_DE_data/OR/Opposite/0007/OR007@12_0.mat,40,0.05,0.025,2,True
source/48kHz_DE_data/OR/Opposite/0007/OR007@12_0.mat,40,0.05,0.05,2,True
source/48kHz_DE_data/OR/Opposite/0007/OR007@12_0.mat,40,0.05,0.075,2,True
source/48kHz_DE_data/OR/Opposite/0007/OR007@12_0.mat,40,0.1,0.025,2,True
source/48kHz_DE_data/OR/Opposite/0007/OR007@12_0.mat,40,0.1,0.05,2,True
source/48kHz_DE_data/OR/Opposite/0007/OR007@12_0.mat,40,0.1,0.075,2,True
source/48kHz_DE_data/OR/Opposite/0007/OR007@12_1.mat,10,-0.1,0.025,10,True
source/48kHz_DE_data/OR/Opposite/0007/OR007@12_1.mat,10,-0.1,0.05,10,True
source/48kHz_DE_data/OR/Opposite/0007/OR007@12_1.mat,10,-0.1,0.075,10,True
source/48kHz_DE_data/OR/Opposite/0007/OR007@12_1.mat,10,-0.05,0.025,11,True
source/48kHz_DE_data/OR/Opposite/0007/OR007@12_1.mat,10,-0.05,0.05,10,True
source/48kHz_DE_data/OR/Opposite/0007/OR007@12_1.mat,10,-0.05,0.075,10,True
source/48kHz_DE_data/OR/Opposite/0007/OR007@12_1.mat,10,0,0.025,11,True
source/48kHz_DE_data/OR/Opposite/0007/OR007@12_1.mat,10,0,0.05,11,True
source/48kHz_DE_data/OR/Opposite/0007/OR007@12_1.mat,10,0,0.075,11,True
source/48kHz_DE_data/OR/Opposite/0007/OR007@12_1.mat,10,0.05,0.025,12,True
source/48kHz_DE_data/OR/Opposite/0007/OR007@12_1.mat,10,0.05,0.05,12,True
source/48kHz_DE_data/OR/Opposite/0007/OR007@12_1.mat,10,0.05,0.075,11,True
source/48kHz_DE_data/OR/Opposite/0007/OR007@12_1.mat,10,0.1,0.025,12,True
source/48kHz_DE_data/OR/Opposite/0007/OR007@12_1.mat,10,0.1,0.05,12,True
source/48kHz_DE_data/OR/Opposite/0007/OR007@12_1.mat,10,0.1,0.075,12,True
source/48kHz_DE_data/OR/Opposite/0007/OR007@12_1.mat,20,-0.1,0.025,5,True
source/48kHz_DE_data/OR/Opposite/0007/OR007@12_1.mat,20,-0.1,0.05,5,True
source/48kHz_DE_data/OR/Opposite/0007/OR007@12_1.mat,20,-0.1,0.075,5,True
source/48kHz_DE_data/OR/Opposite/0007/OR007@12_1.mat,20,-0.05,0.025,5,True
source/48kHz_DE_data/OR/Opposite/0007/OR007@12_1.mat,20,-0.05,0.05,5,True
source/48kHz_DE_data/OR/Opposite/0007/OR007@12_1.mat,20,-0.05,0.075,5,True
source/48kHz_DE_data/OR/Opposite/0007/OR007@12_1.mat,20,0,0.025,5,True
source/48kHz_DE_data/OR/Opposite/0007/OR007@12_1.mat,20,0,0.05,5,True
source/48kHz_DE_data/OR/Opposite/0007/OR007@12_1.mat,20,0,0.075,5,True
source/48kHz_DE_data/OR/Opposite/0007/OR007@12_1.mat,20,0.05,0.025,6,True
source/48kHz_DE_data/OR/Opposite/0007/OR007@12_1.mat,20,0.05,0.05,6,True
source/48kHz_DE_data/OR/Opposite/0007/OR007@12_1.mat,20,0.05,0.075,5,True
source/48kHz_DE_data/OR/Opposite/0007/OR007@12_1.mat,20,0.1,0.025,6,True
source/48kHz_DE_data/OR/Opposite/0007/OR007@12_1.mat,20,0.1,0.05,6,True
source/48kHz_DE_data/OR/Opposite/0007/OR007@12_1.mat,20,0.1,0.075,6,True
source/48kHz_DE_data/OR/Opposite/0007/OR007@12_1.mat,40,-0.1,0.025,2,True
source/48kHz_DE_data/OR/Opposite/0007/OR007@12_1.mat,40,-0.1,0.05,2,True
source/48kHz_DE_data/OR/Opposite/0007/OR007@12_1.mat,40,-0.1,0.075,2,True
source/48kHz_DE_data/OR/Opposite/0007/OR007@12_1.mat,40,-0.05,0.025,2,True
source/48kHz_DE_data/OR/Opposite/0007/OR007@12_1.mat,40,-0.05,0.05,2,True
source/48kHz_DE_data/OR/Opposite/0007/OR007@12_1.mat,40,-0.05,0.075,2,True
source/48kHz_DE_data/OR/Opposite/0007/OR007@12_1.mat,40,0,0.025,2,True
source/48kHz_DE_data/OR/Opposite/0007/OR007@12_1.mat,40,0,0.05,2,True
source/48kHz_DE_data/OR/Opposite/0007/OR007@12_1.mat,40,0,0.075,2,True
source/48kHz_DE_data/OR/Opposite/0007/OR007@12_1.mat,40,0.05,0.025,3,True
source/48kHz_DE_data/OR/Opposite/0007/OR007@12_1.mat,40,0.05,0.05,3,True
source/48kHz_DE_data/OR/Opposite/0007/OR007@12_1.mat,40,0.05,0.075,2,True
source/48kHz_DE_data/OR/Opposite/0007/OR007@12_1.mat,40,0.1,0.025,3,True
source/48kHz_DE_data/OR/Opposite/0007/OR007@12_1.mat,40,0.1,0.05,3,True
source/48kHz_DE_data/OR/Opposite/0007/OR007@12_1.mat,40,0.1,0.075,3,True
source/48kHz_DE_data/OR/Opposite/0007/OR007@12_2.mat,10,-0.1,0.025,10,True
source/48kHz_DE_data/OR/Opposite/0007/OR007@12_2.mat,10,-0.1,0.05,10,True
source/48kHz_DE_data/OR/Opposite/0007/OR007@12_2.mat,10,-0.1,0.075,10,True
source/48kHz_DE_data/OR/Opposite/0007/OR007@12_2.mat,10,-0.05,0.025,10,True
source/48kHz_DE_data/OR/Opposite/0007/OR007@12_2.mat,10,-0.05,0.05,10,True
source/48kHz_DE_data/OR/Opposite/0007/OR007@12_2.mat,10,-0.05,0.075,10,True
source/48kHz_DE_data/OR/Opposite/0007/OR007@12_2.mat,10,0,0.025,11,True
source/48kHz_DE_data/OR/Opposite/0007/OR007@12_2.mat,10,0,0.05,11,True
source/48kHz_DE_data/OR/Opposite/0007/OR007@12_2.mat,10,0,0.075,11,True
source/48kHz_DE_data/OR/Opposite/0007/OR007@12_2.mat,10,0.05,0.025,12,True
source/48kHz_DE_data/OR/Opposite/0007/OR007@12_2.mat,10,0.05,0.05,11,True
source/48kHz_DE_data/OR/Opposite/0007/OR007@12_2.mat,10,0.05,0.075,11,True
source/48kHz_DE_data/OR/Opposite/0007/OR007@12_2.mat,10,0.1,0.025,12,True
source/48kHz_DE_data/OR/Opposite/0007/OR007@12_2.mat,10,0.1,0.05,12,True
source/48kHz_DE_data/OR/Opposite/0007/OR007@12_2.mat,10,0.1,0.075,12,True
source/48kHz_DE_data/OR/Opposite/0007/OR007@12_2.mat,20,-0.1,0.025,5,True
source/48kHz_DE_data/OR/Opposite/0007/OR007@12_2.mat,20,-0.1,0.05,5,True
source/48kHz_DE_data/OR/Opposite/0007/OR007@12_2.mat,20,-0.1,0.075,5,True
source/48kHz_DE_data/OR/Opposite/0007/OR007@12_2.mat,20,-0.05,0.025,5,True
source/48kHz_DE_data/OR/Opposite/0007/OR007@12_2.mat,20,-0.05,0.05,5,True
source/48kHz_DE_data/OR/Opposite/0007/OR007@12_2.mat,20,-0.05,0.075,5,True
source/48kHz_DE_data/OR/Opposite/0007/OR007@12_2.mat,20,0,0.025,5,True
source/48kHz_DE_data/OR/Opposite/0007/OR007@12_2.mat,20,0,0.05,5,True
source/48kHz_DE_data/OR/Opposite/0007/OR007@12_2.mat,20,0,0.075,5,True
source/48kHz_DE_data/OR/Opposite/0007/OR007@12_2.mat,20,0.05,0.025,6,True
source/48kHz_DE_data/OR/Opposite/0007/OR007@12_2.mat,20,0.05,0.05,5,True
source/48kHz_DE_data/OR/Opposite/0007/OR007@12_2.mat,20,0.05,0.075,5,True
source/48kHz_DE_data/OR/Opposite/0007/OR007@12_2.mat,20,0.1,0.025,6,True
source/48kHz_DE_data/OR/Opposite/0007/OR007@12_2.mat,20,0.1,0.05,6,True
source/48kHz_DE_data/OR/Opposite/0007/OR007@12_2.mat,20,0.1,0.075,6,True
source/48kHz_DE_data/OR/Opposite/0007/OR007@12_2.mat,40,-0.1,0.025,2,True
source/48kHz_DE_data/OR/Opposite/0007/OR007@12_2.mat,40,-0.1,0.05,2,True
source/48kHz_DE_data/OR/Opposite/0007/OR007@12_2.mat,40,-0.1,0.075,2,True
source/48kHz_DE_data/OR/Opposite/0007/OR007@12_2.mat,40,-0.05,0.025,2,True
source/48kHz_DE_data/OR/Opposite/0007/OR007@12_2.mat,40,-0.05,0.05,2,True
source/48kHz_DE_data/OR/Opposite/0007/OR007@12_2.mat,40,-0.05,0.075,2,True
source/48kHz_DE_data/OR/Opposite/0007/OR007@12_2.mat,40,0,0.025,2,True
source/48kHz_DE_data/OR/Opposite/0007/OR007@12_2.mat,40,0,0.05,2,True
source/48kHz_DE_data/OR/Opposite/0007/OR007@12_2.mat,40,0,0.075,2,True
source/48kHz_DE_data/OR/Opposite/0007/OR007@12_2.mat,40,0.05,0.025,3,True
source/48kHz_DE_data/OR/Opposite/0007/OR007@12_2.mat,40,0.05,0.05,2,True
source/48kHz_DE_data/OR/Opposite/0007/OR007@12_2.mat,40,0.05,0.075,2,True
source/48kHz_DE_data/OR/Opposite/0007/OR007@12_2.mat,40,0.1,0.025,3,True
source/48kHz_DE_data/OR/Opposite/0007/OR007@12_2.mat,40,0.1,0.05,3,True
source/48kHz_DE_data/OR/Opposite/0007/OR007@12_2.mat,40,0.1,0.075,3,True
source/48kHz_DE_data/OR/Opposite/0007/OR007@12_3.mat,10,-0.1,0.025,10,True
source/48kHz_DE_data/OR/Opposite/0007/OR007@12_3.mat,10,-0.1,0.05,10,True
source/48kHz_DE_data/OR/Opposite/0007/OR007@12_3.mat,10,-0.1,0.075,9,True
source/48kHz_DE_data/OR/Opposite/0007/OR007@12_3.mat,10,-0.05,0.025,10,True
source/48kHz_DE_data/OR/Opposite/0007/OR007@12_3.mat,10,-0.05,0.05,10,True
source/48kHz_DE_data/OR/Opposite/0007/OR007@12_3.mat,10,-0.05,0.075,10,True
source/48kHz_DE_data/OR/Opposite/0007/OR007@12_3.mat,10,0,0.025,11,True
source/48kHz_DE_data/OR/Opposite/0007/OR007@12_3.mat,10,0,0.05,11,True
source/48kHz_DE_data/OR/Opposite/0007/OR007@12_3.mat,10,0,0.075,11,True
source/48kHz_DE_data/OR/Opposite/0007/OR007@12_3.mat,10,0.05,0.025,11,True
source/48kHz_DE_data/OR/Opposite/0007/OR007@12_3.mat,10,0.05,0.05,11,True
source/48kHz_DE_data/OR/Opposite/0007/OR007@12_3.mat,10,0.05,0.075,11,True
source/48kHz_DE_data/OR/Opposite/0007/OR007@12_3.mat,10,0.1,0.025,12,True
source/48kHz_DE_data/OR/Opposite/0007/OR007@12_3.mat,10,0.1,0.05,12,True
source/48kHz_DE_data/OR/Opposite/0007/OR007@12_3.mat,10,0.1,0.075,12,True
source/48kHz_DE_data/OR/Opposite/0007/OR007@12_3.mat,20,-0.1,0.025,5,True
source/48kHz_DE_data/OR/Opposite/0007/OR007@12_3.mat,20,-0.1,0.05,5,True
source/48kHz_DE_data/OR/Opposite/0007/OR007@12_3.mat,20,-0.1,0.075,4,True
source/48kHz_DE_data/OR/Opposite/0007/OR007@12_3.mat,20,-0.05,0.025,5,True
source/48kHz_DE_data/OR/Opposite/0007/OR007@12_3.mat,20,-0.05,0.05,5,True
source/48kHz_DE_data/OR/Opposite/0007/OR007@12_3.mat,20,-0.05,0.075,5,True
source/48kHz_DE_data/OR/Opposite/0007/OR007@12_3.mat,20,0,0.025,5,True
source/48kHz_DE_data/OR/Opposite/0007/OR007@12_3.mat,20,0,0.05,5,True
source/48kHz_DE_data/OR/Opposite/0007/OR007@12_3.mat,20,0,0.075,5,True
source/48kHz_DE_data/OR/Opposite/0007/OR007@12_3.mat,20,0.05,0.025,5,True
source/48kHz_DE_data/OR/Opposite/0007/OR007@12_3.mat,20,0.05,0.05,5,True
source/48kHz_DE_data/OR/Opposite/0007/OR007@12_3.mat,20,0.05,0.075,5,True
source/48kHz_DE_data/OR/Opposite/0007/OR007@12_3.mat,20,0.1,0.025,6,True
source/48kHz_DE_data/OR/Opposite/0007/OR007@12_3.mat,20,0.1,0.05,6,True
source/48kHz_DE_data/OR/Opposite/0007/OR007@12_3.mat,20,0.1,0.075,6,True
source/48kHz_DE_data/OR/Opposite/0007/OR007@12_3.mat,40,-0.1,0.025,2,True
source/48kHz_DE_data/OR/Opposite/0007/OR007@12_3.mat,40,-0.1,0.05,2,True
source/48kHz_DE_data/OR/Opposite/0007/OR007@12_3.mat,40,-0.1,0.075,2,True
source/48kHz_DE_data/OR/Opposite/0007/OR007@12_3.mat,40,-0.05,0.025,2,True
source/48kHz_DE_data/OR/Opposite/0007/OR007@12_3.mat,40,-0.05,0.05,2,True
source/48kHz_DE_data/OR/Opposite/0007/OR007@12_3.mat,40,-0.05,0.075,2,True
source/48kHz_DE_data/OR/Opposite/0007/OR007@12_3.mat,40,0,0.025,2,True
source/48kHz_DE_data/OR/Opposite/0007/OR007@12_3.mat,40,0,0.05,2,True
source/48kHz_DE_data/OR/Opposite/0007/OR007@12_3.mat,40,0,0.075,2,True
source/48kHz_DE_data/OR/Opposite/0007/OR007@12_3.mat,40,0.05,0.025,2,True
source/48kHz_DE_data/OR/Opposite/0007/OR007@12_3.mat,40,0.05,0.05,2,True
source/48kHz_DE_data/OR/Opposite/0007/OR007@12_3.mat,40,0.05,0.075,2,True
source/48kHz_DE_data/OR/Opposite/0007/OR007@12_3.mat,40,0.1,0.025,3,True
source/48kHz_DE_data/OR/Opposite/0007/OR007@12_3.mat,40,0.1,0.05,3,True
source/48kHz_DE_data/OR/Opposite/0007/OR007@12_3.mat,40,0.1,0.075,3,True
source/48kHz_DE_data/OR/Opposite/0021/OR021@12_0.mat,10,-0.1,0.025,7,True
source/48kHz_DE_data/OR/Opposite/0021/OR021@12_0.mat,10,-0.1,0.05,7,True
source/48kHz_DE_data/OR/Opposite/0021/OR021@12_0.mat,10,-0.1,0.075,6,True
source/48kHz_DE_data/OR/Opposite/0021/OR021@12_0.mat,10,-0.05,0.025,7,True
source/48kHz_DE_data/OR/Opposite/0021/OR021@12_0.mat,10,-0.05,0.05,7,True
source/48kHz_DE_data/OR/Opposite/0021/OR021@12_0.mat,10,-0.05,0.075,7,True
source/48kHz_DE_data/OR/Opposite/0021/OR021@12_0.mat,10,0,0.025,7,True
source/48kHz_DE_data/OR/Opposite/0021/OR021@12_0.mat,10,0,0.05,7,True
source/48kHz_DE_data/OR/Opposite/0021/OR021@12_0.mat,10,0,0.075,7,True
source/48kHz_DE_data/OR/Opposite/0021/OR021@12_0.mat,10,0.05,0.025,8,True
source/48kHz_DE_data/OR/Opposite/0021/OR021@12_0.mat,10,0.05,0.05,8,True
source/48kHz_DE_data/OR/Opposite/0021/OR021@12_0.mat,10,0.05,0.075,8,True
source/48kHz_DE_data/OR/Opposite/0021/OR021@12_0.mat,10,0.1,0.025,8,True
source/48kHz_DE_data/OR/Opposite/0021/OR021@12_0.mat,10,0.1,0.05,8,True
source/48kHz_DE_data/OR/Opposite/0021/OR021@12_0.mat,10,0.1,0.075,8,True
source/48kHz_DE_data/OR/Opposite/0021/OR021@12_0.mat,20,-0.1,0.025,3,True
source/48kHz_DE_data/OR/Opposite/0021/OR021@12_0.mat,20,-0.1,0.05,3,True
source/48kHz_DE_data/OR/Opposite/0021/OR021@12_0.mat,20,-0.1,0.075,3,True
source/48kHz_DE_data/OR/Opposite/0021/OR021@12_0.mat,20,-0.05,0.025,3,True
source/48kHz_DE_data/OR/Opposite/0021/OR021@12_0.mat,20,-0.05,0.05,3,True
source/48kHz_DE_data/OR/Opposite/0021/OR021@12_0.mat,20,-0.05,0.075,3,True
source/48kHz_DE_data/OR/Opposite/0021/OR021@12_0.mat,20,0,0.025,3,True
source/48kHz_DE_data/OR/Opposite/0021/OR021@12_0.mat,20,0,0.05,3,True
source/48kHz_DE_data/OR/Opposite/0021/OR021@12_0.mat,20,0,0.075,3,True
source/48kHz_DE_data/OR/Opposite/0021/OR021@12_0.mat,20,0.05,0.025,4,True
source/48kHz_DE_data/OR/Opposite/0021/OR021@12_0.mat,20,0.05,0.05,4,True
source/48kHz_DE_data/OR/Opposite/0021/OR021@12_0.mat,20,0.05,0.075,4,True
source/48kHz_DE_data/OR/Opposite/0021/OR021@12_0.mat,20,0.1,0.025,4,True
source/48kHz_DE_data/OR/Opposite/0021/OR021@12_0.mat,20,0.1,0.05,4,True
source/48kHz_DE_data/OR/Opposite/0021/OR021@12_0.mat,20,0.1,0.075,4,True
source/48kHz_DE_data/OR/Opposite/0021/OR021@12_0.mat,40,-0.1,0.025,1,True
source/48kHz_DE_data/OR/Opposite/0021/OR021@12_0.mat,40,-0.1,0.05,1,True
source/48kHz_DE_data/OR/Opposite/0021/OR021@12_0.mat,40,-0.1,0.075,1,True
source/48kHz_DE_data/OR/Opposite/0021/OR021@12_0.mat,40,-0.05,0.025,1,True
source/48kHz_DE_data/OR/Opposite/0021/OR021@12_0.mat,40,-0.05,0.05,1,True
source/48kHz_DE_data/OR/Opposite/0021/OR021@12_0.mat,40,-0.05,0.075,1,True
source/48kHz_DE_data/OR/Opposite/0021/OR021@12_0.mat,40,0,0.025,1,True
source/48kHz_DE_data/OR/Opposite/0021/OR021@12_0.mat,40,0,0.05,1,True
source/48kHz_DE_data/OR/Opposite/0021/OR021@12_0.mat,40,0,0.075,1,True
source/48kHz_DE_data/OR/Opposite/0021/OR021@12_0.mat,40,0.05,0.025,2,True
source/48kHz_DE_data/OR/Opposite/0021/OR021@12_0.mat,40,0.05,0.05,2,True
source/48kHz_DE_data/OR/Opposite/0021/OR021@12_0.mat,40,0.05,0.075,2,True
source/48kHz_DE_data/OR/Opposite/0021/OR021@12_0.mat,40,0.1,0.025,2,True
source/48kHz_DE_data/OR/Opposite/0021/OR021@12_0.mat,40,0.1,0.05,2,True
source/48kHz_DE_data/OR/Opposite/0021/OR021@12_0.mat,40,0.1,0.075,2,True
source/48kHz_DE_data/OR/Opposite/0021/OR021@12_1.mat,10,-0.1,0.025,10,True
source/48kHz_DE_data/OR/Opposite/0021/OR021@12_1.mat,10,-0.1,0.05,10,True
source/48kHz_DE_data/OR/Opposite/0021/OR021@12_1.mat,10,-0.1,0.075,10,True
source/48kHz_DE_data/OR/Opposite/0021/OR021@12_1.mat,10,-0.05,0.025,11,True
source/48kHz_DE_data/OR/Opposite/0021/OR021@12_1.mat,10,-0.05,0.05,10,True
source/48kHz_DE_data/OR/Opposite/0021/OR021@12_1.mat,10,-0.05,0.075,10,True
source/48kHz_DE_data/OR/Opposite/0021/OR021@12_1.mat,10,0,0.025,11,True
source/48kHz_DE_data/OR/Opposite/0021/OR021@12_1.mat,10,0,0.05,11,True
source/48kHz_DE_data/OR/Opposite/0021/OR021@12_1.mat,10,0,0.075,11,True
source/48kHz_DE_data/OR/Opposite/0021/OR021@12_1.mat,10,0.05,0.025,12,True
source/48kHz_DE_data/OR/Opposite/0021/OR021@12_1.mat,10,0.05,0.05,12,True
source/48kHz_DE_data/OR/Opposite/0021/OR021@12_1.mat,10,0.05,0.075,11,True
source/48kHz_DE_data/OR/Opposite/0021/OR021@12_1.mat,10,0.1,0.025,12,True
source/48kHz_DE_data/OR/Opposite/0021/OR021@12_1.mat,10,0.1,0.05,12,True
source/48kHz_DE_data/OR/Opposite/0021/OR021@12_1.mat,10,0.1,0.075,12,True
source/48kHz_DE_data/OR/Opposite/0021/OR021@12_1.mat,20,-0.1,0.025,5,True
source/48kHz_DE_data/OR/Opposite/0021/OR021@12_1.mat,20,-0.1,0.05,5,True
source/48kHz_DE_data/OR/Opposite/0021/OR021@12_1.mat,20,-0.1,0.075,5,True
source/48kHz_DE_data/OR/Opposite/0021/OR021@12_1.mat,20,-0.05,0.025,5,True
source/48kHz_DE_data/OR/Opposite/0021/OR021@12_1.mat,20,-0.05,0.05,5,True
source/48kHz_DE_data/OR/Opposite/0021/OR021@12_1.mat,20,-0.05,0.075,5,True
source/48kHz_DE_data/OR/Opposite/0021/OR021@12_1.mat,20,0,0.025,5,True
source/48kHz_DE_data/OR/Opposite/0021/OR021@12_1.mat,20,0,0.05,5,True
source/48kHz_DE_data/OR/Opposite/0021/OR021@12_1.mat,20,0,0.075,5,True
source/48kHz_DE_data/OR/Opposite/0021/OR021@12_1.mat,20,0.05,0.025,6,True
source/48kHz_DE_data/OR/Opposite/0021/OR021@12_1.mat,20,0.05,0.05,6,True
source/48kHz_DE_data/OR/Opposite/0021/OR021@12_1.mat,20,0.05,0.075,5,True
source/48kHz_DE_data/OR/Opposite/0021/OR021@12_1.mat,20,0.1,0.025,6,True
source/48kHz_DE_data/OR/Opposite/0021/OR021@12_1.mat,20,0.1,0.05,6,True
source/48kHz_DE_data/OR/Opposite/0021/OR021@12_1.mat,20,0.1,0.075,6,True
source/48kHz_DE_data/OR/Opposite/0021/OR021@12_1.mat,40,-0.1,0.025,2,True
source/48kHz_DE_data/OR/Opposite/0021/OR021@12_1.mat,40,-0.1,0.05,2,True
source/48kHz_DE_data/OR/Opposite/0021/OR021@12_1.mat,40,-0.1,0.075,2,True
source/48kHz_DE_data/OR/Opposite/0021/OR021@12_1.mat,40,-0.05,0.025,2,True
source/48kHz_DE_data/OR/Opposite/0021/OR021@12_1.mat,40,-0.05,0.05,2,True
source/48kHz_DE_data/OR/Opposite/0021/OR021@12_1.mat,40,-0.05,0.075,2,True
source/48kHz_DE_data/OR/Opposite/0021/OR021@12_1.mat,40,0,0.025,2,True
source/48kHz_DE_data/OR/Opposite/0021/OR021@12_1.mat,40,0,0.05,2,True
source/48kHz_DE_data/OR/Opposite/0021/OR021@12_1.mat,40,0,0.075,2,True
source/48kHz_DE_data/OR/Opposite/0021/OR021@12_1.mat,40,0.05,0.025,3,True
source/48kHz_DE_data/OR/Opposite/0021/OR021@12_1.mat,40,0.05,0.05,3,True
source/48kHz_DE_data/OR/Opposite/0021/OR021@12_1.mat,40,0.05,0.075,2,True
source/48kHz_DE_data/OR/Opposite/0021/OR021@12_1.mat,40,0.1,0.025,3,True
source/48kHz_DE_data/OR/Opposite/0021/OR021@12_1.mat,40,0.1,0.05,3,True
source/48kHz_DE_data/OR/Opposite/0021/OR021@12_1.mat,40,0.1,0.075,3,True
source/48kHz_DE_data/OR/Opposite/0021/OR021@12_2.mat,10,-0.1,0.025,10,True
source/48kHz_DE_data/OR/Opposite/0021/OR021@12_2.mat,10,-0.1,0.05,10,True
source/48kHz_DE_data/OR/Opposite/0021/OR021@12_2.mat,10,-0.1,0.075,10,True
source/48kHz_DE_data/OR/Opposite/0021/OR021@12_2.mat,10,-0.05,0.025,10,True
source/48kHz_DE_data/OR/Opposite/0021/OR021@12_2.mat,10,-0.05,0.05,10,True
source/48kHz_DE_data/OR/Opposite/0021/OR021@12_2.mat,10,-0.05,0.075,10,True
source/48kHz_DE_data/OR/Opposite/0021/OR021@12_2.mat,10,0,0.025,11,True
source/48kHz_DE_data/OR/Opposite/0021/OR021@12_2.mat,10,0,0.05,11,True
source/48kHz_DE_data/OR/Opposite/0021/OR021@12_2.mat,10,0,0.075,11,True
source/48kHz_DE_data/OR/Opposite/0021/OR021@12_2.mat,10,0.05,0.025,12,True
source/48kHz_DE_data/OR/Opposite/0021/OR021@12_2.mat,10,0.05,0.05,11,True
source/48kHz_DE_data/OR/Opposite/0021/OR021@12_2.mat,10,0.05,0.075,11,True
source/48kHz_DE_data/OR/Opposite/0021/OR021@12_2.mat,10,0.1,0.025,12,True
source/48kHz_DE_data/OR/Opposite/0021/OR021@12_2.mat,10,0.1,0.05,12,True
source/48kHz_DE_data/OR/Opposite/0021/OR021@12_2.mat,10,0.1,0.075,12,True
source/48kHz_DE_data/OR/Opposite/0021/OR021@12_2.mat,20,-0.1,0.025,5,True
source/48kHz_DE_data/OR/Opposite/0021/OR021@12_2.mat,20,-0.1,0.05,5,True
source/48kHz_DE_data/OR/Opposite/0021/OR021@12_2.mat,20,-0.1,0.075,5,True
source/48kHz_DE_data/OR/Opposite/0021/OR021@12_2.mat,20,-0.05,0.025,5,True
source/48kHz_DE_data/OR/Opposite/0021/OR021@12_2.mat,20,-0.05,0.05,5,True
source/48kHz_DE_data/OR/Opposite/0021/OR021@12_2.mat,20,-0.05,0.075,5,True
source/48kHz_DE_data/OR/Opposite/0021/OR021@12_2.mat,20,0,0.025,5,True
source/48kHz_DE_data/OR/Opposite/0021/OR021@12_2.mat,20,0,0.05,5,True
source/48kHz_DE_data/OR/Opposite/0021/OR021@12_2.mat,20,0,0.075,5,True
source/48kHz_DE_data/OR/Opposite/0021/OR021@12_2.mat,20,0.05,0.025,6,True
source/48kHz_DE_data/OR/Opposite/0021/OR021@12_2.mat,20,0.05,0.05,5,True
source/48kHz_DE_data/OR/Opposite/0021/OR021@12_2.mat,20,0.05,0.075,5,True
source/48kHz_DE_data/OR/Opposite/0021/OR021@12_2.mat,20,0.1,0.025,6,True
source/48kHz_DE_data/OR/Opposite/0021/OR021@12_2.mat,20,0.1,0.05,6,True
source/48kHz_DE_data/OR/Opposite/0021/OR021@12_2.mat,20,0.1,0.075,6,True
source/48kHz_DE_data/OR/Opposite/0021/OR021@12_2.mat,40,-0.1,0.025,2,True
source/48kHz_DE_data/OR/Opposite/0021/OR021@12_2.mat,40,-0.1,0.05,2,True
source/48kHz_DE_data/OR/Opposite/0021/OR021@12_2.mat,40,-0.1,0.075,2,True
source/48kHz_DE_data/OR/Opposite/0021/OR021@12_2.mat,40,-0.05,0.025,2,True
source/48kHz_DE_data/OR/Opposite/0021/OR021@12_2.mat,40,-0.05,0.05,2,True
source/48kHz_DE_data/OR/Opposite/0021/OR021@12_2.mat,40,-0.05,0.075,2,True
source/48kHz_DE_data/OR/Opposite/0021/OR021@12_2.mat,40,0,0.025,2,True
source/48kHz_DE_data/OR/Opposite/0021/OR021@12_2.mat,40,0,0.05,2,True
source/48kHz_DE_data/OR/Opposite/0021/OR021@12_2.mat,40,0,0.075,2,True
source/48kHz_DE_data/OR/Opposite/0021/OR021@12_2.mat,40,0.05,0.025,3,True
source/48kHz_DE_data/OR/Opposite/0021/OR021@12_2.mat,40,0.05,0.05,2,True
source/48kHz_DE_data/OR/Opposite/0021/OR021@12_2.mat,40,0.05,0.075,2,True
source/48kHz_DE_data/OR/Opposite/0021/OR021@12_2.mat,40,0.1,0.025,3,True
source/48kHz_DE_data/OR/Opposite/0021/OR021@12_2.mat,40,0.1,0.05,3,True
source/48kHz_DE_data/OR/Opposite/0021/OR021@12_2.mat,40,0.1,0.075,3,True
source/48kHz_DE_data/OR/Opposite/0021/OR021@12_3.mat,10,-0.1,0.025,10,True
source/48kHz_DE_data/OR/Opposite/0021/OR021@12_3.mat,10,-0.1,0.05,10,True
source/48kHz_DE_data/OR/Opposite/0021/OR021@12_3.mat,10,-0.1,0.075,9,True
source/48kHz_DE_data/OR/Opposite/0021/OR021@12_3.mat,10,-0.05,0.025,10,True
source/48kHz_DE_data/OR/Opposite/0021/OR021@12_3.mat,10,-0.05,0.05,10,True
source/48kHz_DE_data/OR/Opposite/0021/OR021@12_3.mat,10,-0.05,0.075,10,True
source/48kHz_DE_data/OR/Opposite/0021/OR021@12_3.mat,10,0,0.025,11,True
source/48kHz_DE_data/OR/Opposite/0021/OR021@12_3.mat,10,0,0.05,11,True
source/48kHz_DE_data/OR/Opposite/0021/OR021@12_3.mat,10,0,0.075,11,True
source/48kHz_DE_data/OR/Opposite/0021/OR021@12_3.mat,10,0.05,0.025,11,True
source/48kHz_DE_data/OR/Opposite/0021/OR021@12_3.mat,10,0.05,0.05,11,True
source/48kHz_DE_data/OR/Opposite/0021/OR021@12_3.mat,10,0.05,0.075,11,True
source/48kHz_DE_data/OR/Opposite/0021/OR021@12_3.mat,10,0.1,0.025,12,True
source/48kHz_DE_data/OR/Opposite/0021/OR021@12_3.mat,10,0.1,0.05,12,True
source/48kHz_DE_data/OR/Opposite/0021/OR021@12_3.mat,10,0.1,0.075,12,True
source/48kHz_DE_data/OR/Opposite/0021/OR021@12_3.mat,20,-0.1,0.025,5,True
source/48kHz_DE_data/OR/Opposite/0021/OR021@12_3.mat,20,-0.1,0.05,5,True
source/48kHz_DE_data/OR/Opposite/0021/OR021@12_3.mat,20,-0.1,0.075,4,True
source/48kHz_DE_data/OR/Opposite/0021/OR021@12_3.mat,20,-0.05,0.025,5,True
source/48kHz_DE_data/OR/Opposite/0021/OR021@12_3.mat,20,-0.05,0.05,5,True
source/48kHz_DE_data/OR/Opposite/0021/OR021@12_3.mat,20,-0.05,0.075,5,True
source/48kHz_DE_data/OR/Opposite/0021/OR021@12_3.mat,20,0,0.025,5,True
source/48kHz_DE_data/OR/Opposite/0021/OR021@12_3.mat,20,0,0.05,5,True
source/48kHz_DE_data/OR/Opposite/0021/OR021@12_3.mat,20,0,0.075,5,True
source/48kHz_DE_data/OR/Opposite/0021/OR021@12_3.mat,20,0.05,0.025,5,True
source/48kHz_DE_data/OR/Opposite/0021/OR021@12_3.mat,20,0.05,0.05,5,True
source/48kHz_DE_data/OR/Opposite/0021/OR021@12_3.mat,20,0.05,0.075,5,True
source/48kHz_DE_data/OR/Opposite/0021/OR021@12_3.mat,20,0.1,0.025,6,True
source/48kHz_DE_data/OR/Opposite/0021/OR021@12_3.mat,20,0.1,0.05,6,True
source/48kHz_DE_data/OR/Opposite/0021/OR021@12_3.mat,20,0.1,0.075,6,True
source/48kHz_DE_data/OR/Opposite/0021/OR021@12_3.mat,40,-0.1,0.025,2,True
source/48kHz_DE_data/OR/Opposite/0021/OR021@12_3.mat,40,-0.1,0.05,2,True
source/48kHz_DE_data/OR/Opposite/0021/OR021@12_3.mat,40,-0.1,0.075,2,True
source/48kHz_DE_data/OR/Opposite/0021/OR021@12_3.mat,40,-0.05,0.025,2,True
source/48kHz_DE_data/OR/Opposite/0021/OR021@12_3.mat,40,-0.05,0.05,2,True
source/48kHz_DE_data/OR/Opposite/0021/OR021@12_3.mat,40,-0.05,0.075,2,True
source/48kHz_DE_data/OR/Opposite/0021/OR021@12_3.mat,40,0,0.025,2,True
source/48kHz_DE_data/OR/Opposite/0021/OR021@12_3.mat,40,0,0.05,2,True
source/48kHz_DE_data/OR/Opposite/0021/OR021@12_3.mat,40,0,0.075,2,True
source/48kHz_DE_data/OR/Opposite/0021/OR021@12_3.mat,40,0.05,0.025,2,True
source/48kHz_DE_data/OR/Opposite/0021/OR021@12_3.mat,40,0.05,0.05,2,True
source/48kHz_DE_data/OR/Opposite/0021/OR021@12_3.mat,40,0.05,0.075,2,True
source/48kHz_DE_data/OR/Opposite/0021/OR021@12_3.mat,40,0.1,0.025,3,True
source/48kHz_DE_data/OR/Opposite/0021/OR021@12_3.mat,40,0.1,0.05,3,True
source/48kHz_DE_data/OR/Opposite/0021/OR021@12_3.mat,40,0.1,0.075,3,True
source/48kHz_DE_data/OR/Orthogonal/0007/OR007@3_0.mat,10,-0.1,0.025,6,True
source/48kHz_DE_data/OR/Orthogonal/0007/OR007@3_0.mat,10,-0.1,0.05,6,True
source/48kHz_DE_data/OR/Orthogonal/0007/OR007@3_0.mat,10,-0.1,0.075,6,True
source/48kHz_DE_data/OR/Orthogonal/0007/OR007@3_0.mat,10,-0.05,0.025,7,True
source/48kHz_DE_data/OR/Orthogonal/0007/OR007@3_0.mat,10,-0.05,0.05,7,True
source/48kHz_DE_data/OR/Orthogonal/0007/OR007@3_0.mat,10,-0.05,0.075,6,True
source/48kHz_DE_data/OR/Orthogonal/0007/OR007@3_0.mat,10,0,0.025,7,True
source/48kHz_DE_data/OR/Orthogonal/0007/OR007@3_0.mat,10,0,0.05,7,True
source/48kHz_DE_data/OR/Orthogonal/0007/OR007@3_0.mat,10,0,0.075,7,True
source/48kHz_DE_data/OR/Orthogonal/0007/OR007@3_0.mat,10,0.05,0.025,8,True
source/48kHz_DE_data/OR/Orthogonal/0007/OR007@3_0.mat,10,0.05,0.05,7,True
source/48kHz_DE_data/OR/Orthogonal/0007/OR007@3_0.mat,10,0.05,0.075,7,True
source/48kHz_DE_data/OR/Orthogonal/0007/OR007@3_0.mat,10,0.1,0.025,8,True
source/48kHz_DE_data/OR/Orthogonal/0007/OR007@3_0.mat,10,0.1,0.05,8,True
source/48kHz_DE_data/OR/Orthogonal/0007/OR007@3_0.mat,10,0.1,0.075,8,True
source/48kHz_DE_data/OR/Orthogonal/0007/OR007@3_0.mat,20,-0.1,0.025,3,True
source/48kHz_DE_data/OR/Orthogonal/0007/OR007@3_0.mat,20,-0.1,0.05,3,True
source/48kHz_DE_data/OR/Orthogonal/0007/OR007@3_0.mat,20,-0.1,0.075,3,True
source/48kHz_DE_data/OR/Orthogonal/0007/OR007@3_0.mat,20,-0.05,0.025,3,True
source/48kHz_DE_data/OR/Orthogonal/0007/OR007@3_0.mat,20,-0.05,0.05,3,True
source/48kHz_DE_data/OR/Orthogonal/0007/OR007@3_0.mat,20,-0.05,0.075,3,True
source/48kHz_DE_data/OR/Orthogonal/0007/OR007@3_0.mat,20,0,0.025,3,True
source/48kHz_DE_data/OR/Orthogonal/0007/OR007@3_0.mat,20,0,0.05,3,True
source/48kHz_DE_data/OR/Orthogonal/0007/OR007@3_0.mat,20,0,0.075,3,True
source/48kHz_DE_data/OR/Orthogonal/0007/OR007@3_0.mat,20,0.05,0.025,4,True
source/48kHz_DE_data/OR/Orthogonal/0007/OR007@3_0.mat,20,0.05,0.05,3,True
source/48kHz_DE_data/OR/Orthogonal/0007/OR007@3_0.mat,20,0.05,0.075,3,True
source/48kHz_DE_data/OR/Orthogonal/0007/OR007@3_0.mat,20,0.1,0.025,4,True
source/48kHz_DE_data/OR/Orthogonal/0007/OR007@3_0.mat,20,0.1,0.05,4,True
source/48kHz_DE_data/OR/Orthogonal/0007/OR007@3_0.mat,20,0.1,0.075,4,True
source/48kHz_DE_data/OR/Orthogonal/0007/OR007@3_0.mat,40,-0.1,0.025,1,True
source/48kHz_DE_data/OR/Orthogonal/0007/OR007@3_0.mat,40,-0.1,0.05,1,True
source/48kHz_DE_data/OR/Orthogonal/0007/OR007@3_0.mat,40,-0.1,0.075,1,True
source/48kHz_DE_data/OR/Orthogonal/0007/OR007@3_0.mat,40,-0.05,0.025,1,True
source/48kHz_DE_data/OR/Orthogonal/0007/OR007@3_0.mat,40,-0.05,0.05,1,True
source/48kHz_DE_data/OR/Orthogonal/0007/OR007@3_0.mat,40,-0.05,0.075,1,True
source/48kHz_DE_data/OR/Orthogonal/0007/OR007@3_0.mat,40,0,0.025,1,True
source/48kHz_DE_data/OR/Orthogonal/0007/OR007@3_0.mat,40,0,0.05,1,True
source/48kHz_DE_data/OR/Orthogonal/0007/OR007@3_0.mat,40,0,0.075,1,True
source/48kHz_DE_data/OR/Orthogonal/0007/OR007@3_0.mat,40,0.05,0.025,2,True
source/48kHz_DE_data/OR/Orthogonal/0007/OR007@3_0.mat,40,0.05,0.05,1,True
source/48kHz_DE_data/OR/Orthogonal/0007/OR007@3_0.mat,40,0.05,0.075,1,True
source/48kHz_DE_data/OR/Orthogonal/0007/OR007@3_0.mat,40,0.1,0.025,2,True
source/48kHz_DE_data/OR/Orthogonal/0007/OR007@3_0.mat,40,0.1,0.05,2,True
source/48kHz_DE_data/OR/Orthogonal/0007/OR007@3_0.mat,40,0.1,0.075,2,True
source/48kHz_DE_data/OR/Orthogonal/0007/OR007@3_1.mat,10,-0.1,0.025,10,True
source/48kHz_DE_data/OR/Orthogonal/0007/OR007@3_1.mat,10,-0.1,0.05,10,True
source/48kHz_DE_data/OR/Orthogonal/0007/OR007@3_1.mat,10,-0.1,0.075,10,True
source/48kHz_DE_data/OR/Orthogonal/0007/OR007@3_1.mat,10,-0.05,0.025,11,True
source/48kHz_DE_data/OR/Orthogonal/0007/OR007@3_1.mat,10,-0.05,0.05,10,True
source/48kHz_DE_data/OR/Orthogonal/0007/OR007@3_1.mat,10,-0.05,0.075,10,True
source/48kHz_DE_data/OR/Orthogonal/0007/OR007@3_1.mat,10,0,0.025,11,True
source/48kHz_DE_data/OR/Orthogonal/0007/OR007@3_1.mat,10,0,0.05,11,True
source/48kHz_DE_data/OR/Orthogonal/0007/OR007@3_1.mat,10,0,0.075,11,True
source/48kHz_DE_data/OR/Orthogonal/0007/OR007@3_1.mat,10,0.05,0.025,12,True
source/48kHz_DE_data/OR/Orthogonal/0007/OR007@3_1.mat,10,0.05,0.05,12,True
source/48kHz_DE_data/OR/Orthogonal/0007/OR007@3_1.mat,10,0.05,0.075,11,True
source/48kHz_DE_data/OR/Orthogonal/0007/OR007@3_1.mat,10,0.1,0.025,12,True
source/48kHz_DE_data/OR/Orthogonal/0007/OR007@3_1.mat,10,0.1,0.05,12,True
source/48kHz_DE_data/OR/Orthogonal/0007/OR007@3_1.mat,10,0.1,0.075,12,True
source/48kHz_DE_data/OR/Orthogonal/0007/OR007@3_1.mat,20,-0.1,0.025,5,True
source/48kHz_DE_data/OR/Orthogonal/0007/OR007@3_1.mat,20,-0.1,0.05,5,True
source/48kHz_DE_data/OR/Orthogonal/0007/OR007@3_1.mat,20,-0.1,0.075,5,True
source/48kHz_DE_data/OR/Orthogonal/0007/OR007@3_1.mat,20,-0.05,0.025,5,True
source/48kHz_DE_data/OR/Orthogonal/0007/OR007@3_1.mat,20,-0.05,0.05,5,True
source/48kHz_DE_data/OR/Orthogonal/0007/OR007@3_1.mat,20,-0.05,0.075,5,True
source/48kHz_DE_data/OR/Orthogonal/0007/OR007@3_1.mat,20,0,0.025,5,True
source/48kHz_DE_data/OR/Orthogonal/0007/OR007@3_1.mat,20,0,0.05,5,True
source/48kHz_DE_data/OR/Orthogonal/0007/OR007@3_1.mat,20,0,0.075,5,True
source/48kHz_DE_data/OR/Orthogonal/0007/OR007@3_1.mat,20,0.05,0.025,6,True
source/48kHz_DE_data/OR/Orthogonal/0007/OR007@3_1.mat,20,0.05,0.05,6,True
source/48kHz_DE_data/OR/Orthogonal/0007/OR007@3_1.mat,20,0.05,0.075,5,True
source/48kHz_DE_data/OR/Orthogonal/0007/OR007@3_1.mat,20,0.1,0.025,6,True
source/48kHz_DE_data/OR/Orthogonal/0007/OR007@3_1.mat,20,0.1,0.05,6,True
source/48kHz_DE_data/OR/Orthogonal/0007/OR007@3_1.mat,20,0.1,0.075,6,True
source/48kHz_DE_data/OR/Orthogonal/0007/OR007@3_1.mat,40,-0.1,0.025,2,True
source/48kHz_DE_data/OR/Orthogonal/0007/OR007@3_1.mat,40,-0.1,0.05,2,True
source/48kHz_DE_data/OR/Orthogonal/0007/OR007@3_1.mat,40,-0.1,0.075,2,True
source/48kHz_DE_data/OR/Orthogonal/0007/OR007@3_1.mat,40,-0.05,0.025,2,True
source/48kHz_DE_data/OR/Orthogonal/0007/OR007@3_1.mat,40,-0.05,0.05,2,True
source/48kHz_DE_data/OR/Orthogonal/0007/OR007@3_1.mat,40,-0.05,0.075,2,True
source/48kHz_DE_data/OR/Orthogonal/0007/OR007@3_1.mat,40,0,0.025,2,True
source/48kHz_DE_data/OR/Orthogonal/0007/OR007@3_1.mat,40,0,0.05,2,True
source/48kHz_DE_data/OR/Orthogonal/0007/OR007@3_1.mat,40,0,0.075,2,True
source/48kHz_DE_data/OR/Orthogonal/0007/OR007@3_1.mat,40,0.05,0.025,3,True
source/48kHz_DE_data/OR/Orthogonal/0007/OR007@3_1.mat,40,0.05,0.05,3,True
source/48kHz_DE_data/OR/Orthogonal/0007/OR007@3_1.mat,40,0.05,0.075,2,True
source/48kHz_DE_data/OR/Orthogonal/0007/OR007@3_1.mat,40,0.1,0.025,3,True
source/48kHz_DE_data/OR/Orthogonal/0007/OR007@3_1.mat,40,0.1,0.05,3,True
source/48kHz_DE_data/OR/Orthogonal/0007/OR007@3_1.mat,40,0.1,0.075,3,True
source/48kHz_DE_data/OR/Orthogonal/0007/OR007@3_2.mat,10,-0.1,0.025,10,True
source/48kHz_DE_data/OR/Orthogonal/0007/OR007@3_2.mat,10,-0.1,0.05,10,True
source/48kHz_DE_data/OR/Orthogonal/0007/OR007@3_2.mat,10,-0.1,0.075,10,True
source/48kHz_DE_data/OR/Orthogonal/0007/OR007@3_2.mat,10,-0.05,0.025,10,True
source/48kHz_DE_data/OR/Orthogonal/0007/OR007@3_2.mat,10,-0.05,0.05,10,True
source/48kHz_DE_data/OR/Orthogonal/0007/OR007@3_2.mat,10,-0.05,0.075,10,True
source/48kHz_DE_data/OR/Orthogonal/0007/OR007@3_2.mat,10,0,0.025,11,True
source/48kHz_DE_data/OR/Orthogonal/0007/OR007@3_2.mat,10,0,0.05,11,True
source/48kHz_DE_data/OR/Orthogonal/0007/OR007@3_2.mat,10,0,0.075,11,True
source/48kHz_DE_data/OR/Orthogonal/0007/OR007@3_2.mat,10,0.05,0.025,12,True
source/48kHz_DE_data/OR/Orthogonal/0007/OR007@3_2.mat,10,0.05,0.05,11,True
source/48kHz_DE_data/OR/Orthogonal/0007/OR007@3_2.mat,10,0.05,0.075,11,True
source/48kHz_DE_data/OR/Orthogonal/0007/OR007@3_2.mat,10,0.1,0.025,12,True
source/48kHz_DE_data/OR/Orthogonal/0007/OR007@3_2.mat,10,0.1,0.05,12,True
source/48kHz_DE_data/OR/Orthogonal/0007/OR007@3_2.mat,10,0.1,0.075,12,True
source/48kHz_DE_data/OR/Orthogonal/0007/OR007@3_2.mat,20,-0.1,0.025,5,True
source/48kHz_DE_data/OR/Orthogonal/0007/OR007@3_2.mat,20,-0.1,0.05,5,True
source/48kHz_DE_data/OR/Orthogonal/0007/OR007@3_2.mat,20,-0.1,0.075,5,True
source/48kHz_DE_data/OR/Orthogonal/0007/OR007@3_2.mat,20,-0.05,0.025,5,True
source/48kHz_DE_data/OR/Orthogonal/0007/OR007@3_2.mat,20,-0.05,0.05,5,True
source/48kHz_DE_data/OR/Orthogonal/0007/OR007@3_2.mat,20,-0.05,0.075,5,True
source/48kHz_DE_data/OR/Orthogonal/0007/OR007@3_2.mat,20,0,0.025,5,True
source/48kHz_DE_data/OR/Orthogonal/0007/OR007@3_2.mat,20,0,0.05,5,True
source/48kHz_DE_data/OR/Orthogonal/0007/OR007@3_2.mat,20,0,0.075,5,True
source/48kHz_DE_data/OR/Orthogonal/0007/OR007@3_2.mat,20,0.05,0.025,6,True
source/48kHz_DE_data/OR/Orthogonal/0007/OR007@3_2.mat,20,0.05,0.05,5,True
source/48kHz_DE_data/OR/Orthogonal/0007/OR007@3_2.mat,20,0.05,0.075,5,True
source/48kHz_DE_data/OR/Orthogonal/0007/OR007@3_2.mat,20,0.1,0.025,6,True
source/48kHz_DE_data/OR/Orthogonal/0007/OR007@3_2.mat,20,0.1,0.05,6,True
source/48kHz_DE_data/OR/Orthogonal/0007/OR007@3_2.mat,20,0.1,0.075,6,True
source/48kHz_DE_data/OR/Orthogonal/0007/OR007@3_2.mat,40,-0.1,0.025,2,True
source/48kHz_DE_data/OR/Orthogonal/0007/OR007@3_2.mat,40,-0.1,0.05,2,True
source/48kHz_DE_data/OR/Orthogonal/0007/OR007@3_2.mat,40,-0.1,0.075,2,True
source/48kHz_DE_data/OR/Orthogonal/0007/OR007@3_2.mat,40,-0.05,0.025,2,True
source/48kHz_DE_data/OR/Orthogonal/0007/OR007@3_2.mat,40,-0.05,0.05,2,True
source/48kHz_DE_data/OR/Orthogonal/0007/OR007@3_2.mat,40,-0.05,0.075,2,True
source/48kHz_DE_data/OR/Orthogonal/0007/OR007@3_2.mat,40,0,0.025,2,True
source/48kHz_DE_data/OR/Orthogonal/0007/OR007@3_2.mat,40,0,0.05,2,True
source/48kHz_DE_data/OR/Orthogonal/0007/OR007@3_2.mat,40,0,0.075,2,True
source/48kHz_DE_data/OR/Orthogonal/0007/OR007@3_2.mat,40,0.05,0.025,3,True
source/48kHz_DE_data/OR/Orthogonal/0007/OR007@3_2.mat,40,0.05,0.05,2,True
source/48kHz_DE_data/OR/Orthogonal/0007/OR007@3_2.mat,40,0.05,0.075,2,True
source/48kHz_DE_data/OR/Orthogonal/0007/OR007@3_2.mat,40,0.1,0.025,3,True
source/48kHz_DE_data/OR/Orthogonal/0007/OR007@3_2.mat,40,0.1,0.05,3,True
source/48kHz_DE_data/OR/Orthogonal/0007/OR007@3_2.mat,40,0.1,0.075,3,True
source/48kHz_DE_data/OR/Orthogonal/0007/OR007@3_3.mat,10,-0.1,0.025,10,True
source/48kHz_DE_data/OR/Orthogonal/0007/OR007@3_3.mat,10,-0.1,0.05,10,True
source/48kHz_DE_data/OR/Orthogonal/0007/OR007@3_3.mat,10,-0.1,0.075,9,True
source/48kHz_DE_data/OR/Orthogonal/0007/OR007@3_3.mat,10,-0.05,0.025,10,True
source/48kHz_DE_data/OR/Orthogonal/0007/OR007@3_3.mat,10,-0.05,0.05,10,True
source/48kHz_DE_data/OR/Orthogonal/0007/OR007@3_3.mat,10,-0.05,0.075,10,True
source/48kHz_DE_data/OR/Orthogonal/0007/OR007@3_3.mat,10,0,0.025,11,True
source/48kHz_DE_data/OR/Orthogonal/0007/OR007@3_3.mat,10,0,0.05,11,True
source/48kHz_DE_data/OR/Orthogonal/0007/OR007@3_3.mat,10,0,0.075,11,True
source/48kHz_DE_data/OR/Orthogonal/0007/OR007@3_3.mat,10,0.05,0.025,11,True
source/48kHz_DE_data/OR/Orthogonal/0007/OR007@3_3.mat,10,0.05,0.05,11,True
source/48kHz_DE_data/OR/Orthogonal/0007/OR007@3_3.mat,10,0.05,0.075,11,True
source/48kHz_DE_data/OR/Orthogonal/0007/OR007@3_3.mat,10,0.1,0.025,12,True
source/48kHz_DE_data/OR/Orthogonal/0007/OR007@3_3.mat,10,0.1,0.05,12,True
source/48kHz_DE_data/OR/Orthogonal/0007/OR007@3_3.mat,10,0.1,0.075,12,True
source/48kHz_DE_data/OR/Orthogonal/0007/OR007@3_3.mat,20,-0.1,0.025,5,True
source/48kHz_DE_data/OR/Orthogonal/0007/OR007@3_3.mat,20,-0.1,0.05,5,True
source/48kHz_DE_data/OR/Orthogonal/0007/OR007@3_3.mat,20,-0.1,0.075,4,True
source/48kHz_DE_data/OR/Orthogonal/0007/OR007@3_3.mat,20,-0.05,0.025,5,True
source/48kHz_DE_data/OR/Orthogonal/0007/OR007@3_3.mat,20,-0.05,0.05,5,True
source/48kHz_DE_data/OR/Orthogonal/0007/OR007@3_3.mat,20,-0.05,0.075,5,True
source/48kHz_DE_data/OR/Orthogonal/0007/OR007@3_3.mat,20,0,0.025,5,True
source/48kHz_DE_data/OR/Orthogonal/0007/OR007@3_3.mat,20,0,0.05,5,True
source/48kHz_DE_data/OR/Orthogonal/0007/OR007@3_3.mat,20,0,0.075,5,True
source/48kHz_DE_data/OR/Orthogonal/0007/OR007@3_3.mat,20,0.05,0.025,5,True
source/48kHz_DE_data/OR/Orthogonal/0007/OR007@3_3.mat,20,0.05,0.05,5,True
source/48kHz_DE_data/OR/Orthogonal/0007/OR007@3_3.mat,20,0.05,0.075,5,True
source/48kHz_DE_data/OR/Orthogonal/0007/OR007@3_3.mat,20,0.1,0.025,6,True
source/48kHz_DE_data/OR/Orthogonal/0007/OR007@3_3.mat,20,0.1,0.05,6,True
source/48kHz_DE_data/OR/Orthogonal/0007/OR007@3_3.mat,20,0.1,0.075,6,True
source/48kHz_DE_data/OR/Orthogonal/0007/OR007@3_3.mat,40,-0.1,0.025,2,True
source/48kHz_DE_data/OR/Orthogonal/0007/OR007@3_3.mat,40,-0.1,0.05,2,True
source/48kHz_DE_data/OR/Orthogonal/0007/OR007@3_3.mat,40,-0.1,0.075,2,True
source/48kHz_DE_data/OR/Orthogonal/0007/OR007@3_3.mat,40,-0.05,0.025,2,True
source/48kHz_DE_data/OR/Orthogonal/0007/OR007@3_3.mat,40,-0.05,0.05,2,True
source/48kHz_DE_data/OR/Orthogonal/0007/OR007@3_3.mat,40,-0.05,0.075,2,True
source/48kHz_DE_data/OR/Orthogonal/0007/OR007@3_3.mat,40,0,0.025,2,True
source/48kHz_DE_data/OR/Orthogonal/0007/OR007@3_3.mat,40,0,0.05,2,True
source/48kHz_DE_data/OR/Orthogonal/0007/OR007@3_3.mat,40,0,0.075,2,True
source/48kHz_DE_data/OR/Orthogonal/0007/OR007@3_3.mat,40,0.05,0.025,2,True
source/48kHz_DE_data/OR/Orthogonal/0007/OR007@3_3.mat,40,0.05,0.05,2,True
source/48kHz_DE_data/OR/Orthogonal/0007/OR007@3_3.mat,40,0.05,0.075,2,True
source/48kHz_DE_data/OR/Orthogonal/0007/OR007@3_3.mat,40,0.1,0.025,3,True
source/48kHz_DE_data/OR/Orthogonal/0007/OR007@3_3.mat,40,0.1,0.05,3,True
source/48kHz_DE_data/OR/Orthogonal/0007/OR007@3_3.mat,40,0.1,0.075,3,True
source/48kHz_DE_data/OR/Orthogonal/0021/OR021@3_0.mat,10,-0.1,0.025,7,True
source/48kHz_DE_data/OR/Orthogonal/0021/OR021@3_0.mat,10,-0.1,0.05,6,True
source/48kHz_DE_data/OR/Orthogonal/0021/OR021@3_0.mat,10,-0.1,0.075,6,True
source/48kHz_DE_data/OR/Orthogonal/0021/OR021@3_0.mat,10,-0.05,0.025,7,True
source/48kHz_DE_data/OR/Orthogonal/0021/OR021@3_0.mat,10,-0.05,0.05,7,True
source/48kHz_DE_data/OR/Orthogonal/0021/OR021@3_0.mat,10,-0.05,0.075,7,True
source/48kHz_DE_data/OR/Orthogonal/0021/OR021@3_0.mat,10,0,0.025,7,True
source/48kHz_DE_data/OR/Orthogonal/0021/OR021@3_0.mat,10,0,0.05,7,True
source/48kHz_DE_data/OR/Orthogonal/0021/OR021@3_0.mat,10,0,0.075,7,True
source/48kHz_DE_data/OR/Orthogonal/0021/OR021@3_0.mat,10,0.05,0.025,8,True
source/48kHz_DE_data/OR/Orthogonal/0021/OR021@3_0.mat,10,0.05,0.05,8,True
source/48kHz_DE_data/OR/Orthogonal/0021/OR021@3_0.mat,10,0.05,0.075,7,True
source/48kHz_DE_data/OR/Orthogonal/0021/OR021@3_0.mat,10,0.1,0.025,8,True
source/48kHz_DE_data/OR/Orthogonal/0021/OR021@3_0.mat,10,0.1,0.05,8,True
source/48kHz_DE_data/OR/Orthogonal/0021/OR021@3_0.mat,10,0.1,0.075,8,True
source/48kHz_DE_data/OR/Orthogonal/0021/OR021@3_0.mat,20,-0.1,0.025,3,True
source/48kHz_DE_data/OR/Orthogonal/0021/OR021@3_0.mat,20,-0.1,0.05,3,True
source/48kHz_DE_data/OR/Orthogonal/0021/OR021@3_0.mat,20,-0.1,0.075,3,True
source/48kHz_DE_data/OR/Orthogonal/0021/OR021@3_0.mat,20,-0.05,0.025,3,True
source/48kHz_DE_data/OR/Orthogonal/0021/OR021@3_0.mat,20,-0.05,0.05,3,True
source/48kHz_DE_data/OR/Orthogonal/0021/OR021@3_0.mat,20,-0.05,0.075,3,True
source/48kHz_DE_data/OR/Orthogonal/0021/OR021@3_0.mat,20,0,0.025,3,True
source/48kHz_DE_data/OR/Orthogonal/0021/OR021@3_0.mat,20,0,0.05,3,True
source/48kHz_DE_data/OR/Orthogonal/0021/OR021@3_0.mat,20,0,0.075,3,True
source/48kHz_DE_data/OR/Orthogonal/0021/OR021@3_0.mat,20,0.05,0.025,4,True
source/48kHz_DE_data/OR/Orthogonal/0021/OR021@3_0.mat,20,0.05,0.05,4,True
source/48kHz_DE_data/OR/Orthogonal/0021/OR021@3_0.mat,20,0.05,0.075,3,True
source/48kHz_DE_data/OR/Orthogonal/0021/OR021@3_0.mat,20,0.1,0.025,4,True
source/48kHz_DE_data/OR/Orthogonal/0021/OR021@3_0.mat,20,0.1,0.05,4,True
source/48kHz_DE_data/OR/Orthogonal/0021/OR021@3_0.mat,20,0.1,0.075,4,True
source/48kHz_DE_data/OR/Orthogonal/0021/OR021@3_0.mat,40,-0.1,0.025,1,True
source/48kHz_DE_data/OR/Orthogonal/0021/OR021@3_0.mat,40,-0.1,0.05,1,True
source/48kHz_DE_data/OR/Orthogonal/0021/OR021@3_0.mat,40,-0.1,0.075,1,True
source/48kHz_DE_data/OR/Orthogonal/0021/OR021@3_0.mat,40,-0.05,0.025,1,True
source/48kHz_DE_data/OR/Orthogonal/0021/OR021@3_0.mat,40,-0.05,0.05,1,True
source/48kHz_DE_data/OR/Orthogonal/0021/OR021@3_0.mat,40,-0.05,0.075,1,True
source/48kHz_DE_data/OR/Orthogonal/0021/OR021@3_0.mat,40,0,0.025,1,True
source/48kHz_DE_data/OR/Orthogonal/0021/OR021@3_0.mat,40,0,0.05,1,True
source/48kHz_DE_data/OR/Orthogonal/0021/OR021@3_0.mat,40,0,0.075,1,True
source/48kHz_DE_data/OR/Orthogonal/0021/OR021@3_0.mat,40,0.05,0.025,2,True
source/48kHz_DE_data/OR/Orthogonal/0021/OR021@3_0.mat,40,0.05,0.05,2,True
source/48kHz_DE_data/OR/Orthogonal/0021/OR021@3_0.mat,40,0.05,0.075,1,True
source/48kHz_DE_data/OR/Orthogonal/0021/OR021@3_0.mat,40,0.1,0.025,2,True
source/48kHz_DE_data/OR/Orthogonal/0021/OR021@3_0.mat,40,0.1,0.05,2,True
source/48kHz_DE_data/OR/Orthogonal/0021/OR021@3_0.mat,40,0.1,0.075,2,True
source/48kHz_DE_data/OR/Orthogonal/0021/OR021@3_1.mat,10,-0.1,0.025,10,True
source/48kHz_DE_data/OR/Orthogonal/0021/OR021@3_1.mat,10,-0.1,0.05,10,True
source/48kHz_DE_data/OR/Orthogonal/0021/OR021@3_1.mat,10,-0.1,0.075,10,True
source/48kHz_DE_data/OR/Orthogonal/0021/OR021@3_1.mat,10,-0.05,0.025,11,True
source/48kHz_DE_data/OR/Orthogonal/0021/OR021@3_1.mat,10,-0.05,0.05,10,True
source/48kHz_DE_data/OR/Orthogonal/0021/OR021@3_1.mat,10,-0.05,0.075,10,True
source/48kHz_DE_data/OR/Orthogonal/0021/OR021@3_1.mat,10,0,0.025,11,True
source/48kHz_DE_data/OR/Orthogonal/0021/OR021@3_1.mat,10,0,0.05,11,True
source/48kHz_DE_data/OR/Orthogonal/0021/OR021@3_1.mat,10,0,0.075,11,True
source/48kHz_DE_data/OR/Orthogonal/0021/OR021@3_1.mat,10,0.05,0.025,12,True
source/48kHz_DE_data/OR/Orthogonal/0021/OR021@3_1.mat,10,0.05,0.05,12,True
source/48kHz_DE_data/OR/Orthogonal/0021/OR021@3_1.mat,10,0.05,0.075,11,True
source/48kHz_DE_data/OR/Orthogonal/0021/OR021@3_1.mat,10,0.1,0.025,12,True
source/48kHz_DE_data/OR/Orthogonal/0021/OR021@3_1.mat,10,0.1,0.05,12,True
source/48kHz_DE_data/OR/Orthogonal/0021/OR021@3_1.mat,10,0.1,0.075,12,True
source/48kHz_DE_data/OR/Orthogonal/0021/OR021@3_1.mat,20,-0.1,0.025,5,True
source/48kHz_DE_data/OR/Orthogonal/0021/OR021@3_1.mat,20,-0.1,0.05,5,True
source/48kHz_DE_data/OR/Orthogonal/0021/OR021@3_1.mat,20,-0.1,0.075,5,True
source/48kHz_DE_data/OR/Orthogonal/0021/OR021@3_1.mat,20,-0.05,0.025,5,True
source/48kHz_DE_data/OR/Orthogonal/0021/OR021@3_1.mat,20,-0.05,0.05,5,True
source/48kHz_DE_data/OR/Orthogonal/0021/OR021@3_1.mat,20,-0.05,0.075,5,True
source/48kHz_DE_data/OR/Orthogonal/0021/OR021@3_1.mat,20,0,0.025,5,True
source/48kHz_DE_data/OR/Orthogonal/0021/OR021@3_1.mat,20,0,0.05,5,True
source/48kHz_DE_data/OR/Orthogonal/0021/OR021@3_1.mat,20,0,0.075,5,True
source/48kHz_DE_data/OR/Orthogonal/0021/OR021@3_1.mat,20,0.05,0.025,6,True
source/48kHz_DE_data/OR/Orthogonal/0021/OR021@3_1.mat,20,0.05,0.05,6,True
source/48kHz_DE_data/OR/Orthogonal/0021/OR021@3_1.mat,20,0.05,0.075,5,True
source/48kHz_DE_data/OR/Orthogonal/0021/OR021@3_1.mat,20,0.1,0.025,6,True
source/48kHz_DE_data/OR/Orthogonal/0021/OR021@3_1.mat,20,0.1,0.05,6,True
source/48kHz_DE_data/OR/Orthogonal/0021/OR021@3_1.mat,20,0.1,0.075,6,True
source/48kHz_DE_data/OR/Orthogonal/0021/OR021@3_1.mat,40,-0.1,0.025,2,True
source/48kHz_DE_data/OR/Orthogonal/0021/OR021@3_1.mat,40,-0.1,0.05,2,True
source/48kHz_DE_data/OR/Orthogonal/0021/OR021@3_1.mat,40,-0.1,0.075,2,True
source/48kHz_DE_data/OR/Orthogonal/0021/OR021@3_1.mat,40,-0.05,0.025,2,True
source/48kHz_DE_data/OR/Orthogonal/0021/OR021@3_1.mat,40,-0.05,0.05,2,True
source/48kHz_DE_data/OR/Orthogonal/0021/OR021@3_1.mat,40,-0.05,0.075,2,True
source/48kHz_DE_data/OR/Orthogonal/0021/OR021@3_1.mat,40,0,0.025,2,True
source/48kHz_DE_data/OR/Orthogonal/0021/OR021@3_1.mat,40,0,0.05,2,True
source/48kHz_DE_data/OR/Orthogonal/0021/OR021@3_1.mat,40,0,0.075,2,True
source/48kHz_DE_data/OR/Orthogonal/0021/OR021@3_1.mat,40,0.05,0.025,3,True
source/48kHz_DE_data/OR/Orthogonal/0021/OR021@3_1.mat,40,0.05,0.05,3,True
source/48kHz_DE_data/OR/Orthogonal/0021/OR021@3_1.mat,40,0.05,0.075,2,True
source/48kHz_DE_data/OR/Orthogonal/0021/OR021@3_1.mat,40,0.1,0.025,3,True
source/48kHz_DE_data/OR/Orthogonal/0021/OR021@3_1.mat,40,0.1,0.05,3,True
source/48kHz_DE_data/OR/Orthogonal/0021/OR021@3_1.mat,40,0.1,0.075,3,True
source/48kHz_DE_data/OR/Orthogonal/0021/OR021@3_2.mat,10,-0.1,0.025,10,True
source/48kHz_DE_data/OR/Orthogonal/0021/OR021@3_2.mat,10,-0.1,0.05,10,True
source/48kHz_DE_data/OR/Orthogonal/0021/OR021@3_2.mat,10,-0.1,0.075,10,True
source/48kHz_DE_data/OR/Orthogonal/0021/OR021@3_2.mat,10,-0.05,0.025,10,True
source/48kHz_DE_data/OR/Orthogonal/0021/OR021@3_2.mat,10,-0.05,0.05,10,True
source/48kHz_DE_data/OR/Orthogonal/0021/OR021@3_2.mat,10,-0.05,0.075,10,True
source/48kHz_DE_data/OR/Orthogonal/0021/OR021@3_2.mat,10,0,0.025,11,True
source/48kHz_DE_data/OR/Orthogonal/0021/OR021@3_2.mat,10,0,0.05,11,True
source/48kHz_DE_data/OR/Orthogonal/0021/OR021@3_2.mat,10,0,0.075,11,True
source/48kHz_DE_data/OR/Orthogonal/0021/OR021@3_2.mat,10,0.05,0.025,12,True
source/48kHz_DE_data/OR/Orthogonal/0021/OR021@3_2.mat,10,0.05,0.05,11,True
source/48kHz_DE_data/OR/Orthogonal/0021/OR021@3_2.mat,10,0.05,0.075,11,True
source/48kHz_DE_data/OR/Orthogonal/0021/OR021@3_2.mat,10,0.1,0.025,12,True
source/48kHz_DE_data/OR/Orthogonal/0021/OR021@3_2.mat,10,0.1,0.05,12,True
source/48kHz_DE_data/OR/Orthogonal/0021/OR021@3_2.mat,10,0.1,0.075,12,True
source/48kHz_DE_data/OR/Orthogonal/0021/OR021@3_2.mat,20,-0.1,0.025,5,True
source/48kHz_DE_data/OR/Orthogonal/0021/OR021@3_2.mat,20,-0.1,0.05,5,True
source/48kHz_DE_data/OR/Orthogonal/0021/OR021@3_2.mat,20,-0.1,0.075,5,True
source/48kHz_DE_data/OR/Orthogonal/0021/OR021@3_2.mat,20,-0.05,0.025,5,True
source/48kHz_DE_data/OR/Orthogonal/0021/OR021@3_2.mat,20,-0.05,0.05,5,True
source/48kHz_DE_data/OR/Orthogonal/0021/OR021@3_2.mat,20,-0.05,0.075,5,True
source/48kHz_DE_data/OR/Orthogonal/0021/OR021@3_2.mat,20,0,0.025,5,True
source/48kHz_DE_data/OR/Orthogonal/0021/OR021@3_2.mat,20,0,0.05,5,True
source/48kHz_DE_data/OR/Orthogonal/0021/OR021@3_2.mat,20,0,0.075,5,True
source/48kHz_DE_data/OR/Orthogonal/0021/OR021@3_2.mat,20,0.05,0.025,6,True
source/48kHz_DE_data/OR/Orthogonal/0021/OR021@3_2.mat,20,0.05,0.05,5,True
source/48kHz_DE_data/OR/Orthogonal/0021/OR021@3_2.mat,20,0.05,0.075,5,True
source/48kHz_DE_data/OR/Orthogonal/0021/OR021@3_2.mat,20,0.1,0.025,6,True
source/48kHz_DE_data/OR/Orthogonal/0021/OR021@3_2.mat,20,0.1,0.05,6,True
source/48kHz_DE_data/OR/Orthogonal/0021/OR021@3_2.mat,20,0.1,0.075,6,True
source/48kHz_DE_data/OR/Orthogonal/0021/OR021@3_2.mat,40,-0.1,0.025,2,True
source/48kHz_DE_data/OR/Orthogonal/0021/OR021@3_2.mat,40,-0.1,0.05,2,True
source/48kHz_DE_data/OR/Orthogonal/0021/OR021@3_2.mat,40,-0.1,0.075,2,True
source/48kHz_DE_data/OR/Orthogonal/0021/OR021@3_2.mat,40,-0.05,0.025,2,True
source/48kHz_DE_data/OR/Orthogonal/0021/OR021@3_2.mat,40,-0.05,0.05,2,True
source/48kHz_DE_data/OR/Orthogonal/0021/OR021@3_2.mat,40,-0.05,0.075,2,True
source/48kHz_DE_data/OR/Orthogonal/0021/OR021@3_2.mat,40,0,0.025,2,True
source/48kHz_DE_data/OR/Orthogonal/0021/OR021@3_2.mat,40,0,0.05,2,True
source/48kHz_DE_data/OR/Orthogonal/0021/OR021@3_2.mat,40,0,0.075,2,True
source/48kHz_DE_data/OR/Orthogonal/0021/OR021@3_2.mat,40,0.05,0.025,3,True
source/48kHz_DE_data/OR/Orthogonal/0021/OR021@3_2.mat,40,0.05,0.05,2,True
source/48kHz_DE_data/OR/Orthogonal/0021/OR021@3_2.mat,40,0.05,0.075,2,True
source/48kHz_DE_data/OR/Orthogonal/0021/OR021@3_2.mat,40,0.1,0.025,3,True
source/48kHz_DE_data/OR/Orthogonal/0021/OR021@3_2.mat,40,0.1,0.05,3,True
source/48kHz_DE_data/OR/Orthogonal/0021/OR021@3_2.mat,40,0.1,0.075,3,True
source/48kHz_DE_data/OR/Orthogonal/0021/OR021@3_3.mat,10,-0.1,0.025,10,True
source/48kHz_DE_data/OR/Orthogonal/0021/OR021@3_3.mat,10,-0.1,0.05,10,True
source/48kHz_DE_data/OR/Orthogonal/0021/OR021@3_3.mat,10,-0.1,0.075,9,True
source/48kHz_DE_data/OR/Orthogonal/0021/OR021@3_3.mat,10,-0.05,0.025,10,True
source/48kHz_DE_data/OR/Orthogonal/0021/OR021@3_3.mat,10,-0.05,0.05,10,True
source/48kHz_DE_data/OR/Orthogonal/0021/OR021@3_3.mat,10,-0.05,0.075,10,True
source/48kHz_DE_data/OR/Orthogonal/0021/OR021@3_3.mat,10,0,0.025,11,True
source/48kHz_DE_data/OR/Orthogonal/0021/OR021@3_3.mat,10,0,0.05,11,True
source/48kHz_DE_data/OR/Orthogonal/0021/OR021@3_3.mat,10,0,0.075,11,True
source/48kHz_DE_data/OR/Orthogonal/0021/OR021@3_3.mat,10,0.05,0.025,11,True
source/48kHz_DE_data/OR/Orthogonal/0021/OR021@3_3.mat,10,0.05,0.05,11,True
source/48kHz_DE_data/OR/Orthogonal/0021/OR021@3_3.mat,10,0.05,0.075,11,True
source/48kHz_DE_data/OR/Orthogonal/0021/OR021@3_3.mat,10,0.1,0.025,12,True
source/48kHz_DE_data/OR/Orthogonal/0021/OR021@3_3.mat,10,0.1,0.05,12,True
source/48kHz_DE_data/OR/Orthogonal/0021/OR021@3_3.mat,10,0.1,0.075,12,True
source/48kHz_DE_data/OR/Orthogonal/0021/OR021@3_3.mat,20,-0.1,0.025,5,True
source/48kHz_DE_data/OR/Orthogonal/0021/OR021@3_3.mat,20,-0.1,0.05,5,True
source/48kHz_DE_data/OR/Orthogonal/0021/OR021@3_3.mat,20,-0.1,0.075,4,True
source/48kHz_DE_data/OR/Orthogonal/0021/OR021@3_3.mat,20,-0.05,0.025,5,True
source/48kHz_DE_data/OR/Orthogonal/0021/OR021@3_3.mat,20,-0.05,0.05,5,True
source/48kHz_DE_data/OR/Orthogonal/0021/OR021@3_3.mat,20,-0.05,0.075,5,True
source/48kHz_DE_data/OR/Orthogonal/0021/OR021@3_3.mat,20,0,0.025,5,True
source/48kHz_DE_data/OR/Orthogonal/0021/OR021@3_3.mat,20,0,0.05,5,True
source/48kHz_DE_data/OR/Orthogonal/0021/OR021@3_3.mat,20,0,0.075,5,True
source/48kHz_DE_data/OR/Orthogonal/0021/OR021@3_3.mat,20,0.05,0.025,5,True
source/48kHz_DE_data/OR/Orthogonal/0021/OR021@3_3.mat,20,0.05,0.05,5,True
source/48kHz_DE_data/OR/Orthogonal/0021/OR021@3_3.mat,20,0.05,0.075,5,True
source/48kHz_DE_data/OR/Orthogonal/0021/OR021@3_3.mat,20,0.1,0.025,6,True
source/48kHz_DE_data/OR/Orthogonal/0021/OR021@3_3.mat,20,0.1,0.05,6,True
source/48kHz_DE_data/OR/Orthogonal/0021/OR021@3_3.mat,20,0.1,0.075,6,True
source/48kHz_DE_data/OR/Orthogonal/0021/OR021@3_3.mat,40,-0.1,0.025,2,True
source/48kHz_DE_data/OR/Orthogonal/0021/OR021@3_3.mat,40,-0.1,0.05,2,True
source/48kHz_DE_data/OR/Orthogonal/0021/OR021@3_3.mat,40,-0.1,0.075,2,True
source/48kHz_DE_data/OR/Orthogonal/0021/OR021@3_3.mat,40,-0.05,0.025,2,True
source/48kHz_DE_data/OR/Orthogonal/0021/OR021@3_3.mat,40,-0.05,0.05,2,True
source/48kHz_DE_data/OR/Orthogonal/0021/OR021@3_3.mat,40,-0.05,0.075,2,True
source/48kHz_DE_data/OR/Orthogonal/0021/OR021@3_3.mat,40,0,0.025,2,True
source/48kHz_DE_data/OR/Orthogonal/0021/OR021@3_3.mat,40,0,0.05,2,True
source/48kHz_DE_data/OR/Orthogonal/0021/OR021@3_3.mat,40,0,0.075,2,True
source/48kHz_DE_data/OR/Orthogonal/0021/OR021@3_3.mat,40,0.05,0.025,2,True
source/48kHz_DE_data/OR/Orthogonal/0021/OR021@3_3.mat,40,0.05,0.05,2,True
source/48kHz_DE_data/OR/Orthogonal/0021/OR021@3_3.mat,40,0.05,0.075,2,True
source/48kHz_DE_data/OR/Orthogonal/0021/OR021@3_3.mat,40,0.1,0.025,3,True
source/48kHz_DE_data/OR/Orthogonal/0021/OR021@3_3.mat,40,0.1,0.05,3,True
source/48kHz_DE_data/OR/Orthogonal/0021/OR021@3_3.mat,40,0.1,0.075,3,True
source/48kHz_Normal_data/N_0.mat,10,-0.1,0.025,13,True
source/48kHz_Normal_data/N_0.mat,10,-0.1,0.05,13,True
source/48kHz_Normal_data/N_0.mat,10,-0.1,0.075,13,True
source/48kHz_Normal_data/N_0.mat,10,-0.05,0.025,14,True
source/48kHz_Normal_data/N_0.mat,10,-0.05,0.05,14,True
source/48kHz_Normal_data/N_0.mat,10,-0.05,0.075,14,True
source/48kHz_Normal_data/N_0.mat,10,0,0.025,15,True
source/48kHz_Normal_data/N_0.mat,10,0,0.05,14,True
source/48kHz_Normal_data/N_0.mat,10,0,0.075,14,True
source/48kHz_Normal_data/N_0.mat,10,0.05,0.025,15,True
source/48kHz_Normal_data/N_0.mat,10,0.05,0.05,15,True
source/48kHz_Normal_data/N_0.mat,10,0.05,0.075,15,True
source/48kHz_Normal_data/N_0.mat,10,0.1,0.025,16,True
source/48kHz_Normal_data/N_0.mat,10,0.1,0.05,16,True
source/48kHz_Normal_data/N_0.mat,10,0.1,0.075,16,True
source/48kHz_Normal_data/N_0.mat,20,-0.1,0.025,6,True
source/48kHz_Normal_data/N_0.mat,20,-0.1,0.05,6,True
source/48kHz_Normal_data/N_0.mat,20,-0.1,0.075,6,True
source/48kHz_Normal_data/N_0.mat,20,-0.05,0.025,7,True
source/48kHz_Normal_data/N_0.mat,20,-0.05,0.05,7,True
source/48kHz_Normal_data/N_0.mat,20,-0.05,0.075,7,True
source/48kHz_Normal_data/N_0.mat,20,0,0.025,7,True
source/48kHz_Normal_data/N_0.mat,20,0,0.05,7,True
source/48kHz_Normal_data/N_0.mat,20,0,0.075,7,True
source/48kHz_Normal_data/N_0.mat,20,0.05,0.025,7,True
source/48kHz_Normal_data/N_0.mat,20,0.05,0.05,7,True
source/48kHz_Normal_data/N_0.mat,20,0.05,0.075,7,True
source/48kHz_Normal_data/N_0.mat,20,0.1,0.025,8,True
source/48kHz_Normal_data/N_0.mat,20,0.1,0.05,8,True
source/48kHz_Normal_data/N_0.mat,20,0.1,0.075,8,True
source/48kHz_Normal_data/N_0.mat,40,-0.1,0.025,3,True
source/48kHz_Normal_data/N_0.mat,40,-0.1,0.05,3,True
source/48kHz_Normal_data/N_0.mat,40,-0.1,0.075,3,True
source/48kHz_Normal_data/N_0.mat,40,-0.05,0.025,3,True
source/48kHz_Normal_data/N_0.mat,40,-0.05,0.05,3,True
source/48kHz_Normal_data/N_0.mat,40,-0.05,0.075,3,True
source/48kHz_Normal_data/N_0.mat,40,0,0.025,3,True
source/48kHz_Normal_data/N_0.mat,40,0,0.05,3,True
source/48kHz_Normal_data/N_0.mat,40,0,0.075,3,True
source/48kHz_Normal_data/N_0.mat,40,0.05,0.025,3,True
source/48kHz_Normal_data/N_0.mat,40,0.05,0.05,3,True
source/48kHz_Normal_data/N_0.mat,40,0.05,0.075,3,True
source/48kHz_Normal_data/N_0.mat,40,0.1,0.025,4,True
source/48kHz_Normal_data/N_0.mat,40,0.1,0.05,4,True
source/48kHz_Normal_data/N_0.mat,40,0.1,0.075,4,True
source/48kHz_Normal_data/N_1_(1772rpm).mat,10,-0.1,0.025,21,True
source/48kHz_Normal_data/N_1_(1772rpm).mat,10,-0.1,0.05,21,True
source/48kHz_Normal_data/N_1_(1772rpm).mat,10,-0.1,0.075,20,True
source/48kHz_Normal_data/N_1_(1772rpm).mat,10,-0.05,0.025,22,True
source/48kHz_Normal_data/N_1_(1772rpm).mat,10,-0.05,0.05,22,True
source/48kHz_Normal_data/N_1_(1772rpm).mat,10,-0.05,0.075,22,True
source/48kHz_Normal_data/N_1_(1772rpm).mat,10,0,0.025,23,True
source/48kHz_Normal_data/N_1_(1772rpm).mat,10,0,0.05,23,True
source/48kHz_Normal_data/N_1_(1772rpm).mat,10,0,0.075,23,True
source/48kHz_Normal_data/N_1_(1772rpm).mat,10,0.05,0.025,24,True
source/48kHz_Normal_data/N_1_(1772rpm).mat,10,0.05,0.05,24,True
source/48kHz_Normal_data/N_1_(1772rpm).mat,10,0.05,0.075,24,True
source/48kHz_Normal_data/N_1_(1772rpm).mat,10,0.1,0.025,25,True
source/48kHz_Normal_data/N_1_(1772rpm).mat,10,0.1,0.05,25,True
source/48kHz_Normal_data/N_1_(1772rpm).mat,10,0.1,0.075,25,True
source/48kHz_Normal_data/N_1_(1772rpm).mat,20,-0.1,0.025,10,True
source/48kHz_Normal_data/N_1_(1772rpm).mat,20,-0.1,0.05,10,True
source/48kHz_Normal_data/N_1_(1772rpm).mat,20,-0.1,0.075,10,True
source/48kHz_Normal_data/N_1_(1772rpm).mat,20,-0.05,0.025,11,True
source/48kHz_Normal_data/N_1_(1772rpm).mat,20,-0.05,0.05,11,True
source/48kHz_Normal_data/N_1_(1772rpm).mat,20,-0.05,0.075,11,True
source/48kHz_Normal_data/N_1_(1772rpm).mat,20,0,0.025,11,True
source/48kHz_Normal_data/N_1_(1772rpm).mat,20,0,0.05,11,True
source/48kHz_Normal_data/N_1_(1772rpm).mat,20,0,0.075,11,True
source/48kHz_Normal_data/N_1_(1772rpm).mat,20,0.05,0.025,12,True
source/48kHz_Normal_data/N_1_(1772rpm).mat,20,0.05,0.05,12,True
source/48kHz_Normal_data/N_1_(1772rpm).mat,20,0.05,0.075,12,True
source/48kHz_Normal_data/N_1_(1772rpm).mat,20,0.1,0.025,12,True
source/48kHz_Normal_data/N_1_(1772rpm).mat,20,0.1,0.05,12,True
source/48kHz_Normal_data/N_1_(1772rpm).mat,20,0.1,0.075,12,True
source/48kHz_Normal_data/N_1_(1772rpm).mat,40,-0.1,0.025,5,True
source/48kHz_Normal_data/N_1_(1772rpm).mat,40,-0.1,0.05,5,True
source/48kHz_Normal_data/N_1_(1772rpm).mat,40,-0.1,0.075,5,True
source/48kHz_Normal_data/N_1_(1772rpm).mat,40,-0.05,0.025,5,True
source/48kHz_Normal_data/N_1_(1772rpm).mat,40,-0.05,0.05,5,True
source/48kHz_Normal_data/N_1_(1772rpm).mat,40,-0.05,0.075,5,True
source/48kHz_Normal_data/N_1_(1772rpm).mat,40,0,0.025,5,True
source/48kHz_Normal_data/N_1_(1772rpm).mat,40,0,0.05,5,True
source/48kHz_Normal_data/N_1_(1772rpm).mat,40,0,0.075,5,True
source/48kHz_Normal_data/N_1_(1772rpm).mat,40,0.05,0.025,6,True
source/48kHz_Normal_data/N_1_(1772rpm).mat,40,0.05,0.05,6,True
source/48kHz_Normal_data/N_1_(1772rpm).mat,40,0.05,0.075,6,True
source/48kHz_Normal_data/N_1_(1772rpm).mat,40,0.1,0.025,6,True
source/48kHz_Normal_data/N_1_(1772rpm).mat,40,0.1,0.05,6,True
source/48kHz_Normal_data/N_1_(1772rpm).mat,40,0.1,0.075,6,True
source/48kHz_Normal_data/N_2_(1750rpm).mat,10,-0.1,0.025,20,True
source/48kHz_Normal_data/N_2_(1750rpm).mat,10,-0.1,0.05,20,True
source/48kHz_Normal_data/N_2_(1750rpm).mat,10,-0.1,0.075,20,True
source/48kHz_Normal_data/N_2_(1750rpm).mat,10,-0.05,0.025,22,True
source/48kHz_Normal_data/N_2_(1750rpm).mat,10,-0.05,0.05,21,True
source/48kHz_Normal_data/N_2_(1750rpm).mat,10,-0.05,0.075,21,True
source/48kHz_Normal_data/N_2_(1750rpm).mat,10,0,0.025,23,True
source/48kHz_Normal_data/N_2_(1750rpm).mat,10,0,0.05,23,True
source/48kHz_Normal_data/N_2_(1750rpm).mat,10,0,0.075,22,True
source/48kHz_Normal_data/N_2_(1750rpm).mat,10,0.05,0.025,24,True
source/48kHz_Normal_data/N_2_(1750rpm).mat,10,0.05,0.05,24,True
source/48kHz_Normal_data/N_2_(1750rpm).mat,10,0.05,0.075,24,True
source/48kHz_Normal_data/N_2_(1750rpm).mat,10,0.1,0.025,25,True
source/48kHz_Normal_data/N_2_(1750rpm).mat,10,0.1,0.05,25,True
source/48kHz_Normal_data/N_2_(1750rpm).mat,10,0.1,0.075,25,True
source/48kHz_Normal_data/N_2_(1750rpm).mat,20,-0.1,0.025,10,True
source/48kHz_Normal_data/N_2_(1750rpm).mat,20,-0.1,0.05,10,True
source/48kHz_Normal_data/N_2_(1750rpm).mat,20,-0.1,0.075,10,True
source/48kHz_Normal_data/N_2_(1750rpm).mat,20,-0.05,0.025,11,True
source/48kHz_Normal_data/N_2_(1750rpm).mat,20,-0.05,0.05,10,True
source/48kHz_Normal_data/N_2_(1750rpm).mat,20,-0.05,0.075,10,True
source/48kHz_Normal_data/N_2_(1750rpm).mat,20,0,0.025,11,True
source/48kHz_Normal_data/N_2_(1750rpm).mat,20,0,0.05,11,True
source/48kHz_Normal_data/N_2_(1750rpm).mat,20,0,0.075,11,True
source/48kHz_Normal_data/N_2_(1750rpm).mat,20,0.05,0.025,12,True
source/48kHz_Normal_data/N_2_(1750rpm).mat,20,0.05,0.05,12,True
source/48kHz_Normal_data/N_2_(1750rpm).mat,20,0.05,0.075,12,True
source/48kHz_Normal_data/N_2_(1750rpm).mat,20,0.1,0.025,12,True
source/48kHz_Normal_data/N_2_(1750rpm).mat,20,0.1,0.05,12,True
source/48kHz_Normal_data/N_2_(1750rpm).mat,20,0.1,0.075,12,True
source/48kHz_Normal_data/N_2_(1750rpm).mat,40,-0.1,0.025,5,True
source/48kHz_Normal_data/N_2_(1750rpm).mat,40,-0.1,0.05,5,True
source/48kHz_Normal_data/N_2_(1750rpm).mat,40,-0.1,0.075,5,True
source/48kHz_Normal_data/N_2_(1750rpm).mat,40,-0.05,0.025,5,True
source/48kHz_Normal_data/N_2_(1750rpm).mat,40,-0.05,0.05,5,True
source/48kHz_Normal_data/N_2_(1750rpm).mat,40,-0.05,0.075,5,True
source/48kHz_Normal_data/N_2_(1750rpm).mat,40,0,0.025,5,True
source/48kHz_Normal_data/N_2_(1750rpm).mat,40,0,0.05,5,True
source/48kHz_Normal_data/N_2_(1750rpm).mat,40,0,0.075,5,True
source/48kHz_Normal_data/N_2_(1750rpm).mat,40,0.05,0.025,6,True
source/48kHz_Normal_data/N_2_(1750rpm).mat,40,0.05,0.05,6,True
source/48kHz_Normal_data/N_2_(1750rpm).mat,40,0.05,0.075,6,True
source/48kHz_Normal_data/N_2_(1750rpm).mat,40,0.1,0.025,6,True
source/48kHz_Normal_data/N_2_(1750rpm).mat,40,0.1,0.05,6,True
source/48kHz_Normal_data/N_2_(1750rpm).mat,40,0.1,0.075,6,True
source/48kHz_Normal_data/N_3.mat,10,-0.1,0.025,20,True
source/48kHz_Normal_data/N_3.mat,10,-0.1,0.05,20,True
source/48kHz_Normal_data/N_3.mat,10,-0.1,0.075,20,True
source/48kHz_Normal_data/N_3.mat,10,-0.05,0.025,21,True
source/48kHz_Normal_data/N_3.mat,10,-0.05,0.05,21,True
source/48kHz_Normal_data/N_3.mat,10,-0.05,0.075,21,True
source/48kHz_Normal_data/N_3.mat,10,0,0.025,22,True
source/48kHz_Normal_data/N_3.mat,10,0,0.05,22,True
source/48kHz_Normal_data/N_3.mat,10,0,0.075,22,True
source/48kHz_Normal_data/N_3.mat,10,0.05,0.025,23,True
source/48kHz_Normal_data/N_3.mat,10,0.05,0.05,23,True
source/48kHz_Normal_data/N_3.mat,10,0.05,0.075,23,True
source/48kHz_Normal_data/N_3.mat,10,0.1,0.025,25,True
source/48kHz_Normal_data/N_3.mat,10,0.1,0.05,25,True
source/48kHz_Normal_data/N_3.mat,10,0.1,0.075,24,True
source/48kHz_Normal_data/N_3.mat,20,-0.1,0.025,10,True
source/48kHz_Normal_data/N_3.mat,20,-0.1,0.05,10,True
source/48kHz_Normal_data/N_3.mat,20,-0.1,0.075,10,True
source/48kHz_Normal_data/N_3.mat,20,-0.05,0.025,10,True
source/48kHz_Normal_data/N_3.mat,20,-0.05,0.05,10,True
source/48kHz_Normal_data/N_3.mat,20,-0.05,0.075,10,True
source/48kHz_Normal_data/N_3.mat,20,0,0.025,11,True
source/48kHz_Normal_data/N_3.mat,20,0,0.05,11,True
source/48kHz_Normal_data/N_3.mat,20,0,0.075,11,True
source/48kHz_Normal_data/N_3.mat,20,0.05,0.025,12,True
source/48kHz_Normal_data/N_3.mat,20,0.05,0.05,11,True
source/48kHz_Normal_data/N_3.mat,20,0.05,0.075,11,True
source/48kHz_Normal_data/N_3.mat,20,0.1,0.025,12,True
source/48kHz_Normal_data/N_3.mat,20,0.1,0.05,12,True
source/48kHz_Normal_data/N_3.mat,20,0.1,0.075,12,True
source/48kHz_Normal_data/N_3.mat,40,-0.1,0.025,5,True
source/48kHz_Normal_data/N_3.mat,40,-0.1,0.05,5,True
source/48kHz_Normal_data/N_3.mat,40,-0.1,0.075,5,True
source/48kHz_Normal_data/N_3.mat,40,-0.05,0.025,5,True
source/48kHz_Normal_data/N_3.mat,40,-0.05,0.05,5,True
source/48kHz_Normal_data/N_3.mat,40,-0.05,0.075,5,True
source/48kHz_Normal_data/N_3.mat,40,0,0.025,5,True
source/48kHz_Normal_data/N_3.mat,40,0,0.05,5,True
source/48kHz_Normal_data/N_3.mat,40,0,0.075,5,True
source/48kHz_Normal_data/N_3.mat,40,0.05,0.025,6,True
source/48kHz_Normal_data/N_3.mat,40,0.05,0.05,5,True
source/48kHz_Normal_data/N_3.mat,40,0.05,0.075,5,True
source/48kHz_Normal_data/N_3.mat,40,0.1,0.025,6,True
source/48kHz_Normal_data/N_3.mat,40,0.1,0.05,6,True
source/48kHz_Normal_data/N_3.mat,40,0.1,0.075,6,True
target/A.mat,10,-0.1,0.025,7,True
target/A.mat,10,-0.1,0.05,7,True
target/A.mat,10,-0.1,0.075,7,True
target/A.mat,10,-0.05,0.025,7,True
target/A.mat,10,-0.05,0.05,7,True
target/A.mat,10,-0.05,0.075,7,True
target/A.mat,10,0,0.025,7,True
target/A.mat,10,0,0.05,7,True
target/A.mat,10,0,0.075,7,True
target/A.mat,10,0.05,0.025,8,True
target/A.mat,10,0.05,0.05,8,True
target/A.mat,10,0.05,0.075,8,True
target/A.mat,10,0.1,0.025,8,True
target/A.mat,10,0.1,0.05,8,True
target/A.mat,10,0.1,0.075,8,True
target/A.mat,20,-0.1,0.025,3,True
target/A.mat,20,-0.1,0.05,3,True
target/A.mat,20,-0.1,0.075,3,True
target/A.mat,20,-0.05,0.025,3,True
target/A.mat,20,-0.05,0.05,3,True
target/A.mat,20,-0.05,0.075,3,True
target/A.mat,20,0,0.025,3,True
target/A.mat,20,0,0.05,3,True
target/A.mat,20,0,0.075,3,True
target/A.mat,20,0.05,0.025,4,True
target/A.mat,20,0.05,0.05,4,True
target/A.mat,20,0.05,0.075,4,True
target/A.mat,20,0.1,0.025,4,True
target/A.mat,20,0.1,0.05,4,True
target/A.mat,20,0.1,0.075,4,True
target/A.mat,40,-0.1,0.025,1,True
target/A.mat,40,-0.1,0.05,1,True
target/A.mat,40,-0.1,0.075,1,True
target/A.mat,40,-0.05,0.025,1,True
target/A.mat,40,-0.05,0.05,1,True
target/A.mat,40,-0.05,0.075,1,True
target/A.mat,40,0,0.025,1,True
target/A.mat,40,0,0.05,1,True
target/A.mat,40,0,0.075,1,True
target/A.mat,40,0.05,0.025,2,True
target/A.mat,40,0.05,0.05,2,True
target/A.mat,40,0.05,0.075,2,True
target/A.mat,40,0.1,0.025,2,True
target/A.mat,40,0.1,0.05,2,True
target/A.mat,40,0.1,0.075,2,True
target/B.mat,10,-0.1,0.025,7,True
target/B.mat,10,-0.1,0.05,7,True
target/B.mat,10,-0.1,0.075,7,True
target/B.mat,10,-0.05,0.025,7,True
target/B.mat,10,-0.05,0.05,7,True
target/B.mat,10,-0.05,0.075,7,True
target/B.mat,10,0,0.025,7,True
target/B.mat,10,0,0.05,7,True
target/B.mat,10,0,0.075,7,True
target/B.mat,10,0.05,0.025,8,True
target/B.mat,10,0.05,0.05,8,True
target/B.mat,10,0.05,0.075,8,True
target/B.mat,10,0.1,0.025,8,True
target/B.mat,10,0.1,0.05,8,True
target/B.mat,10,0.1,0.075,8,True
target/B.mat,20,-0.1,0.025,3,True
target/B.mat,20,-0.1,0.05,3,True
target/B.mat,20,-0.1,0.075,3,True
target/B.mat,20,-0.05,0.025,3,True
target/B.mat,20,-0.05,0.05,3,True
target/B.mat,20,-0.05,0.075,3,True
target/B.mat,20,0,0.025,3,True
target/B.mat,20,0,0.05,3,True
target/B.mat,20,0,0.075,3,True
target/B.mat,20,0.05,0.025,4,True
target/B.mat,20,0.05,0.05,4,True
target/B.mat,20,0.05,0.075,4,True
target/B.mat,20,0.1,0.025,4,True
target/B.mat,20,0.1,0.05,4,True
target/B.mat,20,0.1,0.075,4,True
target/B.mat,40,-0.1,0.025,1,True
target/B.mat,40,-0.1,0.05,1,True
target/B.mat,40,-0.1,0.075,1,True
target/B.mat,40,-0.05,0.025,1,True
target/B.mat,40,-0.05,0.05,1,True
target/B.mat,40,-0.05,0.075,1,True
target/B.mat,40,0,0.025,1,True
target/B.mat,40,0,0.05,1,True
target/B.mat,40,0,0.075,1,True
target/B.mat,40,0.05,0.025,2,True
target/B.mat,40,0.05,0.05,2,True
target/B.mat,40,0.05,0.075,2,True
target/B.mat,40,0.1,0.025,2,True
target/B.mat,40,0.1,0.05,2,True
target/B.mat,40,0.1,0.075,2,True
target/C.mat,10,-0.1,0.025,7,True
target/C.mat,10,-0.1,0.05,7,True
target/C.mat,10,-0.1,0.075,7,True
target/C.mat,10,-0.05,0.025,7,True
target/C.mat,10,-0.05,0.05,7,True
target/C.mat,10,-0.05,0.075,7,True
target/C.mat,10,0,0.025,7,True
target/C.mat,10,0,0.05,7,True
target/C.mat,10,0,0.075,7,True
target/C.mat,10,0.05,0.025,8,True
target/C.mat,10,0.05,0.05,8,True
target/C.mat,10,0.05,0.075,8,True
target/C.mat,10,0.1,0.025,8,True
target/C.mat,10,0.1,0.05,8,True
target/C.mat,10,0.1,0.075,8,True
target/C.mat,20,-0.1,0.025,3,True
target/C.mat,20,-0.1,0.05,3,True
target/C.mat,20,-0.1,0.075,3,True
target/C.mat,20,-0.05,0.025,3,True
target/C.mat,20,-0.05,0.05,3,True
target/C.mat,20,-0.05,0.075,3,True
target/C.mat,20,0,0.025,3,True
target/C.mat,20,0,0.05,3,True
target/C.mat,20,0,0.075,3,True
target/C.mat,20,0.05,0.025,4,True
target/C.mat,20,0.05,0.05,4,True
target/C.mat,20,0.05,0.075,4,True
target/C.mat,20,0.1,0.025,4,True
target/C.mat,20,0.1,0.05,4,True
target/C.mat,20,0.1,0.075,4,True
target/C.mat,40,-0.1,0.025,1,True
target/C.mat,40,-0.1,0.05,1,True
target/C.mat,40,-0.1,0.075,1,True
target/C.mat,40,-0.05,0.025,1,True
target/C.mat,40,-0.05,0.05,1,True
target/C.mat,40,-0.05,0.075,1,True
target/C.mat,40,0,0.025,1,True
target/C.mat,40,0,0.05,1,True
target/C.mat,40,0,0.075,1,True
target/C.mat,40,0.05,0.025,2,True
target/C.mat,40,0.05,0.05,2,True
target/C.mat,40,0.05,0.075,2,True
target/C.mat,40,0.1,0.025,2,True
target/C.mat,40,0.1,0.05,2,True
target/C.mat,40,0.1,0.075,2,True
target/D.mat,10,-0.1,0.025,7,True
target/D.mat,10,-0.1,0.05,7,True
target/D.mat,10,-0.1,0.075,7,True
target/D.mat,10,-0.05,0.025,7,True
target/D.mat,10,-0.05,0.05,7,True
target/D.mat,10,-0.05,0.075,7,True
target/D.mat,10,0,0.025,7,True
target/D.mat,10,0,0.05,7,True
target/D.mat,10,0,0.075,7,True
target/D.mat,10,0.05,0.025,8,True
target/D.mat,10,0.05,0.05,8,True
target/D.mat,10,0.05,0.075,8,True
target/D.mat,10,0.1,0.025,8,True
target/D.mat,10,0.1,0.05,8,True
target/D.mat,10,0.1,0.075,8,True
target/D.mat,20,-0.1,0.025,3,True
target/D.mat,20,-0.1,0.05,3,True
target/D.mat,20,-0.1,0.075,3,True
target/D.mat,20,-0.05,0.025,3,True
target/D.mat,20,-0.05,0.05,3,True
target/D.mat,20,-0.05,0.075,3,True
target/D.mat,20,0,0.025,3,True
target/D.mat,20,0,0.05,3,True
target/D.mat,20,0,0.075,3,True
target/D.mat,20,0.05,0.025,4,True
target/D.mat,20,0.05,0.05,4,True
target/D.mat,20,0.05,0.075,4,True
target/D.mat,20,0.1,0.025,4,True
target/D.mat,20,0.1,0.05,4,True
target/D.mat,20,0.1,0.075,4,True
target/D.mat,40,-0.1,0.025,1,True
target/D.mat,40,-0.1,0.05,1,True
target/D.mat,40,-0.1,0.075,1,True
target/D.mat,40,-0.05,0.025,1,True
target/D.mat,40,-0.05,0.05,1,True
target/D.mat,40,-0.05,0.075,1,True
target/D.mat,40,0,0.025,1,True
target/D.mat,40,0,0.05,1,True
target/D.mat,40,0,0.075,1,True
target/D.mat,40,0.05,0.025,2,True
target/D.mat,40,0.05,0.05,2,True
target/D.mat,40,0.05,0.075,2,True
target/D.mat,40,0.1,0.025,2,True
target/D.mat,40,0.1,0.05,2,True
target/D.mat,40,0.1,0.075,2,True
target/E.mat,10,-0.1,0.025,7,True
target/E.mat,10,-0.1,0.05,7,True
target/E.mat,10,-0.1,0.075,7,True
target/E.mat,10,-0.05,0.025,7,True
target/E.mat,10,-0.05,0.05,7,True
target/E.mat,10,-0.05,0.075,7,True
target/E.mat,10,0,0.025,7,True
target/E.mat,10,0,0.05,7,True
target/E.mat,10,0,0.075,7,True
target/E.mat,10,0.05,0.025,8,True
target/E.mat,10,0.05,0.05,8,True
target/E.mat,10,0.05,0.075,8,True
target/E.mat,10,0.1,0.025,8,True
target/E.mat,10,0.1,0.05,8,True
target/E.mat,10,0.1,0.075,8,True
target/E.mat,20,-0.1,0.025,3,True
target/E.mat,20,-0.1,0.05,3,True
target/E.mat,20,-0.1,0.075,3,True
target/E.mat,20,-0.05,0.025,3,True
target/E.mat,20,-0.05,0.05,3,True
target/E.mat,20,-0.05,0.075,3,True
target/E.mat,20,0,0.025,3,True
target/E.mat,20,0,0.05,3,True
target/E.mat,20,0,0.075,3,True
target/E.mat,20,0.05,0.025,4,True
target/E.mat,20,0.05,0.05,4,True
target/E.mat,20,0.05,0.075,4,True
target/E.mat,20,0.1,0.025,4,True
target/E.mat,20,0.1,0.05,4,True
target/E.mat,20,0.1,0.075,4,True
target/E.mat,40,-0.1,0.025,1,True
target/E.mat,40,-0.1,0.05,1,True
target/E.mat,40,-0.1,0.075,1,True
target/E.mat,40,-0.05,0.025,1,True
target/E.mat,40,-0.05,0.05,1,True
target/E.mat,40,-0.05,0.075,1,True
target/E.mat,40,0,0.025,1,True
target/E.mat,40,0,0.05,1,True
target/E.mat,40,0,0.075,1,True
target/E.mat,40,0.05,0.025,2,True
target/E.mat,40,0.05,0.05,2,True
target/E.mat,40,0.05,0.075,2,True
target/E.mat,40,0.1,0.025,2,True
target/E.mat,40,0.1,0.05,2,True
target/E.mat,40,0.1,0.075,2,True
target/F.mat,10,-0.1,0.025,7,True
target/F.mat,10,-0.1,0.05,7,True
target/F.mat,10,-0.1,0.075,7,True
target/F.mat,10,-0.05,0.025,7,True
target/F.mat,10,-0.05,0.05,7,True
target/F.mat,10,-0.05,0.075,7,True
target/F.mat,10,0,0.025,7,True
target/F.mat,10,0,0.05,7,True
target/F.mat,10,0,0.075,7,True
target/F.mat,10,0.05,0.025,8,True
target/F.mat,10,0.05,0.05,8,True
target/F.mat,10,0.05,0.075,8,True
target/F.mat,10,0.1,0.025,8,True
target/F.mat,10,0.1,0.05,8,True
target/F.mat,10,0.1,0.075,8,True
target/F.mat,20,-0.1,0.025,3,True
target/F.mat,20,-0.1,0.05,3,True
target/F.mat,20,-0.1,0.075,3,True
target/F.mat,20,-0.05,0.025,3,True
target/F.mat,20,-0.05,0.05,3,True
target/F.mat,20,-0.05,0.075,3,True
target/F.mat,20,0,0.025,3,True
target/F.mat,20,0,0.05,3,True
target/F.mat,20,0,0.075,3,True
target/F.mat,20,0.05,0.025,4,True
target/F.mat,20,0.05,0.05,4,True
target/F.mat,20,0.05,0.075,4,True
target/F.mat,20,0.1,0.025,4,True
target/F.mat,20,0.1,0.05,4,True
target/F.mat,20,0.1,0.075,4,True
target/F.mat,40,-0.1,0.025,1,True
target/F.mat,40,-0.1,0.05,1,True
target/F.mat,40,-0.1,0.075,1,True
target/F.mat,40,-0.05,0.025,1,True
target/F.mat,40,-0.05,0.05,1,True
target/F.mat,40,-0.05,0.075,1,True
target/F.mat,40,0,0.025,1,True
target/F.mat,40,0,0.05,1,True
target/F.mat,40,0,0.075,1,True
target/F.mat,40,0.05,0.025,2,True
target/F.mat,40,0.05,0.05,2,True
target/F.mat,40,0.05,0.075,2,True
target/F.mat,40,0.1,0.025,2,True
target/F.mat,40,0.1,0.05,2,True
target/F.mat,40,0.1,0.075,2,True
target/G.mat,10,-0.1,0.025,7,True
target/G.mat,10,-0.1,0.05,7,True
target/G.mat,10,-0.1,0.075,7,True
target/G.mat,10,-0.05,0.025,7,True
target/G.mat,10,-0.05,0.05,7,True
target/G.mat,10,-0.05,0.075,7,True
target/G.mat,10,0,0.025,7,True
target/G.mat,10,0,0.05,7,True
target/G.mat,10,0,0.075,7,True
target/G.mat,10,0.05,0.025,8,True
target/G.mat,10,0.05,0.05,8,True
target/G.mat,10,0.05,0.075,8,True
target/G.mat,10,0.1,0.025,8,True
target/G.mat,10,0.1,0.05,8,True
target/G.mat,10,0.1,0.075,8,True
target/G.mat,20,-0.1,0.025,3,True
target/G.mat,20,-0.1,0.05,3,True
target/G.mat,20,-0.1,0.075,3,True
target/G.mat,20,-0.05,0.025,3,True
target/G.mat,20,-0.05,0.05,3,True
target/G.mat,20,-0.05,0.075,3,True
target/G.mat,20,0,0.025,3,True
target/G.mat,20,0,0.05,3,True
target/G.mat,20,0,0.075,3,True
target/G.mat,20,0.05,0.025,4,True
target/G.mat,20,0.05,0.05,4,True
target/G.mat,20,0.05,0.075,4,True
target/G.mat,20,0.1,0.025,4,True
target/G.mat,20,0.1,0.05,4,True
target/G.mat,20,0.1,0.075,4,True
target/G.mat,40,-0.1,0.025,1,True
target/G.mat,40,-0.1,0.05,1,True
target/G.mat,40,-0.1,0.075,1,True
target/G.mat,40,-0.05,0.025,1,True
target/G.mat,40,-0.05,0.05,1,True
target/G.mat,40,-0.05,0.075,1,True
target/G.mat,40,0,0.025,1,True
target/G.mat,40,0,0.05,1,True
target/G.mat,40,0,0.075,1,True
target/G.mat,40,0.05,0.025,2,True
target/G.mat,40,0.05,0.05,2,True
target/G.mat,40,0.05,0.075,2,True
target/G.mat,40,0.1,0.025,2,True
target/G.mat,40,0.1,0.05,2,True
target/G.mat,40,0.1,0.075,2,True
target/H.mat,10,-0.1,0.025,7,True
target/H.mat,10,-0.1,0.05,7,True
target/H.mat,10,-0.1,0.075,7,True
target/H.mat,10,-0.05,0.025,7,True
target/H.mat,10,-0.05,0.05,7,True
target/H.mat,10,-0.05,0.075,7,True
target/H.mat,10,0,0.025,7,True
target/H.mat,10,0,0.05,7,True
target/H.mat,10,0,0.075,7,True
target/H.mat,10,0.05,0.025,8,True
target/H.mat,10,0.05,0.05,8,True
target/H.mat,10,0.05,0.075,8,True
target/H.mat,10,0.1,0.025,8,True
target/H.mat,10,0.1,0.05,8,True
target/H.mat,10,0.1,0.075,8,True
target/H.mat,20,-0.1,0.025,3,True
target/H.mat,20,-0.1,0.05,3,True
target/H.mat,20,-0.1,0.075,3,True
target/H.mat,20,-0.05,0.025,3,True
target/H.mat,20,-0.05,0.05,3,True
target/H.mat,20,-0.05,0.075,3,True
target/H.mat,20,0,0.025,3,True
target/H.mat,20,0,0.05,3,True
target/H.mat,20,0,0.075,3,True
target/H.mat,20,0.05,0.025,4,True
target/H.mat,20,0.05,0.05,4,True
target/H.mat,20,0.05,0.075,4,True
target/H.mat,20,0.1,0.025,4,True
target/H.mat,20,0.1,0.05,4,True
target/H.mat,20,0.1,0.075,4,True
target/H.mat,40,-0.1,0.025,1,True
target/H.mat,40,-0.1,0.05,1,True
target/H.mat,40,-0.1,0.075,1,True
target/H.mat,40,-0.05,0.025,1,True
target/H.mat,40,-0.05,0.05,1,True
target/H.mat,40,-0.05,0.075,1,True
target/H.mat,40,0,0.025,1,True
target/H.mat,40,0,0.05,1,True
target/H.mat,40,0,0.075,1,True
target/H.mat,40,0.05,0.025,2,True
target/H.mat,40,0.05,0.05,2,True
target/H.mat,40,0.05,0.075,2,True
target/H.mat,40,0.1,0.025,2,True
target/H.mat,40,0.1,0.05,2,True
target/H.mat,40,0.1,0.075,2,True
target/I.mat,10,-0.1,0.025,7,True
target/I.mat,10,-0.1,0.05,7,True
target/I.mat,10,-0.1,0.075,7,True
target/I.mat,10,-0.05,0.025,7,True
target/I.mat,10,-0.05,0.05,7,True
target/I.mat,10,-0.05,0.075,7,True
target/I.mat,10,0,0.025,7,True
target/I.mat,10,0,0.05,7,True
target/I.mat,10,0,0.075,7,True
target/I.mat,10,0.05,0.025,8,True
target/I.mat,10,0.05,0.05,8,True
target/I.mat,10,0.05,0.075,8,True
target/I.mat,10,0.1,0.025,8,True
target/I.mat,10,0.1,0.05,8,True
target/I.mat,10,0.1,0.075,8,True
target/I.mat,20,-0.1,0.025,3,True
target/I.mat,20,-0.1,0.05,3,True
target/I.mat,20,-0.1,0.075,3,True
target/I.mat,20,-0.05,0.025,3,True
target/I.mat,20,-0.05,0.05,3,True
target/I.mat,20,-0.05,0.075,3,True
target/I.mat,20,0,0.025,3,True
target/I.mat,20,0,0.05,3,True
target/I.mat,20,0,0.075,3,True
target/I.mat,20,0.05,0.025,4,True
target/I.mat,20,0.05,0.05,4,True
target/I.mat,20,0.05,0.075,4,True
target/I.mat,20,0.1,0.025,4,True
target/I.mat,20,0.1,0.05,4,True
target/I.mat,20,0.1,0.075,4,True
target/I.mat,40,-0.1,0.025,1,True
target/I.mat,40,-0.1,0.05,1,True
target/I.mat,40,-0.1,0.075,1,True
target/I.mat,40,-0.05,0.025,1,True
target/I.mat,40,-0.05,0.05,1,True
target/I.mat,40,-0.05,0.075,1,True
target/I.mat,40,0,0.025,1,True
target/I.mat,40,0,0.05,1,True
target/I.mat,40,0,0.075,1,True
target/I.mat,40,0.05,0.025,2,True
target/I.mat,40,0.05,0.05,2,True
target/I.mat,40,0.05,0.075,2,True
target/I.mat,40,0.1,0.025,2,True
target/I.mat,40,0.1,0.05,2,True
target/I.mat,40,0.1,0.075,2,True
target/J.mat,10,-0.1,0.025,7,True
target/J.mat,10,-0.1,0.05,7,True
target/J.mat,10,-0.1,0.075,7,True
target/J.mat,10,-0.05,0.025,7,True
target/J.mat,10,-0.05,0.05,7,True
target/J.mat,10,-0.05,0.075,7,True
target/J.mat,10,0,0.025,7,True
target/J.mat,10,0,0.05,7,True
target/J.mat,10,0,0.075,7,True
target/J.mat,10,0.05,0.025,8,True
target/J.mat,10,0.05,0.05,8,True
target/J.mat,10,0.05,0.075,8,True
target/J.mat,10,0.1,0.025,8,True
target/J.mat,10,0.1,0.05,8,True
target/J.mat,10,0.1,0.075,8,True
target/J.mat,20,-0.1,0.025,3,True
target/J.mat,20,-0.1,0.05,3,True
target/J.mat,20,-0.1,0.075,3,True
target/J.mat,20,-0.05,0.025,3,True
target/J.mat,20,-0.05,0.05,3,True
target/J.mat,20,-0.05,0.075,3,True
target/J.mat,20,0,0.025,3,True
target/J.mat,20,0,0.05,3,True
target/J.mat,20,0,0.075,3,True
target/J.mat,20,0.05,0.025,4,True
target/J.mat,20,0.05,0.05,4,True
target/J.mat,20,0.05,0.075,4,True
target/J.mat,20,0.1,0.025,4,True
target/J.mat,20,0.1,0.05,4,True
target/J.mat,20,0.1,0.075,4,True
target/J.mat,40,-0.1,0.025,1,True
target/J.mat,40,-0.1,0.05,1,True
target/J.mat,40,-0.1,0.075,1,True
target/J.mat,40,-0.05,0.025,1,True
target/J.mat,40,-0.05,0.05,1,True
target/J.mat,40,-0.05,0.075,1,True
target/J.mat,40,0,0.025,1,True
target/J.mat,40,0,0.05,1,True
target/J.mat,40,0,0.075,1,True
target/J.mat,40,0.05,0.025,2,True
target/J.mat,40,0.05,0.05,2,True
target/J.mat,40,0.05,0.075,2,True
target/J.mat,40,0.1,0.025,2,True
target/J.mat,40,0.1,0.05,2,True
target/J.mat,40,0.1,0.075,2,True
target/K.mat,10,-0.1,0.025,7,True
target/K.mat,10,-0.1,0.05,7,True
target/K.mat,10,-0.1,0.075,7,True
target/K.mat,10,-0.05,0.025,7,True
target/K.mat,10,-0.05,0.05,7,True
target/K.mat,10,-0.05,0.075,7,True
target/K.mat,10,0,0.025,7,True
target/K.mat,10,0,0.05,7,True
target/K.mat,10,0,0.075,7,True
target/K.mat,10,0.05,0.025,8,True
target/K.mat,10,0.05,0.05,8,True
target/K.mat,10,0.05,0.075,8,True
target/K.mat,10,0.1,0.025,8,True
target/K.mat,10,0.1,0.05,8,True
target/K.mat,10,0.1,0.075,8,True
target/K.mat,20,-0.1,0.025,3,True
target/K.mat,20,-0.1,0.05,3,True
target/K.mat,20,-0.1,0.075,3,True
target/K.mat,20,-0.05,0.025,3,True
target/K.mat,20,-0.05,0.05,3,True
target/K.mat,20,-0.05,0.075,3,True
target/K.mat,20,0,0.025,3,True
target/K.mat,20,0,0.05,3,True
target/K.mat,20,0,0.075,3,True
target/K.mat,20,0.05,0.025,4,True
target/K.mat,20,0.05,0.05,4,True
target/K.mat,20,0.05,0.075,4,True
target/K.mat,20,0.1,0.025,4,True
target/K.mat,20,0.1,0.05,4,True
target/K.mat,20,0.1,0.075,4,True
target/K.mat,40,-0.1,0.025,1,True
target/K.mat,40,-0.1,0.05,1,True
target/K.mat,40,-0.1,0.075,1,True
target/K.mat,40,-0.05,0.025,1,True
target/K.mat,40,-0.05,0.05,1,True
target/K.mat,40,-0.05,0.075,1,True
target/K.mat,40,0,0.025,1,True
target/K.mat,40,0,0.05,1,True
target/K.mat,40,0,0.075,1,True
target/K.mat,40,0.05,0.025,2,True
target/K.mat,40,0.05,0.05,2,True
target/K.mat,40,0.05,0.075,2,True
target/K.mat,40,0.1,0.025,2,True
target/K.mat,40,0.1,0.05,2,True
target/K.mat,40,0.1,0.075,2,True
target/L.mat,10,-0.1,0.025,7,True
target/L.mat,10,-0.1,0.05,7,True
target/L.mat,10,-0.1,0.075,7,True
target/L.mat,10,-0.05,0.025,7,True
target/L.mat,10,-0.05,0.05,7,True
target/L.mat,10,-0.05,0.075,7,True
target/L.mat,10,0,0.025,7,True
target/L.mat,10,0,0.05,7,True
target/L.mat,10,0,0.075,7,True
target/L.mat,10,0.05,0.025,8,True
target/L.mat,10,0.05,0.05,8,True
target/L.mat,10,0.05,0.075,8,True
target/L.mat,10,0.1,0.025,8,True
target/L.mat,10,0.1,0.05,8,True
target/L.mat,10,0.1,0.075,8,True
target/L.mat,20,-0.1,0.025,3,True
target/L.mat,20,-0.1,0.05,3,True
target/L.mat,20,-0.1,0.075,3,True
target/L.mat,20,-0.05,0.025,3,True
target/L.mat,20,-0.05,0.05,3,True
target/L.mat,20,-0.05,0.075,3,True
target/L.mat,20,0,0.025,3,True
target/L.mat,20,0,0.05,3,True
target/L.mat,20,0,0.075,3,True
target/L.mat,20,0.05,0.025,4,True
target/L.mat,20,0.05,0.05,4,True
target/L.mat,20,0.05,0.075,4,True
target/L.mat,20,0.1,0.025,4,True
target/L.mat,20,0.1,0.05,4,True
target/L.mat,20,0.1,0.075,4,True
target/L.mat,40,-0.1,0.025,1,True
target/L.mat,40,-0.1,0.05,1,True
target/L.mat,40,-0.1,0.075,1,True
target/L.mat,40,-0.05,0.025,1,True
target/L.mat,40,-0.05,0.05,1,True
target/L.mat,40,-0.05,0.075,1,True
target/L.mat,40,0,0.025,1,True
target/L.mat,40,0,0.05,1,True
target/L.mat,40,0,0.075,1,True
target/L.mat,40,0.05,0.025,2,True
target/L.mat,40,0.05,0.05,2,True
target/L.mat,40,0.05,0.075,2,True
target/L.mat,40,0.1,0.025,2,True
target/L.mat,40,0.1,0.05,2,True
target/L.mat,40,0.1,0.075,2,True
target/M.mat,10,-0.1,0.025,7,True
target/M.mat,10,-0.1,0.05,7,True
target/M.mat,10,-0.1,0.075,7,True
target/M.mat,10,-0.05,0.025,7,True
target/M.mat,10,-0.05,0.05,7,True
target/M.mat,10,-0.05,0.075,7,True
target/M.mat,10,0,0.025,7,True
target/M.mat,10,0,0.05,7,True
target/M.mat,10,0,0.075,7,True
target/M.mat,10,0.05,0.025,8,True
target/M.mat,10,0.05,0.05,8,True
target/M.mat,10,0.05,0.075,8,True
target/M.mat,10,0.1,0.025,8,True
target/M.mat,10,0.1,0.05,8,True
target/M.mat,10,0.1,0.075,8,True
target/M.mat,20,-0.1,0.025,3,True
target/M.mat,20,-0.1,0.05,3,True
target/M.mat,20,-0.1,0.075,3,True
target/M.mat,20,-0.05,0.025,3,True
target/M.mat,20,-0.05,0.05,3,True
target/M.mat,20,-0.05,0.075,3,True
target/M.mat,20,0,0.025,3,True
target/M.mat,20,0,0.05,3,True
target/M.mat,20,0,0.075,3,True
target/M.mat,20,0.05,0.025,4,True
target/M.mat,20,0.05,0.05,4,True
target/M.mat,20,0.05,0.075,4,True
target/M.mat,20,0.1,0.025,4,True
target/M.mat,20,0.1,0.05,4,True
target/M.mat,20,0.1,0.075,4,True
target/M.mat,40,-0.1,0.025,1,True
target/M.mat,40,-0.1,0.05,1,True
target/M.mat,40,-0.1,0.075,1,True
target/M.mat,40,-0.05,0.025,1,True
target/M.mat,40,-0.05,0.05,1,True
target/M.mat,40,-0.05,0.075,1,True
target/M.mat,40,0,0.025,1,True
target/M.mat,40,0,0.05,1,True
target/M.mat,40,0,0.075,1,True
target/M.mat,40,0.05,0.025,2,True
target/M.mat,40,0.05,0.05,2,True
target/M.mat,40,0.05,0.075,2,True
target/M.mat,40,0.1,0.025,2,True
target/M.mat,40,0.1,0.05,2,True
target/M.mat,40,0.1,0.075,2,True
target/N.mat,10,-0.1,0.025,7,True
target/N.mat,10,-0.1,0.05,7,True
target/N.mat,10,-0.1,0.075,7,True
target/N.mat,10,-0.05,0.025,7,True
target/N.mat,10,-0.05,0.05,7,True
target/N.mat,10,-0.05,0.075,7,True
target/N.mat,10,0,0.025,7,True
target/N.mat,10,0,0.05,7,True
target/N.mat,10,0,0.075,7,True
target/N.mat,10,0.05,0.025,8,True
target/N.mat,10,0.05,0.05,8,True
target/N.mat,10,0.05,0.075,8,True
target/N.mat,10,0.1,0.025,8,True
target/N.mat,10,0.1,0.05,8,True
target/N.mat,10,0.1,0.075,8,True
target/N.mat,20,-0.1,0.025,3,True
target/N.mat,20,-0.1,0.05,3,True
target/N.mat,20,-0.1,0.075,3,True
target/N.mat,20,-0.05,0.025,3,True
target/N.mat,20,-0.05,0.05,3,True
target/N.mat,20,-0.05,0.075,3,True
target/N.mat,20,0,0.025,3,True
target/N.mat,20,0,0.05,3,True
target/N.mat,20,0,0.075,3,True
target/N.mat,20,0.05,0.025,4,True
target/N.mat,20,0.05,0.05,4,True
target/N.mat,20,0.05,0.075,4,True
target/N.mat,20,0.1,0.025,4,True
target/N.mat,20,0.1,0.05,4,True
target/N.mat,20,0.1,0.075,4,True
target/N.mat,40,-0.1,0.025,1,True
target/N.mat,40,-0.1,0.05,1,True
target/N.mat,40,-0.1,0.075,1,True
target/N.mat,40,-0.05,0.025,1,True
target/N.mat,40,-0.05,0.05,1,True
target/N.mat,40,-0.05,0.075,1,True
target/N.mat,40,0,0.025,1,True
target/N.mat,40,0,0.05,1,True
target/N.mat,40,0,0.075,1,True
target/N.mat,40,0.05,0.025,2,True
target/N.mat,40,0.05,0.05,2,True
target/N.mat,40,0.05,0.075,2,True
target/N.mat,40,0.1,0.025,2,True
target/N.mat,40,0.1,0.05,2,True
target/N.mat,40,0.1,0.075,2,True
target/O.mat,10,-0.1,0.025,7,True
target/O.mat,10,-0.1,0.05,7,True
target/O.mat,10,-0.1,0.075,7,True
target/O.mat,10,-0.05,0.025,7,True
target/O.mat,10,-0.05,0.05,7,True
target/O.mat,10,-0.05,0.075,7,True
target/O.mat,10,0,0.025,7,True
target/O.mat,10,0,0.05,7,True
target/O.mat,10,0,0.075,7,True
target/O.mat,10,0.05,0.025,8,True
target/O.mat,10,0.05,0.05,8,True
target/O.mat,10,0.05,0.075,8,True
target/O.mat,10,0.1,0.025,8,True
target/O.mat,10,0.1,0.05,8,True
target/O.mat,10,0.1,0.075,8,True
target/O.mat,20,-0.1,0.025,3,True
target/O.mat,20,-0.1,0.05,3,True
target/O.mat,20,-0.1,0.075,3,True
target/O.mat,20,-0.05,0.025,3,True
target/O.mat,20,-0.05,0.05,3,True
target/O.mat,20,-0.05,0.075,3,True
target/O.mat,20,0,0.025,3,True
target/O.mat,20,0,0.05,3,True
target/O.mat,20,0,0.075,3,True
target/O.mat,20,0.05,0.025,4,True
target/O.mat,20,0.05,0.05,4,True
target/O.mat,20,0.05,0.075,4,True
target/O.mat,20,0.1,0.025,4,True
target/O.mat,20,0.1,0.05,4,True
target/O.mat,20,0.1,0.075,4,True
target/O.mat,40,-0.1,0.025,1,True
target/O.mat,40,-0.1,0.05,1,True
target/O.mat,40,-0.1,0.075,1,True
target/O.mat,40,-0.05,0.025,1,True
target/O.mat,40,-0.05,0.05,1,True
target/O.mat,40,-0.05,0.075,1,True
target/O.mat,40,0,0.025,1,True
target/O.mat,40,0,0.05,1,True
target/O.mat,40,0,0.075,1,True
target/O.mat,40,0.05,0.025,2,True
target/O.mat,40,0.05,0.05,2,True
target/O.mat,40,0.05,0.075,2,True
target/O.mat,40,0.1,0.025,2,True
target/O.mat,40,0.1,0.05,2,True
target/O.mat,40,0.1,0.075,2,True
target/P.mat,10,-0.1,0.025,7,True
target/P.mat,10,-0.1,0.05,7,True
target/P.mat,10,-0.1,0.075,7,True
target/P.mat,10,-0.05,0.025,7,True
target/P.mat,10,-0.05,0.05,7,True
target/P.mat,10,-0.05,0.075,7,True
target/P.mat,10,0,0.025,7,True
target/P.mat,10,0,0.05,7,True
target/P.mat,10,0,0.075,7,True
target/P.mat,10,0.05,0.025,8,True
target/P.mat,10,0.05,0.05,8,True
target/P.mat,10,0.05,0.075,8,True
target/P.mat,10,0.1,0.025,8,True
target/P.mat,10,0.1,0.05,8,True
target/P.mat,10,0.1,0.075,8,True
target/P.mat,20,-0.1,0.025,3,True
target/P.mat,20,-0.1,0.05,3,True
target/P.mat,20,-0.1,0.075,3,True
target/P.mat,20,-0.05,0.025,3,True
target/P.mat,20,-0.05,0.05,3,True
target/P.mat,20,-0.05,0.075,3,True
target/P.mat,20,0,0.025,3,True
target/P.mat,20,0,0.05,3,True
target/P.mat,20,0,0.075,3,True
target/P.mat,20,0.05,0.025,4,True
target/P.mat,20,0.05,0.05,4,True
target/P.mat,20,0.05,0.075,4,True
target/P.mat,20,0.1,0.025,4,True
target/P.mat,20,0.1,0.05,4,True
target/P.mat,20,0.1,0.075,4,True
target/P.mat,40,-0.1,0.025,1,True
target/P.mat,40,-0.1,0.05,1,True
target/P.mat,40,-0.1,0.075,1,True
target/P.mat,40,-0.05,0.025,1,True
target/P.mat,40,-0.05,0.05,1,True
target/P.mat,40,-0.05,0.075,1,True
target/P.mat,40,0,0.025,1,True
target/P.mat,40,0,0.05,1,True
target/P.mat,40,0,0.075,1,True
target/P.mat,40,0.05,0.025,2,True
target/P.mat,40,0.05,0.05,2,True
target/P.mat,40,0.05,0.075,2,True
target/P.mat,40,0.1,0.025,2,True
target/P.mat,40,0.1,0.05,2,True
target/P.mat,40,0.1,0.075,2,True
