file_id,label,split,window_index,start_seconds,end_seconds,actual_revolutions,rpm_used,ac_rms,mean_abs,peak_to_peak,crest_factor,kurtosis_pearson,skewness,env_entropy,env_centroid_order,env_spread_order,env_peak_order,env_harmonic_ratio,env_low_order_ratio,b1500_3000__ftf_hm0.1,b1500_3000__ftf_hm0.2,b1500_3000__ftf_hm0.3,b1500_3000__ftf_fund,b1500_3000__ftf_peak,b1500_3000__bpfo_hm0.1,b1500_3000__bpfo_hm0.2,b1500_3000__bpfo_hm0.3,b1500_3000__bpfo_fund,b1500_3000__bpfo_peak,b1500_3000__bpfi_hm0.1,b1500_3000__bpfi_hm0.2,b1500_3000__bpfi_hm0.3,b1500_3000__bpfi_fund,b1500_3000__bpfi_peak,b1500_3000__bsf_hm0.1,b1500_3000__bsf_hm0.2,b1500_3000__bsf_hm0.3,b1500_3000__bsf_fund,b1500_3000__bsf_peak,b1500_3000__spin_half_hm0.1,b1500_3000__spin_half_hm0.2,b1500_3000__spin_half_hm0.3,b1500_3000__spin_half_fund,b1500_3000__spin_half_peak,b1500_3000__bpfo_contrast,b1500_3000__bpfi_contrast,b1500_3000__bsf_contrast,b1500_3000__spin_half_contrast,b1500_3000__envelope_cv,b1500_3000__envelope_kurtosis,b1500_3000__carrier_ratio
source/12kHz_DE_data/B/0007/B007_0.mat,B,validation,0,0.05,1.052,29.9932,1796,0.137022030640168,0.109295780825312,1.03844778443114,3.85072889364076,2.98451633277493,-0.0344348112627276,0.7418769790016,4.59077706820118,3.43758574786753,3.6,0.202998037851128,0.261244083818951,0.60742930723488,1,1,0.0302238516664316,0.010111244246876,0.194069964326043,0.214085256994563,0.234262808173385,0.167680159357601,0.155292890749615,0.0189737353972468,0.0727733286621482,0.097143666822153,0.0594402809227648,0.0457145361750223,0.0232399495558348,0.0697413666791494,0.111186172737431,0.0588191478089727,0.0411215660419166,0.0600007599269326,0.137343695839377,0.249453728883173,0.0304060002344172,0.0182529338603993,5.77298010408386,2.66048073117672,1.64503052887765,1.10785871923703,0.566367325040787,4.30278800684744,0.43732269885891
source/12kHz_DE_data/B/0007/B007_0.mat,B,validation,1,1.052,2.054,29.9932,1796,0.13921624563346,0.111420386909422,1.12502570858283,4.11152767847502,2.89762940338677,0.00820299077689849,0.780751563656063,4.77272281001164,3.72624380696839,3.6,0.13299157388842,0.284152077857193,0.590456532175836,1,1,0.031202272983242,0.0193475082114704,0.12569327366311,0.147165106146531,0.153141376187918,0.113380099247685,0.0972142951281881,0.0267985713320854,0.0758032711359326,0.096225716313136,0.0569930285447828,0.0342118568036247,0.0157787510964663,0.0451566930326973,0.0745090401940177,0.0281587009015895,0.0181328509827235,0.0419091613263148,0.0953327389881349,0.197194121178494,0.0307342175922011,0.0202240426574604,3.52453526791491,2.16429140222798,0.844269660929123,0.603676448236069,0.555766514213181,3.76113321368832,0.447163701531345
source/12kHz_DE_data/B/0007/B007_0.mat,B,validation,2,2.054,3.056,29.9932,1796,0.138303299064146,0.110218774629154,1.06768610778443,4.18355479813244,2.98010610262745,-0.00346861319364353,0.792271282443969,4.96194151268721,3.86235432616355,3.6,0.153453244904566,0.300079609866555,0.598114890160036,1,1,0.0209963826186043,0.0130341135145903,0.146010588484701,0.167363861534259,0.179165983956749,0.099305697769925,0.0922517515128805,0.0518811307051896,0.105620514793862,0.143389054896288,0.0612035120408254,0.0441233262095756,0.0221247397271534,0.0456165002899783,0.0733599196697062,0.0344622037268494,0.0168835040568341,0.0488749457503085,0.106999105542978,0.179846544166911,0.0312022622389674,0.0129229646369249,2.87260194160049,2.92935707582648,1.04774605097126,0.742440659152677,0.551753604668938,3.96246962301497,0.456145038706527
source/12kHz_DE_data/B/0007/B007_0.mat,B,validation,3,3.056,4.058,29.9932,1796,0.137498514737146,0.110121675311832,1.14565497005988,4.50666766606288,2.95853404322582,-0.027002499868256,0.795018937240618,4.32303796970271,3.53507910213115,2,0.138891326131097,0.377891475694643,0.551316691297587,1,1,0.0255976582104997,0.00819676075648483,0.0940766486321714,0.109961603579607,0.116343948422237,0.0650546401305246,0.0580652962436029,0.0324180498110516,0.0743597946087724,0.10294244340962,0.0441292252178764,0.037081014961534,0.0129583544420087,0.0551401291296491,0.0843181972916029,0.0438716933049502,0.0237734907012683,0.0271140774543031,0.0973912241549049,0.169748856378179,0.0218203968015543,0.0167562955909198,2.45721190129204,1.84533335241892,0.844671332576735,0.570315707481709,0.533479481640932,3.52013398907197,0.442367413178318
source/12kHz_DE_data/B/0007/B007_0.mat,B,validation,4,4.058,5.06,29.9932,1796,0.135714574428945,0.108297605928508,1.03487421157685,4.13805610325617,2.93567358304185,-0.0147087251472517,0.755776385671814,4.50741833211164,3.55447362672564,2,0.133133111715598,0.303440961834999,0.57538123574097,1,1,0.0405442900669067,0.018807053260486,0.125230929453821,0.144550301087281,0.161034754722346,0.0897816100723603,0.0820092410487579,0.0279093389871136,0.0641080947729049,0.109112223506592,0.0393646593675949,0.0348573087018271,0.016496320942609,0.0327653633255693,0.0840565046813558,0.0227195230133746,0.0113820932510214,0.0385466483624992,0.110836739481929,0.210164183321966,0.0503863052432159,0.0364941657636874,2.90283269429036,1.46216664407334,0.368072251962228,0.586622292143402,0.527284984147009,3.7269432610369,0.445949311398974
source/12kHz_DE_data/B/0007/B007_0.mat,B,validation,5,5.06,6.062,29.9932,1796,0.137478143317055,0.109925766922131,1.0896148502994,4.29775503260849,2.93005154085515,0.00103146801239715,0.755643120834621,4.51494880765581,3.81438941545308,2,0.119396705004515,0.351706262096262,0.497592880665824,1,1,0.0623065091966741,0.0380259471760133,0.109836731296936,0.133109565578216,0.150267692208946,0.0847832667194661,0.0731366795921552,0.0141361663293407,0.0537939310878913,0.0855339546819368,0.035275882923205,0.0311793544063693,0.0315137703636857,0.0504068840167251,0.0649283428334896,0.0323195081340134,0.018025016092354,0.0523479328704253,0.133595491811741,0.192675742119567,0.0435099482735698,0.0317481295004037,3.4304262267221,1.53843678875536,0.828940856638404,0.924591772317604,0.527703215352049,3.36736318914775,0.437396202220845
source/12kHz_DE_data/B/0007/B007_0.mat,B,validation,6,6.062,7.064,29.9932,1796,0.138400326942649,0.110606270574469,1.04104674650699,3.81421858000145,2.98754954001585,0.0109185339981076,0.77441699893676,4.48960828888437,3.56393864105956,2.2,0.141819915427867,0.26249396993545,0.408941864717269,1,1,0.0348957686577062,0.0193689742216748,0.0794045485992159,0.101535419709156,0.138002886437932,0.0543623641143513,0.0470834706402771,0.0181687902064165,0.0539464113873648,0.0712907507785338,0.043456172793557,0.0329430152018795,0.0155261170382301,0.0417075903661591,0.066647286342142,0.0316282789941755,0.0217704673192661,0.0533044722468313,0.199447784969947,0.312471805935268,0.111477644530093,0.0830918159436454,2.72466295540211,1.82907639250892,0.720317802942747,1.34180372173985,0.53019377939885,3.17068544010934,0.428610411208477
source/12kHz_DE_data/B/0007/B007_1.mat,B,test,0,0.05,1.066,30.0058666666667,1772,0.139605611132112,0.111170688992802,1.23109584830339,4.55602255342375,3.10199483218827,0.00788830251832881,0.734629831420552,4.77025063397705,3.62601401905515,3.6,0.149663994089605,0.305058058205236,0.572831637496084,1,1,0.0409451290612828,0.0371198799405885,0.14459336582561,0.156549382525961,0.166844093241501,0.0896035001249921,0.0821359482796415,0.0145508753202039,0.0521459273944002,0.134629664822045,0.0369441654997181,0.0325134701527572,0.0151100067955556,0.0301205353158266,0.0451002889057313,0.0182199674654877,0.0100833329725643,0.0353575009662376,0.121514468030689,0.173215908571879,0.032553174217159,0.0209153508683753,3.27138238853535,0.815059869369207,0.426427495140073,0.744854538352429,0.536453313154566,3.45820234341669,0.434889555936182
source/12kHz_DE_data/B/0007/B007_1.mat,B,test,1,1.066,2.082,30.0058666666667,1772,0.135533601771782,0.108480048939782,0.999625788423154,3.88430230091497,2.92146157540086,0.0399189067821829,0.762586359975012,5.05567932413809,3.69794842545477,5.2,0.0995494147912531,0.244746000523663,0.645568558082532,1,1,0.0346018851814399,0.0263035491324704,0.115374363688114,0.136306030349646,0.156214095626957,0.0793786395404993,0.0604801550884181,0.0258670417542698,0.0929271682543097,0.187918550554498,0.0635044741629721,0.0588088316036543,0.0222868533113594,0.0402331168439559,0.0541179893504005,0.0328624789008034,0.0176127433450923,0.0391734798215862,0.0991770072360829,0.16743173754399,0.0195279722783145,0.00738379071148718,2.43133733367921,1.14113902403428,0.564023008528284,0.664150557273318,0.539323794366946,3.01668691155936,0.440453973666505
source/12kHz_DE_data/B/0007/B007_1.mat,B,test,2,2.082,3.098,30.0058666666667,1772,0.138579673196858,0.110532296211456,1.25107536926148,4.78717981223059,3.01326139761172,0.0242582485604008,0.75764494652909,5.27999764096344,3.53728257256433,5.2,0.123213791504659,0.237033043042566,0.582286894936826,1,1,0.0334603979555249,0.0197309662028553,0.122020251615188,0.17888912831738,0.196515102258886,0.0986349016639289,0.0728914006748566,0.0375420415303373,0.0909667295712506,0.224076064845144,0.0725204855869431,0.0434497109153879,0.0250332716965396,0.0594842532528201,0.0777995599086126,0.0451176504084741,0.027106683317886,0.0540489703470717,0.13106417788447,0.167210480386514,0.0113705074160103,0.00718967213048095,3.82261222066382,1.03681259819694,0.674362172669413,0.841695735571969,0.517029583192362,3.11992768865078,0.435109798959206
source/12kHz_DE_data/B/0007/B007_1.mat,B,test,3,3.098,4.114,30.0058666666667,1772,0.13998329659572,0.111978199878846,1.03000115768463,3.69638265727247,2.96780935131584,0.0130182246592772,0.726406363945091,5.14432170074338,3.70482780538009,2.6,0.16175298100554,0.259483638095833,0.506217218466252,1,1,0.0239872183629992,0.0157859121549441,0.126348401965641,0.150998839540856,0.182541892723566,0.059567610649074,0.0533980234734985,0.0367077251523366,0.0564640940980146,0.104220380606646,0.0241725188913462,0.0160618180366175,0.0154208621094133,0.0409269557617822,0.0728342704462379,0.0310934201573693,0.0189718252767018,0.0515512855937751,0.138565804961859,0.288950000280916,0.0337619793242137,0.0150496986146421,2.82851931133091,1.58629899285707,0.803452953061427,0.740265309864091,0.548610570462649,4.06504496988441,0.430717972218971
source/12kHz_DE_data/B/0007/B007_1.mat,B,test,4,4.114,5.13,30.0058666666667,1772,0.139737371690032,0.111842106983486,1.0399097005988,3.94342966716648,2.95228218202414,-0.00131403739041042,0.764467233299333,5.44400666076391,3.79030540774042,5.2,0.0933474719404665,0.221321769293761,0.589016939881704,1,1,0.0434344685001031,0.0232885147567554,0.109273956449764,0.134343884559375,0.154329007064601,0.0649306063219298,0.0464261690130052,0.0233880973192846,0.0405508474076634,0.137702677452444,0.0184289778110167,0.0129636740583066,0.0103469881625035,0.0390767520473064,0.0557447539744945,0.0299550269329151,0.0255328381433054,0.0344823042770446,0.105609548950332,0.171995150863452,0.0187660525419652,0.0141259845333552,1.56088594876839,0.53249172245289,0.576085853548372,0.690036245746765,0.535482836826148,3.92238117968303,0.436352246862906
source/12kHz_DE_data/B/0007/B007_1.mat,B,test,5,5.13,6.146,30.0058666666667,1772,0.140135265032241,0.112371427077854,1.06671149700599,3.8677717174311,2.93477830147172,0.00443924074799785,0.767941782613743,5.50109620225143,3.80127160931298,2,0.200363650384698,0.208443226281764,0.627376870068336,1,1,0.0145535925812175,0.00572332108703355,0.109620065454998,0.124882668360769,0.142869789528094,0.0601831292780761,0.0559566030324058,0.0336911845860809,0.0634787468321283,0.163493183180991,0.0392161225446611,0.0222827550169319,0.01486555181701,0.0556125855471098,0.0716552404524369,0.0396226790913056,0.0356396260431155,0.0614201204768476,0.138439479595136,0.211340737830757,0.0327704580332051,0.0124472507768043,1.85098611783552,0.812283191794346,0.711491306379851,0.735028409962301,0.520984489453844,3.31916521447144,0.430201448108371
source/12kHz_DE_data/B/0007/B007_1.mat,B,test,6,6.146,7.162,30.0058666666667,1772,0.138698499678177,0.110963943330943,1.0775946506986,4.08172370838105,2.98752104806922,-0.0169491667863001,0.731486180069269,4.93507974866593,3.75932908910645,2,0.226103886317522,0.309391501084916,0.634863174689964,1,1,0.037407130946095,0.0275897564755574,0.153989132536998,0.189819031065923,0.203540346389306,0.121880373941136,0.10420166979705,0.0144648117937417,0.0534115110635284,0.0905099058045509,0.0372042067211547,0.0317632614216595,0.0192413299900836,0.0337726751266195,0.0569834718005673,0.0224748269697547,0.0122119161529774,0.0389956452462955,0.0955929516717838,0.181373629652685,0.00735955021204113,0.00299638721310923,2.79227325987939,1.38277640915604,0.930367083417567,0.534060653456032,0.540089672092129,3.2080863642193,0.432585107022248
source/12kHz_DE_data/B/0007/B007_2.mat,B,train,0,0.05,1.0795,29.9927666666667,1748,0.147783752953339,0.119566097047976,1.08457936127745,3.70472623734628,2.76736336733843,0.0234087488624455,0.813263658404665,6.36703428150686,4.55603404945844,2,0.184679969573282,0.225587233834854,0.543946136917542,1,1,0.0282858866899075,0.0136712868559801,0.0934596266902038,0.141250867103311,0.182349489143551,0.022150065644178,0.0162246687151766,0.0335973615290846,0.0449981881768995,0.103836418148136,0.0168653282428445,0.0109546576170802,0.0141639515672323,0.0741728804337696,0.101556968911687,0.0537550346259102,0.0434696102347486,0.0519652602402382,0.191996167350357,0.269781987348589,0.0175076241092024,0.00625386356846028,2.43605486753161,0.786444934807291,1.21681527039716,1.17398891740308,0.525278777156928,3.11006400123981,0.378843038850116
source/12kHz_DE_data/B/0007/B007_2.mat,B,train,1,1.0795,2.109,29.9927666666667,1748,0.151222224220625,0.12128171693733,1.03747317365269,3.47960121483639,2.82290191209114,0.0333068645146643,0.791606031537665,5.82831605208346,4.2942492636808,2,0.216591927618257,0.285561857205951,0.621293549614501,1,1,0.0280415801053176,0.0231668048518376,0.0880061027092068,0.13584424833388,0.166638215025734,0.0334816274618246,0.0290571116447365,0.0235134097901817,0.0564639550774222,0.127973428991764,0.0286730549402056,0.0215960594043831,0.00849548652207288,0.049074263116987,0.0624285961989558,0.0328527319520509,0.0247460844396939,0.0580601987796937,0.142534157529773,0.189228813740819,0.0170109295041368,0.00811096237385367,1.68022068247934,0.779516073855392,0.875665208983094,0.856566757879124,0.52723396139924,3.15245465876232,0.370656716490977
source/12kHz_DE_data/B/0007/B007_2.mat,B,train,2,2.109,3.1385,29.9927666666667,1748,0.147785133333432,0.118456486484002,1.13493425149701,4.05911269260495,2.89196326877872,0.0327752453556446,0.765525318990487,5.30864253058725,4.33629900574376,2,0.244993200990036,0.363205362984427,0.615625761945542,1,1,0.0524040966132536,0.0407442596608385,0.0535902217535933,0.0939349399058497,0.121901170768066,0.0152144100687211,0.0101044230922923,0.0149290209228393,0.0341119784475793,0.109362036686796,0.0109054631570902,0.00894769144668317,0.0108162922578514,0.0516031684331772,0.0716809272302301,0.0344119826352348,0.0279442851948686,0.0459394254373561,0.131388365936581,0.176469554620151,0.0248601254898409,0.011240667651624,1.27740388227887,0.482829060351407,0.995602885027422,0.761137985450689,0.5439564525412,3.40602087008099,0.383381740899811
source/12kHz_DE_data/B/0007/B007_2.mat,B,train,3,3.1385,4.168,29.9927666666667,1748,0.146662462312787,0.117269667956515,1.08149309381238,3.73127896960763,2.87494955671078,0.0322979229562924,0.791872427356548,5.54851432398421,4.0588994541065,2,0.185577034027305,0.260685144512344,0.585409381373132,1,1,0.0172104600372002,0.0140414797323439,0.0747718764668235,0.097837717370449,0.14042104732746,0.0253377908918345,0.0189868969930199,0.0252949141149469,0.0489006836266642,0.133665582148162,0.0232813894142809,0.0187191050665209,0.00694937588908531,0.0493198932681488,0.0782297093954021,0.0334957202463899,0.031882877609061,0.0415659823140402,0.122431540957929,0.182077748359697,0.0341077632483558,0.0221895473507152,1.17146800411068,0.588180837469692,0.695348657162964,0.680699613485733,0.560037014949708,3.233812901795,0.381382802100574
source/12kHz_DE_data/B/0007/B007_2.mat,B,train,4,4.168,5.1975,29.9927666666667,1748,0.148822225240135,0.119385098099361,1.03260011976048,3.56815605630415,2.872965038192,0.0518370705409216,0.788602823587913,5.38054278895284,3.88743414311724,5.2,0.117224228020291,0.234202875783256,0.586745252259364,1,1,0.0234625775113848,0.0148512008083537,0.0634801196888276,0.105745515587566,0.138558401230478,0.0485689557918159,0.0241519270914183,0.0166429891448999,0.0445670042743659,0.157191099733021,0.0274331010652228,0.0247313877954749,0.00854732913713111,0.0573155615830257,0.0919479495442496,0.0424953080067607,0.0364741557405834,0.0330988151686615,0.129392449501879,0.187547292218734,0.0282491990394977,0.0142961155745218,1.58385221418902,0.445179484822372,0.600977032144896,0.749473106170526,0.558024997623802,3.70821965545281,0.387785892182934
source/12kHz_DE_data/B/0007/B007_2.mat,B,train,5,5.1975,6.227,29.9927666666667,1748,0.145428005849412,0.117039689201851,1.08181796407186,3.87477397910554,2.81752964090298,0.0345809046693722,0.77036521514174,5.20400645089814,3.9140342175083,5.2,0.118509504942857,0.241003694552348,0.630201912888322,1,1,0.0176725616265003,0.0129615533123855,0.0591075777138098,0.079052038486306,0.114931581028206,0.029496102353306,0.0176123141494594,0.0207915858555186,0.0520331937755231,0.161706429001033,0.032229383548504,0.0272879590328609,0.0232540814809476,0.0610398302739771,0.0790178162091868,0.0416324018294971,0.0272938581575141,0.0534590858726562,0.137399351888755,0.199513260170429,0.0372450570030032,0.0211343075872681,1.07710753547489,0.611178891821424,0.720055989425911,0.721168321765222,0.553726824902774,3.49508837352401,0.398403966973156
source/12kHz_DE_data/B/0007/B007_2.mat,B,train,6,6.227,7.2565,29.9927666666667,1748,0.145840213871251,0.11703237201894,1.10407157684631,3.83281749920391,2.91874712921272,0.0308406854410325,0.770014184089233,5.44037251993615,3.85912173623634,5.2,0.111623840132576,0.218452051607596,0.612944014261462,1,1,0.041066003378421,0.0356298313411372,0.0695093882267657,0.0951878152369062,0.136258000438873,0.0223004234897138,0.0130358332972551,0.0341564348654326,0.0715767875848669,0.172528484344038,0.0386186528223393,0.0336228141424232,0.0297612527945745,0.0627414449298222,0.0846599880484355,0.0357376783770995,0.0180435703550106,0.051282296537059,0.130713695875291,0.210942645356616,0.0221201724847857,0.00933497351781302,1.02483480501089,0.824697892267497,0.704605591432223,0.706909900395331,0.558196907509894,3.36201009824787,0.391134968482936
source/12kHz_DE_data/B/0007/B007_3.mat,B,train,0,0.05,1.0955,30.00585,1722,0.154036271182739,0.123923380737979,1.16888319361277,3.98277887189238,2.87722373294836,0.0114255613957437,0.774635350424326,6.65167802776333,4.55479084806852,2,0.130485534969794,0.190475667656338,0.598264593305213,1,1,0.0200064154242542,0.0144514540587824,0.180365076236473,0.208886508431,0.247453842383266,0.0403500602667868,0.0208349476030589,0.124918945496561,0.160853886773358,0.202396485492202,0.0547167941466669,0.0274418217899597,0.00994599482756454,0.0545332867787207,0.0736012181480416,0.0352379056350321,0.0283418837789743,0.0220273950459555,0.147823314854637,0.190070849054019,0.0153777076177892,0.0127330211186404,2.91322919564709,3.7933795902168,0.712586377147829,0.914125829818376,0.516341331034065,3.13817200111482,0.403884125531731
source/12kHz_DE_data/B/0007/B007_3.mat,B,train,1,1.0955,2.141,30.00585,1722,0.154955860762851,0.124945035690945,1.04315840319361,3.51567100834443,2.76393319048575,0.0223176113408137,0.759371432739211,5.95281534432086,4.48445071804298,2,0.233900539902375,0.295227465618677,0.630853587949681,1,1,0.0158245058795999,0.00845679902165044,0.16897460519067,0.18974536442657,0.197904978898089,0.0483351712144635,0.0363433403519726,0.0711669320023424,0.0906919969029731,0.114547783574167,0.0319789375726357,0.0168113783649182,0.0197032111010306,0.071364786297303,0.104352836716174,0.045649958061016,0.0378995026089345,0.0553564235290037,0.180478110363746,0.261463197397783,0.0277695556289801,0.0220237203463553,4.76290923077283,2.66925494067318,1.83644111801591,0.936185088480074,0.514565410882258,2.89216994868717,0.39312778780739
source/12kHz_DE_data/B/0007/B007_3.mat,B,train,2,2.141,3.1865,30.00585,1722,0.154619389007793,0.124046205159371,1.17343137724551,3.81634053940394,2.90604937671685,0.0247719651508424,0.75145252538714,6.03506591259879,4.35956575069636,2,0.189790982597752,0.244844728747466,0.625316775077684,1,1,0.0256437197450779,0.0163057024683684,0.210891511690917,0.231775992384007,0.246696177697189,0.0717126894449594,0.0640670737586883,0.0843465935945674,0.119095204669365,0.14051888959805,0.0468513643860504,0.0304684195732133,0.0347821160225201,0.081779454823841,0.100129367386841,0.0572783091234493,0.0392134424134063,0.0543117480251975,0.184484175430343,0.273234021705095,0.0117566580934175,0.00533279918319897,6.30859159715534,3.65619899801122,2.36755202891326,1.07713007826814,0.510720505307791,3.34196905878057,0.400551612837903
source/12kHz_DE_data/B/0007/B007_3.mat,B,train,3,3.1865,4.232,30.00585,1722,0.156331476683723,0.125339917202364,1.20900467065868,4.02948337049548,2.86357098605895,0.00554510758060735,0.778447776674684,5.93982860545075,4.56397156899933,2,0.214693618915162,0.298461206245848,0.613164702428395,1,1,0.0253094066606392,0.0134026482681131,0.147075668713059,0.190238237551597,0.206588524045572,0.0261310333392606,0.0149238123057717,0.0629467155527473,0.103604913715179,0.129835230830895,0.0490470970061667,0.0367297214271656,0.0217638802184603,0.0436905103658778,0.0876513968390863,0.030035479960326,0.0179476416051476,0.058908870558407,0.16261887962459,0.26412901166519,0.03262296631783,0.0144826229407132,4.40471517659988,2.7146191117061,0.837942583417542,0.85166299546674,0.515210224638543,3.15356767689903,0.407516677644342
source/12kHz_DE_data/B/0007/B007_3.mat,B,train,4,4.232,5.2775,30.00585,1722,0.157621979428295,0.126640090245917,1.12973632734531,3.66261706658126,2.82383966028738,0.00633720332311585,0.84042252389142,6.21471925426546,4.54813001724096,2,0.166387048931937,0.240324527978552,0.595250711742783,1,1,0.0329919764996836,0.0169596186292088,0.127910547145211,0.14899525319824,0.171480041950846,0.0515733535061948,0.036230752004449,0.0437720796835816,0.0921413262958722,0.121557462970398,0.0466403804723479,0.0196169210227504,0.0307577446501082,0.0738456131726164,0.128877751160846,0.0542346690077003,0.0259831892818717,0.0751383553028108,0.162515724194131,0.269747836254854,0.0193078706880163,0.00857388907811562,2.62534066158054,2.23369083199796,1.11129992269713,0.864206599658693,0.512298793852955,3.27154642779213,0.39974491623868
source/12kHz_DE_data/B/0007/B007_3.mat,B,train,5,5.2775,6.323,30.00585,1722,0.153358713418964,0.122130473717715,1.39206906187625,4.72794611319133,3.11065689099617,0.0213469527957632,0.799382432292141,5.56735984389291,4.71683248809958,2,0.158261499182273,0.33076349850101,0.660454398779573,1,1,0.0885636584484218,0.0713329776134262,0.108541217319255,0.120771471205321,0.145887902462934,0.0447629955972506,0.0387932031615993,0.0405348448821866,0.0699385102445422,0.110282895201855,0.0310197655083687,0.0205430552421616,0.0484990806262724,0.0959277834261901,0.132004584317912,0.0588812191217594,0.0259023396538271,0.0673639372782195,0.147235506365844,0.229134773542606,0.0142143798874003,0.00464492456196929,2.11088100907125,2.14044140027874,1.79425657269583,0.890829186374529,0.547970775129991,3.5310913385728,0.399831027371949
source/12kHz_DE_data/B/0007/B007_3.mat,B,train,6,6.323,7.3685,30.00585,1722,0.150464979127106,0.119870448627502,1.13720834331337,3.88792214154457,3.00521741877805,0.0248086687688481,0.835500301086454,5.76741569171009,4.48466429404413,2,0.208966539895294,0.24341617788176,0.550531945711901,1,1,0.0434483150526747,0.0303619673230314,0.0901003074807047,0.119665612089533,0.179736186120249,0.040853359782298,0.0319199779498395,0.0454277766217395,0.0734388271307939,0.118812756159421,0.0400068994181456,0.0151327847809613,0.0161701359057935,0.051979569579948,0.0783811273829469,0.0412551013383577,0.0207573863892609,0.0536145822660551,0.1511092270175,0.215280308211898,0.0469336659053676,0.0198302222125189,1.56409614423728,1.44179743757506,0.813287856461096,0.839462280429775,0.543147620990758,4.02620737333514,0.414852411059547
source/12kHz_DE_data/B/0014/B014_0.mat,B,train,0,0.05,1.052,29.9932,1796,0.183479899948383,0.120368181795048,3.53653764471058,10.0372858623252,14.5787008617947,-0.0493920980997341,0.775503137557209,3.38758355235732,3.19657932061724,1.4,0.18431841825597,0.45710275721618,0.437906352476309,1,1,0.163943693588785,0.0678271230777771,0.0670853826405446,0.141224016252517,0.196826014857998,0.119671783238582,0.0451759095494397,0.00916875266355705,0.0142190801085199,0.0237680070435242,0.0095571387029397,0.00578241610565552,0.0435893729914784,0.0671134250956776,0.077528057733436,0.058621658492326,0.0357686363638779,0.0660230527078823,0.114073887199358,0.139375142009747,0.0300195787214313,0.011070854213149,2.17250978452498,0.447841739323812,2.07044677310978,1.61838335855149,1.1422459844223,37.4352246354265,0.474256176418111
source/12kHz_DE_data/B/0014/B014_0.mat,B,train,1,1.052,2.054,29.9932,1796,0.131596617232984,0.0893923856611461,2.89638079840319,11.1948021016686,15.5721181045904,0.0877384817630336,0.762063908855451,3.19463849308552,3.08005784242644,1.8,0.198176385238446,0.452971665243113,0.427722209377923,1,1,0.168780349513353,0.115943352654445,0.0385496762446465,0.0857977291193732,0.11340372256234,0.0758037184476201,0.0299373412361814,0.0104608040829139,0.0246779875412126,0.0414113756383975,0.0204609782535302,0.00658943725368476,0.0202186132705407,0.0604330750594512,0.0791555652521972,0.0537575116444528,0.0194692989809378,0.053322309976804,0.149668923792499,0.202840846761736,0.0790299719623604,0.0448481014859254,1.53823944251071,0.803571757811434,1.91602145373053,1.19723364602067,0.983067394683254,20.3722309104503,0.453002201423449
source/12kHz_DE_data/B/0014/B014_0.mat,B,train,2,2.054,3.056,29.9932,1796,0.13874967334831,0.089608396131498,4.22461285429142,16.2597601049564,34.0675501543555,0.642660195795528,0.749750147815677,2.79489360625057,2.95768892128384,2,0.13652222952834,0.537395103877536,0.431922163610896,1,1,0.202443121525758,0.0739220333503657,0.0105951923333209,0.0279902558335789,0.0374989312216359,0.0138552644722836,0.00778022894734411,0.00577916376989014,0.0181753726296252,0.0357505634639156,0.0143075077465825,0.00534529833500908,0.0309764582893928,0.0691645542195072,0.0930404054252291,0.0568256558680077,0.0161967227778455,0.0609446017508673,0.135169615234598,0.19594060272466,0.05515406853125,0.0242114407865428,0.735418817469755,0.662193627358111,1.26130049143843,0.939770344186186,1.24550841949379,53.8156825464393,0.474325035526135
source/12kHz_DE_data/B/0014/B014_0.mat,B,train,3,3.056,4.058,29.9932,1796,0.0943433206757142,0.0707563635173561,1.34788670658683,7.8311587143661,6.33870282626945,-0.0275537457565844,0.823607738889885,4.44603684050864,3.92643232983722,1,0.331509296794682,0.359097265288552,0.426770654074085,1,1,0.0437447236208147,0.0191193850825863,0.0317280290971893,0.0468599926870094,0.11557631850762,0.0141945818400787,0.00929571636424519,0.0212002348379502,0.0330459509485284,0.0497552500192463,0.0199417630846543,0.00753050195316098,0.0240788436948407,0.0485874051531332,0.0912342207451555,0.0304754399139827,0.0146304433408112,0.0569426904252741,0.109861941032275,0.179629635512364,0.0421962258672709,0.0157905586838859,0.483133941197283,0.729464576589036,0.690872020121864,0.773620325143339,0.713343468365143,13.2971030141342,0.393411297587637
source/12kHz_DE_data/B/0014/B014_0.mat,B,train,4,4.058,5.06,29.9932,1796,0.0949694067825222,0.0716725268195286,2.13488491017964,11.5290198715465,10.1468122195822,0.0576789019060254,0.826146096282852,4.38334092822883,4.01926019933798,3.4,0.0902457873376337,0.326500943172064,0.485922643791394,1,1,0.109300965168859,0.0637926682383494,0.0584980139874667,0.125663872312925,0.142706612347606,0.0867551660424127,0.0417535312194486,0.0167298042158881,0.0332807184462134,0.047133260204665,0.0238172882364297,0.00830859790793413,0.0293551386846015,0.0435163086654859,0.0900200832320081,0.015496182302616,0.0108649991045587,0.116795280576798,0.201555533945104,0.270343947844712,0.115376378338822,0.0410677526343664,2.23699784621155,1.22829468340349,0.841770176235073,1.93784733201493,0.687418087107684,18.911987492826,0.383987538056455
source/12kHz_DE_data/B/0014/B014_0.mat,B,train,5,5.06,6.062,29.9932,1796,0.149130422389921,0.0947549430167515,3.97836119760479,15.2478480481955,25.7983320361967,0.549683821577113,0.793908009863307,3.59779759543817,3.48060030540798,1.2,0.260188893182789,0.449802282726357,0.502160957295238,1,1,0.0943554375686923,0.0563659209040331,0.031386576284757,0.0903220852063275,0.12012973150896,0.0584303147905436,0.0282424905060006,0.0180665642378722,0.0353707910804595,0.0449669067926071,0.0325455365589456,0.0127390601325756,0.0156179343691442,0.0363460425977541,0.0736542646184092,0.028805697183881,0.0130028788643594,0.0594468087076722,0.10872057916986,0.168546572582751,0.0322024138995892,0.0100993602118649,1.37066913780366,1.09855124915757,1.09107252276755,1.03690579205695,1.19876074683074,48.644214685238,0.428500974938368
source/12kHz_DE_data/B/0014/B014_0.mat,B,train,6,6.062,7.064,29.9932,1796,0.164542789018665,0.109981475199533,2.73849385229541,8.35072894646133,10.5929907135894,0.0886264821242671,0.722294316978151,2.7060277422399,3.09394010018482,1.4,0.113261713249206,0.572458559807356,0.5027630123604,1,1,0.251014634581179,0.141543496352266,0.0119694073667135,0.0417479091399523,0.0527056917702227,0.0254985250310754,0.0136371232466166,0.00635299605888824,0.0134330587730581,0.0155214989893341,0.0102518076678374,0.00492367249239058,0.0454524594244571,0.0691895487039201,0.115436895698146,0.059442561976748,0.0276363422092696,0.0710824069575425,0.124014313471068,0.194846411058686,0.042003958603663,0.0154246196922437,0.917636422942702,0.65374781052456,1.26105707109252,1.22006949298532,0.995809170483795,15.4215600087655,0.464250586635137
source/12kHz_DE_data/B/0014/B014_1.mat,B,train,0,0.05,1.066,30.0058666666667,1772,0.147023641332564,0.102707612763486,2.51238415169661,8.74868957515519,8.83356765500895,-0.00646404148916859,0.776211801993804,3.77807831792785,3.25728025313496,1.2,0.23883111266333,0.418445814691683,0.489047875865953,1,1,0.0781585099523294,0.0396181284969654,0.0423908199072615,0.0571582411037807,0.0859925669370492,0.0432793185078075,0.0357760172989792,0.0165002804347202,0.0317772986541217,0.0389941390322901,0.0271085000022485,0.0145386127408523,0.0413613271912197,0.0651354992315271,0.0912896066430653,0.0411371872369743,0.0208174016078936,0.0628456909206879,0.100495933121613,0.137674772256856,0.0229608583758873,0.0127184867649543,0.794979984131008,0.909961217912371,1.02073395747082,0.843400365107675,0.945386420439659,12.0178262231977,0.470092894876617
source/12kHz_DE_data/B/0014/B014_1.mat,B,train,1,1.066,2.082,30.0058666666667,1772,0.170406160089194,0.114888812857604,2.48964323353293,7.6779347606492,8.82110143614353,-0.0238357889287085,0.733121547097698,3.14968240451716,2.95699413494444,1.4,0.172260369282655,0.513620255350182,0.499362856578658,1,1,0.114367460408874,0.0559173854871027,0.0206346304752511,0.0454106675814013,0.0620645930218174,0.0342618107866884,0.018286479468872,0.00634982984743326,0.0138584223785539,0.0275435650757583,0.00872559143571286,0.00407315348470228,0.0539064981081769,0.0891515384974555,0.106540784240589,0.0793857230806046,0.0357555824740856,0.0592403366810947,0.114601845386585,0.171741834459459,0.0142615052607217,0.00761058747868488,0.919458792242098,0.580939354949352,1.47999329323907,0.927546974102045,0.999044521903442,11.0820330204118,0.407324775243652
source/12kHz_DE_data/B/0014/B014_1.mat,B,train,2,2.082,3.098,30.0058666666667,1772,0.12337269705906,0.0898850599368564,1.67909193612774,6.9765109964181,6.3893441034035,0.0449603493543183,0.796142191158996,4.17741795671846,3.38094696929279,2,0.143078086988921,0.335648346627033,0.515432390339836,1,1,0.0881173181644704,0.033838466749576,0.0140753371123689,0.0507578472662026,0.0841350311294177,0.0194114186508119,0.0139799119029681,0.0284173640826297,0.0398508825346845,0.0581713336484543,0.033978781104574,0.0145818819869656,0.0566358850270187,0.128713042555579,0.174616647368011,0.109724845188922,0.0512487889651914,0.102769508937107,0.18714067853709,0.252533639307583,0.0380109623585334,0.0209773233829586,0.762847739214453,1.29493312134241,1.83300151359892,1.2213807603212,0.758686306005716,7.80850340216052,0.42065931778007
source/12kHz_DE_data/B/0014/B014_1.mat,B,train,3,3.098,4.114,30.0058666666667,1772,0.138287050570378,0.0984302012706687,2.02264223552894,7.55395543600667,7.14163976838041,0.0893661821342022,0.819524658407495,4.38387540130314,3.6776405791496,3.9,0.101387495939379,0.344675470927256,0.57392534184499,1,1,0.11949610255207,0.0547153806904024,0.0704149589485496,0.117013834845521,0.162242399321903,0.0680893752117852,0.034507339960933,0.0208683154215582,0.0337807344018037,0.0454952042571504,0.0180698132774421,0.0101555999834642,0.0253643288967073,0.0477508831736304,0.065892166265444,0.0359548935727889,0.0191335826339554,0.0681328458171209,0.109380993053561,0.137045348377571,0.0187871237054239,0.00958344172143715,1.22338431592257,1.11611649865979,1.17938341915225,0.94067431547958,0.906048535221215,12.1926412846401,0.454256944912097
source/12kHz_DE_data/B/0014/B014_1.mat,B,train,4,4.114,5.13,30.0058666666667,1772,0.161665850681504,0.110785171682735,2.59620067864271,8.259491417996,9.4515046940621,0.0376360935667135,0.754854422101077,3.72265592671252,3.18168694552334,1.2,0.263066967042812,0.395652084035184,0.439521136940233,1,1,0.0367885927242259,0.0158450302599194,0.0235599942540065,0.0841840390376796,0.101031896286232,0.0615831457487966,0.0506571958008178,0.0165990331736185,0.0274962392302756,0.0479537524796,0.0240554814265794,0.0142905284224417,0.039727417290846,0.0700571392516274,0.103864498052731,0.0501247636950997,0.0231080698919827,0.0579705803341717,0.125808245480701,0.192928931404292,0.0373936714714173,0.0175426909539617,1.76683188353001,0.725292689980387,1.03728622954894,1.13364791827092,0.93576905825862,11.0108960448724,0.449173575410434
source/12kHz_DE_data/B/0014/B014_1.mat,B,train,5,5.13,6.146,30.0058666666667,1772,0.130360874181663,0.090813375189002,1.9394754491018,7.94296918914731,8.57141753113586,0.0322684493082291,0.750667997729675,3.77276725749643,3.32087767596529,1.2,0.229825464094968,0.413841289385205,0.577029995837954,1,1,0.0848534703531175,0.0719476991800169,0.00930306987177031,0.0551917859786771,0.0899783614228424,0.0431083159947189,0.0368544799101462,0.0287230076597301,0.0371569879425728,0.0565688208372382,0.0317819568310055,0.0175918953315535,0.0326944618103393,0.111357379736534,0.131417775753448,0.0948932561903842,0.0496993857577352,0.0566093093514464,0.150562762561299,0.199560883187611,0.0262602519023402,0.0154468274589029,1.44468971155519,1.15260601208628,1.5469286125119,1.0670936397186,0.925975182542475,13.3669280500359,0.386218634365998
source/12kHz_DE_data/B/0014/B014_1.mat,B,train,6,6.146,7.162,30.0058666666667,1772,0.129044463387125,0.0912230932453986,1.87482626746507,7.28924313737946,8.79686289527437,-0.0345909918878481,0.791174183368959,3.73941919644715,3.70840901523607,2,0.127886740553832,0.48753032620317,0.506293422276926,1,1,0.0836029780142087,0.0347698818713025,0.0298562732835416,0.0464747438357348,0.0786810765956,0.0284244537301224,0.0148809990396369,0.0101075335957429,0.020896258108416,0.0297059546525653,0.0124113105401508,0.00643375351481409,0.017494641886756,0.0492006452679172,0.0766930390238555,0.0338612003802571,0.0195811445573198,0.0293503425931611,0.0749048375597132,0.130382945126465,0.0140007474030225,0.00889000881517364,0.808996482010801,0.639314327128045,0.912914288998801,0.567709618553384,0.907833229798262,14.476855672296,0.441480209044121
source/12kHz_DE_data/B/0014/B014_2.mat,B,train,0,0.05,1.079,29.99535,1749,0.146512095593354,0.0982343310526866,3.122490499002,12.5195183513064,16.4935139949585,0.374796373779786,0.746770480884097,2.89194594575389,3.02494054714162,1.2,0.217091636673779,0.531002631717835,0.648245397972915,1,1,0.203892025585594,0.145234166101635,0.0168325463117464,0.0515715126580233,0.0795838163347567,0.0401832250149565,0.0205412462811088,0.00740707309469933,0.0187888996110713,0.0423184631792226,0.0169429154279466,0.00609726644879605,0.027479936894544,0.059348718785441,0.0801790433509048,0.0505351417093542,0.0189550602696212,0.0503799210553921,0.102289953570204,0.150984250884556,0.0329396645778058,0.0138995043357421,0.992464617538885,0.579553264148788,1.39727828581197,0.954598929550944,1.16290363830745,54.1886298623568,0.488632430258339
source/12kHz_DE_data/B/0014/B014_2.mat,B,train,1,1.079,2.108,29.99535,1749,0.154579583528535,0.110166054539174,2.79745780439122,9.52154625801859,8.4102396602345,0.0367931175574506,0.760534694256158,3.74924168588609,4.10188410337935,1.2,0.273752936421439,0.538227231489377,0.545392626213142,1,1,0.0790874832036617,0.0638331461994909,0.0291347028188372,0.0590771915669556,0.0733724311018595,0.0300217319667178,0.0123283210885255,0.0259429692762892,0.0369124687466184,0.0493803617565845,0.0216421728073572,0.0107946470556066,0.0163421105778805,0.0417431556715004,0.050509121613361,0.0252796779686612,0.0116200353778139,0.065525105835608,0.113058202914243,0.135669259715606,0.0493246890273877,0.0215094296433278,1.12163190027453,1.2010919509387,1.77731669302855,1.56147546533232,0.947575287403454,25.2594532539313,0.463377446694746
source/12kHz_DE_data/B/0014/B014_2.mat,B,train,2,2.108,3.137,29.99535,1749,0.172538357981542,0.119685760564013,2.73313349301397,8.99966496177336,8.78934785442416,0.0947037865604441,0.740022917403437,2.82277560708428,2.84341837756407,1.2,0.262635787203898,0.564922891360661,0.608060195279083,1,1,0.139986085844671,0.0597111055867053,0.0215674727281352,0.0337406223270186,0.0627579430130677,0.0188868191875891,0.00668741023241232,0.00885108606066776,0.0193381523914019,0.027057610031705,0.0147340300242653,0.0063183779869658,0.0302696143701541,0.0486291675593234,0.0678383347640875,0.0434557864675582,0.0173656482226877,0.0481842609810851,0.101766452073449,0.138750273346373,0.0376988784938671,0.021290277099979,0.614013820546228,0.750156986666435,1.69980764961344,0.830048163062518,1.01204879767593,15.319481936425,0.514749956843489
source/12kHz_DE_data/B/0014/B014_2.mat,B,train,3,3.137,4.166,29.99535,1749,0.104606781184822,0.0766058055711746,1.57497101796407,7.86595227408027,6.94955872814975,0.102599523225681,0.808213619118576,4.11181266829255,3.74782535630169,1.4,0.230188269936409,0.346700022190107,0.516570812327758,1,1,0.10101550827193,0.0675747614040376,0.0439799476729558,0.0581417108321193,0.0785803440172558,0.0320512516237489,0.0192978531447749,0.0109091131050028,0.0457094654679522,0.054677009205398,0.0339918934387272,0.0138960897920966,0.016621604887882,0.0330023569218561,0.0620926824570222,0.0252885182611231,0.0120857763236269,0.0504380909872426,0.132642919907301,0.222147216576839,0.0781974435798879,0.0467484301686137,0.85155645310607,2.06129214227285,0.427743478576231,0.92196143298025,0.773785754233153,9.59577722605685,0.439506083054326
source/12kHz_DE_data/B/0014/B014_2.mat,B,train,4,4.166,5.195,29.99535,1749,0.121021869582783,0.0895421998610886,1.38037373253493,6.30545708728441,5.18589358489556,0.029512513424992,0.786107508805526,4.26238370591504,4.1415017128385,1.2,0.274005211602063,0.457740358830657,0.571926689543658,1,1,0.104316781582922,0.0586212637368349,0.0251484569713008,0.0746109779054062,0.110068477842451,0.0194808418061718,0.00958502888224308,0.0244677306579046,0.0344515297877711,0.0592869339652731,0.0262898192790685,0.0172003558811107,0.0186403117689611,0.0481039506216215,0.0696827948676058,0.0259462019499766,0.0205911558314106,0.0756673845373977,0.125720060735374,0.181312007569877,0.0424356989102902,0.0257853013512554,1.35807288043666,0.676662405538478,1.22462620679501,0.929697217274901,0.706277617861821,8.16051091974157,0.41102582070945
source/12kHz_DE_data/B/0014/B014_2.mat,B,train,5,5.195,6.224,29.99535,1749,0.170379142921133,0.11961938299506,2.42840518962076,8.17418530239528,8.01520521041355,0.256590551389927,0.718679450985981,3.29636307623494,3.84731797467865,1.2,0.21512636034257,0.58724100537012,0.705214906098545,1,1,0.251019309773388,0.21442145000442,0.0186234131316917,0.0318039402607747,0.0436008717327743,0.0109153511469359,0.00565029514078567,0.0119392342138394,0.0199398329740388,0.0280263798441066,0.0121339836331851,0.00501765140399977,0.0133378115740407,0.0283763018974628,0.0633529632142198,0.016310337554678,0.00470204484867807,0.03532486416514,0.0628009407257824,0.113634793978717,0.0166669901765414,0.00717094154580792,0.862277684588289,0.492683558703533,0.552741423488339,0.594437666073792,0.942113860139775,13.8426437219498,0.462992976647126
source/12kHz_DE_data/B/0014/B014_2.mat,B,train,6,6.224,7.253,29.99535,1749,0.155347590056262,0.110689337506513,3.19802283433134,11.6387538795928,9.79385342750287,0.104076728254719,0.695098044265711,2.92224123450718,3.22788572499039,1.2,0.171982522418867,0.572917923474156,0.467671128164235,1,1,0.155944735812167,0.11106457534422,0.0121981318128789,0.0330024801855642,0.0524532961267636,0.0269623958628684,0.0123240529421544,0.0119583243038182,0.0318980204726611,0.0446902873164067,0.0275163877884197,0.01234896059737,0.0297965549340078,0.0445271857769484,0.0875274033106672,0.0351406856155547,0.0176302786440769,0.0331216473772553,0.0657692606960159,0.120110694369895,0.016066426232132,0.0120753110881921,0.52220729712073,1.00306859311216,0.921337355925252,0.762268720971996,0.956455872801948,17.4050345984866,0.5002883796183
source/12kHz_DE_data/B/0014/B014_3.mat,B,train,0,0.05,1.094,29.9976,1724,0.140276667483754,0.0950552951309034,3.70205904191617,14.1483338830127,22.3436439958221,0.202843026170392,0.769147967467948,4.19635257074866,3.81401577854902,1.2,0.245589359771756,0.417090630833551,0.657022504937647,1,1,0.0784201322084902,0.0591488644038346,0.0128712319398461,0.0248669176476207,0.0464794205994902,0.0075982224957959,0.00409852518809693,0.0110659054623367,0.0442455052546539,0.0725189877034896,0.0419768792801825,0.028686505654433,0.0222572189741101,0.0351930015920987,0.0893476360651763,0.0208239716555551,0.00868486153211167,0.0379380104312185,0.0656329265397268,0.143706617551118,0.0158747302663242,0.00622607885273057,0.375023437347078,1.20461781307358,0.361674790651727,0.40103901383403,0.808107935892281,12.0393307562772,0.39120662962792
source/12kHz_DE_data/B/0014/B014_3.mat,B,train,1,1.094,2.138,29.9976,1724,0.115583023218411,0.0849951630235838,1.80497916167665,7.81221595428372,6.80166250222675,0.031520893668608,0.817232342163168,4.43501387629214,3.97372717565035,1,0.353393006288375,0.381977572204685,0.495673687923218,1,1,0.102896398497769,0.0529394711013313,0.0528990040705979,0.0982933925225903,0.133895585156511,0.0621242384443788,0.0351817831736505,0.0286500960284224,0.0330715150003282,0.0421816321805127,0.0270237421633364,0.0137436413597448,0.00446575603468619,0.0437537220695365,0.0725260596846068,0.0305233172882051,0.0149893123822345,0.0538463082492572,0.107907410063669,0.159587450558634,0.0377999701918809,0.0262851632606431,1.42001951886814,0.708669005943627,0.655347306418459,0.761011241943686,0.771884794835266,13.4138642429177,0.413444466735946
source/12kHz_DE_data/B/0014/B014_3.mat,B,train,2,2.138,3.182,29.9976,1724,0.171166011417786,0.107277198208353,3.1473430738523,10.762625152366,16.7805755620079,0.318141675974713,0.725432132325812,3.09552261968591,3.11143851818399,1.2,0.236875834202307,0.496027652065609,0.495099513074096,1,1,0.1883210542094,0.117407425131356,0.00834922847689002,0.0328933842585455,0.0669969002312891,0.0233311913082453,0.0127106603164888,0.0103109368016589,0.0234456186261214,0.0600685049614335,0.0194210971523666,0.00928232518864549,0.0169014057209368,0.0344579111962644,0.110654480580432,0.0304865050515834,0.0132475499653758,0.0521206509419994,0.0957730507678704,0.210040902844216,0.0532944614468187,0.0169822307955621,0.609658014961114,0.701141404149419,0.541851490506517,0.857025207591917,1.02401354518076,17.1287642183889,0.404180945404504
source/12kHz_DE_data/B/0014/B014_3.mat,B,train,3,3.182,4.226,29.9976,1724,0.145640760807964,0.0939242477383938,2.9998519760479,10.858527655713,18.481475774279,0.290423621409037,0.725307164972293,3.04771145951307,3.5146472811194,1,0.264791743175177,0.548741358645443,0.506016752058538,1,1,0.189536040482689,0.110775941420751,0.012133647576581,0.0277300453610956,0.0397488168659955,0.013819581951449,0.0064897787113011,0.00508551176311612,0.0167060398872621,0.0292989126320825,0.0135007870226632,0.00994772937808694,0.0121164829615106,0.042262502731739,0.0724458188472757,0.0271608635637765,0.0197422921636328,0.0357385297552962,0.0969862239739727,0.155368836439407,0.0460327184661191,0.0262898492578083,0.714450697653882,0.4590937534234,0.555227343727942,0.849537415072143,0.966710542127936,17.7259946866445,0.393838039124575
source/12kHz_DE_data/B/0014/B014_3.mat,B,train,4,4.226,5.27,29.9976,1724,0.149421777927832,0.10234449336529,2.29017289421158,8.60076770245337,10.1752654577847,0.234192313203779,0.735855409701237,3.58689438670192,3.70425449645408,1.2,0.216416340473073,0.486007703651884,0.502379470034693,1,1,0.18555313490623,0.104587144216484,0.0223760065900283,0.0517276572642391,0.0663685454872552,0.0275093005043461,0.0193958072241954,0.0191361037007295,0.0433507564709784,0.0500295372760792,0.0354873290890039,0.0215287641717986,0.0203276358321453,0.0794553940834327,0.107645133469892,0.0730173824038833,0.0468555846486667,0.0461929030379482,0.142808554267806,0.196093199583129,0.0414544575433509,0.0237596955476231,1.16072098119326,1.54501063527241,1.36542635925018,1.27559531268487,0.878519170653705,13.5362793945449,0.411380180883762
source/12kHz_DE_data/B/0014/B014_3.mat,B,train,5,5.27,6.314,29.9976,1724,0.126970655794627,0.0903884513915937,2.19677269461078,10.3350122367026,9.97775016470682,0.165463511782002,0.7885418770322,3.83809123528605,3.66691039893269,1,0.311454053708574,0.439835743760103,0.545688938962876,1,1,0.0844416551374732,0.0421923954387409,0.0250346206995339,0.0438681731421983,0.0688166400268338,0.0294186589808371,0.0100814684336747,0.0185525441518466,0.026492078520303,0.0390096417778858,0.0208093400040663,0.0134141469776724,0.0323850078772671,0.0630902118036223,0.100871920574113,0.0557590035263307,0.0276888532194221,0.0422832026706036,0.101083798226378,0.163943357275656,0.0188675846447221,0.0113496466503103,0.861713160583792,0.724606495610744,0.829998321373081,0.769022784641168,0.889246943943512,23.3862280650007,0.45401250684158
source/12kHz_DE_data/B/0014/B014_3.mat,B,train,6,6.314,7.358,29.9976,1724,0.124347355300697,0.0925670078118846,1.30938958083832,5.27311923896126,4.97685445698552,-0.104060333397842,0.785187140597523,4.11663923810826,4.01622501623972,1.2,0.226266910441517,0.434155306739763,0.554604286331439,1,1,0.0432800299637571,0.0287241092345484,0.0147020995862958,0.0252385367080199,0.0523988326054209,0.00655679455487994,0.00377128050575386,0.0108407865390969,0.0213749665363508,0.0296162883708214,0.0149670321454112,0.00664085533019171,0.0422803821885899,0.0890311760235291,0.118828259586543,0.072725887766795,0.0378980136417999,0.0620588831258727,0.140982619371503,0.214208433301742,0.0345118058425256,0.0180383459022362,0.39543606296724,1.12174862145553,2.0219891497376,1.02984829268352,0.78299047726718,9.09153797465943,0.437853696779461
source/12kHz_DE_data/B/0021/B021_0.mat,B,train,0,0.05,1.052,29.9932,1796,0.117251261080491,0.0906394773719639,1.10602079840319,5.07287943041285,3.81171496255395,0.0129445111706445,0.822882045599676,5.9368826748344,4.38726883439468,3.6,0.179254235937234,0.230327371369434,0.612799383588647,1,1,0.0299183809370835,0.0239852718790238,0.170655604603988,0.195423149963914,0.243611227391946,0.0967368819470417,0.0817990227368203,0.044319337490273,0.110802156047447,0.121977825342673,0.0745979212699284,0.0533467030878407,0.0208308077780272,0.0356970116996921,0.0820195934520491,0.0138064748196357,0.00690963594026933,0.053381855579079,0.125800957316308,0.19840492957856,0.0292121099530813,0.0203371705722944,2.63612376970344,5.21455625974956,0.724061719458383,1.07175455519556,0.512909756387356,3.13825159512912,0.369036893520257
source/12kHz_DE_data/B/0021/B021_0.mat,B,train,1,1.052,2.054,29.9932,1796,0.122504184083504,0.0955415534310269,1.07418351297405,4.75099414068558,3.5885793243125,0.00847046165667556,0.859834259903468,6.35441479204005,4.4798706959928,7.2,0.0510635134585121,0.192005137730191,0.6325203315866,1,1,0.0358304265632119,0.0125019800441115,0.112859265167853,0.131427490515088,0.172649191067223,0.0469191896423049,0.0373766988609821,0.0433944293266038,0.0831600386764477,0.118282634293164,0.0496122460284741,0.0301418192141114,0.0172034395526548,0.0294925707915715,0.0842321153486251,0.00811571178552171,0.0048796164072421,0.0604207052599264,0.140762325905521,0.217504996114065,0.0460609488305829,0.0175572470107044,1.35768456685895,1.55915799041558,0.361526942725373,1.0569403451233,0.49909737615863,3.72240802865589,0.362090439814932
source/12kHz_DE_data/B/0021/B021_0.mat,B,train,2,2.054,3.056,29.9932,1796,0.125552891482949,0.0973757033696295,1.61866606786427,6.94450296513715,4.16740045164356,-0.0207294226566131,0.848196548778476,5.59018601809672,4.47678203871412,3.9,0.0764842739976295,0.228240255421861,0.571411317090683,1,1,0.067175450510862,0.0574330756362991,0.0887759854749222,0.113064208577634,0.144575197663747,0.0522203307457486,0.0324160832803294,0.0344912632683794,0.0773333506123393,0.0916228904733821,0.0614666181579605,0.0354843409981599,0.0482533420393077,0.0839260569651895,0.118025172930852,0.0495174437556172,0.0294610876190935,0.0964203917476219,0.21018816975989,0.270430693518951,0.0802160413659055,0.0317670900211571,1.35786521705217,2.256929841933,1.36660849379451,1.80579544816381,0.544065668094143,7.6438135523717,0.386442534080884
source/12kHz_DE_data/B/0021/B021_0.mat,B,train,3,3.056,4.058,29.9932,1796,0.154849257606287,0.108653631988211,2.9537203992016,10.055451077581,11.2335500582953,0.0518920804843363,0.807419115177296,4.75496076201032,3.91404853882724,4.6,0.107394353604076,0.295393499123266,0.63105358144131,1,1,0.0417275949242745,0.0266111311938788,0.0480374930216198,0.0697071148256118,0.120882608350021,0.0286017886742179,0.0112832478444445,0.0532679665552937,0.0979971870579388,0.114354471957189,0.0866773195573399,0.0400642972673847,0.0406791958468992,0.113059076779741,0.135186167809303,0.0978033683883713,0.0550697845138238,0.105773147656536,0.217410929405286,0.265296379274321,0.0677868518097775,0.0453162427335576,0.883875841801073,3.84342292305208,2.64915595870804,2.06228818983633,0.832047282464569,20.5593495508412,0.416524383871825
source/12kHz_DE_data/B/0021/B021_0.mat,B,train,4,4.058,5.06,29.9932,1796,0.142646635275765,0.103427930589491,3.18129201596806,11.4303429474663,10.8526655758308,0.036675021522649,0.836447962617455,5.74801482847052,4.13161886726819,5.4,0.0827179939797427,0.219490592261074,0.533657148035953,1,1,0.0678934983929291,0.0526887607351441,0.0795385985343686,0.111769638447121,0.191527511208855,0.0477943396762044,0.023452434114364,0.0773290408077935,0.11193096970529,0.133124130063003,0.0950350004340672,0.0609484888791678,0.0453815645188287,0.0605109063573288,0.110612251611875,0.0469070994271908,0.0331955865518965,0.0945238865351968,0.168581733507535,0.250037820434457,0.0540087764588494,0.0278681771662034,1.16808134676813,2.88817381200805,1.02831303056999,1.19004552444503,0.762680588666871,25.3323097511404,0.410530832378327
source/12kHz_DE_data/B/0021/B021_0.mat,B,train,5,5.06,6.062,29.9932,1796,0.172016606701666,0.118265588223608,3.17024642714571,9.55945283839141,11.7930946773861,-0.0421527269169857,0.835875253297241,5.80988504194748,3.77868999468099,5.4,0.0868737977753911,0.182062653084769,0.567270057895896,1,1,0.0263554906037997,0.00986346061112054,0.0729731444366676,0.111710023228923,0.136862446383877,0.04173627151621,0.0196044719285087,0.0845725464610154,0.12220907849882,0.141678832094293,0.0954324760099083,0.0540261397310033,0.056464413831254,0.10781821892494,0.134526483520366,0.0938705474642575,0.0455049023082161,0.0833174701245137,0.17234957123162,0.241624507086978,0.0123864379600296,0.00758004192393625,1.62921894995603,3.06183503418105,2.65047963911334,1.2531503706875,0.863381218689142,15.5341227722041,0.414901013883678
source/12kHz_DE_data/B/0021/B021_0.mat,B,train,6,6.062,7.064,29.9932,1796,0.141315730942638,0.106309082390418,1.56295081836327,6.02431524617088,4.72773076692634,-0.0134948979886896,0.837718846009601,5.71237732750376,4.1062993635222,3.1,0.121565847829396,0.220431420785075,0.647782632685572,1,1,0.0269228256452789,0.0136561683754938,0.0758338693236929,0.0971362197042184,0.124945401226429,0.0365581293400391,0.0139651610896572,0.0396193369220706,0.0659246648869252,0.0858961723453023,0.0434535762052488,0.025538720891459,0.0681715237169562,0.110779369295739,0.138310179994156,0.0949974375608802,0.0575341111168504,0.0817112387060625,0.164816509940265,0.210893491435445,0.0115883794809116,0.00468586804330393,0.922254514047215,1.27419014583628,2.35066160500528,1.17669993844875,0.668399995028074,10.9963900039361,0.403347497493959
source/12kHz_DE_data/B/0021/B021_1.mat,B,validation,0,0.05,1.0645,29.9953833333333,1774,0.109125785827564,0.0851761411584807,1.04981824351297,5.06800535843307,3.59909214816883,-0.0302789016104689,0.80515938053226,5.84456878326354,3.99275420225906,1,0.326529829592992,0.212712962902395,0.492840594243315,1,1,0.0230784009170421,0.00938029194060343,0.10756751207747,0.14776802731723,0.173651511769988,0.0452059001953499,0.0235324614768682,0.100108743564121,0.135625453296603,0.15430645301493,0.116557244523856,0.0802299516210477,0.0203445633249909,0.0306355408899578,0.055732514156591,0.00510587413273194,0.00248798380628195,0.0316694997948623,0.133910090944683,0.225479903458316,0.00523432862685148,0.0033495306468505,2.19289414905646,3.87327117940471,0.503798081506181,0.883235236445503,0.521164036753147,3.34663762868807,0.360721988373176
source/12kHz_DE_data/B/0021/B021_1.mat,B,validation,1,1.0645,2.079,29.9953833333333,1774,0.106917265559402,0.084324255570432,0.86399245508982,4.07489417581446,3.34722990857078,0.0194632600458281,0.80033123201518,5.93353930549985,3.91156101148486,5.4,0.0968438028338532,0.187955197496557,0.537064003582573,1,1,0.0231596683050504,0.0117537119047644,0.124337125876588,0.187769360174483,0.223060133499148,0.0995540618293483,0.0616076679341154,0.0927064124471531,0.164967153854809,0.178270916696899,0.145462428215946,0.0772006294867519,0.0117348966873294,0.0287858252737527,0.0579716722023588,0.00625389554925582,0.00363355003904402,0.0497013578816375,0.142406603878392,0.209556543993896,0.0297264815093104,0.0139441330421132,3.07368295501997,5.78596926402295,0.635947514848957,1.07187589468488,0.556948117959843,4.08773940488891,0.357177724784715
source/12kHz_DE_data/B/0021/B021_1.mat,B,validation,2,2.079,3.0935,29.9953833333333,1774,0.125812585741263,0.0931644873219443,2.5492569261477,10.4433056209953,9.64703915233941,0.103767316851737,0.844608005218792,5.3164644131275,4.15469127850044,4.7,0.117683507115352,0.272653682959881,0.582284526562305,1,1,0.0667013273544143,0.0427110515532696,0.0725478813111964,0.120110817000604,0.154161975580394,0.0675199924262712,0.0340890239341937,0.04931412247845,0.0673451314597227,0.0953433563896685,0.0563508715240003,0.0231332562140541,0.0893494115413697,0.123850134154503,0.137372598647867,0.0965037847421462,0.056720512830842,0.13645827967679,0.207523541382123,0.254278847902108,0.0368554053186309,0.0199244466631724,1.58253704868434,1.41765915422226,4.38947804640115,2.11046446866419,0.7639511231417,30.4525898234211,0.415485716274203
source/12kHz_DE_data/B/0021/B021_1.mat,B,validation,3,3.0935,4.108,29.9953833333333,1774,0.108495574178445,0.0854596710409278,0.871951776447106,4.08465778741209,3.35291194701219,-0.0221140512496654,0.77635021458679,5.71687667236029,3.9338141811313,5.4,0.181680186998531,0.197701340808088,0.482062244277028,1,1,0.039094716756761,0.0356227710491169,0.0980916887451728,0.148302642711478,0.17259956304849,0.0788937731040545,0.0338121264354756,0.17812433702647,0.195407488871533,0.207564793659975,0.183358236563107,0.166419029514919,0.0251856080173578,0.038169136950514,0.0753003106492157,0.008863423250667,0.00548388685355254,0.0581705084966327,0.12615489704627,0.193754916781458,0.0256314051854729,0.0150975136203601,2.66578795343847,6.713440694675,0.865051279580039,1.21812735865008,0.54163903920538,3.77278312556976,0.3603306883139
source/12kHz_DE_data/B/0021/B021_1.mat,B,validation,4,4.108,5.1225,29.9953833333333,1774,0.132231475881442,0.0951443735220533,2.88825904191617,11.1196953097219,13.7571455731675,-0.00137968638321263,0.806291658746866,5.66170599819555,4.0570463349315,5.4,0.145926774745221,0.232660365618051,0.504691742369219,1,1,0.0332419106256869,0.0120697544670642,0.10504918721538,0.142628603934974,0.178291164250633,0.0614964176989279,0.0331875050406853,0.143188280479428,0.158152550790637,0.176336468277319,0.145032725088534,0.131381531610596,0.0395430172723367,0.0701022796490827,0.0885104951204087,0.054655756161619,0.0216057184662607,0.0745238551748712,0.168900158057125,0.207686820566347,0.016667762726339,0.00561393147192945,2.26851805259848,4.94724067610665,1.90474011085751,1.45939635554435,0.862987501512624,49.2925372040589,0.380612419307722
source/12kHz_DE_data/B/0021/B021_1.mat,B,validation,5,5.1225,6.137,29.9953833333333,1774,0.120708513591568,0.093404900870616,1.64026994011976,7.23164100451557,4.4606287480639,-0.0283975123201582,0.841135227034475,5.68437968759736,3.98556940355847,6.4,0.0707730505731596,0.201095216749686,0.58451695312576,1,1,0.0377021614456884,0.0204782510767438,0.064293437378671,0.128400135636905,0.157283712013881,0.0715144845608542,0.0480395778562914,0.046367350544397,0.0685253835829358,0.100173501274318,0.0584392845800676,0.0381408706927218,0.0410300649006365,0.0993669098297193,0.115832653713622,0.0644253842577184,0.0340751211107172,0.0628095436603644,0.178632716340342,0.221893290447574,0.0273191008019762,0.015199978204758,1.93791702846797,1.4606655478271,1.53392912000824,1.34833702046896,0.705532610794899,22.9744947814223,0.39398419512214
source/12kHz_DE_data/B/0021/B021_1.mat,B,validation,6,6.137,7.1515,29.9953833333333,1774,0.135079406730452,0.0965156131189271,2.7308594011976,10.8422259026376,11.3890911438644,0.0114998803581585,0.827256170132559,5.13700846450361,3.75736492661825,2,0.177182223490774,0.203771342036614,0.536711441307198,1,1,0.0424615968231287,0.0240164883396069,0.0372484404166237,0.057761499342426,0.0984524149481103,0.0265156357393971,0.0104170407360587,0.0292481169532069,0.0644317904461628,0.0861272515479471,0.0524680338457011,0.0172460391443653,0.0499886556387376,0.116651313087469,0.151096300414284,0.0950777454103029,0.0513555822963207,0.0817624942560637,0.181079587492343,0.291867406731453,0.0475202944703561,0.0172246283892019,0.997071780912786,1.02069177481082,1.78914133962036,0.928198439179327,0.761188573174807,21.8672565466905,0.378938255210566
source/12kHz_DE_data/B/0021/B021_2.mat,B,validation,0,0.05,1.076,29.9934,1754,0.10465471889147,0.0829173253972371,0.812662954091816,3.94388825684105,3.21384029427315,-0.0107118466047228,0.795837378231653,5.9406957406306,4.03817378302532,2,0.188265622648875,0.201624349600774,0.557843942349201,1,1,0.0317487582729289,0.0136760450969864,0.128872060498247,0.17171177256354,0.234440791471926,0.0952973098170305,0.0750973735695649,0.109097761201387,0.147879983795015,0.170216104228647,0.128712575628756,0.091542156661119,0.0305272818244971,0.053143632726782,0.0837542871220979,0.0179110316410014,0.00981214939518469,0.0725798599092601,0.141316333122698,0.214864763677821,0.0210068455823266,0.00982807713403596,2.39244220833144,5.0420548698194,1.34339045514641,0.843758403646842,0.543772127061755,3.50637907945103,0.350313031917688
source/12kHz_DE_data/B/0021/B021_2.mat,B,validation,1,1.076,2.102,29.9934,1754,0.107017022973948,0.0845184624682134,0.871626906187625,4.1870628612725,3.30260972727664,0.0225462533335021,0.836682789877024,5.96502275471841,4.28667142573886,3.6,0.139399114059304,0.199486183643669,0.577959421654788,1,1,0.0295746064775566,0.0151421861288275,0.130140708265663,0.18444318563671,0.210032646287601,0.133619366332921,0.0892656334313508,0.0680614165651961,0.097551535329407,0.122134005835727,0.0812860536495135,0.0375704285749514,0.0349401312370798,0.0681324802093905,0.0914312415029972,0.0377230083704911,0.015160321728779,0.0697753077701008,0.142097411948228,0.204048211737904,0.0138381314734637,0.00667723104222649,3.53701634800609,2.67679723614787,1.52025548029215,1.19279341692853,0.538507322266603,3.34649722246091,0.344935876815274
source/12kHz_DE_data/B/0021/B021_2.mat,B,validation,2,2.102,3.128,29.9934,1754,0.106500149163396,0.0838127522873754,0.925717804391218,4.77850012976999,3.27852364409884,0.0443173324626899,0.851797220637778,6.00184325508566,4.72654914612808,3.6,0.132896133719231,0.248645144531147,0.574974803201711,1,1,0.0249035177169341,0.00908879642381869,0.121144968764043,0.16389755610614,0.189188234480585,0.0870727913412662,0.0537377947857396,0.0338723341300183,0.052316427768221,0.0681912090501846,0.0294500904379816,0.0195588276320294,0.0270758075079331,0.0453258783163572,0.108879025286585,0.0236818793573358,0.00777425833557798,0.10221816935547,0.195990101340675,0.284451054858209,0.0685077450810932,0.0451848720971327,2.75509599161038,1.71836089341737,0.759318614155266,1.48336355236171,0.539121047412388,3.60116083508802,0.345963672750958
source/12kHz_DE_data/B/0021/B021_2.mat,B,validation,3,3.128,4.154,29.9934,1754,0.107015976575423,0.0848963461487135,0.802429540918164,3.78053329573163,3.1360804738059,0.00298405790292541,0.839915881289575,5.98995999871386,4.49248595122175,3.6,0.126219028277371,0.245563334067988,0.529595912158325,1,1,0.019003148316816,0.0131110208416826,0.107935159945421,0.160733213428248,0.199752363702137,0.100784616924354,0.0651703666157834,0.0635342094860847,0.0884053133681449,0.098343360263286,0.0739937497701524,0.0530048118349879,0.0232889007032713,0.0364156723542956,0.082393062748785,0.0078037705285858,0.00246110938663814,0.0610083116302907,0.138095994672917,0.223386876005296,0.0270110325294823,0.022518776831851,3.21153499308297,2.9003978593448,0.649010203025476,0.986960216440177,0.5363072433245,4.04221301055741,0.344542873909638
source/12kHz_DE_data/B/0021/B021_2.mat,B,validation,4,4.154,5.18,29.9934,1754,0.108454882582028,0.0855530193149136,0.892743473053892,4.35400272418764,3.26458449136114,-0.0346293466344718,0.822590718024649,5.92663782831698,4.35093755625499,5.4,0.116273261839841,0.22501408021704,0.490229736221617,1,1,0.0119181773349128,0.00679650095474245,0.133044416225282,0.156632937304137,0.17816886816869,0.0911015175199662,0.0724247485705655,0.110667231123635,0.119443000143557,0.127457160396747,0.109970398932274,0.0999256860514962,0.0200577598192273,0.0476590001510255,0.0834708292528818,0.0276752122878383,0.00984876457525713,0.0554787079990603,0.135922984920382,0.194162553093321,0.0303579127139483,0.0135084262008363,2.68664391972109,4.86622911069964,0.988284119540058,1.08072552437048,0.540535198901323,3.18073134284877,0.337538527375525
source/12kHz_DE_data/B/0021/B021_2.mat,B,validation,5,5.18,6.206,29.9934,1754,0.106421284130864,0.0837725581510518,0.84823624750499,4.24048605591368,3.22962909977238,-0.0600035309561938,0.84480032542535,6.54498177759033,4.35081131438842,5.4,0.106906251835598,0.156710707823235,0.583461109664996,1,1,0.0390435188186486,0.0228974556320667,0.139908147940871,0.171951350252497,0.227665137596435,0.0906227620721582,0.0612688702307739,0.0919965357698498,0.143383357945877,0.173857944459672,0.107165554227708,0.0738412472221336,0.0305519712403586,0.0430626689588498,0.0582708328015614,0.0186653950379785,0.00840125959730434,0.0662411602494919,0.133869777658397,0.194237880260267,0.0256186642372794,0.0136894940486115,2.24999549909184,3.22881180613337,0.790038407377738,1.05971276473491,0.534766180519379,3.89723052930733,0.340655449800594
source/12kHz_DE_data/B/0021/B021_2.mat,B,validation,6,6.206,7.232,29.9934,1754,0.107169568771853,0.0846994684501674,0.896804351297405,4.50160228884703,3.2434237370565,0.0235431596157406,0.849449539401317,6.25850420983923,4.38217727936682,3.6,0.13131264681348,0.211385472201037,0.549879287376561,1,1,0.0438583973486388,0.0375281929098629,0.122052061713598,0.168513170197037,0.218896409529936,0.0803726761670046,0.0640714874059777,0.0699580760471851,0.107100917378564,0.122703461116669,0.0723898753837049,0.0318198293975864,0.02471465591813,0.0562575790062628,0.0806438841935179,0.0357586398358681,0.0157020658886909,0.0735604996946842,0.145577046235645,0.197502009259445,0.0213858265228268,0.00827839439997997,2.46993504690325,3.64462721059064,1.04628482541437,0.984760386837242,0.524220085722344,3.43078450118471,0.337597905540313
source/12kHz_DE_data/B/0021/B021_3.mat,B,train,0,0.05,1.091,29.99815,1729,0.116296954479032,0.0923549832000115,0.874713173652695,3.86490786955732,3.1165578505951,0.0118571592960425,0.855139258997858,7.14437124928244,5.23390712978963,3.6,0.19935120207561,0.208364970986185,0.531530924081791,1,1,0.0810594114840211,0.0547930082666805,0.162270167479423,0.227868040765247,0.272853433872024,0.0971985011426142,0.0746238532306724,0.0589724762244923,0.0725134696233475,0.0906769975849585,0.0297591998662535,0.0268645562538989,0.0244668566298082,0.0499436245857202,0.100223964662393,0.01632082162261,0.00917726149806302,0.115211107276824,0.174186765145113,0.247886042530011,0.025725588071946,0.0112099603761146,3.16295979078308,2.00837486752815,0.858044764202426,1.50293446527167,0.517453115660259,3.31217065100269,0.343544551341108
source/12kHz_DE_data/B/0021/B021_3.mat,B,train,1,1.091,2.132,29.99815,1729,0.117356090960735,0.0928324702916217,1.00726023952096,4.34133253102847,3.16304037273046,-0.00353489440881091,0.860783704976282,7.19253296108777,5.05579096584963,5.4,0.104386044883774,0.182291519417145,0.537047239876512,1,1,0.0499729107022842,0.035163848716662,0.127287070328932,0.176123831499313,0.212238024592372,0.0655756060879706,0.0511244828467658,0.0980809976458241,0.11025787053474,0.137060013820547,0.0797132290596256,0.0732602793280861,0.0228112339555335,0.036197722727463,0.0625676292152131,0.0147467821005096,0.0136107826571963,0.0903416383597199,0.123182039617107,0.197332508757461,0.015777019567149,0.00862889634818183,2.17174214799208,2.1812129528637,0.740817707317449,0.958555730386531,0.546319491312405,3.43508964407832,0.347530170034754
source/12kHz_DE_data/B/0021/B021_3.mat,B,train,2,2.132,3.173,29.99815,1729,0.118553753742958,0.0943085727976076,0.925392934131737,4.03660343151041,3.04031088504919,0.0361613817296577,0.855914293660416,7.25371012216551,5.03030595408556,3.6,0.210353948473106,0.197834574909018,0.609812724562273,1,1,0.0498370410460753,0.0287620798984562,0.198114089204222,0.229622621769796,0.26666474242752,0.0820425856911817,0.0773089100783348,0.0674963016356432,0.0967091666904212,0.112332251319092,0.0493211333490313,0.0304404005981677,0.0298085962546451,0.0502383359834841,0.0886266388726203,0.0259605194965412,0.0132776118740313,0.0945548553199211,0.152067722062147,0.212718837039357,0.00500046323256429,0.00195215235017472,3.30228098968879,3.03766252501983,1.14822496084545,1.40053495905455,0.511342730566354,3.03778235446612,0.329087332881938
source/12kHz_DE_data/B/0021/B021_3.mat,B,train,3,3.173,4.214,29.99815,1729,0.117930268622139,0.0934572602186295,0.895017564870259,3.95920409186549,3.14247644786087,0.061451179611815,0.852885178299046,6.8698277219739,5.31569243410675,3.6,0.187693905683976,0.243937866213661,0.630695951941708,1,1,0.0656189270758067,0.0315471898348679,0.181471452250178,0.204860587184294,0.22887865924786,0.103467434734808,0.0963221761197525,0.0278877924055717,0.0577814604727368,0.0785662697836368,0.0269583991945555,0.0154649453369332,0.0323538348471598,0.0456589450689375,0.0792445366094004,0.0147776163096736,0.00695088978255107,0.0766833153011763,0.140031409771397,0.213642180612905,0.0276289589189037,0.0194131110760885,3.57772293474322,1.44941705066478,0.812692704270147,0.981751081374488,0.526939552316837,3.12897632350599,0.336302537416768
source/12kHz_DE_data/B/0021/B021_3.mat,B,train,4,4.214,5.255,29.99815,1729,0.116501848931857,0.0925379948103697,0.877961876247505,3.82233901640045,3.06223038788901,0.0245701249448095,0.863699053468091,7.72028297866241,4.88761551609818,7.4,0.0517758262989868,0.177940736611896,0.563003386454452,1,1,0.0150606425740714,0.00852640684760954,0.15076192643511,0.204304664304029,0.271325890447151,0.0696934715520621,0.0322954988592744,0.107594092526948,0.11774511215788,0.127970937752324,0.0303452113813599,0.02809429687308,0.0145838354005098,0.0483172738180366,0.0811729747785944,0.0151879156466751,0.0122107786435163,0.0481537461313997,0.116873852121528,0.174656645033359,0.0129991851170644,0.005857909400679,2.33434070845241,3.46327996554377,0.75591000041567,0.841681469758102,0.525465033205231,3.60463457217205,0.345340774004867
source/12kHz_DE_data/B/0021/B021_3.mat,B,train,5,5.255,6.296,29.99815,1729,0.11820330995105,0.0935128389248813,0.944722714570858,4.1774820862961,3.12790880760163,0.00383507538712595,0.867874139949733,7.42116044612465,5.09896847725912,3.6,0.133051504361516,0.17017696919171,0.53749549520881,1,1,0.057779551082794,0.0185758670242703,0.12736143679004,0.155375581923891,0.206216182679813,0.0748651489015302,0.0688525910762054,0.0618175276389509,0.0943416694910964,0.121398186080097,0.0642899745546531,0.0480587362041712,0.0160828217528775,0.0371775721971421,0.0570622570260114,0.0125018590065727,0.00871034325177717,0.0507364072834922,0.129375917383819,0.199719933090935,0.0400272487776333,0.0313732339246206,1.50470833319863,1.66905620289384,0.632717741900382,0.949541383834387,0.519702724073652,3.11940502000905,0.334978508869119
source/12kHz_DE_data/B/0021/B021_3.mat,B,train,6,6.296,7.337,29.99815,1729,0.120586043634618,0.0953964383276055,0.919870139720559,3.86262012891705,3.18107259072068,0.0177741203344784,0.85533878100551,7.245349023569,5.00819709295351,3.6,0.154245797026158,0.156862659425441,0.553374388344742,1,1,0.0471732330859851,0.0205463535719433,0.137764869818239,0.183320389954635,0.220103722482,0.101948879479199,0.0684143975421934,0.0697867305752779,0.0797904960381111,0.0974568242191931,0.0531376142107033,0.046145332271924,0.0202537857944429,0.0523243643983549,0.0858505557589339,0.0194669055558896,0.0115074971743539,0.052131978252945,0.135088223599263,0.243623481288084,0.0243763643073382,0.0126308350041171,1.76684562085585,2.01922481312973,0.846332931487754,1.02306307115796,0.525616380428302,3.35395593169918,0.335497909972233
source/12kHz_DE_data/B/0028/B028_0_(1797rpm).mat,B,train,0,0.05,1.0515,29.994925,1797,2.01981864624288,1.52295147982202,19.7232568,5.31524576151377,3.9157846646904,0.0552275724946673,0.609828808338223,2.71976209708775,3.12957006770738,1.2,0.298558618212671,0.6845896760871,0.723067705781622,1,1,0.0700089984645796,0.0639118417632489,0.0254074642635204,0.0358124901153969,0.0444215097668508,0.0231975994027952,0.0109632914832839,0.0105052266193056,0.0169900873283214,0.0216420336545165,0.0109937668587712,0.00680276156716182,0.0466679968588871,0.0588874203532922,0.0666563815808004,0.0439047725958953,0.0371515537904503,0.0593979063525906,0.0823737552519439,0.0995976471013523,0.0122353470387563,0.00600200287711134,1.02733329626158,0.905996665545938,3.25464968101744,0.789840121561627,0.660152275448846,4.63063971239927,0.804894445911429
source/12kHz_DE_data/B/0028/B028_0_(1797rpm).mat,B,train,1,1.0515,2.053,29.994925,1797,2.05386276034324,1.55635994907596,19.3977368,5.00500236248202,3.85974541126336,0.057413109410737,0.633404740538265,2.68123597440123,3.05465754787242,1.2,0.298960419838546,0.662060338839342,0.647857300670657,1,1,0.04726184832722,0.0238131254157603,0.0339483674232098,0.0496072286825011,0.0650948992724115,0.0306824055673557,0.0178443828408799,0.0120451037085874,0.0153685106629174,0.0185187523435385,0.0118802672090927,0.00904895542789816,0.0419872644047699,0.0494369602717371,0.0612549066331744,0.0391987029888938,0.0329143622126563,0.0811897615529045,0.101961154824247,0.128865321629,0.0276315915855742,0.0200815198162247,1.90630800940937,0.872733179756573,2.18213723442695,0.990058943261525,0.672228784198394,4.16951428446438,0.793276885541702
source/12kHz_DE_data/B/0028/B028_0_(1797rpm).mat,B,train,2,2.053,3.0545,29.994925,1797,1.97434082173815,1.48715898207726,19.1218586,5.21020327370562,3.90008931721351,0.0565150876559212,0.702249584011082,3.07090596131156,3.39598602551119,1.8,0.132998592832682,0.621167535162621,0.490983092796562,1,1,0.104366999400654,0.0357012537200714,0.018116939796557,0.0324394093738407,0.0431482164096335,0.0147441084881979,0.00559781363308815,0.00833201294446489,0.0188161583157722,0.0242720068143268,0.0126253177207952,0.00737718208038108,0.0317808094228718,0.0742476396157539,0.0855292977025929,0.0534320592289202,0.0262944862411246,0.0520669461472869,0.10183519422381,0.133579922225507,0.0161534720672588,0.00715032215590307,0.789020302306765,0.613706157071319,2.30546113031184,0.899139176406121,0.7038277199905,4.26847163423407,0.783655459173524
source/12kHz_DE_data/B/0028/B028_0_(1797rpm).mat,B,train,3,3.0545,4.056,29.994925,1797,2.05466852546716,1.56992541027921,18.058222,4.65088534937587,3.69808018496334,0.0510074596032199,0.70197391907222,3.45112724456401,3.67066278437407,1.8,0.159567396341783,0.57707657772096,0.517478299846616,1,1,0.0633723125528256,0.0257932747112185,0.0168735408871246,0.0231051059425437,0.0383249961285365,0.00559833822835572,0.00308213268535618,0.00536094392215996,0.0130537690474345,0.0198004928301401,0.00704727818248004,0.0040981898869775,0.0585467437020417,0.0872661235858478,0.105572791871867,0.0505461000620296,0.0286328649607787,0.0946746770052181,0.158078058194577,0.202762101482034,0.048259689181928,0.0268880256951861,0.758853921746917,0.404483433049583,3.22803674963039,1.11997705240126,0.647547576565269,3.92312186723205,0.785890289250528
source/12kHz_DE_data/B/0028/B028_0_(1797rpm).mat,B,train,4,4.056,5.0575,29.994925,1797,2.12391896674879,1.60030532656185,19.315543,4.83372257431212,3.82610287927806,0.0562446135256957,0.658668954538217,3.10863829177937,3.53744446023166,1.2,0.2183390957688,0.650935154240838,0.561908276730764,1,1,0.0954046705132002,0.0780803794287489,0.0165213246744327,0.0240106017237602,0.0328705411760607,0.00817137726662191,0.00349035469236086,0.0128476595742805,0.0241132335157485,0.0297339580733931,0.0168575087708584,0.00666722735187979,0.0448573870165192,0.0870932083677718,0.0980558224848521,0.0417451205246186,0.0183833328244487,0.0594142024037492,0.116457911346211,0.150947632694511,0.0130977771356441,0.00455842381695255,0.844187855438733,1.04849426103978,4.25889209193012,0.965159791221825,0.704462679420348,3.77886139647585,0.824229346276545
source/12kHz_DE_data/B/0028/B028_0_(1797rpm).mat,B,train,5,5.0575,6.059,29.994925,1797,2.08253090199683,1.57899779309054,16.8342668,4.32047484818374,3.71792709491527,0.0566254542913068,0.671226207423599,3.02773886017127,3.53404463769408,1.2,0.222080913806744,0.632695163507409,0.580049822468685,1,1,0.0443255035510001,0.0364843686661538,0.0227772227711722,0.0311929107018835,0.0461589459130625,0.0148585722278772,0.00774928027604182,0.0118410636775423,0.0143160827433337,0.0209946840639908,0.0113395350781449,0.00749614853378155,0.0439755219340545,0.05845564668215,0.0693199622854369,0.0427382620358367,0.0160378375327539,0.0693942576956549,0.104659560825058,0.129213369908181,0.023081777516069,0.00914357951026976,0.90531491828781,0.734589568534608,2.04607973831606,0.940595625454442,0.679305485506405,4.54775473592498,0.783513650066882
source/12kHz_DE_data/B/0028/B028_0_(1797rpm).mat,B,train,6,6.059,7.0605,29.994925,1797,2.13584234007993,1.61579406229177,19.7948712,4.92916164903478,3.74030469397186,0.0552253594104231,0.665275224341011,3.00812381458227,3.38480586080458,1.2,0.213844775845957,0.631707823927537,0.535606654678765,1,1,0.050594818933047,0.0228311225237856,0.0295981845056813,0.0381273608625357,0.0514621675297647,0.0175300795384571,0.0137043918898487,0.0111057230439478,0.0243757672224144,0.0266526816943449,0.0216373900462459,0.0102874188791709,0.0559296529617667,0.0812244699189656,0.0961425610206317,0.0604163440869044,0.0221083248694091,0.0713242541848843,0.121062980205666,0.146886042963161,0.0169498843779105,0.0123487502357319,1.44553765545709,1.08639095307605,3.04020070596959,1.02934381063274,0.694104224978912,4.25626288071901,0.782036709267993
source/12kHz_DE_data/B/0028/B028_1_(1772rpm).mat,B,test,0,0.05,1.066,30.0058666666667,1772,2.07362895132485,1.54887967103365,19.217887,4.79243755242997,4.17483587319324,0.0530349192101591,0.593018399610673,2.23710967558015,2.7794487027154,1.2,0.265007630959842,0.742794500220192,0.646790186386487,1,1,0.0744044864025125,0.0434979877834674,0.019218452904157,0.0300266227186605,0.038475257540478,0.0177838112782685,0.00828156902093685,0.0058935160347849,0.0116167684384812,0.0190931395012686,0.00576979011637322,0.00213280149797676,0.0215048059443709,0.0400976936608752,0.0430828231320142,0.0325251371680426,0.0106184788830866,0.0445787390154077,0.0808481553969669,0.0990899251562299,0.0269512216956677,0.0157857511259914,0.954569960464431,0.61002918231954,4.92376394868788,1.10799165180783,0.70953307360423,4.05233207130123,0.816710631280073
source/12kHz_DE_data/B/0028/B028_1_(1772rpm).mat,B,test,1,1.066,2.082,30.0058666666667,1772,1.93961661649461,1.45900879470157,18.2315614,4.8085733927183,3.91092112292519,0.0495377573512026,0.687802954972047,3.01825148641966,3.37047773631491,1.8,0.18691904979215,0.609198912324075,0.613000508463386,1,1,0.0525801291411075,0.0311127136627381,0.0304102607531983,0.0419336424311484,0.0543296036050129,0.0141304020157952,0.00884732902326424,0.0127529064352209,0.024653286316753,0.0337554896811121,0.0129864689470437,0.00555094462046957,0.0415367404635301,0.0534111463447556,0.0652332395799279,0.037062556431838,0.0198565714954031,0.0863266477993054,0.136834971308468,0.190465004465945,0.0604485272434356,0.0353545437614313,1.33443134681888,1.4852150961751,1.95409853579838,1.05512796623296,0.712760762837426,4.72816685530636,0.792292740265886
source/12kHz_DE_data/B/0028/B028_1_(1772rpm).mat,B,test,2,2.082,3.098,30.0058666666667,1772,1.94801361930077,1.46730383230023,19.6239732,5.45019649821144,3.98344245865123,0.0462001095982361,0.66375598118666,2.84063544402029,3.38982219590786,1.2,0.2235505565806,0.641543045148263,0.575642969180164,1,1,0.0577904412739166,0.0269203019936024,0.0215387364247078,0.0450681982362165,0.0620779668625005,0.0199925965056817,0.01105202983864,0.0130927645781636,0.0240576303260609,0.03034840685427,0.0153955095624303,0.00599735131358174,0.0181256727796271,0.0308299330132361,0.040081603301276,0.0223755331928873,0.0137146148228392,0.057647457776894,0.0936340880041824,0.126618235959509,0.0374825699750061,0.0149340563489407,1.59280059386952,0.934942117393734,1.00480932386567,1.07255789534565,0.712460167496319,4.1988949405704,0.834821738378648
source/12kHz_DE_data/B/0028/B028_1_(1772rpm).mat,B,test,3,3.098,4.114,30.0058666666667,1772,2.0853825715059,1.56756607463372,19.6703598,5.1668798510224,4.14985637916428,0.0610717247122408,0.629583379833485,2.78593205513758,3.11208746595969,1.2,0.284288178704818,0.651648278933614,0.682065653495423,1,1,0.0520805986536465,0.0376859132733777,0.0166703728511728,0.0285863829172571,0.0389407004306694,0.0179649588230853,0.00826892236550765,0.017076271165137,0.0261477139920927,0.0335413482392211,0.0170211432077799,0.0100747674973883,0.0771996677629262,0.0892127349746996,0.098687892526613,0.0816797108267881,0.0651795910679707,0.108017317607738,0.126413346623612,0.151125255651216,0.0288811602798489,0.0161645029332796,0.7467092363536,1.82058227467729,4.70056594344349,1.12356945708605,0.731655456637218,5.37583309546935,0.809513645525384
source/12kHz_DE_data/B/0028/B028_1_(1772rpm).mat,B,test,4,4.114,5.13,30.0058666666667,1772,2.04805989119439,1.55765374384928,16.6251202,4.24333198046009,3.57052637905676,0.0434043431393085,0.604349590135797,2.58368888233818,3.15606692290679,1.8,0.151456666697574,0.692265656954411,0.622394569324016,1,1,0.0315965684841385,0.0136631289778598,0.0128832649987511,0.0277798708115739,0.0370193996626913,0.0172840766397957,0.00656571502091022,0.0104350043024027,0.0189413745725021,0.0272942916325524,0.0107980760137527,0.00498088664240826,0.0413696499734524,0.0500331177652559,0.0588036257613575,0.0417849129551776,0.0312429966931831,0.0948292751406511,0.113439870099415,0.140475642735855,0.0542604250835015,0.0465185765601142,1.33320725642146,1.13540367723368,2.89857255881172,1.07032367994583,0.688679995468171,3.73439849214258,0.818318593475118
source/12kHz_DE_data/B/0028/B028_1_(1772rpm).mat,B,test,5,5.13,6.146,30.0058666666667,1772,2.0247439433376,1.54068975027789,15.9773354,4.035278327424,3.5851325650453,0.0426931170593342,0.671994919594483,3.32627548876147,3.75316189758631,1.8,0.157964521833802,0.597457864614246,0.573500759568186,1,1,0.0348598479307691,0.0279618686302237,0.0181008806818613,0.0412628098210502,0.0576059244524941,0.011299024443137,0.00898811456749028,0.00732914399038444,0.0155475508149089,0.026555457193284,0.00321511727610407,0.0012701337372369,0.0253179236231302,0.0433302500120521,0.0554823201297681,0.0226895416716925,0.0115835376204319,0.101596880506402,0.144274250665418,0.180747186244106,0.0678716887547934,0.0396680645292855,1.20464453022626,0.525317282487816,1.79063293416694,1.07912978218381,0.693166991717901,3.5359579632721,0.819120913135862
source/12kHz_DE_data/B/0028/B028_1_(1772rpm).mat,B,test,6,6.146,7.162,30.0058666666667,1772,1.99777686855659,1.5111030384778,18.5489434,4.79499584286045,3.7882627254017,0.0514809938537104,0.736622037132518,3.79266340451955,4.08563580076911,1.8,0.163605604923884,0.536047531543365,0.532400782693013,1,1,0.0302905825413271,0.0134415426916555,0.0233363285427266,0.0563477770893596,0.0659235519291125,0.0267777472503429,0.00976256040777074,0.0129658631504006,0.0282793716299742,0.0424998728501231,0.0124838251506979,0.00432612610134042,0.0495445320640796,0.0664778488362751,0.0826213383679326,0.0363515409598506,0.0131862407095242,0.106002239820633,0.132601998740254,0.175635105305457,0.0451957812118071,0.0260308724887613,1.67008671104432,1.03710056691056,1.69624706147741,0.951575005492915,0.710288410039858,4.12454605094842,0.790232279517922
source/12kHz_DE_data/B/0028/B028_2_(1750rpm).mat,B,train,0,0.05,1.0785,29.9979166666667,1750,2.16501483998558,1.65064114985383,18.1143742,4.32661177457021,3.62542321600933,0.038893402118822,0.628480039845817,2.66886385846451,3.20035150312418,1.2,0.256246151384084,0.666363078994064,0.609674644133728,1,1,0.0223612881668849,0.0148472196450973,0.0188374985393418,0.0303178195251612,0.0419180682655256,0.0179975012720744,0.00751448059565429,0.00895809896554601,0.0163731849287603,0.0224277389662474,0.0103777920321228,0.0056284048992858,0.0449824949456343,0.0577122918081588,0.0636212092733755,0.0427123338014839,0.0306156128279949,0.0582541901810628,0.077417067565659,0.10075653223818,0.0117353909545369,0.00718921138978182,0.600336778416536,0.932392043462392,3.27131489318276,0.874885534553731,0.708594606792392,3.66368845256285,0.808933251169984
source/12kHz_DE_data/B/0028/B028_2_(1750rpm).mat,B,train,1,1.0785,2.107,29.9979166666667,1750,2.08568445588699,1.59919638175443,16.414346,4.07194876757541,3.43034977647799,0.0351939147328766,0.634071429808264,2.76941771660624,3.52513673600609,1.2,0.195069863940058,0.691205006771871,0.590468410241977,1,1,0.0994252691516087,0.0334147817435627,0.0135800351248299,0.0269467242244072,0.0428634709832521,0.0102545965950612,0.00708640518140544,0.00635181147615506,0.0180784690590269,0.0324520510624388,0.010648906914237,0.00597877118870474,0.0281602944973639,0.0563262424928359,0.0621948559059147,0.0393395608241654,0.0150936213823697,0.0429456667415523,0.0798443724619009,0.109131140719113,0.0130465679996049,0.00472065344676966,0.636930903042511,0.702600277379752,3.61258643932122,0.98552013862031,0.685688729141185,3.5668279352319,0.740601256856099
source/12kHz_DE_data/B/0028/B028_2_(1750rpm).mat,B,train,2,2.107,3.1355,29.9979166666667,1750,2.14599249987768,1.62156957384529,17.980911,4.32127319472756,3.84660326520744,0.0444681771605799,0.609148518319178,2.49597980991641,3.04390226670201,1.2,0.237254580948749,0.684817112503199,0.629219298328807,1,1,0.051767373789418,0.0348461223982256,0.0245189636164681,0.0372766253773056,0.0485867378598333,0.0293047740215646,0.0151842222251878,0.0107197001230995,0.0257286029216725,0.0304751590209024,0.0223286190293436,0.0102961376910098,0.0461583807658644,0.0619877045605356,0.068522536230297,0.0501277040296365,0.0264687487447636,0.0606985082499909,0.0875403108229371,0.104440230101825,0.0182715832566289,0.00700950346322526,0.966519625518556,2.28969086572595,3.48118527925027,1.08144415115665,0.736381108588807,4.35415406118862,0.766183693513229
source/12kHz_DE_data/B/0028/B028_2_(1750rpm).mat,B,train,3,3.1355,4.164,29.9979166666667,1750,2.1283139809144,1.62778007334706,18.6978688,4.4183519660986,3.77931845635765,0.0454663837171255,0.610827818197517,2.55796668859639,3.02851909671716,1.2,0.245107009247724,0.680989251946646,0.668797145953889,1,1,0.0303826220239914,0.0145843923659212,0.0265177084085471,0.0363179980005118,0.0460181108162209,0.0269397863735792,0.0136396645011891,0.00917541512947917,0.0213280330715313,0.0305907755984096,0.0178251861256574,0.00643824337710428,0.0528940506242196,0.0662003584636617,0.073108220116928,0.0547778897246468,0.0316428147019885,0.072749142111368,0.0914223201433947,0.111573020628388,0.0160965384549195,0.00702016878743546,1.1349004149781,1.31738906468191,3.72646419275203,0.971155116802939,0.726626092566759,4.77528088952669,0.777485238939898
source/12kHz_DE_data/B/0028/B028_2_(1750rpm).mat,B,train,4,4.164,5.1925,29.9979166666667,1750,2.17007831804318,1.63717709227976,18.1013534,4.31106392686514,3.96077987539197,0.0508564065527032,0.581554434602486,2.40227520557832,2.817115693957,1.2,0.277236515900924,0.688987159053944,0.707169428119129,1,1,0.0366644882060146,0.0238943446908027,0.0371597941796621,0.0452582048664428,0.0519975114659932,0.0324818678753894,0.0175748847216829,0.00697927847902653,0.0173885105293895,0.0244279308066388,0.0145588701456743,0.00630801093016556,0.0494712745486568,0.0645694168561455,0.0688256658939376,0.0538407660706011,0.0350185192933821,0.0769119240054398,0.099080362482752,0.111876134567449,0.0260680676024879,0.015895263403275,1.29616053688636,1.06447036986681,4.43665340133511,1.34304769715742,0.738339539332917,4.53180543088173,0.791288783627008
source/12kHz_DE_data/B/0028/B028_2_(1750rpm).mat,B,train,5,5.1925,6.221,29.9979166666667,1750,2.14669835564253,1.64240532980453,19.8461406,4.80048121852365,3.64498199978516,0.0406581173367174,0.577172692487096,2.28773295741861,3.08001406023467,1.2,0.204255141997207,0.774881995137914,0.589158039471879,1,1,0.0699900890434233,0.0460007137452525,0.00955426264187471,0.0192076479655152,0.0314233221383359,0.00518552546359659,0.00176407387776074,0.0057312460133,0.0163010609640402,0.0206545757678327,0.0106740221110625,0.00437163186438405,0.0304960183641415,0.0413765176384101,0.052931998008895,0.0309431983502089,0.023975941333269,0.0399779442272847,0.0700634845164039,0.0973567952633865,0.0172416517779387,0.0108816185689394,0.926303484269814,1.35058657493546,2.34284131903438,0.723139346973364,0.709715992498353,4.14935420684719,0.771845448536886
source/12kHz_DE_data/B/0028/B028_2_(1750rpm).mat,B,train,6,6.221,7.2495,29.9979166666667,1750,2.12156906787929,1.60928358724542,19.7598778,4.91210304045755,3.86602721416714,0.0433727024650526,0.537279511425094,2.09131125361894,2.55212864863107,1.2,0.253300926229527,0.783104385635391,0.724882205149631,1,1,0.0539414831877922,0.0383699938424573,0.0329834631709039,0.0365133525958803,0.0444034296502206,0.0313064204373088,0.0209468505383039,0.00357914726860216,0.00684516581829662,0.00874373421954889,0.00566963319272402,0.00272793883470802,0.0334614403360411,0.0390099345424161,0.0441170210191346,0.0295603885909739,0.0231886675031124,0.0412723502922117,0.0535998581749923,0.0668215395256515,0.010342341787073,0.00460631889950912,1.78950443910187,0.465784655015334,2.84615368889535,0.540110016632117,0.726651851053376,4.33683360374724,0.791055984099922
source/12kHz_DE_data/B/0028/B028_3_(1730rpm).mat,B,train,0,0.05,1.0905,30.0010833333333,1730,2.15188324871939,1.62741565793212,19.4490062,4.67092962902762,3.8547258147623,0.0451283493791839,0.618356738521378,2.64020252194933,2.97136519338428,1.2,0.258561931216873,0.666590521108227,0.700466089400111,1,1,0.0325513357780114,0.0182329992530731,0.0178065359720486,0.0245434958023152,0.0385436257689327,0.00872091271954988,0.00609662135054807,0.00876334471687692,0.0118207700458022,0.0181925314681245,0.00814864980134457,0.00603201691986882,0.0666846569799285,0.077349000189018,0.0830421894366258,0.0689291450852728,0.0504184040886012,0.0918169159906179,0.131434136544453,0.15716912752836,0.0393136700956231,0.0150542395798202,0.604006683637769,0.730954651359304,4.64021205654438,1.2422770601008,0.72114386244457,4.52741250788869,0.775856329685896
source/12kHz_DE_data/B/0028/B028_3_(1730rpm).mat,B,train,1,1.0905,2.131,30.0010833333333,1730,2.09296857124499,1.58016187189447,20.6412232,5.25231324370618,4.11029383633845,0.0423501607748513,0.650531342666844,2.79017663978185,3.15760485554867,1.2,0.310150938844093,0.65227933951678,0.63645968120456,1,1,0.0354581570903371,0.0121351301044141,0.0127881640539019,0.0362083256914315,0.053556792136703,0.0233056734316025,0.0127186519503836,0.0120491313738889,0.0210410347597725,0.0302098731759131,0.0118103904829049,0.00626280364917082,0.0612915936385206,0.0678755746524474,0.0745934628953044,0.0554207772155556,0.0410037614248514,0.0908994429264534,0.11873635521848,0.151358929821666,0.036187742267135,0.013673779681828,0.94308118575133,1.64623840317014,4.35085846381624,1.23934379833715,0.700752005367344,3.91085406257952,0.750641010781199
source/12kHz_DE_data/B/0028/B028_3_(1730rpm).mat,B,train,2,2.131,3.1715,30.0010833333333,1730,2.15099272826373,1.61975114132532,18.1973818,4.29249956003404,3.96620871227222,0.0433019891566697,0.611102778052615,2.39744055262082,2.95902462596247,1.2,0.252605649581591,0.730751668495529,0.665028491445606,1,1,0.0552862786014212,0.0328229596259918,0.00989311649729061,0.0147022146156311,0.0301961089162793,0.00599139523210451,0.00394268872911673,0.0114055187529788,0.0211473806939172,0.0269126411897053,0.0149792947987081,0.0101506110077966,0.036531099020001,0.0481268071903895,0.0555237574871978,0.0287134521735235,0.0149722889301366,0.0513501535596793,0.0733442554322942,0.0879042692759846,0.0156231553439426,0.00556080550115027,0.388117261970704,1.63223971095032,3.10671599910411,0.931439835773067,0.705650955220373,3.55916532666234,0.763922808618519
source/12kHz_DE_data/B/0028/B028_3_(1730rpm).mat,B,train,3,3.1715,4.212,30.0010833333333,1730,2.19472860802138,1.66038722929897,18.6343924,4.40199693226467,3.89404981866935,0.0427606336696012,0.601992633339654,2.43492565240472,3.11566480324857,1.2,0.304264417237772,0.725135606120281,0.654373328897838,1,1,0.0807081038258528,0.0412664805757614,0.0243865189553166,0.0348588748243371,0.0495631188642945,0.0218086204234981,0.0118886118207373,0.0134727919501892,0.0218393971395063,0.0283281742165579,0.0136358622104193,0.0102316432378333,0.00998312696992898,0.034718239755253,0.040843719859565,0.0208209187657572,0.0148271154090257,0.0517173883761557,0.0821187447330669,0.103842065822036,0.034375666434005,0.0242113697481557,1.33017366743551,1.90517807276994,1.56970156676584,0.919520342492639,0.728396665612952,4.12489592077159,0.744294956045392
source/12kHz_DE_data/B/0028/B028_3_(1730rpm).mat,B,train,4,4.212,5.2525,30.0010833333333,1730,2.08575857003358,1.57568401937201,21.4444438,5.43539267789177,3.9175923539378,0.0446370598041053,0.651525759623693,2.83303317546059,3.31024699853053,1.2,0.265961276300471,0.674972794058254,0.604283761236953,1,1,0.0716814067320841,0.0380378934486874,0.017046517128667,0.0338213411578917,0.0488744747587097,0.00999450521882249,0.0066788728145771,0.00302313452443556,0.0141557434104963,0.0198916777114629,0.0113243961165219,0.00845607949967545,0.0315199840794154,0.040346891347573,0.0467575979232152,0.0259076533132604,0.0102855366252643,0.0570815183603512,0.0741656301083287,0.0923304323467171,0.00920788610690411,0.00518096954215285,0.822935347625121,0.688046560894726,1.84372154238272,0.699653288527479,0.716204453046393,3.46930254238207,0.739765685791712
source/12kHz_DE_data/B/0028/B028_3_(1730rpm).mat,B,train,5,5.2525,6.293,30.0010833333333,1730,2.24075602322133,1.70149945779517,19.2968256,4.42997626700874,3.64850182203344,0.043996793166976,0.602099947442561,2.4077228531949,2.89107995689253,1.2,0.238646403618773,0.702413070926944,0.609056491981526,1,1,0.0398611281817005,0.026851574369937,0.0264182620629639,0.0506521139143038,0.0579521173537314,0.0316056482366784,0.0141284235890365,0.00665282474788131,0.0152665891684252,0.0167803027998675,0.0129081596512776,0.00742480943916294,0.0231069333080456,0.0308939798930517,0.0371660309318694,0.021644470295967,0.0141162605616127,0.0532478698740176,0.0795903446419435,0.10959344764191,0.0328664949713575,0.0148722630853207,1.70978337490864,2.21891496314732,1.6037063669237,0.737084352839507,0.715058765727571,3.9585004495098,0.763590378537884
source/12kHz_DE_data/B/0028/B028_3_(1730rpm).mat,B,train,6,6.293,7.3335,30.0010833333333,1730,2.10431056125892,1.58193120796845,18.7027516,4.6833332448506,3.97560649436943,0.0404518108806685,0.649437045889918,2.63297107401318,3.24020251342514,1.2,0.244577165451193,0.663064420668329,0.593834966860212,1,1,0.0649326759639665,0.0327233651091587,0.0146800600568938,0.0319128076993157,0.0453515599702375,0.0145011180610454,0.00791804010084962,0.00730273822892545,0.0152981584909479,0.0249821584217504,0.00810170093740812,0.00477765910790214,0.0439870735715251,0.0602400737532867,0.0782235470180892,0.0380681291604371,0.0206559282585006,0.0792722981319198,0.110634585866906,0.154823057703876,0.039931142179089,0.0215148574316986,1.06262175876315,0.986298687958017,2.5069261350878,1.09824889203545,0.695923665031124,4.19207909508027,0.770800251011239
source/12kHz_DE_data/IR/0007/IR007_0.mat,IR,train,0,0.05,1.0515,29.994925,1797,0.291011551448633,0.210345704802754,2.73995576846307,5.12064682839483,5.04294745809756,0.14185694691931,0.37633388772394,5.8334063336476,3.01446947959459,5.4,0.564986032032895,0.116261534827332,0.289418741678382,1,1,0.00501631310080881,0.00499516167905471,0.0597154926377619,0.177039764458562,0.211211579643596,0.103874348445078,0.103171855643609,0.564779872277229,0.565322402770286,0.56599562344699,0.506189513600917,0.506065634861629,0.0186724273244278,0.0197380209909843,0.0210839917003188,0.00197464713702443,0.00124003803300607,0.0245055950924349,0.026472491986253,0.0332310040072692,0.00394963054148264,0.0035284274832657,5.41760008221818,208.018535623488,5.07192047140009,0.381517876350785,0.681027229061037,3.41730512494548,0.648847213431437
source/12kHz_DE_data/IR/0007/IR007_0.mat,IR,train,1,1.0515,2.053,29.994925,1797,0.293398060222583,0.211541013325684,2.82019872255489,5.53635184713011,5.354143304207,0.136151337693735,0.378581569589786,5.78025174720608,3.03368533598313,5.4,0.566145272540515,0.114959386648705,0.2712295872011,1,1,0.00801362467916825,0.00753102319137725,0.0539550595308014,0.183096896544237,0.211561577778939,0.111260334038139,0.111067393474092,0.566075031931238,0.566395451172853,0.566886114715279,0.512803474882462,0.512631109227027,0.0210315139407418,0.0214606364912475,0.0244485016843341,0.000466378221923378,0.000269350095676159,0.0300786844978261,0.0313733463841463,0.0378328379526949,0.00557206873872542,0.00536691374467462,6.2246696167369,181.103639145845,4.77837659691424,0.497239512183876,0.690481490321158,3.57028424869915,0.646182440447087
source/12kHz_DE_data/IR/0007/IR007_0.mat,IR,train,2,2.053,3.0545,29.994925,1797,0.291940740092489,0.208952780892027,2.99725301397206,5.78341795452437,5.51655619110687,0.16659085457736,0.37702675925404,5.75767401201554,3.01335258806444,5.4,0.571548023080127,0.120343558111643,0.279898877969761,1,1,0.00589574995328531,0.00561578141994593,0.0586405920413753,0.180835808674411,0.20769808344507,0.108956079213662,0.108793760989882,0.571341954508083,0.571799260705063,0.572138748073055,0.513218140036514,0.512931947782722,0.0177745408753974,0.0183669180420794,0.0210751254628311,0.00102432458822008,0.000510397931633789,0.0251586555840082,0.0266755511856637,0.0324891017761832,0.00447517234102036,0.00396896680885876,6.36770170075701,201.979020742651,4.00040519710099,0.405251341356801,0.703610908799951,3.545770942197,0.649521933934356
source/12kHz_DE_data/IR/0007/IR007_0.mat,IR,train,3,3.0545,4.056,29.994925,1797,0.289246009538453,0.206649099179558,2.85333548902196,5.4519395023032,5.4266902021944,0.138541311327592,0.385171381289329,5.69725597227438,3.01394020213017,5.4,0.553638599615331,0.122578661800362,0.27738179136741,1,1,0.00769369551802314,0.00694850163655501,0.0578849884512106,0.195783649427713,0.228616760835254,0.123702540962751,0.123447414757259,0.553540163379787,0.554114273539458,0.554704155333857,0.496288678333868,0.495928295806386,0.0195994203716384,0.0203211137889958,0.0225408304661362,0.00200504956248622,0.00179499010130334,0.0272354028511968,0.0292956535945076,0.0357675939733714,0.00562687357036903,0.0046568933902372,6.22607162344363,165.255073123626,6.12880792272758,0.422559370445691,0.708690482005695,3.73032835358935,0.640927492694144
source/12kHz_DE_data/IR/0007/IR007_0.mat,IR,train,4,4.056,5.0575,29.994925,1797,0.291272768878354,0.209650996946493,2.68554,5.10309461373065,5.1432147075693,0.176836166671764,0.396466156234789,5.80145164757084,3.06723771413757,5.4,0.557322654440035,0.119722354134683,0.283349909908844,1,1,0.00747801043699408,0.00490127017452414,0.06139068652925,0.186293934817348,0.220019117450706,0.107539651805651,0.107339190358086,0.557226801075443,0.558653613678642,0.559736299070492,0.497098715714719,0.496078824100302,0.0244564650532191,0.0262866070340678,0.0270689884778584,0.00596736019406249,0.00464877379658669,0.0317169472771808,0.0345204767895308,0.0440740860594147,0.00509472818006802,0.00501319475434254,5.72848407086415,143.674633979434,6.57691801513057,0.495013784047152,0.698424173175723,3.65189587858286,0.641107082232231
source/12kHz_DE_data/IR/0007/IR007_0.mat,IR,train,5,5.0575,6.059,29.994925,1797,0.29355024936627,0.21157137796067,2.96086754491018,5.88181649517232,5.21171800837794,0.202517993459633,0.387007332440268,5.78026615292697,3.0562005557814,5.4,0.558384709865454,0.114912198849713,0.276917899389526,1,1,0.00512055130575919,0.00438054451314666,0.0538739675509589,0.180191509957811,0.207583944899668,0.108016487651804,0.107610879743974,0.558324946444932,0.558770630700276,0.559449018806663,0.504709205084506,0.504299378180811,0.0244155719607315,0.0248341680120668,0.0258047728400219,0.00167429364584133,0.0015827353152999,0.0355466872822667,0.0370499873746733,0.0467579051832581,0.00792756368255279,0.00778182871938059,5.18797500497331,204.335136187682,6.7027884276083,0.561212045730443,0.682774861688618,3.57038837080089,0.654474144546974
source/12kHz_DE_data/IR/0007/IR007_0.mat,IR,train,6,6.059,7.0605,29.994925,1797,0.291257482524104,0.20781646532848,2.85479740518962,5.78118710749935,5.57102655852192,0.205646867252064,0.385830585685573,5.79362842757292,2.99316695769569,5.4,0.571937665764906,0.109607836699139,0.266643135868657,1,1,0.00602586385935188,0.00596431546567128,0.0571609360798881,0.184348724294488,0.214879278726229,0.110290283491731,0.110035950701969,0.571573605982808,0.572189405421987,0.572920974621898,0.514803002701949,0.514606057414009,0.0240882294142291,0.025095187499476,0.0276678403473749,0.00269993816757592,0.0018426945899103,0.0306912614669194,0.0328491157567554,0.0440540742381827,0.00475709998380854,0.00452305559026383,5.46312863440823,136.251339203304,6.5030453516395,0.524181703627498,0.697031248638165,3.47515828883968,0.643015540858824
source/12kHz_DE_data/IR/0007/IR007_1.mat,IR,test,0,0.05,1.066,30.0058666666667,1772,0.290939421589889,0.20720888419303,2.78706195608782,5.08448592719952,5.40593254752458,0.153207606678201,0.357504639321775,5.89029306724562,3.03757200096033,5.4,0.618469241429818,0.1238306614289,0.296630693511658,1,1,0.00328075993185365,0.00270552229152298,0.080636286903358,0.174159994012347,0.201523943995187,0.0835335230923969,0.0831770383519171,0.618210662863324,0.618619264635685,0.619068147926186,0.536865390358778,0.536673802942011,0.0134330858376476,0.0139891285731708,0.0146357436973224,0.00331165918094227,0.00293027943959688,0.0166570026577053,0.0179422013610355,0.0264556114117935,0.00245231986662823,0.00228873356602388,7.31036324236225,160.563462096791,1.85557184558015,0.227095631567812,0.719274596839341,3.21598991181143,0.642330334223952
source/12kHz_DE_data/IR/0007/IR007_1.mat,IR,test,1,1.066,2.082,30.0058666666667,1772,0.291069079773421,0.206358648836877,2.76935652694611,5.27384229938881,5.49893716617877,0.113725235612665,0.357194922802386,5.85495352063002,3.1058202053488,5.4,0.613633578524627,0.142871917954292,0.306818123290174,1,1,0.00350284722857072,0.00294610361806548,0.0854748872616559,0.174442463698821,0.200866003778072,0.0773194246610705,0.0769504524432306,0.613518595695865,0.61369124815954,0.614321058002351,0.527415601440848,0.527325814263108,0.014700583416104,0.0154576732968814,0.0163201674160802,0.00304242032721278,0.00249401413434793,0.0201315230892047,0.0215094857972863,0.0274385177844973,0.00454263150348347,0.00438710880993788,8.40834624282604,152.247064938134,2.21321507677614,0.261626883969255,0.715756870740308,3.25257370675508,0.641493289623811
source/12kHz_DE_data/IR/0007/IR007_1.mat,IR,test,2,2.082,3.098,30.0058666666667,1772,0.29252423275623,0.206313787260739,2.85479740518962,5.3695284202231,5.75316809489613,0.14692414023033,0.361760193941983,5.88053492735677,3.11496426347509,5.4,0.609993523732765,0.1422589351698,0.309244597698963,1,1,0.00292452867275673,0.00271253877252027,0.0878904386751235,0.174427969615658,0.204585165004555,0.0753173543929097,0.0751769460133399,0.609803902160571,0.61011425325898,0.610433291350199,0.521018266156166,0.520574601711331,0.0145144053816171,0.0152869344216447,0.0165564699679577,0.00317432858074378,0.00251316262435415,0.0183855173563218,0.020119947148941,0.0272962566210147,0.00304769993070664,0.00291164189527361,7.39632289073517,140.53570396798,2.06293688910439,0.236337025031304,0.7208453715764,3.22600836025501,0.633251150599288
source/12kHz_DE_data/IR/0007/IR007_1.mat,IR,test,3,3.098,4.114,30.0058666666667,1772,0.291369185800242,0.206525170116772,2.89248235528942,5.39758755415943,5.78255546061786,0.135680884498276,0.367553093985865,5.93020656239879,3.10394921727586,5.4,0.613438212619954,0.129993755842163,0.30820972949747,1,1,0.00376778727925398,0.00345160517110629,0.0949958477953243,0.189430548064734,0.218974812350394,0.082563991990466,0.0822201252124871,0.613369926646396,0.613695939796899,0.614271708185114,0.517339057320494,0.517048751502162,0.0148375102752359,0.0155183562865975,0.0163553335682629,0.00355413263152009,0.00328468169457822,0.0200725911660818,0.0220690915210465,0.0306200545655386,0.00452174185098953,0.00356203554238603,7.88689313657174,140.763854533868,2.44415245549562,0.281612277064353,0.712056600453082,3.32756924702651,0.636880590033913
source/12kHz_DE_data/IR/0007/IR007_1.mat,IR,test,4,4.114,5.13,30.0058666666667,1772,0.29508406279035,0.208586652257743,2.84521373253493,5.11074581151898,5.63118167013378,0.114574705622751,0.367598181970273,5.82607808263716,3.07979339362259,5.4,0.593641188985333,0.138765740036361,0.30011807819705,1,1,0.00297212631289756,0.00278575906621947,0.0846031999321907,0.193284359020611,0.22272174205853,0.0963279190722429,0.0960415709267308,0.593587598722657,0.594062296553121,0.594741435195738,0.509467135559036,0.509251153190057,0.01743598486402,0.018150821681182,0.0192329972031501,0.00476561519778598,0.0045154180328689,0.0227953573818079,0.0247737606755015,0.0303109075374216,0.00430156027174444,0.0040348922476381,7.99695895340745,141.383487127009,2.45746267519335,0.295608696175293,0.7028969016688,3.40661659126896,0.625343232035958
source/12kHz_DE_data/IR/0007/IR007_1.mat,IR,test,5,5.13,6.146,30.0058666666667,1772,0.293823123135183,0.208172653552854,2.7548998003992,5.0682263763154,5.50291737526374,0.137560670384402,0.360048157417532,5.89832557486794,3.05273792937831,5.4,0.616980908244956,0.12211105131674,0.291595880200787,1,1,0.00524844249136124,0.00512345291551446,0.0899403156922892,0.193273506382801,0.221696445401728,0.0918792017333429,0.0915113372944617,0.616837407615907,0.617348095716728,0.617489915635723,0.52619983314722,0.525876751182178,0.0159392945715503,0.0163221158969826,0.0174145279274258,0.00448200413660574,0.00432946547924014,0.0203728232713986,0.0217030714892607,0.0293502818058769,0.00397792208282412,0.00377860520550202,7.79371793620433,156.635037419767,2.43044839696492,0.291110864175774,0.711611348706026,3.42079819872086,0.635082359413844
source/12kHz_DE_data/IR/0007/IR007_1.mat,IR,test,6,6.146,7.162,30.0058666666667,1772,0.291035454973075,0.207482418022264,2.80135624750499,5.06861652526656,5.3205514092377,0.113302157171389,0.355218334301898,5.89831092748678,3.03234662937399,5.4,0.62150505264269,0.125732097452899,0.297222275154452,1,1,0.00352333779873878,0.00317865600483992,0.0879254739250321,0.179962672984256,0.208304153516392,0.0812558434874576,0.0808560797296425,0.621370077296188,0.621643169157943,0.62196644067056,0.533553896859823,0.53341348059665,0.015496867381868,0.0158940597239315,0.0168898150387984,0.00415619033477991,0.00360976953842851,0.0195939899160082,0.0212037994976646,0.0281562130635834,0.00368128991083681,0.00321812093268134,7.68766278759507,194.305109851431,2.37124909807477,0.279807603691538,0.719879647853282,3.36793249027811,0.643553245009942
source/12kHz_DE_data/IR/0007/IR007_2.mat,IR,train,0,0.05,1.0795,29.9927666666667,1748,0.299807973597572,0.214715667014533,3.02925273453094,5.45323065540622,5.57428562614775,0.0966688581292012,0.400347612782953,5.61995807694792,3.18779936844151,5.4,0.569961733018659,0.196453915640984,0.331079374986227,1,1,0.00949710070566142,0.00884703103677296,0.0746200409155855,0.136814457879463,0.179188160895161,0.0548457793130338,0.0543551579623882,0.569897438817212,0.570556907435732,0.570952133463921,0.488634976150581,0.488353151156698,0.0152901235098459,0.015858871647267,0.0171635671838869,0.00233023062628704,0.00180852383680341,0.0278688683234618,0.0290891105452345,0.0450654645641459,0.00755539641858468,0.00720379517862578,4.03068645555401,110.180951891702,3.72825086243038,0.264485760250582,0.662895664545478,3.47601794379386,0.605356571107471
source/12kHz_DE_data/IR/0007/IR007_2.mat,IR,train,1,1.0795,2.109,29.9927666666667,1748,0.296005363777195,0.210751696891329,2.88744686626747,5.35121866797,5.61482017742753,0.0960558484043165,0.385754265423546,5.67260721571299,3.20312382571518,5.4,0.575886101467188,0.205473174679901,0.347725440890983,1,1,0.00845877480181051,0.00802102554918822,0.0882640132552044,0.145321559253397,0.189457956111212,0.0511809901994452,0.0502493354285631,0.575716960434291,0.576187973579533,0.576630360514149,0.481291336157193,0.481079281567605,0.0104710477828136,0.0107957019347898,0.0118276500077959,0.0022242109063224,0.00195296559121945,0.0230626491114219,0.023835854150984,0.035660294144889,0.00544258577496047,0.00510204260248052,4.6756539827704,129.510794549443,3.21887827162594,0.205688094271083,0.674560970746779,3.53882385891987,0.622331942490782
source/12kHz_DE_data/IR/0007/IR007_2.mat,IR,train,2,2.109,3.1385,29.9927666666667,1748,0.301882367111574,0.21480590539647,2.90986291417166,5.16085593903245,5.58604964272446,0.081283139889202,0.384716815255578,5.59588970019511,3.17266879911912,5.4,0.566971640746331,0.209894880116506,0.348524573196668,1,1,0.00691826071546954,0.00627150428540296,0.0763695383847144,0.139727361802654,0.177487732546068,0.0552209086013805,0.0548630135622084,0.566827268414314,0.567115921121071,0.567715006395567,0.484933699560394,0.484756902895073,0.0117788180285541,0.0129172314590177,0.014217676520474,0.00197637276125072,0.00152070715440323,0.0245540307062936,0.0266472707203062,0.0389257936609712,0.00699133952327822,0.0064036982601114,4.75697014775522,113.162353390642,3.71196810069197,0.229909408381684,0.676175596676025,3.5613329815516,0.613260879211989
source/12kHz_DE_data/IR/0007/IR007_2.mat,IR,train,3,3.1385,4.168,29.9927666666667,1748,0.300404306640984,0.215004732763397,2.78884874251497,4.89261173917113,5.46687829604809,0.0827400961662518,0.388029891943647,5.58383275897858,3.16253274513365,5.4,0.553737614130184,0.215139400084185,0.362263160869479,1,1,0.00588377993925321,0.00563913323734645,0.0827450963965432,0.145870138217144,0.189147465397907,0.056747467765382,0.0564054310214158,0.553574434845708,0.553915396532084,0.554377351393591,0.465850583989995,0.465660204633139,0.00978917990854691,0.010140149330672,0.0117184265363471,0.00261307029105163,0.0017374513469812,0.0240667007505566,0.0250303971572942,0.0358364025136055,0.00752971764569894,0.00729891700883851,4.49724279447098,101.874263454464,2.74724373128536,0.204469707606698,0.675199338226634,3.54832031165164,0.615263755697082
source/12kHz_DE_data/IR/0007/IR007_2.mat,IR,train,4,4.168,5.1975,29.9927666666667,1748,0.299364537128782,0.213173868003633,2.78527516966068,4.90822397833456,5.61648225713473,0.10422918757208,0.389419086764511,5.59392853301942,3.14870727267726,5.4,0.557816400020394,0.207908314288712,0.360166479145434,1,1,0.00541690108631649,0.00508792728057358,0.0793799637290284,0.144877638027874,0.184552659562593,0.0569775334642138,0.0561415891112011,0.557529094416179,0.558087398455592,0.558418066864488,0.474205305957328,0.474116230965086,0.0117960049631344,0.0129983050099797,0.0147575922787057,0.00275937492331122,0.00243611203163134,0.0278718016484289,0.0297867940517203,0.0411244490092311,0.00923153843433716,0.0089490772688315,4.52463484907054,98.5777833729393,3.5989769309634,0.250286518943228,0.675590827255236,3.52687570377423,0.619779996515117
source/12kHz_DE_data/IR/0007/IR007_2.mat,IR,train,5,5.1975,6.227,29.9927666666667,1748,0.299112418177265,0.2132561736893,2.79550858283433,5.02445968565201,5.50648470763198,0.0855386157301177,0.394491145556757,5.54650528528226,3.16521324344441,5.4,0.545092302516457,0.215529493437803,0.356123903330203,1,1,0.00669611078905595,0.00633015485613396,0.0797584688626847,0.149294203737326,0.192217662453863,0.0620134657441977,0.0613910745694244,0.544703298500572,0.545207143898518,0.545344706638911,0.461044132978902,0.460819619365384,0.010847889583168,0.0113366745872806,0.0136673752852173,0.00242395140536068,0.00211029336682968,0.0247607176769406,0.0260993130605348,0.0367987024116289,0.00844171944809314,0.00798946773720334,4.47639059477939,107.588702397097,2.65078533334138,0.218204208261145,0.685372483179339,3.57219392072862,0.617043629839519
source/12kHz_DE_data/IR/0007/IR007_2.mat,IR,train,6,6.227,7.2565,29.9927666666667,1748,0.302380488369328,0.214953667143087,2.80996530938124,4.86373095635921,5.6655877236328,0.090989568744684,0.39379831556317,5.54933613616648,3.14756741578577,5.4,0.550145215004109,0.215753244556818,0.360343986095764,1,1,0.00638334010963621,0.00579226223016966,0.0815446519396077,0.149214838354696,0.189812226874362,0.0608760825684321,0.0602105630349096,0.549868719157937,0.55057856674445,0.550829618173086,0.464522661807111,0.464090999104035,0.0103629600464693,0.0105483351044332,0.0134270605740182,0.00303697879392086,0.00265792098978688,0.022922823010676,0.0241988036329771,0.0358557704826443,0.00714502736878348,0.00671583064747499,4.7359073824315,105.152781682725,2.3923702841605,0.19909046621287,0.674975866068113,3.67515201187932,0.61376530823502
source/12kHz_DE_data/IR/0007/IR007_3.mat,IR,train,0,0.05,1.096,30.0027666666667,1721,0.306813117433958,0.220181545581786,2.72744826347305,4.56573136038211,5.17279722393877,-0.0128608447432967,0.490779863027562,7.57111825406218,4.11732341998815,5.4,0.509376080432227,0.119437437675008,0.46904964738808,1,1,0.00567961916588079,0.00378489537521577,0.22272938404759,0.297483691564624,0.359153405668372,0.0586129317238848,0.052246028970597,0.509111334533217,0.509859160374376,0.511353147965924,0.293285952452888,0.292922500924901,0.0279594757798245,0.0300541316849812,0.0337889283963671,0.00222266115576031,0.00108505470521878,0.0444852516828345,0.0485359805566794,0.0548845148425463,0.010774994107404,0.0101354418925949,6.46963716386089,91.4424167182721,4.31262436148239,0.679765871932286,0.642956478690482,3.48641746458008,0.517149628307621
source/12kHz_DE_data/IR/0007/IR007_3.mat,IR,train,1,1.096,2.142,30.0027666666667,1721,0.309767979287975,0.222051912959738,2.82393473053892,4.77285635160761,5.25609139239678,0.00102625564947457,0.490703518195394,7.66148411432017,4.18475335156493,5.4,0.493092360169578,0.126307692169082,0.483230655384854,1,1,0.00104495674689367,0.000518741393344386,0.218353318851155,0.292827711559833,0.354520768740893,0.0497071671759174,0.0458779759439295,0.492479029888359,0.4933159588394,0.495318536134983,0.278196845228387,0.277825709478843,0.0318661200989009,0.034555740008644,0.0379897479212935,0.00141307015364927,0.00071051676004117,0.0526993604923624,0.0568236044304292,0.0631618341266794,0.0145070518964537,0.0141169048240353,6.65573199923373,99.0768059649057,4.50255012649222,0.713552814194723,0.632739847743717,3.37704142059416,0.516147610751912
source/12kHz_DE_data/IR/0007/IR007_3.mat,IR,train,2,2.142,3.188,30.0027666666667,1721,0.316157531198065,0.226284949274202,2.93552766467066,4.6885030277595,5.22600719446026,-0.00884985576357695,0.492968419385,7.54629002124975,4.10166014032062,5.4,0.505074223703567,0.123575978287353,0.479409444739832,1,1,0.00128148888968333,0.000785019611846279,0.213253761401692,0.282031588954193,0.33621517814312,0.0457508071642324,0.0434094916101035,0.504575774877398,0.506084682902485,0.508716089723009,0.293963424958199,0.293506607056471,0.0310811236965937,0.0333845785396713,0.0366221729612559,0.00214335990298043,0.00127167430538749,0.0555888161415915,0.0595319018376326,0.0645736061050647,0.017206768443129,0.0163085718034762,6.36058309787226,64.6746160503665,4.19866074491794,0.735384791955265,0.626731456025161,3.42407642312204,0.502694669432682
source/12kHz_DE_data/IR/0007/IR007_3.mat,IR,train,3,3.188,4.234,30.0027666666667,1721,0.311509512381491,0.222751023714229,2.89816758483034,4.82284693221134,5.21393488293217,-0.012402303799293,0.486349894868993,7.6272537463128,4.14895617381247,5.4,0.501483565650191,0.129825836933075,0.48770516743806,1,1,0.00160389473660253,0.00113085186786173,0.222357818616129,0.297062904349159,0.350396122729884,0.0503586550268362,0.048497080109137,0.501175578851978,0.50220306036072,0.504199904011023,0.280842799175387,0.280423415901935,0.0320398023058436,0.0336653499795798,0.0364016835634626,0.0014082116592417,0.000964853855802719,0.051741225626757,0.0554852470253684,0.0601342054503136,0.01181894109753,0.0113108043219087,6.93059353739047,95.0319889165185,4.43762772045723,0.719619535461255,0.634894656595704,3.39759984172283,0.513388965484775
source/12kHz_DE_data/IR/0007/IR007_3.mat,IR,train,4,4.234,5.28,30.0027666666667,1721,0.315065816409141,0.22453013841083,2.90726395209581,4.7752891079125,5.29231850903705,-0.0265776472280848,0.498065196615997,7.49109627111942,4.22123676406217,5.4,0.481907390413546,0.144569640486332,0.46064805293899,1,1,0.00638316747979077,0.00595946801255043,0.198675508355484,0.276472956090319,0.330887683472416,0.0517741497701563,0.0515483794975065,0.481587147163956,0.482492724531543,0.483252419979017,0.28392001916079,0.283544141191791,0.0362375406422517,0.0385395338718654,0.0418424496225071,0.00219379678343371,0.000716499438148966,0.0542326671805973,0.0590027318900903,0.0648154865207878,0.00948381900389857,0.00831493309509231,6.63777861989661,74.0577470925773,5.11199887075348,0.737843598165407,0.64804144726741,3.66156506858121,0.510158193389616
source/12kHz_DE_data/IR/0007/IR007_3.mat,IR,train,5,5.28,6.326,30.0027666666667,1721,0.310426159137933,0.22159174969628,2.81288914171657,4.76713557393777,5.29340893690274,0.00163865519863255,0.484811475018894,7.52788089158312,4.1537071373753,5.4,0.506634789885059,0.13313900416969,0.462239090812537,1,1,0.00278674856056309,0.00267225999497012,0.22350162638387,0.314118803165198,0.363586635588551,0.0616480908398301,0.0591965819269772,0.506500367957661,0.507231011343855,0.508313482969609,0.288292290783058,0.287815834517286,0.0409861290883489,0.0447468508137898,0.0479581682938313,0.00329209872811518,0.00231181702956735,0.0541449043298565,0.0605069471348107,0.0658616449203066,0.00736058275133055,0.00685477372939093,8.35624039334881,79.9524925870803,6.2610338799359,0.827944031404786,0.640675399953387,3.46964999778996,0.514147816165852
source/12kHz_DE_data/IR/0007/IR007_3.mat,IR,train,6,6.326,7.372,30.0027666666667,1721,0.31641649489236,0.225459338319146,2.77829045908184,4.51097332891496,5.3281045235022,-0.0115426427842174,0.502300846982304,7.57205136261418,4.2200198667806,5.4,0.482829600312821,0.142919596119896,0.472716984029015,1,1,0.00639949059522173,0.00601121457979638,0.212614641952271,0.297358580050747,0.349898078745565,0.0575188054536904,0.0556270207114372,0.482256253667813,0.48346277157409,0.486206824627727,0.273292565102646,0.272705599355474,0.0374709493243821,0.0386226392330589,0.0433476702121155,0.00170706303283328,0.00151407070728348,0.0530892517329167,0.0574934711639327,0.0649835101562704,0.00748920218566873,0.00681997355177194,7.27432005798931,51.5855981354953,4.07285709732509,0.677075343623413,0.644078885138064,3.75870928328975,0.5061722919443
source/12kHz_DE_data/IR/0014/IR014_0.mat,IR,validation,0,0.05,1.052,29.9932,1796,0.188575423560587,0.10781385312622,3.94506199600798,10.8975668505998,23.5982976645537,-0.0990004028467404,0.551210157230591,3.65814198015289,2.66654879995854,1,0.394864989138283,0.33435363158042,0.391818078724169,1,1,0.0145784276204335,0.014085780133292,0.012261127869535,0.0807092135683138,0.106934548457218,0.0680088881706953,0.067618662644033,0.102749867253274,0.104145531136918,0.104868462846206,0.0920790520185517,0.0908356722626074,0.00946221584502775,0.0104814182291452,0.0237705216436356,0.00278673953112332,0.00236578361213967,0.109489694787887,0.113148877033536,0.13713453903929,0.0989078491465753,0.096564601491663,0.913783948772931,7.88056324819665,0.201849372071404,1.18055767048771,1.46571175940503,20.9286485367326,0.672752562453303
source/12kHz_DE_data/IR/0014/IR014_0.mat,IR,validation,1,1.052,2.054,29.9932,1796,0.189647585185602,0.110171278768918,3.53994878243513,9.54786388855585,21.4368709535162,-0.119337204372039,0.548534655773105,3.75682513782148,2.69987729002492,1,0.406010754751503,0.3148231884797,0.401019403684825,1,1,0.0192319073318043,0.0177098662099492,0.0119822521355879,0.0696417423866213,0.100387393183326,0.0570467865071058,0.0567599967493309,0.108890406480634,0.109599626162473,0.110793955598287,0.0978564258621065,0.0973250268494677,0.0121886287265307,0.0141225903868593,0.0246635981629782,0.00522397775894718,0.00423561101732377,0.115731933914688,0.118680950525178,0.140180804942221,0.0997023756834847,0.0992736774684562,0.708436152820186,8.89065979451343,0.297490964198274,1.2213416339676,1.44198069225567,19.9167395872623,0.660527401747909
source/12kHz_DE_data/IR/0014/IR014_0.mat,IR,validation,2,2.054,3.056,29.9932,1796,0.202602374066901,0.116818843303593,3.78603800399202,9.5671593130014,22.2343520575208,0.0601221983280253,0.55454530711778,3.57526595372554,2.63647224092107,1,0.395464768999835,0.349726484224112,0.392815670193418,1,1,0.025518632409677,0.0222738068771185,0.0125741416421317,0.0781709057080337,0.101300034848967,0.0649395787218482,0.0647528443561436,0.107254872214088,0.107845102097458,0.108486676077969,0.0953496171447765,0.0949831950904676,0.0126168274745312,0.0131336523314506,0.0277189810560737,0.00580702321759947,0.00559153326974334,0.11312496876488,0.115597844577859,0.14138134929203,0.0979755968822663,0.0966340012414094,0.952500387409137,7.57777265220735,0.269187260909965,1.20731683356533,1.49761192922392,19.9416015843158,0.677479093369361
source/12kHz_DE_data/IR/0014/IR014_0.mat,IR,validation,3,3.056,4.058,29.9932,1796,0.196462874197091,0.114069915553363,3.60281117764471,9.40050198973552,21.1866323208234,-0.118439240865488,0.550521962356483,3.6994241371184,2.70783440922074,1,0.416093590471111,0.336311903028891,0.393421647214909,1,1,0.019051476117362,0.0175286892036701,0.011358904164816,0.0750447067724481,0.107601944717735,0.0624756625371561,0.0620682705017117,0.102193513789687,0.10300361934283,0.105430189337477,0.0917062561680608,0.0911806294759759,0.00972035463008559,0.0105607783206182,0.0214190207620749,0.00354040908952719,0.00313314276081604,0.0988978490476797,0.102703406939938,0.121939815746777,0.0885490633546548,0.0859501976131363,0.767791362705335,8.24633088755293,0.219398844959781,1.01066683035799,1.46891562874278,20.2398606743167,0.646482447678103
source/12kHz_DE_data/IR/0014/IR014_0.mat,IR,validation,4,4.058,5.06,29.9932,1796,0.188882154641554,0.108713200026022,3.78084007984032,10.4968676634395,22.4990836199947,-0.143851720051177,0.549381597842022,3.69130652578737,2.696781115517,1,0.413486032708316,0.347050612609807,0.395133103852008,1,1,0.014848077706092,0.0143395636932009,0.0121675350714429,0.0842392033135705,0.112148038623537,0.0715431104758571,0.071234448724047,0.103823788604268,0.104261596785053,0.105627636550834,0.0920097187586701,0.0918455032877616,0.0100412839354147,0.0115360771058885,0.0289746306670535,0.00185712218367042,0.00155117327122878,0.0984887446113018,0.101503366896816,0.130842217839285,0.084890340125331,0.0838726885669333,0.985585846906947,7.09883013276666,0.212980774845775,0.933649916574217,1.44432088267323,20.3159237265796,0.667094289000477
source/12kHz_DE_data/IR/0014/IR014_0.mat,IR,validation,5,5.06,6.062,29.9932,1796,0.190691016947301,0.109604518182223,3.52776614770459,9.4693802511572,23.485334373172,0.013473952202043,0.56444393245007,3.68171903485328,2.73749671025131,1,0.391791880056278,0.338300802978972,0.40601089486758,1,1,0.0261111480904387,0.0253502670295519,0.0127719100706471,0.069782502491765,0.0964196312873397,0.055787894169751,0.0552109218637908,0.09818220610886,0.0988179196024788,0.0994081870425842,0.0870878377056506,0.0867697162541072,0.0146448699299937,0.01590474566763,0.0320934602765685,0.00802672814535819,0.00699969129294183,0.117748761310126,0.120195012192706,0.145070138580504,0.0996608447710926,0.0993872945204751,0.767314712201349,6.08826085220066,0.339102677948725,1.2892844713127,1.49366988859464,20.3284955906814,0.674406440857059
source/12kHz_DE_data/IR/0014/IR014_0.mat,IR,validation,6,6.062,7.064,29.9932,1796,0.194002831638631,0.110301184652058,3.53231433133733,9.47095709474161,22.2953359074136,-0.155249817723036,0.546519550157255,3.64804336235088,2.68540745152215,1,0.417041917037727,0.347897693378187,0.387736649301322,1,1,0.0142687938873697,0.0140033395975959,0.0141523864854096,0.0799477901484531,0.104063612746607,0.0655305183143259,0.0645628436535056,0.105719831303077,0.10642189946167,0.106753081403941,0.0932606898458785,0.0925002389605085,0.00962299892912871,0.0114722186205486,0.0275585417425563,0.00543103427139422,0.00394334629329822,0.103458819288227,0.107198458885237,0.132833516715336,0.0916921002956969,0.0905781328212565,0.920794380020198,8.56223097710499,0.221855637905851,1.08227243683607,1.46202341800693,19.7686470850772,0.673790118362285
source/12kHz_DE_data/IR/0014/IR014_1.mat,IR,train,0,0.05,1.0645,29.9953833333333,1774,0.169974648670496,0.0999262776577597,3.52435500998004,10.3811388334293,22.5344498743162,0.0961031614919128,0.577631329336761,3.80801747214096,2.85821756441642,1,0.382902294921038,0.30877990528436,0.419334370264115,1,1,0.0222784442786624,0.0204432861903646,0.0206384004775527,0.0835283989437745,0.0999903823809655,0.0606900285744556,0.0600904116229293,0.127587088059205,0.129785155099812,0.130714867975685,0.110055537704998,0.10771893977199,0.0167459300982134,0.0178622998734499,0.0302369834397831,0.00766612946458198,0.00738378604975572,0.135371976526814,0.140243668260386,0.159105968690117,0.116420685172483,0.114015791905701,0.943910554433587,8.04466342810354,0.478174239399037,1.6721499903097,1.33741459273308,20.4449012445629,0.578052486763447
source/12kHz_DE_data/IR/0014/IR014_1.mat,IR,train,1,1.0645,2.079,29.9953833333333,1774,0.161526736228996,0.0983099537420819,3.14848011976048,9.83257001900771,19.8599191727934,-0.107405398867271,0.58860895178855,3.89560238186068,2.91915225602706,1,0.339878746890768,0.315619984464198,0.406623192584747,1,1,0.0165988818663697,0.0159298941357688,0.0204528705495277,0.0783032504887623,0.097228806677476,0.0565832310571789,0.0552637469567995,0.141216827335327,0.143643474125912,0.144066077921181,0.123214363687601,0.121917641856909,0.0124734188634305,0.014402951964976,0.0264082672822349,0.00593690350854802,0.00529756958557717,0.122775178189215,0.128514315667664,0.152886309504805,0.109365482987057,0.106054436296125,1.04618223910895,8.76623482986665,0.344717656227007,1.43495208030329,1.2586915438655,21.5803659177588,0.572153222578617
source/12kHz_DE_data/IR/0014/IR014_1.mat,IR,train,2,2.079,3.0935,29.9953833333333,1774,0.171379127766699,0.102890588132575,3.20793137724551,9.85462232127708,18.6988087156568,0.0252468648537906,0.574894226562481,3.83590262846856,2.9457170004912,1,0.410844370676674,0.326855788093101,0.421185973795559,1,1,0.0138297581914354,0.0136152769350874,0.0218703070946281,0.0691815075326769,0.0860902770717787,0.0458978741986699,0.0450328770179322,0.115961662208901,0.116966626936353,0.119376552399992,0.0960727260648629,0.0950212935817856,0.0177616984932999,0.0195413966682052,0.0332210942723848,0.00884670737383373,0.00862418944116531,0.130518807930139,0.134322762131619,0.153232897678461,0.111364747108806,0.109688512545283,0.719199460602475,5.55252638616871,0.485972193898231,1.51069169154882,1.31139149545998,20.5903961697434,0.553630494221347
source/12kHz_DE_data/IR/0014/IR014_1.mat,IR,train,3,3.0935,4.108,29.9953833333333,1774,0.159387023158997,0.095054729212391,3.68565309381238,11.8952175471681,24.8160004778124,0.0843149710451278,0.574337913266013,3.7916876797607,2.84515339543393,1,0.378118631398279,0.320961133960666,0.398812671080264,1,1,0.0124123631095099,0.0106000762146555,0.0217780727412499,0.075110616005402,0.0923910424137911,0.0498099839920696,0.0492628863009458,0.128825808607455,0.129988252189958,0.132126354937835,0.108335637366328,0.107522110421168,0.009523990988615,0.0125055476809314,0.0244829680307472,0.00527139545756842,0.00363290258861873,0.118420972222085,0.126676275861165,0.151889149974475,0.109031165057988,0.10406504916105,0.921959314416635,8.89040532638431,0.249488658458973,1.33325284252772,1.28938214171667,23.0851431855474,0.584908562367633
source/12kHz_DE_data/IR/0014/IR014_1.mat,IR,train,4,4.108,5.1225,29.9953833333333,1774,0.167916556368263,0.101458522526944,3.3305699001996,10.1757237384229,20.2021504041057,-0.0884637529387088,0.566859680175386,3.70216763986254,2.77626967912855,1,0.403665269074736,0.330682808503351,0.414186424137077,1,1,0.0225623311887614,0.0195687258827339,0.0195955422508212,0.078830877851775,0.0933500326666779,0.058872782841532,0.0567434417542116,0.135292129661504,0.135727429664365,0.137977709813633,0.118956465493661,0.118447363095302,0.0131614854031672,0.0151424252479029,0.031401800944103,0.00363100457173444,0.00334619815356951,0.121073022077014,0.12491996444143,0.146710396064581,0.105518902847909,0.104439687900693,0.95438033055467,7.40607447683221,0.364009546071128,1.4238805354984,1.30550476358302,18.9933770267544,0.576608474339981
source/12kHz_DE_data/IR/0014/IR014_1.mat,IR,train,5,5.1225,6.137,29.9953833333333,1774,0.168534983994323,0.10192467828921,3.40139161676647,10.6313421596349,20.5711857764587,0.104440486077771,0.568827369059817,3.77127377003969,2.82957720906768,1,0.384243411415799,0.322276985283815,0.417746481839481,1,1,0.0153094856725449,0.0148334251435694,0.0248217138182981,0.0740924554340461,0.0872053806443269,0.0499567885156398,0.0461859097593504,0.13085277922031,0.132800485121636,0.133329576743642,0.110789267815897,0.109239865038025,0.0101644188371142,0.0135485610020112,0.0206319388541737,0.00650581134908611,0.00347000971881564,0.126730008484554,0.132241951655029,0.147463714687412,0.11376950941984,0.111865347551244,0.892580018615848,12.0640339441552,0.307128724534729,1.50329230233778,1.33229407816571,21.7794462560825,0.570360945920651
source/12kHz_DE_data/IR/0014/IR014_1.mat,IR,train,6,6.137,7.1515,29.9953833333333,1774,0.170152489090111,0.102648944112084,3.4504470259481,10.1695484213815,20.9412464757355,0.0374504616960166,0.582504799710143,3.86093040151227,2.96982490436694,1,0.366572504551379,0.316815918161062,0.407293319780736,1,1,0.0257837450140791,0.024898262807784,0.023221654770501,0.076831040961577,0.0924748296004754,0.0528274071876678,0.0514442904516373,0.136814338944814,0.138021938391155,0.138573890510446,0.11577446263217,0.114376324291911,0.0168577537122184,0.0184496198197175,0.0316341477185937,0.00894877142824672,0.00768044484085995,0.128570574303454,0.13199120284791,0.150366552741717,0.109879576726532,0.108360091378643,0.94000313078212,7.18193113021555,0.41715944674856,1.55002331326042,1.25393521384526,21.9406908874074,0.545911312136337
source/12kHz_DE_data/IR/0014/IR014_2.mat,IR,validation,0,0.05,1.0775,30.003,1752,0.165786237592975,0.0994160486399168,3.32163596806387,10.2013733183283,23.1582292719266,0.0936557097247949,0.609288401703177,3.75737484308848,2.9851233957057,1,0.393228276830429,0.361124216685768,0.396561314298319,1,1,0.0356988008243427,0.0216952812771202,0.0180378100404091,0.0792737980852647,0.0964303357031247,0.0616539098387386,0.0589344331672425,0.115949943619689,0.117305025220455,0.118337769487932,0.102229801140806,0.101166770963947,0.0144671028351137,0.0182384770309887,0.035983708056011,0.00837477970206893,0.00662991400086167,0.0968461643428476,0.107137401570406,0.131732497606054,0.0810832095676413,0.0769968877035541,1.04158559373023,5.80232143440329,0.389891385463636,1.10255913486964,1.29236511562765,24.4929137973844,0.552610620333339
source/12kHz_DE_data/IR/0014/IR014_2.mat,IR,validation,1,1.0775,2.105,30.003,1752,0.157540268235529,0.0944475105420198,3.28817433133733,10.5568191141621,22.9205838568317,-0.0603070347467667,0.586407944053902,3.6204970052575,2.89554368149642,1,0.393838513711882,0.394670265956439,0.422442739184723,1,1,0.0212925508344424,0.0173369595768391,0.0215996806275161,0.0822227761085905,0.0992287568973879,0.0605503172937382,0.0561274018967679,0.104996373320826,0.106365926865337,0.1081527154007,0.08892796937849,0.0874394334432177,0.0134549395692399,0.0140297621984621,0.0240806895188724,0.00489157062597828,0.00455996258292368,0.112352015736839,0.116312532778158,0.137972236206975,0.0951650063153359,0.0929976488872685,1.17384015062222,9.54633145831363,0.308559378150997,1.11020259382002,1.28439670269507,21.0544403192797,0.563212232282718
source/12kHz_DE_data/IR/0014/IR014_2.mat,IR,validation,2,2.105,3.1325,30.003,1752,0.163887782745049,0.0989281848535929,2.8611323752495,8.79871109203048,21.0005968818204,0.159868211068485,0.587418526390355,3.69353865706652,2.86830140815942,1,0.389994934145893,0.360614339102509,0.402428665010888,1,1,0.0213919159461151,0.0165217259554936,0.0172442444277622,0.0799454265625112,0.0981302774887969,0.0638009905688665,0.0602154050704954,0.11610148766728,0.117188336865589,0.119427402600687,0.103345615952391,0.102228112561166,0.0149877581997566,0.0170056141436231,0.0295538145054836,0.00733758804903129,0.00591410272071009,0.109499604945052,0.116891395322838,0.134847104830289,0.0948349961531621,0.0901594891340241,1.05584123585993,8.37145542994058,0.384086521220813,1.29418748570951,1.27899975169749,19.7985771055806,0.565088858743543
source/12kHz_DE_data/IR/0014/IR014_2.mat,IR,validation,3,3.1325,4.16,30.003,1752,0.161911413974679,0.098345332062067,3.51720786427146,11.358574177393,22.503950833484,0.0901929585062395,0.598123383279743,3.69413253561735,2.91881209365428,1,0.383622351805439,0.360302797690627,0.412279309768329,1,1,0.0243843219786832,0.0120387487007411,0.0263095353681759,0.0829455161074405,0.0994289978839693,0.0606143561541145,0.0535450300885186,0.116363128314619,0.117467585044601,0.118826385459081,0.0996696813029795,0.0985371275470978,0.0151154723503666,0.0199128534325401,0.0285877991885971,0.00774526175664255,0.00503708995171255,0.118180374024153,0.129132287109582,0.146560660432327,0.102397618084955,0.0992480012831493,1.09535075050858,10.3682445164417,0.435616052476765,1.38615453095301,1.27351732338012,23.6106052938567,0.560245370374492
source/12kHz_DE_data/IR/0014/IR014_2.mat,IR,validation,4,4.16,5.1875,30.003,1752,0.168565633538141,0.101083433164147,3.64000882235529,11.1768259731579,22.8386154641748,-0.103490309678144,0.609274009792128,3.66301029738619,2.90867529372041,1,0.397698359720822,0.371529281682723,0.413656951855286,1,1,0.0337398051508045,0.0204838237214961,0.0176655814532808,0.0668603314640403,0.0863357253022276,0.0516973090066366,0.0463120148741794,0.106531355209263,0.107411648783261,0.108106400214623,0.0940711790746872,0.0933076433953132,0.0206671514415521,0.0232975703002744,0.0428578673203698,0.00767392829390663,0.00591910914088967,0.119247310888742,0.128873808846607,0.153450558051248,0.099471672388513,0.0942574108327112,0.867597232922561,5.1159572871217,0.505735494354287,1.36222652181419,1.29357019119783,24.5041533517646,0.553622441898515
source/12kHz_DE_data/IR/0014/IR014_2.mat,IR,validation,5,5.1875,6.215,30.003,1752,0.153945112873074,0.0939573382839679,2.741255249501,9.1943287493857,20.916450441229,0.0629207451405263,0.578960490350193,3.73604318923483,2.90209865979883,1,0.393285346155187,0.358187857128678,0.400527191946529,1,1,0.0136743581404214,0.0101158557876021,0.0145597457731123,0.0727875895244858,0.0944368749133799,0.0569014801637654,0.0553351484536917,0.120395972692133,0.121894140804564,0.122749527238836,0.107943795537551,0.107111667565949,0.00910424481221259,0.0109556459676854,0.0230885495144133,0.00376861604471535,0.00277502768381954,0.10740423302956,0.114439660048995,0.1376872059307,0.096335446812605,0.0941407229419903,0.94894314720864,10.5496546595574,0.225500890011657,1.11363146816662,1.23450827627217,22.0801625809413,0.568190229348968
source/12kHz_DE_data/IR/0014/IR014_2.mat,IR,validation,6,6.215,7.2425,30.003,1752,0.161530134572208,0.0979703113120068,3.57243580838323,11.2205256734384,21.6698288778815,-0.000127892633236973,0.577070567875262,3.8269727558433,2.96019960683929,1,0.386796295602438,0.344976042353781,0.395575874618258,1,1,0.0209097123529729,0.0198975605602139,0.0185235951923332,0.0799783422132738,0.0985558340246653,0.0607090014552113,0.0572074050504816,0.129272042220904,0.129928382020955,0.133098866433316,0.115093130791933,0.114719517727256,0.0205949582460581,0.0219875076161789,0.0368151395771514,0.00830734398266354,0.00807308860795728,0.118002905073238,0.122902398290598,0.142231391322575,0.0930864751949817,0.0921696796774076,1.08992597232598,6.78275000156509,0.485073009451795,1.36822760881785,1.24113516971861,19.0080697824092,0.569725116172702
source/12kHz_DE_data/IR/0014/IR014_3.mat,IR,test,0,0.05,1.0915,29.9952,1728,0.18146471169407,0.115203791872631,3.45418303393214,9.73221258872806,18.2255106701268,0.0859941270328413,0.585951851125694,3.6049906814131,2.91825743873946,1,0.407543503591119,0.380739384576911,0.413279727638911,1,1,0.0189923771118229,0.0144840346409128,0.0140708973529569,0.0802521787402733,0.100519493016716,0.0639917963791748,0.0611571832526708,0.0990464462221252,0.101916180485392,0.103176780296824,0.0897982496897874,0.0874004442033487,0.0161119579809028,0.0186092623544201,0.0290072468463252,0.00631306644972334,0.00464096471687971,0.126648048258099,0.131439628738568,0.1478590247841,0.105053668098967,0.102949219418704,1.05167143799066,8.16378161023967,0.480253457081576,1.42458695131972,1.23891224558921,20.9374310215177,0.530325222834963
source/12kHz_DE_data/IR/0014/IR014_3.mat,IR,test,1,1.0915,2.133,29.9952,1728,0.183373328930097,0.11918310374628,3.30815385229541,9.54731745964761,16.4973586094289,0.064668991057078,0.575868002882579,3.71003642160245,2.91829124196442,1,0.416981248130744,0.373964885963478,0.423035529217135,1,1,0.0165051920053994,0.0127506416736447,0.0140407035998729,0.0728868392552645,0.0905263154325009,0.0570673385012816,0.0555227953819714,0.11003093170414,0.111838896881313,0.112959382299935,0.100126381032374,0.0991657724917348,0.0116517620260599,0.0137571111847951,0.0236564265299545,0.00495987724712398,0.00438787930943337,0.109765636025157,0.115700928696798,0.136660476807725,0.092319145673778,0.0906672655637429,0.994622709066946,10.760586523542,0.29868740663044,1.16248593814368,1.22031901042642,19.2231425715444,0.514011309467791
source/12kHz_DE_data/IR/0014/IR014_3.mat,IR,test,2,2.133,3.1745,29.9952,1728,0.182305474589732,0.115989473027497,3.7238253493014,10.3893691190977,18.3194195157726,-0.0290217402287976,0.5769984770984,3.76860382675402,3.03067630498159,1,0.411331676726286,0.35935395886005,0.414662327123714,1,1,0.0194815540926433,0.0175231272514691,0.0134397868722201,0.0806941880021687,0.1012740684471,0.0644666654282722,0.062554276271283,0.107319337850159,0.107868400040309,0.10939583122472,0.0950600583609501,0.0947160890086577,0.0191497734921724,0.0200846277452031,0.0326601357135822,0.00641017285251554,0.0060971789027007,0.1270983035791,0.128831256339172,0.144568101777337,0.100876593447088,0.100593851949631,1.09015696677806,6.22698965699199,0.475283807586896,1.45269963987411,1.19882046463655,20.8341824385745,0.505709954213455
source/12kHz_DE_data/IR/0014/IR014_3.mat,IR,test,3,3.1745,4.216,29.9952,1728,0.176481855498954,0.112804165112258,3.97105161676647,11.4505006779072,18.9285934197742,0.0827827190466063,0.594310628419821,3.7712174532413,3.02463804602354,1,0.39700686005631,0.364741937173092,0.423091690481383,1,1,0.0154292525933194,0.0121982308340905,0.0139493428884921,0.0767033079188378,0.0969115895322138,0.0608904615982326,0.0588894387651496,0.0961240783864607,0.0976295970830911,0.0994989832630572,0.0849167452040475,0.0843298522629976,0.0131643874735771,0.014810538975494,0.0235437948262112,0.00427954666247467,0.00297977083186461,0.123818538531135,0.127118481069461,0.150557843077493,0.104716977923102,0.103413306213147,1.01305776997088,7.67201589108539,0.332146280270632,1.19061142908165,1.24312313445654,20.8024687839975,0.527110812177514
source/12kHz_DE_data/IR/0014/IR014_3.mat,IR,test,4,4.216,5.2575,29.9952,1728,0.181540126345321,0.115680307478478,3.54693349301397,10.4872104234755,17.9109790003203,0.0144674592384593,0.575709823974103,3.72103888051054,2.99767701804086,1,0.416925703184509,0.39114920360244,0.40528691276793,1,1,0.0195508921277725,0.0174951347506043,0.0149327522339664,0.0868409760327718,0.110474163609597,0.0692539796978535,0.0666359501672767,0.116115396678696,0.118422856660956,0.118809849317511,0.103760204062219,0.101887789885821,0.0159394337102159,0.0172936056082156,0.0272836780522211,0.00504278450768814,0.00365166323335285,0.102076775766204,0.106463320829811,0.121547520289915,0.0809648578521609,0.0792400137568922,1.30035486511856,10.3524106931991,0.397716533904847,1.03737513107837,1.2289896037429,19.1299381683412,0.518059372007641
source/12kHz_DE_data/IR/0014/IR014_3.mat,IR,test,5,5.2575,6.299,29.9952,1728,0.184355115572255,0.117031901032425,4.11253261477046,11.5201400837208,19.6149027017547,0.0120038183920276,0.577243163621123,3.82437938754525,3.10200019043281,1,0.423943933581987,0.36744494027676,0.412389130926199,1,1,0.0174026472268956,0.016959942159514,0.0137491690656277,0.0818146573867028,0.103777708990737,0.0671819696708922,0.0645574198579677,0.0956858584139063,0.0974681935051561,0.0989227198838807,0.0851523699930439,0.0840135588148073,0.0181587140107052,0.0209225059847001,0.0296661671960551,0.00322604736806295,0.00177102872694781,0.117863515709324,0.122542226017865,0.140718929886436,0.0929734582995646,0.0927601639367532,1.04649967687788,8.2872272691731,0.476205650571164,1.21422452176607,1.25243948744191,21.8251405452276,0.522272411975043
source/12kHz_DE_data/IR/0014/IR014_3.mat,IR,test,6,6.299,7.3405,29.9952,1728,0.184448559112429,0.117532876348264,3.58478087824351,10.2264416013697,18.2489942805437,0.134035631652929,0.581435002085064,3.78824126506039,3.05715075406292,1,0.406776748612467,0.371572573618804,0.405261875707792,1,1,0.0139818694155628,0.0104030904543781,0.0141855200285228,0.0804099846538193,0.0998064390298171,0.0625890214918543,0.0615951563595819,0.107563961741674,0.108333438522272,0.1098167795061,0.0962853109055612,0.095179473368464,0.0169505585729861,0.0202479294869539,0.0284086423429361,0.00745171799410455,0.00462930319604343,0.125247767360572,0.130317242457881,0.145671479358108,0.0991184471119221,0.0981031580152159,1.26240301282166,7.98891311491242,0.418558587031604,1.26686807353408,1.22344768056534,19.2627591341097,0.510638857131916
source/12kHz_DE_data/IR/0021/IR021_0.mat,IR,validation,0,0.05,1.0515,29.994925,1797,0.506884040488917,0.344959714337505,6.44664421157685,6.91149848344228,7.52738779058029,0.345202236400152,0.485185946111396,3.92275079874435,2.89051304390097,5.4,0.284219029785292,0.376514238219673,0.343513049190562,1,1,0.00628432680488397,0.00391263881078143,0.0208003963125378,0.0440426376192161,0.0558863965919916,0.0141040435171523,0.0122476076549512,0.284048723912283,0.284983556539236,0.2862919695965,0.263782347772751,0.263028012448452,0.00897820217603759,0.0102742776963809,0.0154968753447263,0.001683605773715,0.000927394123167266,0.0694937561437527,0.0733607614408563,0.0980958934942978,0.0570393090613178,0.0544826244677967,0.959553487706198,60.9451831326984,0.476697024624904,0.834220318566334,0.795210567415664,4.37626977990604,0.701915692379641
source/12kHz_DE_data/IR/0021/IR021_0.mat,IR,validation,1,1.0515,2.053,29.994925,1797,0.52045662040498,0.356193746891177,6.29557954091816,6.65026734060187,7.35690080187854,0.292663607951187,0.492744594873945,4.07848918780782,2.95353937677046,5.4,0.297948723043287,0.340380949529583,0.35973746023897,1,1,0.00886952678773424,0.00468515837812121,0.0238338996137369,0.0518010274085043,0.0597721308677718,0.0190616325691036,0.018532645911511,0.297866947563906,0.299202252468395,0.300913040570002,0.273376442339387,0.272293378541178,0.00907981165213383,0.0104714128143273,0.0169831273254995,0.00225786954148875,0.000946326148951919,0.0746045495454543,0.077669094765458,0.106379692755888,0.0627435398079928,0.0619154224543051,1.08936794728138,52.1311698477604,0.464258423369692,0.798806365450882,0.793913463557734,4.88069627005913,0.700426458725876
source/12kHz_DE_data/IR/0021/IR021_0.mat,IR,validation,2,2.053,3.0545,29.994925,1797,0.540740276106052,0.367579222866434,7.11831347305389,6.89976659313479,8.57075396215799,0.289150768312829,0.501346936829194,4.07008782205602,2.95102010929249,5.4,0.283008698638099,0.326880473239848,0.379074854644367,1,1,0.0206023777765301,0.0137664783972819,0.0329745307054185,0.057185723772271,0.0679103757810182,0.0235863289906153,0.0165977277511623,0.282854510566973,0.283908878264227,0.285042324517086,0.256984214110942,0.256134789052769,0.0084079355511832,0.0100910520293709,0.0213015328262215,0.00259968052061753,0.00156441237509523,0.0965599504666783,0.101097654126737,0.122732811281939,0.0855430851179856,0.0846024286572453,1.02053990001473,31.9687204236097,0.402760993757215,1.17119807649103,0.818838925350891,6.65766414629748,0.709086514435124
source/12kHz_DE_data/IR/0021/IR021_0.mat,IR,validation,3,3.0545,4.056,29.994925,1797,0.539182453828642,0.367005455583491,6.49699910179641,6.46123974389617,7.8795121462402,0.275453805881398,0.492430201112384,4.02576098164143,2.86843852931541,5.4,0.300785384611303,0.333640376023983,0.349263884725638,1,1,0.0109031673392149,0.00720304736705396,0.0255968459285159,0.0439276760863519,0.0568766458695956,0.0103757431298417,0.00881804696087887,0.300312393894356,0.302635092626775,0.303229743007986,0.276035825154611,0.273966328615981,0.00745274816349018,0.0081901937612649,0.0157719606423811,0.00133647139342677,0.000697392374151966,0.0833066076766918,0.0853959260499506,0.111209673388751,0.0724530547432614,0.0720649292906427,0.731617187764593,48.4844640678306,0.349982659181536,1.04241542468122,0.797825241262502,4.78515027571079,0.702253993327011
source/12kHz_DE_data/IR/0021/IR021_0.mat,IR,validation,4,4.056,5.0575,29.994925,1797,0.517034819390058,0.359359737938969,6.09740868263473,6.60727280578213,7.0287991581367,0.31012238074892,0.490652024418792,4.13978927998026,2.98516757409195,5.4,0.315120635922885,0.344300811712948,0.345336095012071,1,1,0.00297433417154644,0.00150334036704343,0.0291340313757694,0.0527463352842918,0.0683588800426509,0.0136432845355062,0.00805862864332225,0.314855601567262,0.315673126230325,0.315922304355936,0.289093900301681,0.288474531088046,0.0100023283814176,0.0115881750370696,0.0146802376246793,0.00329522398109773,0.00146256667170524,0.0718017328184771,0.0761984392244459,0.0961465218491577,0.0566174122139918,0.0547863785273813,0.986220900533849,67.0143313189365,0.527958603811088,0.909637291742319,0.762762825126529,4.23396958179587,0.693084012962413
source/12kHz_DE_data/IR/0021/IR021_0.mat,IR,validation,5,5.0575,6.059,29.994925,1797,0.527694947721576,0.362379432003779,6.77801187624751,7.15498652119154,7.53213463899037,0.317888876080364,0.502410627323567,3.96100815979058,2.94153015503425,5.4,0.300965995391926,0.366658534478116,0.340789485108967,1,1,0.0203116160805423,0.00933000852401726,0.0235941976759032,0.0457657491498949,0.0539419726945286,0.0145126315324236,0.0129506247515789,0.30039355370842,0.303601872542481,0.306369271864181,0.278907126129063,0.275829712526045,0.00760711777756069,0.00979880682743823,0.0186110003209079,0.00216648945277173,0.00115795791652224,0.0607907388475327,0.0657894561452217,0.0961003916948566,0.0521074943056987,0.0491323788546437,1.08752883014225,39.1236940942263,0.432675271080215,0.696123785338605,0.78760796284917,5.31885131719248,0.701106808590846
source/12kHz_DE_data/IR/0021/IR021_0.mat,IR,validation,6,6.059,7.0605,29.994925,1797,0.538377283207823,0.368807927636128,6.33659441117764,6.58512416629435,7.40936592518123,0.311034895098892,0.478967150960166,3.98917129666716,2.95691148564451,5.4,0.298730619580887,0.359570157135053,0.360562134404588,1,1,0.0126568829509985,0.00987036172230684,0.0257540522082061,0.0471206860212931,0.0560762635069895,0.0135848428955171,0.0130499579617066,0.298225470602363,0.299700330772893,0.300003572832213,0.272317405286754,0.271168247622123,0.0093948194882867,0.0104343732786522,0.019285072998143,0.00199826588670975,0.00131277046952878,0.079283817373089,0.0812952723115143,0.106466708997064,0.0677822360264946,0.0673455801301745,0.95879901165722,47.3366330191694,0.440600868247513,0.836563796080184,0.778936722761248,4.93224512796024,0.700104169806702
source/12kHz_DE_data/IR/0021/IR021_1.mat,IR,validation,0,0.05,1.0645,29.9953833333333,1774,0.433464193796355,0.294347278495882,5.21376157684631,6.54067552962618,7.11896093946678,0.262726984209085,0.497807410234153,4.39307879549825,2.92256008214363,5.4,0.329621499426889,0.227776137070682,0.412873453745511,1,1,0.0186355699109777,0.0143389118502295,0.0422567647741734,0.0532367177972256,0.0620250945949824,0.00562458194100965,0.00501879133963121,0.329360911850355,0.331683037036644,0.332415559871252,0.289677241140007,0.287609784291635,0.00667645852847395,0.00818837743821863,0.017726648319615,0.00166120591534386,0.000663867412835505,0.141574160781833,0.146600542841778,0.17244568509817,0.130338600908211,0.12824633549097,0.723876709417416,29.563942386994,0.451762844758241,1.92706121328125,0.801527180651489,4.4464266956214,0.753321144720703
source/12kHz_DE_data/IR/0021/IR021_1.mat,IR,validation,1,1.0645,2.079,29.9953833333333,1774,0.441019522705398,0.297749256575698,6.97009141716567,8.35203117658531,7.96892754452332,0.293220158258152,0.496715330077041,4.39784229573804,2.96029034863501,5.4,0.323086080247308,0.255286466117935,0.394181211407933,1,1,0.00943918852955998,0.00683060764446261,0.0457927873762677,0.0679404680932281,0.0747706834365144,0.0171990811586005,0.0153031213488734,0.322917788843334,0.325475807678004,0.325995038168243,0.281517678733176,0.27920448317148,0.00648111294776679,0.00760535217982336,0.0127856573279625,0.000953623136731473,0.000587674830470114,0.112107670598452,0.116125067574095,0.141863292951064,0.0996440945384611,0.0968509764443252,1.01118787328505,39.4083054729789,0.4814475141452,1.46399215611688,0.822560490457731,5.36705332790675,0.756264290686666
source/12kHz_DE_data/IR/0021/IR021_1.mat,IR,validation,2,2.079,3.0935,29.9953833333333,1774,0.42961026896185,0.291662446824561,5.02005768463074,6.40323900263616,7.59075614361107,0.292474151488485,0.477346181246437,4.45009360769118,2.95777146467869,5.4,0.344182874349161,0.247803538952465,0.408731963813314,1,1,0.0212183833414369,0.020161220335766,0.0490807171096791,0.0669986411417318,0.0734317194135847,0.0133605508530719,0.0122824836922523,0.344076350338514,0.345256191599561,0.345399822268666,0.296420518988421,0.295803458806256,0.00556778508345291,0.0061456004952493,0.014846874566873,0.000940622736473112,0.000581751129764228,0.117329337896516,0.118793552290274,0.142846686308568,0.105661529324295,0.105342306582023,1.01950181568938,36.1242532799385,0.465117839083903,1.58640687223632,0.813181940862235,4.87667465383077,0.755323252395356
source/12kHz_DE_data/IR/0021/IR021_1.mat,IR,validation,3,3.0935,4.108,29.9953833333333,1774,0.441181140413797,0.299272907612713,5.94471966067864,7.33348618121158,7.85420718568676,0.293584569319187,0.512017947069377,4.37407727304437,2.93961434703,5.4,0.325305202247392,0.250866842838485,0.407692471843444,1,1,0.0242475243775401,0.0192771082909199,0.0477294697978881,0.0607616973502407,0.0690963771850826,0.00997260487860917,0.0080792999733607,0.324509987268348,0.325678515264237,0.326571424219516,0.28034018447886,0.279764865672473,0.00617185390313632,0.0074380085140862,0.0141758130479977,0.00240756453840293,0.000990719496322293,0.121237021119674,0.12702376933113,0.161011509271878,0.111611405495467,0.109388450834774,1.0004831930686,29.1800351297743,0.523518542258948,1.68527147416314,0.826304573137071,5.11979086648515,0.755639468491619
source/12kHz_DE_data/IR/0021/IR021_1.mat,IR,validation,4,4.108,5.1225,29.9953833333333,1774,0.44854121323188,0.307112234914199,5.08746826347305,5.86300445703306,6.88234432535243,0.247697078652946,0.489225806336933,4.39989878105563,2.98542851184573,5.4,0.333530560079324,0.272070065213198,0.407226718297323,1,1,0.0187207119367439,0.0174625631088546,0.0499455910715866,0.0661708455137594,0.0776791541250133,0.0085737696725804,0.00787319172169956,0.333447785253932,0.334054170084716,0.335165741176212,0.284933120117126,0.284258198414219,0.00836562807398742,0.00868057552768478,0.0159483428661966,0.00207547834866329,0.00178898692323563,0.119605735501552,0.122560572046159,0.140643853883952,0.105512787785407,0.104034775657339,1.04357190927867,35.6705376454331,0.709574026543729,1.79852622462327,0.803224439391019,4.31290563063733,0.751312890083743
source/12kHz_DE_data/IR/0021/IR021_1.mat,IR,validation,5,5.1225,6.137,29.9953833333333,1774,0.438778678394872,0.297973989016037,5.63284421157685,6.91237578771017,7.65107612235454,0.25254804682993,0.490865848251711,4.44695361629414,3.04580408001733,5.4,0.344359119093018,0.289334489471234,0.393498022973704,1,1,0.0106216629264776,0.00658259001630444,0.0549131064735763,0.0664980737314668,0.0716720658344152,0.00692973627907581,0.00512774288877295,0.343802739765631,0.345712717315504,0.346906056512849,0.293090019222654,0.291734502889441,0.00777006998351883,0.00811385457475137,0.0117335134936596,0.000909744940504492,0.000676709786733294,0.0937384586921358,0.0973022157631503,0.11989350170435,0.0785752510814672,0.0764037408211794,1.29981140612557,56.3776683589768,0.501098267062415,1.22936314682996,0.801338324415956,4.58829900703309,0.747035655670716
source/12kHz_DE_data/IR/0021/IR021_1.mat,IR,validation,6,6.137,7.1515,29.9953833333333,1774,0.448275487562463,0.3008893324005,5.34127315369262,6.23085330492839,8.0884179185708,0.225392209842601,0.509372529944476,4.42839771016621,2.95873591527977,5.4,0.328661793990967,0.262154339003649,0.404224247228763,1,1,0.0124700914652239,0.0104027653015851,0.054868707692055,0.0733960301460071,0.0814790099374405,0.0202031576706523,0.014319031950371,0.328155815892162,0.329146032056406,0.329616677158896,0.280625739658771,0.279665554223985,0.0066143719041059,0.00852798498172924,0.0172836555618622,0.00161331276635121,0.00119147528720384,0.106744926080855,0.110592775229508,0.143968218354195,0.0927961834010201,0.0920344377496273,1.08494814885269,41.3070151798382,0.650808215856822,1.28011975643342,0.849092048931808,5.31593884452464,0.755404504403548
source/12kHz_DE_data/IR/0021/IR021_2.mat,IR,train,0,0.05,1.0775,30.003,1752,0.472575689477323,0.316433444440812,5.5707127744511,6.36454015302292,7.76533680787448,0.294629555204623,0.506994156399118,4.23360981513331,2.91031041684846,5.4,0.313840774885903,0.277881666390938,0.389819488649436,1,1,0.0234588996395821,0.0153769034316917,0.0443017202371375,0.0563109323053138,0.073983183228055,0.0102408775251237,0.0064444631973307,0.313730103152962,0.314525009484049,0.315802151872147,0.272796317705667,0.271806289047113,0.00645054062025973,0.00921895154116535,0.014914823234349,0.00376934643555399,0.00146148410860727,0.113366755905661,0.119567266232258,0.138840823237446,0.105335927946431,0.101768366430278,0.81937811515424,42.1465823527064,0.487033608745087,1.6047473812608,0.80925283873627,4.82575520990283,0.807369622777023
source/12kHz_DE_data/IR/0021/IR021_2.mat,IR,train,1,1.0775,2.105,30.003,1752,0.475774223898092,0.31739087965546,5.7424879241517,6.26250854264825,7.90664496345603,0.239799030760825,0.496896240049177,4.26557051968524,2.94210898234576,5.4,0.311478397419798,0.282837077184604,0.396065230377212,1,1,0.019061583919093,0.015193808400085,0.0425274986919019,0.0610122575451218,0.0798563974529275,0.0125201615799127,0.0105865714029373,0.311448440441003,0.312307995951757,0.313407899314807,0.270424210332382,0.269686869740847,0.00683314940891714,0.008348954618017,0.0147092162014058,0.00157142532006624,0.000805276563256962,0.113991074085604,0.118103066025155,0.137741490772591,0.103478136519779,0.101043880781171,0.881649709141218,40.5275909965326,0.436992462688484,1.52845378468617,0.809044664436526,4.70443609724793,0.807352726246887
source/12kHz_DE_data/IR/0021/IR021_2.mat,IR,train,2,2.105,3.1325,30.003,1752,0.460041435968539,0.30913864062644,5.37985149700599,6.3768257316252,7.77100876444754,0.215664443438049,0.502667248506142,4.36261970539317,2.93113619926624,5.4,0.315416437318526,0.247370166460551,0.402753956711602,1,1,0.0210089924832931,0.0188443561533771,0.0467715513751163,0.0692838655087024,0.0821474531414654,0.0204231499658743,0.0152042123877872,0.315328708557595,0.316198842992678,0.316525138379872,0.274599520589508,0.27353348001472,0.00652591244941741,0.00753932151748202,0.0150021832796941,0.00222312768976595,0.00193208238334271,0.134306951368773,0.137729369377432,0.160536101903044,0.120699885206558,0.119498513846365,0.980207963450786,35.6917585128476,0.444182893950348,1.89765498041972,0.802937809488159,5.14034047605692,0.801802480806901
source/12kHz_DE_data/IR/0021/IR021_2.mat,IR,train,3,3.1325,4.16,30.003,1752,0.491013926160221,0.329659515813842,5.20320329341317,5.53126084893582,7.44658946579681,0.20999904867556,0.511563295291957,4.23602857025138,2.88582693693623,5.4,0.306879548685398,0.278916134301047,0.40153936706342,1,1,0.0200872740481504,0.014386505771971,0.0415564297653547,0.0616808264307981,0.0801846490246474,0.0161674553834652,0.0147126831440008,0.306163682046474,0.30793054644515,0.308449950764977,0.266728297609351,0.265399595178471,0.00503555003694717,0.00601082478536403,0.0117034327580463,0.00169576935626007,0.000918844888867075,0.112420726550547,0.117908989502034,0.142708839185809,0.106039710431311,0.100427943029442,0.877113474324491,30.2492913872802,0.425258595757314,1.34635703667444,0.811532861991267,4.70055840390569,0.804114956861878
source/12kHz_DE_data/IR/0021/IR021_2.mat,IR,train,4,4.16,5.1875,30.003,1752,0.498134708118384,0.331830368951666,5.6174128742515,5.95183175537449,8.14535971706587,0.22655223338062,0.53742813017109,4.13737541514714,2.92222220380836,5.4,0.287588308957216,0.308344589634479,0.39742944894273,1,1,0.0259316901918417,0.0126987584573644,0.0383336300818395,0.0559269875020333,0.0728750346429804,0.0141810272844337,0.0129657358143629,0.287439470678942,0.288284807219874,0.290587161430052,0.250937230901417,0.250261700524778,0.00538989900366114,0.00666105770245754,0.0111397306129222,0.00243765414796765,0.000842652316737374,0.101906617642625,0.111217280989482,0.13853476198316,0.0987038604558949,0.0908336771349234,0.880164544116212,30.9986290680538,0.43318859705513,1.27323088891628,0.836219471144531,5.82020171978065,0.80974532802007
source/12kHz_DE_data/IR/0021/IR021_2.mat,IR,train,5,5.1875,6.215,30.003,1752,0.515219176607647,0.341713175690804,6.74714920159681,7.02632000778951,8.32520935609669,0.251341955743887,0.506785264384603,4.26727682785731,2.94529808782093,5.4,0.30751021927787,0.312069204306559,0.405095122239947,1,1,0.0182166274158578,0.014178468143209,0.044090300346656,0.0651775188139887,0.0880668822589935,0.0171473226370048,0.0152408301930286,0.306938758113247,0.308262492992111,0.308975343929436,0.265541060004789,0.264054271575388,0.00466281178108104,0.00600061702187589,0.0107444153186796,0.00113761959634593,0.000809038478772736,0.0930646135653514,0.0970552002830052,0.11834246983239,0.083953585722379,0.0819125976162474,1.12623730211515,46.6732020747665,0.347857145505372,0.991819291492128,0.838371406181537,5.59589062096378,0.808710065279056
source/12kHz_DE_data/IR/0021/IR021_2.mat,IR,train,6,6.215,7.2425,30.003,1752,0.495260722048584,0.331898747728563,5.84279161676647,6.17784613662116,7.93002504788199,0.281303962610123,0.48986270754134,4.27532518211972,2.96109829246456,5.4,0.328302483072876,0.320288153141436,0.38290821552216,1,1,0.016033211041311,0.00999010586550784,0.0466864831464361,0.0653026891081692,0.0878189133271384,0.0137244193924188,0.0112100985585974,0.327388156435813,0.329201416995745,0.330149840152266,0.283775449066659,0.2815865762851,0.00616259599076849,0.00780213968269298,0.00997857865712904,0.00204526343481262,0.000915330486377657,0.0840958116338342,0.0884291730833564,0.104654136833286,0.0733262784627417,0.070368376589923,1.07448552237025,77.8161440857732,0.458975463132872,0.964584341594981,0.814236908691402,4.6386670278732,0.806610063905576
source/12kHz_DE_data/IR/0021/IR021_3.mat,IR,train,0,0.05,1.0915,29.9952,1728,0.440131347927612,0.294168261226515,5.39081586826347,6.54207284547093,8.22780238004697,0.35356592087352,0.5203656751728,4.54643680142518,3.39029179315582,5.4,0.302350535578264,0.29984070104437,0.382031694702205,1,1,0.0185726895878589,0.0134876689084946,0.0668057505747695,0.0925511164318104,0.10355305497382,0.0197357093418849,0.0161854185246792,0.302227027142688,0.303519187735374,0.304014476029514,0.236589763144579,0.235680393324391,0.00831750988018503,0.0094245866576249,0.0169184270492272,0.00123273934114734,0.000497882525462521,0.0994580309936426,0.102164725735231,0.120291838375785,0.0820649015424329,0.0796861554430699,1.86395953768091,44.4606348965645,0.33482688758812,1.61638014117306,0.813331350179711,5.93145505369248,0.81549202729177
source/12kHz_DE_data/IR/0021/IR021_3.mat,IR,train,1,1.0915,2.133,29.9952,1728,0.438506339828155,0.292368635981119,5.7741627744511,6.99581583499291,9.31863807176127,0.290181202240123,0.519825806158827,4.57518542227801,3.25219129954445,5.4,0.313851760212385,0.249629514581786,0.390254614351989,1,1,0.0213643457004738,0.0195077193265885,0.0666600792649556,0.0923906822752518,0.106567088802081,0.0202086975186802,0.0191085501248972,0.312914191433912,0.314197572806617,0.314666088006694,0.247492018422901,0.246086157898587,0.00809989307446147,0.00905376726475799,0.0195515997262433,0.000927340822998197,0.000293708455636983,0.121212290793353,0.12365853435399,0.146295167457502,0.1034904293831,0.102623370453133,1.43927269414607,37.3567197422503,0.3553928705335,2.0256413794335,0.820419391671526,5.99890960323081,0.827167430555674
source/12kHz_DE_data/IR/0021/IR021_3.mat,IR,train,2,2.133,3.1745,29.9952,1728,0.453615834741384,0.306922142024755,6.02390678642715,7.10499357818657,8.2208912839766,0.231684141960288,0.533031894234012,4.71189827585922,3.41246979885642,5.4,0.319148544346251,0.254379989504771,0.410701146595076,1,1,0.0310050459715044,0.0264698930926332,0.0777150046282001,0.0994306014438629,0.11220967355722,0.0156889664656382,0.0126197575980119,0.318913010308822,0.320634720069392,0.321503240962705,0.244048740490044,0.242790505492158,0.0107558887934679,0.0115855433853173,0.0199835629660332,0.0015271215055343,0.000962560184787564,0.122121139810982,0.12439496453617,0.139570977402099,0.10064440178944,0.0991652700523947,1.58331973361881,38.0233070642092,0.515600526502937,2.20792938735479,0.806356901012598,5.49194064158036,0.82613929565301
source/12kHz_DE_data/IR/0021/IR021_3.mat,IR,train,3,3.1745,4.216,29.9952,1728,0.455553829922383,0.311552596405126,5.22838073852295,6.09821820532131,7.55375629157961,0.269826757216109,0.537433674555313,4.74870659958295,3.40811578956443,5.4,0.31358456748563,0.245065339783072,0.398751083173019,1,1,0.0369603019099935,0.0315779752748259,0.0718243382842816,0.096586276087435,0.115375844005807,0.0180828503741544,0.0164365541931924,0.313294535147933,0.314099150716121,0.314398059616673,0.24334423735498,0.242814059897984,0.0106047389759352,0.0112712195294378,0.0234041967643745,0.00280996733956295,0.00251709175079634,0.119398556542786,0.123180933226569,0.142753814017938,0.0976582572550706,0.0950433033447246,1.39618741344016,25.9542213378463,0.534305107270917,2.25729469718962,0.796340989740198,5.54234403157256,0.822376352998086
source/12kHz_DE_data/IR/0021/IR021_3.mat,IR,train,4,4.216,5.2575,29.9952,1728,0.454396428482484,0.307905430380863,6.64237854291417,7.84285679338931,8.36507200105205,0.325594153846091,0.535987328373516,4.75166625519649,3.3756611865441,5.4,0.314523153732312,0.240376865273449,0.400003534413913,1,1,0.0257971209014702,0.018257628048803,0.0727581935247582,0.102126380555712,0.122897380403767,0.0231504963196415,0.0213020906727977,0.314385484137731,0.31736858156752,0.318540422912111,0.245529144961749,0.242263408298791,0.00933860309354658,0.00989951903321445,0.0198730238923153,0.00160775463779041,0.00088426608324186,0.121509382564237,0.123467872129352,0.13998573730442,0.101286617350455,0.100034084718633,1.4984889151768,34.725286862504,0.429952127374277,2.01305323222321,0.802709881750828,6.01308963824709,0.824636464126684
source/12kHz_DE_data/IR/0021/IR021_3.mat,IR,train,5,5.2575,6.299,29.9952,1728,0.446642448419526,0.304313452720035,5.67142255489022,6.78840206991948,7.62913184269723,0.32789498688375,0.545857596367212,4.74113709871768,3.37447882883736,5.4,0.301847362461254,0.228954628142295,0.399882285705504,1,1,0.0232963189324021,0.0193522674940119,0.0683893153444933,0.0902074305860055,0.107763810143032,0.0170162676178588,0.0139104234226244,0.301527909621512,0.303467190757717,0.3047514883044,0.237549085968893,0.23601730351954,0.011395912360656,0.0129274078717821,0.0300364944271944,0.00413109314144669,0.0020042752322906,0.130926787128644,0.13462168403532,0.160889038621584,0.109177162092973,0.108116563492839,1.23787472234132,25.4007985227666,0.495748049062495,2.49048654959868,0.792790686290332,5.07134457584235,0.82240968583434
source/12kHz_DE_data/IR/0021/IR021_3.mat,IR,train,6,6.299,7.3405,29.9952,1728,0.431414920983222,0.29196855238088,5.58898672654691,6.94950892340682,8.59349391323272,0.350035203507776,0.531852557863671,4.75097149937515,3.35570124560741,5.4,0.313741355862271,0.222328742396153,0.40512230098009,1,1,0.0358465905204835,0.0325541046508374,0.0756766482250552,0.0944791067634074,0.109430856351738,0.0155926917230859,0.012191321241798,0.313421349389961,0.314846150744041,0.315655039393015,0.24245740064064,0.241433148706548,0.0105021708583886,0.0113703405616821,0.0318872962316461,0.00288435781557492,0.00202752187105904,0.130422189009767,0.132639773728055,0.1608477830432,0.107714786514968,0.106995200191434,1.26895885382671,23.4347028246432,0.434259453527062,2.6841856311015,0.801184410376678,5.63540813441965,0.816412657243648
source/12kHz_DE_data/IR/0028/IR028_0_(1797rpm).mat,IR,train,0,0.05,1.0515,29.994925,1797,0.838770504195474,0.657058864967321,6.8310372,4.40667066373769,3.41535268516052,0.144719628994719,0.791521303135854,6.04625490787937,4.84721189409637,3.7,0.201823438367404,0.212568288901225,0.372317886338538,1,1,0.0454093728535444,0.0183814256498173,0.0288459306213961,0.20036988185623,0.232989037342827,0.179016017004281,0.150908441917196,0.0054826234514872,0.0909215551943018,0.122461716638407,0.0723262879586851,0.0679988282834278,0.020489377015834,0.0478756319771581,0.0744583694831801,0.0226249937341888,0.00850810469942991,0.0380809345935538,0.0972710492723107,0.147278356600473,0.0277893407363254,0.0141090204341164,3.08217390285967,2.0832897207861,0.605185546400531,0.647642729602441,0.537641228979547,4.16920476667016,0.782304503832274
source/12kHz_DE_data/IR/0028/IR028_0_(1797rpm).mat,IR,train,1,1.0515,2.053,29.994925,1797,0.847470444367572,0.667268003509802,7.8161421,5.22025407511249,3.33343009849064,0.113577349225038,0.816672394089664,6.56338227033108,5.1389894150806,3.7,0.186810017408344,0.196838841105562,0.455643633776422,1,1,0.0375351583199198,0.0154743315216401,0.0272966794938865,0.18578774756303,0.226778322416393,0.144203162824532,0.129735067817997,0.00869918383842984,0.0520084168969188,0.0952242541266572,0.03831918136422,0.0300270069481457,0.0328791930678777,0.0567893873061392,0.0848222449270998,0.0227721727021726,0.00871111127644115,0.0447201212142734,0.0944460437824862,0.137854590736657,0.0210048761919576,0.00991931060265622,2.17232753195172,1.22707558749753,0.691043932221629,0.553486260508173,0.533194679681793,4.28930808227588,0.790440185043855
source/12kHz_DE_data/IR/0028/IR028_0_(1797rpm).mat,IR,train,2,2.053,3.0545,29.994925,1797,0.823384247760721,0.64720851282776,7.1240052,4.76686419250997,3.38480655874745,0.089906263111231,0.761090014062388,5.94795992525863,4.72570020332907,3.7,0.160754890274698,0.223376907010632,0.4090778559921,1,1,0.00918250665357566,0.00493457873267136,0.0128267778530507,0.167154932489651,0.210469557783955,0.136724933084051,0.130954617511299,0.0118046197468114,0.0470220886646255,0.0748901952260322,0.0323960480155313,0.0227936477069318,0.0216449633634038,0.0480145139797456,0.0798412543086777,0.0310683873191778,0.0195034214020451,0.0416500159219214,0.0840816886687553,0.1269182033114,0.00914799367357867,0.00438320613597947,1.86470715184546,1.14584046607622,0.576066900905655,0.466570628624943,0.532247933745883,4.42523354682935,0.780468404899417
source/12kHz_DE_data/IR/0028/IR028_0_(1797rpm).mat,IR,train,3,3.0545,4.056,29.994925,1797,0.834799754986611,0.65715645056526,7.279441,4.77588257775899,3.28344507718528,0.0899336933168603,0.834422006660407,6.23049127753863,4.96825700506377,3.7,0.132409681573705,0.18590295721256,0.423884909529423,1,1,0.0325559203207502,0.0184461159665787,0.0121032031967918,0.121724436053797,0.173683201657853,0.0962946359350807,0.0926727638901071,0.0163636452556288,0.0624370544220052,0.0770225747226557,0.0411258827937652,0.0265900370468251,0.00784478001373838,0.0297583213155718,0.0475601873863958,0.00754325079481393,0.00636045698107429,0.0361962744909901,0.0862397533367396,0.144543226305284,0.0249929654604127,0.00822506673232555,1.14930646224547,1.60529424861862,0.421499210931711,0.500472505495629,0.521945581383696,3.40106788486821,0.781556258343514
source/12kHz_DE_data/IR/0028/IR028_0_(1797rpm).mat,IR,train,4,4.056,5.0575,29.994925,1797,0.827403313904142,0.647660158655377,6.6756014,4.07563651646678,3.35438413764493,0.0871789912385849,0.810536208573654,5.91280654498501,4.88694239496312,3.7,0.140758316131862,0.265473161723634,0.468653101264594,1,1,0.0285250259243771,0.0196281446499457,0.0177284582166569,0.131260237387703,0.176429041754919,0.102244079723064,0.0886756139697322,0.0106971732240151,0.0409868672209221,0.0877718700864706,0.0279466947685186,0.0173033908725031,0.0175427001019248,0.0448509085964196,0.0666323861057225,0.0217759923248056,0.0199021154733773,0.0310019504844307,0.086819455521849,0.125134744836814,0.0240193017059208,0.0117210150883448,1.71555055906134,0.770167294490249,0.882658364521369,0.579412652483341,0.549037790285488,3.84362871369898,0.782015640004118
source/12kHz_DE_data/IR/0028/IR028_0_(1797rpm).mat,IR,train,5,5.0575,6.059,29.994925,1797,0.813068061995406,0.638578631173584,6.6247389,4.13775472875668,3.29356879886516,0.0981568152292979,0.800069021119435,6.10391219075478,4.84673664709773,3.7,0.180862491144456,0.185639180119484,0.398451460637386,1,1,0.037978234376913,0.0171972143839836,0.0192274235209284,0.182714019954527,0.237277714668884,0.160665906204035,0.149699647021515,0.0149462563417173,0.0452889758045239,0.104266007307432,0.0224466128541793,0.0114105560094529,0.0215091236634199,0.051913895039222,0.0665160760546595,0.0351066423826991,0.0124227117970775,0.0539058656886921,0.102046444893552,0.129011011461558,0.0128473977451327,0.00378280143526348,1.94619635745019,0.834202444339233,1.02756228033481,0.850504907995174,0.527138392107468,3.78285981375166,0.777128279711038
source/12kHz_DE_data/IR/0028/IR028_0_(1797rpm).mat,IR,train,6,6.059,7.0605,29.994925,1797,0.866974553012094,0.677742962769981,7.4714978,4.45658794128056,3.41852866905799,0.106917586480191,0.794220939282788,5.77555170860331,4.64744254426928,3.7,0.173566552448041,0.238707371808422,0.434740748599973,1,1,0.0384509708077556,0.0149812132148377,0.0289218757145701,0.176618442167846,0.191989794150237,0.149322840616275,0.130377539405467,0.0101120373373181,0.0808012699904397,0.112205441530529,0.0603184101593326,0.0481346768762596,0.0373939995640582,0.0680439854699422,0.0866157461081503,0.0414179245592607,0.0168046737827616,0.0633365976941942,0.104507656515611,0.137753338950421,0.0208936948181605,0.0147467220513797,2.21614968216725,1.91142566828815,0.964562112763305,0.684928235047998,0.552380975991751,4.13967467404131,0.794234049796607
source/12kHz_DE_data/IR/0028/IR028_1_(1772rpm).mat,IR,train,0,0.05,1.066,30.0058666666667,1772,0.833653320029439,0.664363262491445,6.4326821,4.03733936643337,3.06182518493255,0.067947471694666,0.841121237828398,6.67184938730276,5.11741692097072,3.7,0.130198516700911,0.207895175472857,0.45051762513179,1,1,0.0345398635372937,0.0196498831769892,0.0198868789118293,0.110768597001674,0.143489533171789,0.0862685214101896,0.0768311210233542,0.0166682123842452,0.0516364500822368,0.117743094067352,0.0418039462181957,0.0220708808879571,0.0155406187181214,0.0497672731386519,0.0725405606071388,0.0176763475007884,0.00741061426381066,0.0489853413507611,0.114319847854204,0.16599323288689,0.0418089532164529,0.0192285454946026,1.25980130995696,0.954015679025922,0.69317950409211,0.808426765299309,0.481145993601845,3.19247834228618,0.714028883726972
source/12kHz_DE_data/IR/0028/IR028_1_(1772rpm).mat,IR,train,1,1.066,2.082,30.0058666666667,1772,0.845195842280601,0.667820731764536,7.2737444,4.4069073341158,3.21894897333898,0.116944308394914,0.828755552121454,6.24665486190577,5.03761668706664,2,0.156784001897766,0.240411158203459,0.493593536163398,1,1,0.024122364595979,0.0187388510272421,0.0385508376206829,0.135170877243979,0.214434583171713,0.0993261151827735,0.0847454202729906,0.0117675648481404,0.0324528921710407,0.051770022923641,0.0188375387305017,0.00660192969739818,0.0170700136192373,0.0462058165225407,0.0750137213471662,0.0126964394376317,0.00564291257006875,0.0598750899786691,0.11388438794506,0.157201417497188,0.0273686232335295,0.0223741320410216,1.21015398356666,1.12540589765931,0.684026771118364,0.63950777570685,0.497964292770619,3.83459652151568,0.725677542755117
source/12kHz_DE_data/IR/0028/IR028_1_(1772rpm).mat,IR,train,2,2.082,3.098,30.0058666666667,1772,0.830004016544934,0.656184591156113,6.8200509,4.53890431752061,3.22315196323936,0.120124370904663,0.84445775533959,6.41050311390129,5.1593789953342,3.7,0.141977495924031,0.236437256974929,0.493330188563732,1,1,0.0696237039084524,0.0328043062239066,0.0414347342202321,0.147208714671386,0.190926112026186,0.0899752327491802,0.0752182680666225,0.0201820981928835,0.0469348054447485,0.0564048034377095,0.0205773032267661,0.0131333555095688,0.0157740339503211,0.0402011173063344,0.0560338294849913,0.021489620320564,0.0111663678935254,0.0458310080503479,0.0922180289330929,0.133122729322596,0.0193851537527945,0.00724212091251266,1.48014919300262,2.03207922018448,0.647253349581746,0.64045843195919,0.501813072254304,3.99016952132033,0.721132692928515
source/12kHz_DE_data/IR/0028/IR028_1_(1772rpm).mat,IR,train,3,3.098,4.114,30.0058666666667,1772,0.853440414960037,0.67693974719126,6.8147612,4.20288972030973,3.14682985621554,0.101264193095353,0.842800467554352,6.25923503393434,5.10705482923261,3.7,0.103267200279647,0.279007771268997,0.490323479345585,1,1,0.0431110094220547,0.0288459496146755,0.0307904416370373,0.110910669206173,0.127184664856747,0.0772492564645125,0.0690211129998975,0.00705483728516893,0.0427293315288393,0.0961598464237768,0.0312348487188613,0.0273817457183131,0.0403434599862552,0.0746647015036764,0.111477266441508,0.0485136740364503,0.0162078745766559,0.0598342508348369,0.12732950783395,0.190153755678766,0.022000070230485,0.0111252004369338,1.97914675074948,0.681001070601044,0.940396709144415,0.743080015906895,0.484483145741544,3.36465647370614,0.731282346999689
source/12kHz_DE_data/IR/0028/IR028_1_(1772rpm).mat,IR,train,4,4.114,5.13,30.0058666666667,1772,0.838780356523822,0.662518858187935,6.7317536,4.35842774812356,3.23873161088284,0.094827567274492,0.780331629308129,6.49419803437548,4.85538413096903,3.7,0.201387737771781,0.153568714953868,0.476315060463125,1,1,0.0278651145321199,0.00971634042823141,0.0344670120510055,0.213925987354407,0.24687374760306,0.177882903950351,0.157577115560488,0.0130145487504441,0.0422803842592071,0.0684498724752698,0.0239283538075031,0.0209741196201403,0.0181976277017128,0.0399924510227095,0.0625461129113762,0.00726096330061248,0.00262766377066121,0.0412171858640272,0.0846014309396204,0.132060558444398,0.00804345226948776,0.00388791045266571,3.16352832613402,1.24463153441626,0.347503926990928,0.449769299744235,0.49786398130369,3.55264685740439,0.726051233118595
source/12kHz_DE_data/IR/0028/IR028_1_(1772rpm).mat,IR,train,5,5.13,6.146,30.0058666666667,1772,0.841188574216026,0.661558552822661,7.5158499,4.6624461884124,3.34938036615646,0.115626025002617,0.858434826319089,5.99808246947237,4.69276649625878,3.7,0.136348076938381,0.235421819310668,0.470279498770251,1,1,0.0609456399631094,0.0237407803019677,0.0356225656878202,0.133306643343283,0.168342227269655,0.0871966897745373,0.0734679750553881,0.0249611640952665,0.0514285540392063,0.0739359525567627,0.0318458296416468,0.0162120512573824,0.021353803286194,0.041125164232237,0.0568797829302369,0.0213793108184769,0.00934312113721338,0.0488303125876082,0.117985723078523,0.176309159798017,0.0310972641177393,0.0149633037494019,1.73561984808282,1.50309012377419,0.622553012544832,0.687087490281338,0.507289978582257,3.71074982536312,0.733278457176519
source/12kHz_DE_data/IR/0028/IR028_1_(1772rpm).mat,IR,train,6,6.146,7.162,30.0058666666667,1772,0.834552905147825,0.660237013058516,6.6052077,4.05409110422873,3.15029865463259,0.0721163037975576,0.831172387524089,5.94109101247079,4.76399423146298,8.5,0.0761272472038667,0.251341974513771,0.391895985609881,1,1,0.0600739864759862,0.0412465771190575,0.0257886180319792,0.115991837611663,0.181280803312275,0.0688172086557185,0.0572808360838483,0.0121971700541615,0.0327441357960103,0.0515176940726391,0.0184068233514569,0.00605129864290582,0.0206705756538146,0.0418474860158957,0.0871335741614544,0.0114645716117243,0.00547402599983693,0.0414109431031051,0.0979071930951904,0.17407356197485,0.0112222484256689,0.00606313799102623,1.19004548976649,0.705993829575452,0.557588729568592,0.628633657068054,0.48823583784663,3.25721389638645,0.732945700656631
source/12kHz_DE_data/IR/0028/IR028_2_(1750rpm).mat,IR,validation,0,0.05,1.0785,29.9979166666667,1750,0.842751944912032,0.669401988412921,7.9162395,4.9827023774943,3.17718391016356,0.123848835830553,0.851128370784064,5.9647369971015,4.63635382446658,3.7,0.12041405012049,0.202713539957863,0.462232801006885,1,1,0.0357407111860143,0.0188844169169153,0.0362034935630322,0.123052327082684,0.147643676382843,0.0692612052901076,0.0511283129581126,0.00514844447529431,0.0378655280918489,0.0823023168742212,0.0326322071748075,0.0279053510646738,0.0514383668320068,0.0753614025207395,0.0946160050565667,0.0558716679223813,0.0342602898510129,0.0768547073379009,0.120046245383947,0.191318925636236,0.0142346411689023,0.00996733051917386,1.44177024484789,0.776501871081684,1.24381186729567,0.739337838879664,0.500717718962405,4.75553472274519,0.68550080289579
source/12kHz_DE_data/IR/0028/IR028_2_(1750rpm).mat,IR,validation,1,1.0785,2.107,29.9979166666667,1750,0.84576559692006,0.667125624292442,6.5156897,4.19002536303416,3.26298602012515,0.193351059810607,0.849285686579981,6.16258905876039,4.89944135878257,1,0.351779374222415,0.266463208707266,0.462836888286474,1,1,0.0174031241473899,0.00794038862961349,0.0282685188498202,0.100138766736828,0.123397932386138,0.0424901522631589,0.0268548984598911,0.0262538281930661,0.0496581412444941,0.0774434277186135,0.0349827417989973,0.0166466766826656,0.0226313966173523,0.0512020040932529,0.0766800943713906,0.0271625155251596,0.0145039992578862,0.0563551676389252,0.103469733032177,0.17314046618183,0.0150177810176778,0.00803290329510356,1.49216435288746,1.02164046102328,0.947888481260092,0.701732252977866,0.489836073423559,3.47559506838127,0.68695059576581
source/12kHz_DE_data/IR/0028/IR028_2_(1750rpm).mat,IR,validation,2,2.107,3.1355,29.9979166666667,1750,0.81718293501768,0.646920792334683,6.709781,4.57919146792195,3.23283298225498,0.139428915955224,0.803755650540102,5.28643398400438,4.31794570744306,3.7,0.113848276090998,0.272959998526094,0.477304276051844,1,1,0.0138051775665677,0.00757979556686841,0.0221711741072922,0.100712682349248,0.182233908894232,0.0723606733731146,0.0597596362608795,0.0176063465552532,0.0278242616380151,0.0417796543744481,0.0200883184232214,0.00826187513974007,0.0636522155686778,0.0738748261098746,0.0850749299978309,0.0541107639716152,0.0287280659970453,0.0751811451008458,0.111313740166491,0.149368407105582,0.00411311381337947,0.00357645417458192,1.00998440008134,1.12018924354401,1.40785771343817,0.781551635789344,0.499697136379996,3.6440175486428,0.675793548023927
source/12kHz_DE_data/IR/0028/IR028_2_(1750rpm).mat,IR,validation,3,3.1355,4.164,29.9979166666667,1750,0.843756377381512,0.663873929566144,7.4735323,4.49220179045379,3.35320162039259,0.156968575060736,0.804194143224662,5.58507771980016,4.36757895791304,1,0.375993835244176,0.276670078024713,0.499493043152436,1,1,0.0120559022419457,0.00709079547279428,0.0271348330051465,0.141407456137316,0.160478898189247,0.0953857981749388,0.0759995076690497,0.00593474531866085,0.0222783200017464,0.0433462810847138,0.0133248672205906,0.00775224617772941,0.0532356406937598,0.0734430893075727,0.0860379997945606,0.0586169464668322,0.0302535546393182,0.0858323367653175,0.11658626164811,0.163261502446031,0.0142383109070804,0.00794997270069549,1.67217675068618,0.668829744937446,1.05721055968226,0.653361493354925,0.513170174634854,3.89996940926583,0.688806219946302
source/12kHz_DE_data/IR/0028/IR028_2_(1750rpm).mat,IR,validation,4,4.164,5.1925,29.9979166666667,1750,0.828595121567385,0.652291397563677,7.0182112,4.33512124880824,3.34544671293684,0.114615320857317,0.825389819319069,5.91938977563209,4.45182288239382,3.7,0.171197899364812,0.213945953511236,0.476129577817482,1,1,0.0200801023758968,0.00825218969460174,0.0146223550630441,0.122742514297483,0.189285820678789,0.0931507233544795,0.0870300748790401,0.0223731899820999,0.03432279680777,0.0695115628658747,0.0228519827926003,0.00966055496217059,0.0258639120232192,0.0486538837970309,0.0611081635667693,0.0224964373445527,0.0157878037682753,0.0554212477264539,0.0943582157054081,0.163726163377039,0.0268271506394677,0.0146121672848493,1.39750364942472,0.577181693283774,0.776057929410518,0.471334130945836,0.49868784709359,3.70687411854237,0.680915374133782
source/12kHz_DE_data/IR/0028/IR028_2_(1750rpm).mat,IR,validation,5,5.1925,6.221,29.9979166666667,1750,0.832274247067091,0.656645109849676,6.8473132,4.56533201417151,3.31920440999403,0.145572426518245,0.855634033329732,6.03557360008064,4.66326643704837,4.3,0.0978960882770752,0.235628928584637,0.512142639628199,1,1,0.0295436461941416,0.0169234165891631,0.0245358512640991,0.068393399109537,0.108787594523572,0.0287147852816945,0.014126907427361,0.0194664714571577,0.0454280149868429,0.077624570409051,0.0379231315551327,0.0156913327918423,0.0455424971272792,0.0777758820492019,0.0984768593048041,0.057565609710931,0.0338513747117653,0.0726764711668941,0.13400648882338,0.190815361461043,0.0233136188848265,0.0102190437458207,0.94838719699317,1.24627461915643,1.024336810977,0.797461187103315,0.491564133381744,4.69299028917478,0.671894185436274
source/12kHz_DE_data/IR/0028/IR028_2_(1750rpm).mat,IR,validation,6,6.221,7.2495,29.9979166666667,1750,0.852580022661083,0.671481859538013,7.2831031,4.38737330237993,3.29427452318841,0.117476763048463,0.845458778472231,5.51218050703846,4.61162568162031,2,0.166825678922833,0.263675257518471,0.467434754801093,1,1,0.013479043667573,0.00585563870113358,0.0281972827350448,0.104059996502326,0.14504986810068,0.0645841390882848,0.0330871425840431,0.0175165089736108,0.0330694793266246,0.0513155104887323,0.0195663611127219,0.00767789200707296,0.0323869482102124,0.0612129806448797,0.0743402435277899,0.0421900001510516,0.0214661183865662,0.0606323054134533,0.152438740313688,0.206232952247483,0.0382390079656381,0.022683278625884,1.45272016841083,0.981045704552246,0.999200350476801,0.846209269997719,0.514844520207019,3.5148946913326,0.690043934855729
source/12kHz_DE_data/IR/0028/IR028_3_(1730rpm).mat,IR,validation,0,0.05,1.0905,30.0010833333333,1730,0.824816505785559,0.648883198761031,6.5698074,4.2911002461589,3.25339188436809,0.147091859180793,0.829676631849584,6.04407650858232,4.86444842452176,1,0.2952488507655,0.268436152270345,0.449602025297538,1,1,0.0316219903550252,0.0108906960687309,0.0286556059721751,0.140814083077913,0.170891566784917,0.0633784462323016,0.0524050999308961,0.012878199861169,0.0849074752853578,0.113261958975617,0.0668252225726334,0.0587653496124166,0.0663937202807893,0.0876265102155798,0.106087849151049,0.0464693756631795,0.0422776705644645,0.113291843252294,0.161662376768522,0.238213133765816,0.0241979812569489,0.0111146939583247,1.98345698537017,2.40848216142727,1.27835009795652,1.06237759294412,0.511800446726393,3.92922241486065,0.630730873824242
source/12kHz_DE_data/IR/0028/IR028_3_(1730rpm).mat,IR,validation,1,1.0905,2.131,30.0010833333333,1730,0.825273721774958,0.645803356561289,6.5840489,4.19536282315596,3.37371964003708,0.175532399144502,0.84462914490828,6.01981498564255,4.84062061137369,2.6,0.141527479942453,0.211485795445237,0.473700472684689,1,1,0.0622572282567768,0.0560661429892382,0.0126981046989706,0.0921326441427263,0.12060035604499,0.0525675413410253,0.0431226604856531,0.0179898389524777,0.0600988942284893,0.0807663121384522,0.0430585446835401,0.0217130960336558,0.02918389707774,0.0559682061815182,0.0731099907751138,0.0288964138741202,0.0106333444405905,0.0558562162508985,0.117713012078799,0.238253007280012,0.0363408110321703,0.0162834942101433,1.33063377462483,2.28805123276437,0.772110236630415,0.643491815375178,0.508054335758265,4.01456707134864,0.636329500631134
source/12kHz_DE_data/IR/0028/IR028_3_(1730rpm).mat,IR,validation,2,2.131,3.1715,30.0010833333333,1730,0.826357504319152,0.652035738098397,6.6251458,4.47291538876844,3.25230901191964,0.19075857280032,0.842690327669784,6.02882325292716,5.06504519519888,1,0.315241361898388,0.329884846897745,0.450381453244627,1,1,0.044935296560149,0.0273751804790592,0.00990920322904534,0.0591532837307231,0.0823416682603263,0.0245193386343767,0.0171374596474467,0.0163513004801702,0.0600206041893447,0.0781023367639306,0.0358501967748604,0.022067157237189,0.0337322245001388,0.0768231315079773,0.0875437969090252,0.0447521922040691,0.0252776807000737,0.0759410106831678,0.140677187631087,0.192910734359878,0.0118499396118659,0.00828601919029768,0.780135622918828,1.40306037152721,1.10661431244544,1.03747571436497,0.506989201544966,3.52973320365386,0.628465220999671
source/12kHz_DE_data/IR/0028/IR028_3_(1730rpm).mat,IR,validation,3,3.1715,4.212,30.0010833333333,1730,0.822332062627688,0.648694854274223,6.7142569,4.27615889634266,3.21937836188909,0.119089935671217,0.846450543700227,6.08960064606191,4.98293867972451,1,0.301143400937591,0.277139645332482,0.443581487087311,1,1,0.0330551292571839,0.0172962932686009,0.0224737940823159,0.0771763622073185,0.0986343553655985,0.0372356560759114,0.0257238239488136,0.00938810795332362,0.0811806214287795,0.103558250845845,0.0661109098446177,0.0597775107820709,0.024167104115922,0.0783207441379939,0.0956788407131926,0.0446491890893876,0.0190057925375069,0.0703245793214278,0.160353843400046,0.224143412972476,0.051843352257367,0.019454466124442,1.20283182489476,2.0112294677119,1.03896815576259,1.00536480878888,0.521335704146851,4.30737508426691,0.627903614566396
source/12kHz_DE_data/IR/0028/IR028_3_(1730rpm).mat,IR,validation,4,4.212,5.2525,30.0010833333333,1730,0.822076144842138,0.644067749505598,7.4540011,4.65604969414567,3.3891398538538,0.190549080905842,0.802844529746417,6.07582709262404,4.41635172698509,4.3,0.178128831087022,0.193574305907579,0.487234781582758,1,1,0.0400325507416709,0.0212474183516798,0.0148766903628946,0.130224991166238,0.146933458436666,0.0605246162566544,0.0553273230269408,0.00496521526903176,0.0154647003855075,0.0397958851740614,0.00568470316047011,0.00231255762348177,0.0321339917521808,0.0596240304941746,0.0920596211194395,0.0258529834010443,0.0188130076380793,0.0599638616182089,0.118717818341448,0.222303847589182,0.0314733763986473,0.0134180117292431,2.18283095858314,0.304628707911511,0.449777975430839,0.573363682921933,0.518358005172176,4.48562061599698,0.627624440415266
source/12kHz_DE_data/IR/0028/IR028_3_(1730rpm).mat,IR,validation,5,5.2525,6.293,30.0010833333333,1730,0.829832574995958,0.654509241972135,6.8310372,4.42665823492385,3.3429340196367,0.157368130752962,0.845195541126798,5.99872493503593,4.67388089909576,3.7,0.141902972255936,0.184432440446918,0.420206485561885,1,1,0.0152446119639212,0.0054472070305726,0.0268225768289463,0.143541661639271,0.196867261017892,0.0875710763237435,0.0697694565879824,0.00650452932120158,0.0784635488579197,0.0895361412380749,0.0415123692357713,0.0268017139989776,0.016738263496627,0.0542041863310004,0.0720288287099012,0.0178251017789864,0.00940029491159056,0.0446939155964831,0.13377412544155,0.242745245533976,0.0531013270075451,0.0264076629834322,1.81702812652139,2.56508711900823,0.945206615259079,0.875404266008267,0.515383654570999,4.61669001180201,0.628960779363145
source/12kHz_DE_data/IR/0028/IR028_3_(1730rpm).mat,IR,validation,6,6.293,7.3335,30.0010833333333,1730,0.819154081613672,0.642095244669896,6.1547694,3.90294669485279,3.3316751222232,0.174381823289225,0.847129940470746,6.3611744956046,4.44451280543542,4.3,0.125294710795251,0.135812973450591,0.482526076007801,1,1,0.0166728179110979,0.00825268300787257,0.0167754397435121,0.0998218321335227,0.146484869825421,0.0479139339235856,0.0369553839677397,0.01953993233895,0.0541431013536193,0.0832224020492214,0.0388967815072143,0.0255970316912703,0.0358876523399905,0.0668965932876379,0.0959223970769389,0.042496194572473,0.0209840558277585,0.0727660062056464,0.133886307809367,0.231122902496307,0.0330013985601026,0.0194278830690555,1.21523611548843,1.32480870734524,0.706184572750183,0.685568249109131,0.500040796527311,3.67985141783669,0.629609405299346
source/12kHz_DE_data/OR/Centered/0007/OR007@6_0.mat,OR,train,0,0.05,1.052,29.9932,1796,0.670350803675968,0.408142459308034,6.70491606786427,5.16064272757039,7.5069410490623,0.0524511623883995,0.297267835614402,4.42275856946093,2.44108239682825,3.6,0.82332097387008,0.100470505417924,0.885397716560399,1,1,0.00815298352112849,0.00622814982611961,0.823275345575131,0.824734106373273,0.825568198615365,0.604825874494467,0.603895475303462,0.0168517160513106,0.0204179898504241,0.0230553650742015,0.00351425961706692,0.00319765769167532,0.00165578279268116,0.0104444504869619,0.0185997402851584,0.00955465044772503,0.00805340355288004,0.00530508283828211,0.208832955210446,0.23896120944118,0.00502310346433596,0.00284622944377882,151.167004420065,7.5464877573094,1.51152050961981,8.12168839751668,0.79085245571052,3.29346696814836,0.500020589279535
source/12kHz_DE_data/OR/Centered/0007/OR007@6_0.mat,OR,train,1,1.052,2.054,29.9932,1796,0.645114540523965,0.391572135583743,6.54857225548902,5.17371451577377,7.53388684298818,0.0514328616706537,0.275539735325987,4.47884702060177,2.3861310504879,3.6,0.856507697021228,0.0827437766321669,0.912625839608934,1,1,0.00384725835276768,0.00299091470885403,0.856396943706735,0.857409097015899,0.857823835640418,0.630574575978284,0.630006454528568,0.0175066686768533,0.0211750484769964,0.0235397419967978,0.0035843348938356,0.00334657759842451,0.000887747006935616,0.00677605707806862,0.0155426231883366,0.00577228564591575,0.00498225276076675,0.00381917398955327,0.211144423797062,0.235559611890244,0.00428428187088066,0.00211513806964904,154.395551666681,6.84044010463103,0.956984620588206,9.27617896329201,0.781795596320248,2.96016837417543,0.500301873771382
source/12kHz_DE_data/OR/Centered/0007/OR007@6_0.mat,OR,train,2,2.054,3.056,29.9932,1796,0.68547279784355,0.41362815241875,6.70897694610778,4.95908531141674,7.65905923586561,0.0628055393448656,0.309048276716623,4.32306356574599,2.4925062631018,3.6,0.78918278643686,0.125760212891555,0.848460822288762,1,1,0.00781460902361345,0.0068163271860196,0.789030513037135,0.789609206259006,0.789757814147032,0.582164973544158,0.581821594761785,0.0183544613012531,0.0226870950943712,0.0253385358824682,0.00416057412679267,0.00403829559343148,0.000169754877294763,0.0116992018187488,0.0193618560247179,0.0109941926725225,0.0109445047966684,0.00216587560762093,0.193945801318019,0.231152605087061,0.00221476077661282,0.00126586646493297,173.228606227097,9.11154025061127,1.59668879466412,6.49727366728175,0.8041730056541,3.34455451114229,0.498976478308853
source/12kHz_DE_data/OR/Centered/0007/OR007@6_0.mat,OR,train,3,3.056,4.058,29.9932,1796,0.68567274678528,0.415346699200268,6.70085518962076,5.01565420857378,7.66015311859179,0.0417618156179052,0.305043717283235,4.31167747096267,2.45031063218155,3.6,0.794834246407633,0.12614097633577,0.861244106910426,1,1,0.0133855627646291,0.00998505651821973,0.794746529905679,0.795119197491832,0.79533304978166,0.58814596201514,0.587889717564403,0.0169401876911056,0.0216062418600622,0.0236995971763491,0.00443753732156261,0.00436383045577913,0.000389827079943016,0.0106243514809412,0.0185336237505593,0.0101511325088238,0.00996563624926631,0.0018112886691447,0.193952535194612,0.227953215832646,0.00145971209901622,0.00068263946020425,229.360432610253,10.3055142765099,1.45423048754391,6.48293132054935,0.797328656356732,3.3805034687218,0.500368480587236
source/12kHz_DE_data/OR/Centered/0007/OR007@6_0.mat,OR,train,4,4.058,5.06,29.9932,1796,0.656888658265096,0.400629670860212,6.62451067864271,5.24213461975261,7.40617635951776,0.0685022802103554,0.270914742634166,4.43936840267687,2.35451691664939,3.6,0.857310380469973,0.0878059499385378,0.93036273704327,1,1,0.0164925434748057,0.015285937024317,0.857228356879442,0.857673110328296,0.857834955054798,0.637604962078158,0.63729287105812,0.0167561936263304,0.0206656169667938,0.0231926761937565,0.00366984979059848,0.00357875134693459,0.000623134466499824,0.00581450332429076,0.0150463900482361,0.00538658606833681,0.0049590333054219,0.00251439435971877,0.203560519456088,0.224881092728167,0.0020823926139717,0.00114408529125701,184.215951232373,7.96105441267108,0.785046143029621,8.78704977085691,0.778805461625701,2.92628962408146,0.500791129732522
source/12kHz_DE_data/OR/Centered/0007/OR007@6_0.mat,OR,train,5,5.06,6.062,29.9932,1796,0.657125853825928,0.39797603952544,6.74958572854291,5.21965453971389,7.75079166833749,0.0434614551996126,0.286838339869365,4.36788111045986,2.35581347705522,3.6,0.824959332237069,0.10612047318743,0.901586609039376,1,1,0.0115427555330137,0.0111200554149506,0.824904472402555,0.825620680530707,0.825933806669033,0.612837410445732,0.612350147817239,0.016395346782124,0.0204962346670827,0.0235872133101104,0.00372954458334519,0.00363915085793932,0.000868164299853582,0.00904345842750532,0.0188632023151892,0.00854347755065622,0.00788260202535035,0.0029490200178829,0.200956743691375,0.231119054820437,0.00261015730985713,0.00128319225539063,184.931423122327,7.96426500540194,1.11836363024008,6.66571106734182,0.78616565373025,2.93209895643129,0.499128453153266
source/12kHz_DE_data/OR/Centered/0007/OR007@6_0.mat,OR,train,6,6.062,7.064,29.9932,1796,0.691496410421628,0.417285605745065,6.87628512974052,5.22315841728442,7.70512295781018,0.075293279516447,0.32234407718129,4.26304867114252,2.4504794911116,3.6,0.761716378864592,0.139975017201938,0.843682265761663,1,1,0.0152194958468463,0.0147213690385773,0.761673610734977,0.76214312547799,0.762716852370862,0.562834691224747,0.562567643034685,0.015649712861928,0.0190132169581266,0.022524470726613,0.0029610955376676,0.00292179426247162,0.000655342458013743,0.0154409038070225,0.0246085903446026,0.0146888283194968,0.0141918781930535,0.00203447874032195,0.193684118228328,0.237684741577169,0.00222259369425468,0.00129472769565871,138.883457952393,5.79866700567367,1.79077274725489,5.02864409200344,0.807639963101845,3.42434800824104,0.500167204504952
source/12kHz_DE_data/OR/Centered/0007/OR007@6_1.mat,OR,train,0,0.05,1.065,29.99325,1773,0.59147431583112,0.366080213343275,5.96015099800399,5.08521014053585,7.58626500013764,0.034599386015425,0.304552412559432,4.34476015997621,2.40066215924865,3.6,0.799606068419281,0.10278832448953,0.893253935428493,1,1,0.00953333646884706,0.00620595957206741,0.799476163791531,0.800232971568408,0.801289335917596,0.62335825141608,0.622894909946239,0.0133972018293664,0.019558331239183,0.0244059271348451,0.00576228780179149,0.00568969359180505,0.000785422630967792,0.00831420789004473,0.0193674208777125,0.00778364783094204,0.00722458923024081,0.00511284937461985,0.17193959352691,0.206904491471989,0.00478278014219442,0.00267494698555248,113.048350253416,4.95783828165683,0.88137760773458,4.67418944804724,0.672987521326454,3.28541474870846,0.536712518741278
source/12kHz_DE_data/OR/Centered/0007/OR007@6_1.mat,OR,train,1,1.065,2.08,29.99325,1773,0.586636165792282,0.36406090953615,6.02228243512974,5.27224620256479,7.57088835129966,0.0323797552828994,0.313422197532346,4.33099033287743,2.38848068801681,3.6,0.79001217983611,0.108009560449387,0.892293893032694,1,1,0.00937435662506343,0.00583865280716436,0.789952321885278,0.791016568446706,0.792474003288219,0.616118882786917,0.61525616647957,0.0127537150518846,0.018427717095409,0.0242567893713375,0.00545805858926176,0.00527342578252387,0.00118103234247287,0.00939006418663556,0.0199529525234953,0.00879407478332058,0.00750688482167542,0.00613190817328806,0.170704897018623,0.205358023761741,0.00376285133982044,0.00284701429162449,93.5849328171899,4.22468120028668,0.952266166862645,4.23092814092271,0.667331078240019,3.33409783608409,0.539205884017534
source/12kHz_DE_data/OR/Centered/0007/OR007@6_1.mat,OR,train,2,2.08,3.095,29.99325,1773,0.58852084524848,0.364798195359578,5.94553183632735,5.19876316735048,7.61263746241464,0.0343976126190365,0.309281917539834,4.32953514898861,2.36385664088013,3.6,0.795257408768996,0.102503104912884,0.89106478286659,1,1,0.00715956061984241,0.00421923994554518,0.795012320808643,0.795692155701642,0.796417302527881,0.625028265462754,0.624717448930669,0.012871125972823,0.0178260312716776,0.0241067439889617,0.00482395236066892,0.00449039383139186,0.00127577674097862,0.00998206593742081,0.0214496902225174,0.0091458640613533,0.00792647464430041,0.00534765235987677,0.167851187798451,0.203458238951401,0.00460807515675076,0.002199553609305,102.729186289605,3.38736678459645,0.941802051248712,4.19160340036008,0.668759365434938,3.29241254220328,0.539729841910043
source/12kHz_DE_data/OR/Centered/0007/OR007@6_1.mat,OR,train,3,3.095,4.11,29.99325,1773,0.591809925971128,0.36766148001902,5.88461866267465,4.98916566871685,7.44251958625235,0.0321308686118899,0.301290032097314,4.33997527165526,2.3466176987721,3.6,0.805547728820483,0.0994518713416254,0.898455092750372,1,1,0.00793792892650514,0.00673768462078037,0.805370299181286,0.80572434140809,0.80599574288231,0.630056714466388,0.629943295437665,0.013115845496016,0.0178877117396457,0.0232740703714331,0.00449973609007408,0.00440747116187697,0.00110943516205334,0.00935140993224987,0.0200437899142663,0.0082455990197809,0.00747464266027667,0.00328976961623204,0.170653888065973,0.204379025741023,0.00308822524922909,0.00214236411702608,102.75343169872,3.51375750798049,0.963051444875517,4.39737618817732,0.663794906115418,3.21589834736793,0.537915644285532
source/12kHz_DE_data/OR/Centered/0007/OR007@6_1.mat,OR,train,4,4.11,5.125,29.99325,1773,0.595137648601987,0.368998848528347,5.91994830339321,5.16943696241905,7.42837597972427,0.0442567188508908,0.293013579336765,4.33063301311652,2.27378113969246,3.6,0.813894422883736,0.0959554926409834,0.902636701732822,1,1,0.00961196713574904,0.00881739678677288,0.813828692297587,0.814156021755025,0.814418705135625,0.63251399280086,0.632325184021698,0.0122148143142217,0.0167009310194154,0.0213826107020953,0.00430634580988545,0.00425918823184514,0.00120582668117593,0.0100759609817048,0.019995563369621,0.00893370266987381,0.00798673335722446,0.00286562768002038,0.177481546479577,0.210658924355181,0.00199933670546405,0.00119541398866752,103.038056706774,3.6936005035356,1.09907126736791,4.79371337848123,0.656510133418983,3.28803309635921,0.534318696496667
source/12kHz_DE_data/OR/Centered/0007/OR007@6_1.mat,OR,train,5,5.125,6.14,29.99325,1773,0.596322422084049,0.369421065407421,5.72502614770459,4.92094348128742,7.50089989753238,0.02464130206356,0.293260242942576,4.29829896968368,2.28572346804078,3.6,0.812729177355005,0.101143303841536,0.900962022625728,1,1,0.0134696591141282,0.0126156168653702,0.812568567398705,0.813002154492675,0.813396980508934,0.631446344865576,0.631088508765622,0.0131084820506495,0.0176364366649162,0.0224820979415348,0.00432754349368415,0.00421037374051733,0.00121731010875191,0.00993693481145169,0.0195235652098662,0.00920331713695618,0.00821762880203803,0.00364606894115691,0.175897022209805,0.210189460079502,0.00168278810833929,0.00142360224993386,113.615013666422,4.78931019788059,1.10252199470629,4.92701156034756,0.659331115113888,3.2100500786525,0.534270945510817
source/12kHz_DE_data/OR/Centered/0007/OR007@6_1.mat,OR,train,6,6.14,7.155,29.99325,1773,0.59643950099698,0.367790325645738,6.06451556886227,5.21065784401358,7.54753006493307,0.0261659125006901,0.315354861913427,4.25980123430338,2.34604229263032,3.6,0.788425073106827,0.119557346427264,0.889394112376941,1,1,0.0211636814894021,0.0204826687285122,0.788346679223437,0.788514992094763,0.788733876014641,0.605211254429298,0.605188332034853,0.0141185086882213,0.0197165859701898,0.0234807964541357,0.00545772846339633,0.00499333979105584,0.00108646339882721,0.0100195112339342,0.0196942825727803,0.00876985163453797,0.00780477915761393,0.00322676898984359,0.177447231756039,0.213692864796583,0.0022099502970035,0.00111420683625938,90.0826197328931,5.4237076740473,1.1336333299329,4.68231192646411,0.668090270445906,3.32500922052048,0.533608760641945
source/12kHz_DE_data/OR/Centered/0007/OR007@6_2.mat,OR,train,0,0.05,1.0785,29.9979166666667,1750,0.559884934348344,0.343901497020499,5.6799503992016,5.32546172951432,7.80628126870726,0.0371463381143667,0.270944475011416,4.21187214634249,2.05994416785448,3.6,0.835012950431419,0.0843815670200108,0.922520589560163,1,1,0.0110204329264275,0.00999294151382271,0.834906080606374,0.835947015103869,0.83672411576557,0.673815930154833,0.672952632616821,0.00508783472114861,0.0102098275820765,0.0134036255562367,0.00554393713337121,0.00479113082818055,0.000556093263705683,0.00832424101939503,0.0164985243091636,0.00804539892715315,0.00755165678109634,0.00306474954900475,0.165835058390273,0.194170076353862,0.00232129392230182,0.00108500802258109,149.259690085997,4.34197998045178,1.17378635438639,5.59829569134633,0.80146836563246,2.83407174157526,0.512141186345616
source/12kHz_DE_data/OR/Centered/0007/OR007@6_2.mat,OR,train,1,1.0785,2.107,29.9979166666667,1750,0.572872002971144,0.352151224278445,6.02065808383234,5.38660607548141,7.75563991441401,0.0187225464906642,0.267887456146844,4.20022490622758,2.03140853729439,3.6,0.835893669734485,0.0809184998542566,0.915489360899944,1,1,0.0111234175265599,0.00837480206970969,0.835825532719347,0.836741563742839,0.837673472499917,0.678266195341178,0.677406784583621,0.00392016822997127,0.00844117422674697,0.0116818226539241,0.00451106740954448,0.00441186639420495,0.000691916756332027,0.00971061543760009,0.0173318116689063,0.00927124082720295,0.00856047714375729,0.00303800576059825,0.164303170798442,0.192685326400414,0.00162491982358038,0.000575199509435095,141.859684649834,3.36634910954631,1.40022367192947,5.85274222544832,0.800344495774957,2.93056539239861,0.5106885233701
source/12kHz_DE_data/OR/Centered/0007/OR007@6_2.mat,OR,train,2,2.107,3.1355,29.9979166666667,1750,0.569844818523074,0.349190981621112,5.6490877245509,5.10279595660504,7.90514046329899,0.0103259803303941,0.273759798220767,4.17310158909443,2.03714264892009,3.6,0.827561056888237,0.0901773931555107,0.91853163408912,1,1,0.0133210776043886,0.0114974839695068,0.827420199313796,0.827832106774599,0.828331421307967,0.66821444685412,0.667917404220269,0.00451809818404412,0.00927935263881166,0.0128182429599512,0.004956776891605,0.00464214028851018,0.000859800164954252,0.0091913541028009,0.0156958279907203,0.00876216710253918,0.00789234471658245,0.00328155978481104,0.16428950487951,0.192391627343857,0.00227713514230426,0.00150300905271224,127.909771382822,3.03711818093689,1.40268547702909,5.24450330593355,0.800433055095948,2.75978109140775,0.512817697764693
source/12kHz_DE_data/OR/Centered/0007/OR007@6_2.mat,OR,train,3,3.1355,4.164,29.9979166666667,1750,0.569187674715118,0.349812951974199,5.8533499001996,5.2808333946095,7.80617769129051,0.0177979862753933,0.282860605221128,4.21015528151132,2.10721238717896,3.6,0.820483495558659,0.0935686800080064,0.912644391568404,1,1,0.00783800298875331,0.00624177541279503,0.820267686285189,0.820993750837736,0.821488063251321,0.654922851821442,0.654322492484893,0.0066913434281389,0.0113226046706912,0.0151298909677962,0.0046948892048328,0.00447546270081603,0.000842743715200682,0.00939247224687877,0.015198949278744,0.00880040580309814,0.00796964123358569,0.00516317199901288,0.170818012262273,0.199755673815462,0.00479068243920092,0.00332562797311902,107.210444983173,2.97988962583924,1.48427273507738,5.24530777534822,0.787922231516648,2.76275045741132,0.517479048143342
source/12kHz_DE_data/OR/Centered/0007/OR007@6_2.mat,OR,train,4,4.164,5.1925,29.9979166666667,1750,0.570442528204873,0.348139614900797,5.72462005988024,5.1100261768223,7.93229917677816,0.0178324221016619,0.294542105665755,4.22225244839774,2.15237719016416,3.6,0.815016010773088,0.0954576648887468,0.915895437384228,1,1,0.00849198807431918,0.00729655043929434,0.814945179253247,0.816036987131584,0.817022683284294,0.648892586809496,0.647776545822047,0.00799384822130649,0.0138619050995379,0.0175832363913265,0.00599955354865082,0.00559732975424957,0.00128426899719264,0.00974131915558614,0.0144640088354262,0.00901756934343412,0.0077207869645875,0.00549719492522109,0.171219078166444,0.198513185055253,0.00524668098185659,0.0030933022278683,94.8369377719184,3.69493560649048,1.85964024437723,5.75047558510819,0.789703146364447,2.93002118857983,0.520201885226165
source/12kHz_DE_data/OR/Centered/0007/OR007@6_2.mat,OR,train,5,5.1925,6.221,29.9979166666667,1750,0.568860417134052,0.348661397620192,5.82370548902196,5.27665838337146,7.93284646719495,0.0180489067659301,0.283876262598925,4.25780505702415,2.18022368146704,3.6,0.827184207817776,0.0865858184167584,0.916183336194827,1,1,0.0109625727189899,0.00961602429523468,0.827038503463596,0.827710190596287,0.828484051355575,0.658439165549359,0.657958332256898,0.00798805870789254,0.0153162541376357,0.0178024675142915,0.00767128816997148,0.00690887678249076,0.00127794957812017,0.0092826493855035,0.0141111585103589,0.00877969007225005,0.00749506719784866,0.00491869354922855,0.171782879537732,0.198380742273572,0.00416914672899391,0.00260186412873582,115.835409566665,5.64530786175443,1.93366431428167,6.49333816887355,0.778731349242896,2.94250407277649,0.520667984222443
source/12kHz_DE_data/OR/Centered/0007/OR007@6_2.mat,OR,train,6,6.221,7.2495,29.9979166666667,1750,0.578198777254392,0.355397707368502,6.03121636726547,5.35672226196907,7.80684883964331,0.0196260814254879,0.267444273144103,4.3007179473343,2.14324687568435,3.6,0.842218576737888,0.0741285627263137,0.921107476269923,1,1,0.0081574313414845,0.00699139058895946,0.842090577238888,0.842552851774957,0.843011038122606,0.671706736598575,0.671374415384043,0.005951187996207,0.0156468243664973,0.017181910518395,0.00926208620527992,0.00918843543641935,0.00123042512184078,0.00941392759617259,0.0143499765985093,0.00890341162400426,0.00785061646072018,0.00454676688854414,0.174811209147963,0.201358226401852,0.00340635671877363,0.00194008435523444,153.304596060253,8.06845155816556,2.23298507856902,7.20260437491244,0.776115250910678,2.91274263535831,0.519625287116156
source/12kHz_DE_data/OR/Centered/0007/OR007@6_3.mat,OR,validation,0,0.05,1.0935,30.000625,1725,0.574916965641769,0.351791254893745,6.12299221556886,5.52983203187058,8.07669478029277,-0.0139496582139986,0.312517904577729,4.51635069863239,2.61082489022337,3.6,0.813944305299582,0.110602403559639,0.908543907587817,1,1,0.0160627243472453,0.0147519218272782,0.813810996791532,0.814543257757126,0.815208880443322,0.58807066311282,0.587579259083234,0.0247496744638524,0.0270592152743297,0.0293735524724394,0.00229134145829245,0.00211244434887813,0.002127168043091,0.0104558080922897,0.0229915960247967,0.00893551532758508,0.00693784316679632,0.00420348025866696,0.202773077478,0.237256532264201,0.00176747092787433,0.00135342524344906,119.560025854108,9.51312557855174,1.18132577910757,6.19025534311833,0.803762681507633,3.19023272098009,0.522800981602275
source/12kHz_DE_data/OR/Centered/0007/OR007@6_3.mat,OR,validation,1,1.0935,2.137,30.000625,1725,0.580023289572493,0.355056674187276,6.12299221556886,5.39575886545042,7.94936162422514,-0.00245188997988626,0.312473876511766,4.55595200503838,2.61531240665304,3.6,0.815556816296417,0.108096145956608,0.900058710263542,1,1,0.0112191407761407,0.00978157039917962,0.815415310365625,0.816081798635665,0.816524496662885,0.579716567237409,0.579214926610106,0.0265941330306139,0.0288221785727477,0.0316171590491546,0.00210538533094092,0.00203842906197171,0.00142461047971447,0.0106298366460766,0.0221938585028217,0.00957377512399897,0.00814851217478154,0.00417747443055038,0.212749186277475,0.245815159000152,0.00326138665086315,0.00185610961433972,148.908324817277,10.9020365840151,1.29246415108818,7.00409323172816,0.805995366754154,3.16576104694753,0.520786737329226
source/12kHz_DE_data/OR/Centered/0007/OR007@6_3.mat,OR,validation,2,2.137,3.1805,30.000625,1725,0.583241307359221,0.358636013447047,6.23913333333333,5.54001092296548,7.97587577554271,0.00420808503145794,0.292082808394733,4.6226725524972,2.61062387646837,3.6,0.844605542872132,0.0889606853390784,0.907809239486023,1,1,0.0125253153325855,0.0116435991093044,0.844564519167479,0.844943667818668,0.845321567080847,0.596373470756635,0.596084347535609,0.0272919761102616,0.0299067371771875,0.032001977497604,0.00249870666070148,0.00211241480557943,0.000351065263437737,0.00740590228987229,0.018732296912855,0.00665005531730919,0.00648518427297745,0.00182713372798155,0.218200721177364,0.250095515289974,0.00184909159022363,0.00118668526614696,196.15764583811,18.3439320127982,0.825377046727902,7.77643925706124,0.800372457622764,3.19654834318822,0.51952656826318
source/12kHz_DE_data/OR/Centered/0007/OR007@6_3.mat,OR,validation,3,3.1805,4.224,30.000625,1725,0.582765030373591,0.358168805393063,6.10593652694611,5.40988303163397,7.93064373091783,-0.00526349967705932,0.304345727505853,4.62764587026843,2.6338764583928,3.6,0.837271588743141,0.089517900891466,0.905745309036825,1,1,0.0125014337347921,0.0102117465233549,0.837152984217414,0.838369832580048,0.838923292105317,0.592898626163786,0.592056579865609,0.0278986467623962,0.0302355169735513,0.0323195255387545,0.00253932693377523,0.00195332094335112,0.0011886810676886,0.00932254620453273,0.0198873591705735,0.00802472446550018,0.00696096941198743,0.00391058145932417,0.217279894545298,0.247509379495608,0.00226284801604277,0.00155252440370576,131.821886012184,15.6602051087165,1.04683210158545,7.73214174476613,0.796857555536904,3.14796480592898,0.519359257377476
source/12kHz_DE_data/OR/Centered/0007/OR007@6_3.mat,OR,validation,4,4.224,5.2675,30.000625,1725,0.580387329614546,0.355033247317166,6.0267494011976,5.38202809734401,7.97744452843482,-0.00672260942614392,0.287059731631061,4.6352059824239,2.56539265619748,3.6,0.846972243229465,0.0792010398106533,0.901049755226523,1,1,0.00264805991698704,0.00220892796235135,0.846833693737756,0.84724808296483,0.847463327463477,0.603895840397344,0.603618851786055,0.0253204813863013,0.0281638898988226,0.0316708807470463,0.00244148570721456,0.00227985382495776,0.00145018334528497,0.00990275032179798,0.0198521013795614,0.00891320568797757,0.00754508864359192,0.00344092190392404,0.217654101415891,0.249686797735944,0.00181318401257624,0.00107878519992822,152.090790948928,9.13009117343719,1.17448842006565,7.76169120511156,0.788527934154942,3.10075770088,0.524607460668077
source/12kHz_DE_data/OR/Centered/0007/OR007@6_3.mat,OR,validation,5,5.2675,6.311,30.000625,1725,0.583308680629748,0.357976234603761,6.12542874251497,5.40948527301296,7.94080480816144,-0.0106737519891158,0.291244727340121,4.6080415484367,2.58103518210821,3.6,0.843794666466635,0.0865751510912502,0.902465175974765,1,1,0.00493055596544499,0.00361242578880568,0.843685986207074,0.844081805740934,0.844594434610231,0.603628936524999,0.603416878144141,0.0259102107143903,0.0284702317565018,0.0316842582501627,0.00213549220908811,0.00190876690677458,0.000939781466767433,0.00900818502947105,0.0188901550062696,0.00813036775307746,0.00732536345578174,0.00295259736597849,0.213530287643853,0.243564097895257,0.00154921864099329,0.00097244876113333,127.013651848426,9.77066857457081,1.12524523307516,7.27013652771985,0.787883595649081,3.0464116883611,0.521634964755801
source/12kHz_DE_data/OR/Centered/0007/OR007@6_3.mat,OR,validation,6,6.311,7.3545,30.000625,1725,0.579244860125799,0.353967725942246,5.94959271457086,5.13865674037898,7.95631301994114,0.0120706492723612,0.30095009495014,4.55170639639055,2.54803211612921,3.6,0.833570554084765,0.0922515229785397,0.898339402967916,1,1,0.00843774898749202,0.00590989670620746,0.833380118658293,0.834000881922022,0.834923225827953,0.599913054161372,0.599416837277227,0.0246521373973817,0.028042464004316,0.031633119526059,0.00270788480397386,0.00251753118886683,0.00105364932509438,0.00898153019743843,0.0185459456178384,0.00838152255620248,0.00738791556422084,0.00544245263586489,0.213427875475663,0.243431780896772,0.00474907075784499,0.00318350547907355,143.783046691405,7.38480573997929,1.13724116481099,7.45659337235477,0.790907051147219,2.98415651013084,0.523748074332482
source/12kHz_DE_data/OR/Centered/0014/OR014@6_0.mat,OR,train,0,0.05,1.052,29.9932,1796,0.102277230444928,0.0815413622117819,0.798294251497006,4.07217033149356,3.08374124339001,0.00506051627128636,0.874013402662734,6.14591497671187,4.73274944688644,2,0.154380798651153,0.276306732440146,0.579391737232655,1,1,0.0606041574415744,0.0349466961056774,0.0740407966226554,0.0934132781239223,0.129353655624956,0.0275149865949499,0.0132488088628603,0.0351215249671272,0.0649483408784522,0.0964379972961017,0.00998996225374745,0.00695695812930403,0.0223450100092139,0.0637701104464712,0.078632190545396,0.0481048636317838,0.0282556569730175,0.0475893759669793,0.139371193075117,0.188109584583571,0.0149506784300704,0.00669605130567819,1.20189580800976,0.868848409264498,1.00662117933209,0.987244977902038,0.48062870709323,3.16175426828283,0.263847842281447
source/12kHz_DE_data/OR/Centered/0014/OR014@6_0.mat,OR,train,1,1.052,2.054,29.9932,1796,0.0980434232148201,0.0783687215906473,0.724120239520958,3.96118354921663,2.92970067811473,0.0104809346757906,0.825758053118695,6.04897213865063,4.49328554954993,2,0.195334718417361,0.289266989411897,0.658036574473018,1,1,0.0272296288322676,0.0124008237439596,0.111018274523905,0.148218723408296,0.194528764222012,0.0716371357867961,0.041595405345902,0.0254566935960164,0.0958846610927067,0.109775624307906,0.0618871377776283,0.0509958772915013,0.022926815592881,0.0476137471552168,0.0825714164292242,0.0115816721587326,0.00702632949119151,0.0384242849650128,0.109169556980357,0.201930785080823,0.00515746077343254,0.0023378785206976,2.07920276624245,2.87280693068437,0.86568188194633,0.603431098995852,0.522973798233909,3.49301354502775,0.267287198829592
source/12kHz_DE_data/OR/Centered/0014/OR014@6_0.mat,OR,train,2,2.054,3.056,29.9932,1796,0.0995548728510593,0.0793343303345888,0.773082395209581,3.97171780893367,3.01661830685445,-0.000474303163474512,0.814534286841919,5.45749216930312,4.53783983500943,2,0.254410188395826,0.346391198478254,0.653717114465337,1,1,0.0539218212806335,0.0237378383587121,0.0514265541393602,0.0931005629029166,0.130977018440027,0.0382538227048457,0.0182832040538475,0.020944968852349,0.0533201385055739,0.0966503896623532,0.0317501913903266,0.0122200534108835,0.0141804879872007,0.0269457566072727,0.0757691446630989,0.00940572424436915,0.00689220489710427,0.0565371801075111,0.113214116636845,0.190057305410598,0.0395576205234258,0.018850758895328,1.27525016860264,1.06986627286477,0.46826220677178,0.568803401514225,0.529936997533719,3.65643001411415,0.261648656633624
source/12kHz_DE_data/OR/Centered/0014/OR014@6_0.mat,OR,train,3,3.056,4.058,29.9932,1796,0.0976880216554925,0.0775489716994412,0.83783748502994,4.43356610777113,3.06801158532663,-0.0303792087679078,0.867610282381915,5.63520758279217,4.52865704588425,4.4,0.0854807849316765,0.269074049850694,0.62416024053098,1,1,0.0686452406635606,0.0287766387037465,0.0747004567493082,0.111145944497004,0.139935850474133,0.04304985931818,0.0294415413188544,0.0131183132110037,0.0487568296815878,0.0908928696780362,0.0269971947851989,0.0208725935395654,0.0165170995969797,0.0354764703296269,0.0658278233384696,0.0198902846179675,0.00734454158957949,0.0476792122638282,0.129062084165506,0.209857636870281,0.0384502929325498,0.015403467156312,1.58897049601076,0.838208427014728,0.384488893730264,0.716472575456811,0.490057063160194,3.36036951160244,0.270573103873984
source/12kHz_DE_data/OR/Centered/0014/OR014@6_0.mat,OR,train,4,4.058,5.06,29.9932,1796,0.0994898877925243,0.0799456116897613,0.718071017964072,3.70679961236609,2.86335293500473,0.0026280735092228,0.873340697896203,6.36357418402798,4.52762995185116,2,0.200566060166547,0.226800634980392,0.627008760932608,1,1,0.0289016572240988,0.0100792394841023,0.0972382962526038,0.129003701442385,0.152446566405753,0.0606897479486578,0.0390202950732162,0.0245689907215552,0.079219901017795,0.117236345189595,0.0508190989636184,0.0402448474224186,0.0262970652482605,0.0430190864229444,0.066783932333081,0.0229326858218467,0.0117273413261155,0.0675079301347736,0.142789322895259,0.232326022359107,0.0296148543634471,0.0150902325793761,1.49721426656231,1.48092932310867,0.961296087542064,1.00606080299306,0.523929494012706,3.62405294684303,0.261477639651103
source/12kHz_DE_data/OR/Centered/0014/OR014@6_0.mat,OR,train,5,5.06,6.062,29.9932,1796,0.0994177102341631,0.0789988902047827,0.751768023952096,3.8105277645341,3.03050476082718,0.0076588930235354,0.852351671692855,5.43100158229127,4.55264665687912,2,0.177764771913475,0.296060187403908,0.615205467393588,1,1,0.044663993872444,0.016728292916777,0.096564487088403,0.153505891184516,0.172736397642377,0.0863843111664031,0.0615215293348011,0.0209977221460188,0.0384894057345072,0.0796342884405581,0.0181797891729056,0.00564666694202642,0.0170693896089617,0.0495041863904684,0.0758185334084612,0.0232224320143872,0.0116858539379702,0.0789317080302626,0.156006185297423,0.236660056727988,0.0619078700576505,0.0215981048508252,2.7910622675865,0.742808762140245,0.845548013068185,0.957058285312882,0.486299069093507,3.18680155112439,0.256496572963394
source/12kHz_DE_data/OR/Centered/0014/OR014@6_0.mat,OR,train,6,6.062,7.064,29.9932,1796,0.100930587519067,0.0804527086855906,0.893295449101796,4.72263748550403,3.10521305001673,-0.0185260680311314,0.886220087410976,6.2945917581421,4.69203375491155,2,0.196445950919045,0.242536700233356,0.632850341264085,1,1,0.059101875847206,0.0332310229008374,0.0750083449283715,0.126006600857138,0.151890297431969,0.0600080093972916,0.027785405421181,0.013294869600318,0.0644537814523407,0.10355757052153,0.0471936702449338,0.036388804142824,0.0194953091545885,0.0424779013748929,0.0705965803515415,0.0161836711584903,0.00800912137025933,0.0620584752962632,0.124764401012089,0.188816511702146,0.0338728835755088,0.0136021259078068,1.48634088782035,1.2174728801264,0.696364292592569,0.821978903030941,0.497701245773571,3.34948949899855,0.256425424855483
source/12kHz_DE_data/OR/Centered/0014/OR014@6_1.mat,OR,train,0,0.05,1.066,30.0058666666667,1772,0.0942160091448297,0.075035681580392,0.735163113772455,4.16900460906026,3.01474004721933,0.0287161688240309,0.859134818473558,6.15968118088537,4.66747291809047,2,0.19899313866882,0.225093286623489,0.633098134037629,1,1,0.0238544856625665,0.0135405043504186,0.074731343618806,0.131110422503791,0.164836410419287,0.078977825916971,0.0371932807711107,0.0254036480821732,0.0613647975275262,0.10496298023825,0.038463361079324,0.0187513807155751,0.0178543311453447,0.0349281768468299,0.0703241246853103,0.0106816908937722,0.00417322124706672,0.0512259342374751,0.112304246719267,0.17862717166527,0.0510730309311227,0.0242763008962774,1.66376863769433,1.03222562184259,0.45227484967078,0.650992531431027,0.502148316131827,3.29473969021221,0.262189538784619
source/12kHz_DE_data/OR/Centered/0014/OR014@6_1.mat,OR,train,1,1.066,2.082,30.0058666666667,1772,0.0944072780683748,0.075697381160164,0.732686586826347,4.27934436439131,2.91500751128783,-0.00661458327631347,0.865205124094362,5.90471604137372,4.86297201299197,2.4,0.148022429182788,0.303215461463297,0.590460764022649,1,1,0.0597895082546633,0.0247373317862277,0.0575513738459838,0.0880064172092415,0.115236727180696,0.0143175423960449,0.0045985658006231,0.0111411047815412,0.0325444939425233,0.0739919456841139,0.0117568140500166,0.0059967750972613,0.0197362282514999,0.0514119177316689,0.0804019436728696,0.0275188960082163,0.0144973667257513,0.0985962658236372,0.160109320384532,0.22136242594089,0.0618294812706939,0.0447399425893558,1.31258659897052,0.512261041512052,0.676215979132156,1.09510041630048,0.522217341104316,3.40733965751956,0.272774326926754
source/12kHz_DE_data/OR/Centered/0014/OR014@6_1.mat,OR,train,2,2.082,3.098,30.0058666666667,1772,0.0938153291508229,0.0755496985636209,0.693995928143712,3.79180709065977,2.84744381368946,0.0143836680301496,0.825854471677617,5.49352588488873,4.4593655271591,2,0.230130298556118,0.337584596539179,0.730869364089332,1,1,0.0567387980686403,0.0362555741635721,0.0666209251068574,0.0865524567437503,0.105439001667046,0.0349555230247448,0.0202722592759497,0.0300900260184742,0.073271506370613,0.0973322377696891,0.0547754853992367,0.0347361728316952,0.0329459042427701,0.0608856406989811,0.0817825148391349,0.0320146552653756,0.0166082253947259,0.0783292726053674,0.136114468218853,0.177103487956669,0.045804056838255,0.021104207443402,1.26848050513044,1.637343173531,1.21059887790196,0.873209263930796,0.524279138560347,3.65052527501711,0.277125359720104
source/12kHz_DE_data/OR/Centered/0014/OR014@6_1.mat,OR,train,3,3.098,4.114,30.0058666666667,1772,0.0922393770460971,0.0735309151792206,0.777304670658683,4.35454070936522,3.07913066238798,-0.0403956824018647,0.858322365948902,5.64925103201895,4.76098952395319,2.4,0.156769397735092,0.251030510496956,0.597251987217146,1,1,0.0283581529146441,0.012189160986877,0.0647901905600484,0.0948070928017768,0.143259201855618,0.0481696222488457,0.0335301787620018,0.0194431283808915,0.0568963360555653,0.0780425851279235,0.0355835368964683,0.0217415310816315,0.0282950328963665,0.0518741226119988,0.0692462342360316,0.0291416007099804,0.00868798633898494,0.118564259275235,0.182249490479275,0.220382101512502,0.0907777682973329,0.0571842544001868,1.07823840135496,1.20968067858011,0.91923452924396,1.41361044556871,0.508905858683433,2.92064703544756,0.273807140972866
source/12kHz_DE_data/OR/Centered/0014/OR014@6_1.mat,OR,train,4,4.114,5.13,30.0058666666667,1772,0.096040169685383,0.0768894461860677,0.750184670658683,4.16435824094267,2.9279287746575,-0.00938058085474341,0.861047952101179,6.06002665971541,4.54034839818538,2,0.176047624671815,0.247414534173464,0.621363314617963,1,1,0.0807957052664808,0.0558704885080573,0.0770676187928215,0.107188498433447,0.128803861672915,0.0517018769254936,0.0328975486161537,0.0123682024213189,0.036876276889441,0.0493953681388436,0.0170147355444668,0.00931496220918325,0.033648839484598,0.0840926331442227,0.0976929493561902,0.0497820411024137,0.0176990925431496,0.0791329089876321,0.188816767887246,0.249620448466168,0.0528395742388384,0.0165987811486094,1.43571651322466,0.631994686087389,1.57562423247316,1.27118866777044,0.516455936347713,3.45920036605316,0.2659445391746
source/12kHz_DE_data/OR/Centered/0014/OR014@6_1.mat,OR,train,5,5.13,6.146,30.0058666666667,1772,0.0925375583347658,0.0738019578947304,0.717583832335329,4.08395430941791,2.95085723322318,0.0030520710654166,0.863833545179805,6.06415911908448,4.48125528572165,2,0.182990945434848,0.245128541435884,0.632466597340808,1,1,0.0430601815228097,0.0202775236977757,0.0703553838712039,0.0893386282020025,0.11666144530393,0.0378419081890774,0.0147875817335047,0.0244100589455785,0.0735973818851536,0.0931375016105859,0.0601012270247166,0.0410841417671181,0.0316240582073452,0.0694978888210608,0.0930461875412266,0.0208069686510112,0.00994520824126921,0.0525999407334958,0.147648249403289,0.20824488684751,0.0236059064343375,0.0133597896886705,0.988078615243001,2.05186076722473,1.15247906657063,0.904053934145449,0.515059455458121,3.46167323584225,0.273116244129443
source/12kHz_DE_data/OR/Centered/0014/OR014@6_1.mat,OR,train,6,6.146,7.162,30.0058666666667,1772,0.0931612859734372,0.0745857064097749,0.723470658682635,4.34219999284088,2.92104830105867,-0.033942982612029,0.865384459829602,5.8218999056339,4.35165326581597,6.7,0.0619717518122824,0.278235060002905,0.587483070543366,1,1,0.0584765208707116,0.0225710477040417,0.0757770362476145,0.0987111798529716,0.151812040414539,0.0273871489782633,0.0157707712063181,0.010629990837953,0.0366943493348302,0.0543940943423709,0.0155130453117085,0.0090531034836933,0.0255886621615203,0.0499620068280738,0.0638412285637307,0.0224653222893694,0.0070085387054908,0.0735600832321143,0.141403847223019,0.197513302420497,0.0300642881407568,0.0108851953587544,0.842563544629926,0.572096233024968,0.893495490642238,0.86961272134695,0.513239437101118,3.275360618056,0.275830106026983
source/12kHz_DE_data/OR/Centered/0014/OR014@6_2.mat,OR,validation,0,0.05,1.079,29.99535,1749,0.0976373768000368,0.0777498942034578,0.733051976047904,3.76403428077909,3.03958523633423,0.0137645103855928,0.841983351105266,6.06162027916874,4.96689029004709,2,0.197374354116573,0.329777061637618,0.629925896408941,1,1,0.0307139488839336,0.0185559542920639,0.0521825067327346,0.0756984500767146,0.134526438671428,0.031768322783631,0.024688665298843,0.0164824582957402,0.0796472987692116,0.106613772170734,0.0572731938729509,0.0518381716734524,0.0212295320075394,0.0408756407366171,0.0685598424548662,0.0207113558754635,0.0109222690761904,0.0519607138154995,0.110054352575972,0.163925858224965,0.0458454961975418,0.0181142737100628,0.980540272305046,1.17900185989104,1.18633980563777,0.757024153890735,0.526315667482901,2.88845156599838,0.29147456123386
source/12kHz_DE_data/OR/Centered/0014/OR014@6_2.mat,OR,validation,1,1.079,2.108,29.99535,1749,0.0969732401758423,0.077442164860667,0.707637125748503,3.75556270715939,2.9895683888258,0.000397580693678775,0.835253040943765,5.94313607290109,4.51705935473079,3.6,0.158369114684799,0.237340622226167,0.684242808426881,1,1,0.0793844405022883,0.0452365653444897,0.10564740210248,0.163645785977375,0.21710780788426,0.118427065043845,0.0770500238292584,0.0135822939441302,0.0499058171249985,0.0722289576932443,0.0379516190185884,0.0328510490740264,0.0286212259978601,0.0456219293869097,0.057481004910229,0.0252970124056254,0.0110949843768573,0.0529184964310092,0.105533986279897,0.14916834713395,0.0115429019828806,0.00611561019611935,1.47208596784945,0.872564582876423,0.879709630539013,0.848591065199966,0.54553638196401,3.95664832415786,0.297826857603375
source/12kHz_DE_data/OR/Centered/0014/OR014@6_2.mat,OR,validation,2,2.108,3.137,29.99535,1749,0.0978038008759674,0.078024329549612,0.708976886227545,3.71970874277609,2.95927100225312,-0.0404937083831068,0.830858893497125,6.31777793271427,4.75065748476407,2,0.239062681111556,0.301202667753848,0.604820849542324,1,1,0.0342320665513384,0.0251680802412618,0.0610146675258677,0.0930376464523505,0.153756228499316,0.0571840781509542,0.0394168364481284,0.0175924000784263,0.0440452084377771,0.0676607220602228,0.0324928113428028,0.0222572433878359,0.0236531327841849,0.0424236089781211,0.067795432956653,0.0130907218254688,0.00673488141799267,0.034514660958712,0.0757516290393099,0.135843813222134,0.0179924339799271,0.0085520843576863,0.969805249091897,0.905523309948462,0.690418179685985,0.435879597451055,0.521646743774392,3.2503514649191,0.293537556676491
source/12kHz_DE_data/OR/Centered/0014/OR014@6_2.mat,OR,validation,3,3.137,4.166,29.99535,1749,0.0998625305649279,0.0792307217349252,0.869626347305389,4.74808645167765,3.1220236866867,0.0323551643863329,0.821367475274868,6.23090734064836,4.57452613513078,2,0.185380201236413,0.208534457214281,0.656083586937184,1,1,0.0283763849222533,0.0131116260557029,0.0873937940437742,0.118975693189635,0.140504883553946,0.0724677663688069,0.0519958885323429,0.012945362096797,0.100075173467062,0.156305071072891,0.0776671377293922,0.0741892970249595,0.0182633965583565,0.0398654678472208,0.0739894499931433,0.0175910312477579,0.00904467064214488,0.0468242995469848,0.107637977829204,0.17971721069272,0.0372445524770523,0.0206492989431099,1.6627494079397,1.71706181946033,0.593331883319026,0.618568121095511,0.53950779701205,3.66833190031402,0.289852288351639
source/12kHz_DE_data/OR/Centered/0014/OR014@6_2.mat,OR,validation,4,4.166,5.195,29.99535,1749,0.0980499843491874,0.0783440000503808,0.773610179640719,4.08151628005139,2.96441003167917,-0.00255168228917385,0.852650411899825,6.55058127163305,4.7003287508701,3.6,0.164099253865763,0.193289545393457,0.669134068175681,1,1,0.059953962703136,0.0359558213424049,0.135830477825061,0.180166337382395,0.208358493926331,0.121780581204604,0.0833028813764764,0.0201045597267277,0.0279231082985413,0.0578028942527994,0.00481508198602131,0.0015615277698241,0.0352997241456978,0.0562549221251459,0.072299026773232,0.0360284468427644,0.01670172060194,0.0678459633175204,0.114866760374111,0.174675077623067,0.0200072989078622,0.00983856903934789,2.09070607325217,0.419697490404432,0.901731917367186,0.812355307698363,0.54198359868308,3.20843935893557,0.296180816219625
source/12kHz_DE_data/OR/Centered/0014/OR014@6_2.mat,OR,validation,5,5.195,6.224,29.99535,1749,0.09498169480714,0.0757045626361631,0.749210299401198,4.09715532879,3.01138786548831,0.0298754047670257,0.848423382627226,6.51721223329657,4.94791193378804,2,0.217271427279839,0.283270612605542,0.631250899025308,1,1,0.022322030859623,0.0119353515656289,0.067367870386861,0.0948051268284196,0.166518609324072,0.0475001074705264,0.0171488805187751,0.0241555987493966,0.0608948555887229,0.0840936038369039,0.0276415199172479,0.018356593613989,0.0237407240031125,0.0302865518545481,0.0600882808692363,0.0106867517625067,0.00773645429631646,0.0596624803507702,0.120584382727465,0.167858985623704,0.0340551709316041,0.0142790015535508,1.05494715986862,1.02569366883457,0.522208055011764,0.727439426058321,0.519471923310691,3.21825444005205,0.290652235073922
source/12kHz_DE_data/OR/Centered/0014/OR014@6_2.mat,OR,validation,6,6.224,7.253,29.99535,1749,0.0918481020808816,0.0729776915614325,0.783638083832335,4.4971488086083,3.07148906760778,-0.00979874787423348,0.841039400079388,6.33501051690601,4.61864341003075,4,0.0944713959599316,0.228013842512558,0.629685682967798,1,1,0.037388155123985,0.0274513193745524,0.076361314893835,0.108315290296133,0.140506798231314,0.0767876633422429,0.0572203935905638,0.00796013668147013,0.0235383612240921,0.0544261215599783,0.0106627298043163,0.0075585699302124,0.0258025452156639,0.0543888844269004,0.0685826090668261,0.0308991045407683,0.0134857462782772,0.0491865997150883,0.103840732530832,0.153450078955978,0.0210559244540187,0.00983638571691007,1.2807387832108,0.424111379924326,0.952406511798281,0.757365191025669,0.52598548842527,3.45070886587558,0.305392186446072
source/12kHz_DE_data/OR/Centered/0014/OR014@6_3.mat,OR,train,0,0.05,1.0945,29.9945583333333,1723,0.0974656791641497,0.076735680170491,1.19198083832335,6.49362088856422,3.92111122843464,-0.0306708877733357,0.855676132248257,6.44118255929318,4.95551794011998,2,0.197833620412454,0.278670078707275,0.539777068817548,1,1,0.0252731669827347,0.0100826823117229,0.0449974172815222,0.0784645302585428,0.127136664802297,0.0282844828083773,0.0102122177454243,0.0341075386479555,0.0677624116985656,0.106781307186256,0.0373383474944892,0.0167974523098412,0.0557925570631602,0.0700097748621915,0.1040070244729,0.0492761589257765,0.0436349068025617,0.0998869661097699,0.143378220160798,0.21831546631584,0.0464577589673978,0.0161411136028208,1.05220871949454,1.22307487104083,1.95918074085334,1.08612799020748,0.494179594274767,3.07731492525849,0.303676532491307
source/12kHz_DE_data/OR/Centered/0014/OR014@6_3.mat,OR,train,1,1.0945,2.139,29.9945583333333,1723,0.0948227132292786,0.075138966141073,0.702643473053892,3.77749386382385,3.10088891878717,-0.0134077099151792,0.865988554411331,5.92012545198722,5.00663002739466,2,0.134778761525425,0.310616185961447,0.451099188163502,1,1,0.0569906190130578,0.0288128295012051,0.0370787927793193,0.0909301904450776,0.153111031320834,0.0434297822546661,0.0216297868946622,0.0346198021195056,0.0536818808499282,0.0839081273721443,0.0424936130191822,0.0267525764622414,0.0195615261028538,0.0418442636969191,0.0535304747158831,0.0158629037406489,0.00607631783187145,0.0576038346394274,0.103338292018075,0.154695857221472,0.0257210677427024,0.0162108127943315,0.953903321698971,1.05139616574861,1.13965095179477,0.940123955113965,0.513807491174643,3.24784053464759,0.303005375839906
source/12kHz_DE_data/OR/Centered/0014/OR014@6_3.mat,OR,train,2,2.139,3.1835,29.9945583333333,1723,0.10192392925013,0.0792232610378732,1.11285377245509,6.0461827717566,3.89550228445288,0.0274849765091404,0.854534343512808,5.12922136209643,4.52790158665637,2,0.180918912231274,0.345175122431931,0.455818255023715,1,1,0.0378455003132135,0.0204416253525663,0.0385812206896445,0.0696212245289368,0.0986768842983359,0.028712591164191,0.0104624581563154,0.0171813539856109,0.0480077764314749,0.0687004840924583,0.0346098636676239,0.0205776698330882,0.0267203099157483,0.0600143288479006,0.0906555683289107,0.0415467399638596,0.0180455013874454,0.0480504998506618,0.131081731092763,0.218331468038631,0.0468836122363355,0.0292469525182812,0.993682546468947,0.927627023944305,0.87931789153215,0.674254352245173,0.585337128289472,17.4232966555715,0.318748929130887
source/12kHz_DE_data/OR/Centered/0014/OR014@6_3.mat,OR,train,3,3.1835,4.228,29.9945583333333,1723,0.0914711267516009,0.0713605779819353,1.33030095808383,7.30217950847259,5.4386590513244,0.0178163898570688,0.849549253435378,5.88425044666085,4.68289354813353,2,0.15022511675446,0.291608171136807,0.476660821157737,1,1,0.026995394532802,0.0177237254262081,0.0605524403894576,0.0837612329618733,0.167499102267145,0.061676267135787,0.0431659466056255,0.0222135526459864,0.0413888065553291,0.0590676806755968,0.0295290556889069,0.0122903663482781,0.0166471303278896,0.0477441167086974,0.0809411469138889,0.0307934679307205,0.0108406742449667,0.0408736793805923,0.0998560328368984,0.148426811845363,0.0284735950380515,0.0120252542147498,0.931489264316201,0.701202139372966,0.777751263812924,0.660699143380752,0.551223658038703,7.93072419862324,0.323786703444131
source/12kHz_DE_data/OR/Centered/0014/OR014@6_3.mat,OR,train,4,4.228,5.2725,29.9945583333333,1723,0.0902744393652042,0.0717395172050178,0.85521377245509,5.43668863100981,3.13594489945475,0.0215709799106288,0.864003136109271,6.05272350489783,4.91951592137258,1.4,0.257491285623769,0.288275946016162,0.423156176260121,1,1,0.0262878673590333,0.00905989624135956,0.0337986553671347,0.0893613591898708,0.126399277221795,0.0459720460273274,0.025576392592366,0.0255057315355409,0.0615120711873853,0.0772007813010419,0.0548800522417697,0.0190882981814607,0.0330252347333935,0.0553883150305703,0.083401075702787,0.0192298355435532,0.00840243601804069,0.0724410345700177,0.131027529472995,0.183927519053142,0.0257134093639475,0.0110948814844725,1.3987139928554,2.01454937590343,0.879428909165271,0.886895199134246,0.515007032803196,3.60933593287311,0.318091232583847
source/12kHz_DE_data/OR/Centered/0014/OR014@6_3.mat,OR,train,5,5.2725,6.317,29.9945583333333,1723,0.0969252237081592,0.0755266518696038,1.27025532934132,6.61889010216374,4.55734125917268,0.0193577635773356,0.856683155498975,5.28264468685686,4.60814446192585,2,0.159196885626733,0.341643588097245,0.489670618640145,1,1,0.0773518721941122,0.0273506199689491,0.0285628384997796,0.0567432593854744,0.109082659278364,0.0211960750926045,0.00718536635038884,0.0253792130380866,0.0689179627418955,0.0888273707262514,0.0538232508493746,0.0198090837772939,0.0228988209637519,0.0452527428715321,0.077937151941924,0.0264478595697835,0.0130593351600208,0.0682508865792854,0.131249369570993,0.226248294798898,0.0504892473967626,0.0212451670513581,0.9039946568176,1.42120972531958,0.787888874603563,0.757890545148571,0.570443398271439,9.79054646544128,0.309844187198556
source/12kHz_DE_data/OR/Centered/0014/OR014@6_3.mat,OR,train,6,6.317,7.3615,29.9945583333333,1723,0.0926808151276953,0.0730803577014246,1.00900203592814,5.46109580510888,3.4447828168025,-0.00607595862864476,0.867182108046496,6.1846504930964,4.76457117992061,2,0.171603047001076,0.265981367505401,0.510980347494987,1,1,0.0371172937318852,0.0246611065300801,0.0833193964495614,0.107498688008134,0.167214021996765,0.0532669324640081,0.0468800608439558,0.0319743771340731,0.0601591765695947,0.11725471663164,0.031662887141203,0.0155970965160269,0.0211609674992331,0.0435132794773916,0.0824115672879279,0.0278834617021688,0.0141266730762294,0.0637868546995367,0.111767520530777,0.170475848987668,0.0278497087150253,0.0130121346825939,1.26921258234608,0.829207451232985,0.664832431915985,0.738168367524389,0.527645299112571,3.12135217269259,0.303392304410212
source/12kHz_DE_data/OR/Centered/0021/OR021@6_0.mat,OR,train,0,0.05,1.052,29.9932,1796,0.584356116148282,0.296758306384144,11.068329740519,9.64352481495233,20.1518961573742,0.0729347020287706,0.464937002823999,2.89608459537277,2.0901607832056,1,0.333543650889592,0.462829932315493,0.493879932461496,1,1,0.0118295045236801,0.0103706861134064,0.24152018747022,0.243606585411068,0.244201874236541,0.21216153646249,0.210440510238591,0.00469774982102005,0.0255833052527269,0.0437871201406729,0.0212252696236142,0.0207236464351567,0.00157110577064014,0.0698707668412093,0.0745530961901464,0.0690712663656192,0.0679003338377719,0.00360655909890153,0.0995569753165643,0.215030664562903,0.00183519060408747,0.000788056783042905,22.5673168446649,2.47845480962106,4.49226399726067,0.883851208276282,1.50827083452758,13.6849311169349,0.584337022587608
source/12kHz_DE_data/OR/Centered/0021/OR021@6_0.mat,OR,train,1,1.052,2.054,29.9932,1796,0.574233243533119,0.294917906253689,10.0937189620758,9.13902933001272,19.1666291278156,0.102132559976555,0.498180957569291,2.7554363036935,2.05948518381422,1,0.321962610439909,0.490496082002193,0.497489818835159,1,1,0.0347927534238925,0.0341732211925799,0.208502335714357,0.209948955891335,0.210521949037127,0.183129413890377,0.182259464980232,0.00374743199615252,0.0217988925216606,0.0417378418409267,0.0180492633126761,0.0178646644261477,0.00109360126915564,0.0540777576400938,0.0599004483743944,0.0538682926697567,0.0528533680927837,0.00429495410314045,0.0847911458360874,0.190184163514377,0.00610874803901049,0.00492011834459615,8.39726504893538,1.70440520249818,2.77443815386485,0.756937167638055,1.51179824442588,16.2243158516385,0.619152359666945
source/12kHz_DE_data/OR/Centered/0021/OR021@6_0.mat,OR,train,2,2.054,3.056,29.9932,1796,0.585011164181026,0.293898457032628,12.6325800399202,11.3632498063126,20.4585109160957,0.0551649828927491,0.498664136700791,2.81796017139664,2.06516194868705,1,0.319068150706369,0.480474067673641,0.495487727921758,1,1,0.0252049378957999,0.0190984831989465,0.225915001611571,0.228833340462879,0.230616915993458,0.198833631536487,0.195920009804685,0.00733851256806806,0.0253958869696934,0.0454447497765864,0.0206678295224949,0.017231795602327,0.000786783328236297,0.060002245966193,0.0660429558036288,0.0595270522715777,0.0588218853488377,0.00270369222043782,0.0934881247211592,0.203843628522273,0.00714838049768864,0.00659689587577597,18.7970992706728,2.10053732056282,3.12224418360917,0.815103933144914,1.5004314191143,13.1809116317643,0.604930221961486
source/12kHz_DE_data/OR/Centered/0021/OR021@6_0.mat,OR,train,3,3.056,4.058,29.9932,1796,0.592165134281767,0.300362722345312,10.7320890219561,9.53689390035088,20.1043709224705,0.178692751764172,0.475871741079925,2.79522044321667,2.05373004100549,1,0.327586443250656,0.476763771236915,0.483206041911472,1,1,0.0243236469021884,0.0214671754802864,0.231264635740906,0.233279043528001,0.233901556540942,0.204451424738574,0.203300583020849,0.00578765475625428,0.0212193085893839,0.0397610778415154,0.0165717931370863,0.0152034384518072,0.0010943756782883,0.0623654656082616,0.0670640163786287,0.0612450899677892,0.0607207850957657,0.00366046761849783,0.0934712202271969,0.210590997026508,0.00635478241167559,0.0050205485330961,17.117474026408,1.82985310150654,3.98513275992827,0.85413065668852,1.51060714297077,13.6946608641284,0.615749145650625
source/12kHz_DE_data/OR/Centered/0021/OR021@6_0.mat,OR,train,4,4.058,5.06,29.9932,1796,0.610129346780839,0.301450678233006,12.5359311377245,10.338701498938,24.1047867401016,0.265958151556105,0.49369584184865,2.85615974353608,2.11056067190302,1,0.313377648114553,0.470567529676376,0.49561623664038,1,1,0.0222452403109767,0.0174015403521082,0.225116163093458,0.228778907311724,0.230185417600876,0.199305959896763,0.196574951686509,0.00585637229882905,0.0241534440949269,0.0491180313310164,0.0194211508253412,0.0179584977826299,0.00201772460388773,0.0577360517232278,0.0618416267743994,0.0564732318076005,0.0552152924243022,0.00616841208013159,0.091165154041828,0.202675100320176,0.00851120182634263,0.0051911310541862,15.6580101383813,1.6856582994228,2.6822774442571,0.795504479065351,1.52487021513449,13.788163120457,0.596560007602741
source/12kHz_DE_data/OR/Centered/0021/OR021@6_0.mat,OR,train,5,5.06,6.062,29.9932,1796,0.577273718370505,0.291385023932747,10.6853889221557,9.94591884675119,21.0254897940974,0.117223540691951,0.471089632142102,2.828254937326,2.05848213058854,1,0.346516811089117,0.479413019056909,0.482186554859616,1,1,0.0158982746345817,0.0091269758396177,0.228168886907186,0.233563529507763,0.235434852245392,0.205261793666237,0.201652977203254,0.00456962055592521,0.0260906742022029,0.0430641174654204,0.021675139760758,0.0212370870673883,0.000869404297909134,0.0669185598408018,0.072154763147253,0.0660690496828505,0.0654692544098356,0.00411209863686501,0.0929940912629657,0.207651124043786,0.00159776211798539,0.000469614059136258,17.4411474523916,2.52720766106473,4.6657490204017,0.802947370863602,1.49126091727923,13.0415197796114,0.625126573170777
source/12kHz_DE_data/OR/Centered/0021/OR021@6_0.mat,OR,train,6,6.062,7.064,29.9932,1796,0.549085629174558,0.287829899993666,9.16377784431138,9.33761383736063,16.2488097414513,-0.0081863644444984,0.509414846788732,2.77023701961564,2.11709714203619,1,0.310436869110177,0.49224426617747,0.497544800945216,1,1,0.0375361261480742,0.035618901362447,0.209478164777906,0.211066771190727,0.211930144195605,0.184094054446215,0.183315075570842,0.00561566551140782,0.0209151642142266,0.0432732786356365,0.0158680625099659,0.0148206512974561,0.00116542365292238,0.0484575230077271,0.0558393561354882,0.0478364622271852,0.0470760114538516,0.00390101517049682,0.0784189963012605,0.184311314482256,0.00747302406808057,0.00590038497208154,9.15458847458883,1.47079050626909,2.03041739717529,0.688935420800086,1.52323768953922,14.835290545788,0.610889967860887
source/12kHz_DE_data/OR/Centered/0021/OR021@6_1.mat,OR,train,0,0.05,1.0665,30.0036916666667,1771,0.530348653862591,0.269108411231506,11.2543179640719,10.9193434455413,21.8924134127681,0.247349101164081,0.53516166321898,2.83069980350808,2.13680944062773,3.6,0.209788234776064,0.485525714257925,0.534601422644593,1,1,0.0442386666935058,0.0342198104287155,0.209511916497588,0.214533923530229,0.216351078167549,0.189736663749384,0.18625227299582,0.00382925017751637,0.0240338186648822,0.0570501233224128,0.0206368777747219,0.0198675090660274,0.000783968182845454,0.0476790883545105,0.0563909597239133,0.0473172239009154,0.0462790112090502,0.00836202427166368,0.0814530278737022,0.171121482037378,0.0106753750583869,0.00574776630829455,9.34928313659997,1.18142262941169,1.64151206923831,0.702731349772503,1.55082188578274,18.0052803020913,0.609439252118741
source/12kHz_DE_data/OR/Centered/0021/OR021@6_1.mat,OR,train,1,1.0665,2.083,30.0036916666667,1771,0.556423448176478,0.28460421882637,10.6955411177645,10.1587213395633,18.4547189909868,0.138689666531723,0.521510726746559,2.83429778182566,2.16936933820386,3.6,0.208736704936618,0.485326662815894,0.535097739201514,1,1,0.0453324855912269,0.043427791646615,0.208594320750416,0.209982975126647,0.210758000230635,0.182190215483889,0.181014399983368,0.00531520454037258,0.0264671365070418,0.0535048558901613,0.0212616684379204,0.0209260424458314,0.00127283853319976,0.0516926853161296,0.0600379366883502,0.0507903508071927,0.0496586238036188,0.00858186117355117,0.0916849585102278,0.184254594015422,0.0160384021977755,0.0103260770428082,9.6677141619442,1.5192294774615,1.98114138939987,0.845766446818994,1.53065341970688,16.3046768516464,0.539503426907246
source/12kHz_DE_data/OR/Centered/0021/OR021@6_1.mat,OR,train,2,2.083,3.0995,30.0036916666667,1771,0.584247495554389,0.290251566430383,11.9710629740519,10.4691458544351,20.8041148106494,0.0968387817654434,0.514685002750004,2.94299624028242,2.21391857252476,3.6,0.230889917265204,0.464049030103469,0.547071781322451,1,1,0.0397093201863425,0.0390931479157308,0.230747145177288,0.232130393517686,0.233549844171048,0.203613631108207,0.202638561772032,0.00427602986524306,0.0303835404412066,0.0532904078358859,0.0261374381471766,0.0256867733346953,0.000502600449074812,0.0560283425337874,0.0658737354079807,0.0554709972080615,0.0551481445723343,0.00753869227216605,0.0955089255994442,0.18671777120685,0.0127326392667726,0.00833519454126905,12.1013229655164,2.0455606654897,2.30992903712424,0.886856599669347,1.47027572685296,14.6016414162771,0.493252086107965
source/12kHz_DE_data/OR/Centered/0021/OR021@6_1.mat,OR,train,3,3.0995,4.116,30.0036916666667,1771,0.576430875195095,0.277150638200062,11.3176676646707,10.0536498783004,25.3943485553312,0.170140537817823,0.480844168325703,3.03356462704898,2.19391528618345,3.6,0.238058556569966,0.46064398133612,0.54072903064265,1,1,0.0105900653636267,0.00917052424429221,0.23771722765947,0.242206077824391,0.243934501706779,0.209068508160724,0.20625275530927,0.00317595146168968,0.0373096688844343,0.0623180959067611,0.0339600511928344,0.0334400413495733,0.00111724097477391,0.0661066934580476,0.0753616034552399,0.0651730419160886,0.0643055048252243,0.00398580724515878,0.0976292272584275,0.196194811127409,0.00106411824625062,0.000408273848832152,17.5532585365746,2.61370094959836,3.01303219324121,0.834338585767436,1.48960789217836,13.6280650150255,0.499833746946911
source/12kHz_DE_data/OR/Centered/0021/OR021@6_1.mat,OR,train,4,4.116,5.1325,30.0036916666667,1771,0.522179170633297,0.265783514852027,10.8250831337325,10.5272796406337,21.8107869958333,0.0609381789574214,0.526461465040517,2.90247942456005,2.12264511648655,1,0.321403226717225,0.487405356022054,0.53810911838595,1,1,0.0202017535165789,0.0164539689871493,0.206185235134868,0.207543197678872,0.209017526546744,0.182187276852734,0.180699344299804,0.00355962838629348,0.0327686027318766,0.0587391496326165,0.0299957338615315,0.0287351217247565,0.00266302591148145,0.0591659692154987,0.0696961197507222,0.058357278806501,0.0555118039190614,0.00743237641884135,0.09016732541953,0.178617273552618,0.00700141393705081,0.00359138683778228,9.1019187257687,1.90816650937344,2.49074945219451,0.770636415838003,1.54026588118162,16.9751632835047,0.59345516316248
source/12kHz_DE_data/OR/Centered/0021/OR021@6_1.mat,OR,train,5,5.1325,6.149,30.0036916666667,1771,0.552653156074275,0.279350937099403,11.6973597804391,11.224843906126,19.4939095250331,0.0717590470569575,0.518650369883844,2.85373288540191,2.17681383440238,3.6,0.210628886671632,0.484858641232044,0.541189235748209,1,1,0.0439522802311162,0.0421482857594888,0.210525234599684,0.211206042246208,0.212683008168358,0.185679779636555,0.185398034427463,0.00502523997701437,0.0274789845474449,0.0567457546892787,0.0226263344889527,0.0222634524394134,0.00123430960954641,0.0519599862325081,0.0615561577056257,0.0514389357013727,0.050370964842287,0.00633925048711659,0.0853215874134681,0.174394370864887,0.0112415101664932,0.00782139162343947,9.05533621811511,1.55149550611611,1.82498215622217,0.780582868740578,1.51936945442687,16.6964816513008,0.532848551722071
source/12kHz_DE_data/OR/Centered/0021/OR021@6_1.mat,OR,train,6,6.149,7.1655,30.0036916666667,1771,0.646602717605732,0.311249117180987,11.7408111776447,9.23567129711572,21.6550529052672,0.15446558926119,0.503614735192729,3.04860350325835,2.24070849291613,3.6,0.257584758368464,0.444202304060839,0.553526599648202,1,1,0.0291008992479855,0.0278252553727614,0.257548248430552,0.258069739227592,0.259541028765233,0.224016664467937,0.223277982971715,0.00707954133705542,0.036090289359543,0.054704023531776,0.0300324085822974,0.0284803848622112,0.000596721937479788,0.0614832874522859,0.0724624886672861,0.0606737783298416,0.0600870557133388,0.00402317155663435,0.098133754085656,0.19330693326864,0.00640451380672995,0.00496682150907723,15.4764425741269,2.81830473122186,2.90132637280283,0.917174894709686,1.44706795389947,13.9031900989101,0.430484226017107
source/12kHz_DE_data/OR/Centered/0021/OR021@6_2.mat,OR,validation,0,0.05,1.0795,29.9927666666667,1748,0.626121982701227,0.295440152618275,12.899379740519,10.620300195505,23.8767835569852,0.143377031668101,0.486214982371242,2.89233759608492,2.10193656383286,1,0.311084159479493,0.479328887753463,0.529411213627929,1,1,0.0237746246625668,0.0157888408962184,0.231070515943788,0.235786756952381,0.238044496963018,0.206538764944561,0.203302490412267,0.00213865414630222,0.0326358867418294,0.0572284148179887,0.0304920350589166,0.0301010298852119,0.00148069448627507,0.0686279126338463,0.0748563015401528,0.0679546356558592,0.0669279239735846,0.00395024296542589,0.0988600505709372,0.189591285973688,0.00225947879426623,0.00132230643743493,16.3427385169832,2.26908332601161,3.42463381561599,0.914087437495394,1.43117526097611,13.7938475386592,0.42699495126772
source/12kHz_DE_data/OR/Centered/0021/OR021@6_2.mat,OR,validation,1,1.0795,2.109,29.9927666666667,1748,0.505048822387911,0.262078762631822,10.5842730538922,10.6109827257477,21.2189442380214,0.0383404088023304,0.525008251256493,2.75770675398585,2.07530046903522,1,0.30517307732819,0.506429626058234,0.526149495479063,1,1,0.032983684803303,0.0313375267138234,0.188128739035456,0.188859128973477,0.191036746252583,0.165999620968635,0.165720569238863,0.00324122734634143,0.0265188047729037,0.0543655895022833,0.0240310660949494,0.0229223920011673,0.00222006618338559,0.0538897197875797,0.060808052910472,0.0522516960505022,0.0502636114809648,0.00809638684055603,0.0861102110707787,0.169762440962773,0.0110469270144812,0.0056572725386249,6.69517115937057,1.44855654624025,1.99473144403808,0.771267488439957,1.53353002733072,18.8446764819057,0.574781975871579
source/12kHz_DE_data/OR/Centered/0021/OR021@6_2.mat,OR,validation,2,2.109,3.1385,29.9927666666667,1748,0.520815368650146,0.262575504989664,11.1442681636727,10.8019118595892,22.4795450024567,0.179175000337245,0.513379592039212,2.76468062618356,2.05955906659151,3.6,0.202196092721272,0.50110269668854,0.52888679966812,1,1,0.0314345118116751,0.0296150872254489,0.201415466376171,0.203287106204561,0.204056809514829,0.180667211775278,0.179402732579739,0.00226670255593757,0.0255136628923899,0.0546899323429571,0.0232054019518255,0.022694679834234,0.00124390806702528,0.0509883552474705,0.0574792254018387,0.0502145568816242,0.0489333381375664,0.00410180960677239,0.0803428763153033,0.166880963884858,0.00786567864719059,0.00618451195440669,8.39843070629382,1.35504463340842,1.86364194699746,0.711601562512094,1.56535094525831,18.173134012673,0.577078282184785
source/12kHz_DE_data/OR/Centered/0021/OR021@6_2.mat,OR,validation,3,3.1385,4.168,29.9927666666667,1748,0.575421154228816,0.286737909335934,10.4295535928144,9.41988742064951,20.9267215763422,0.216329012076312,0.538584711883322,2.69016316691496,2.06176135619976,1,0.290453980243791,0.514860934231664,0.539189025915026,1,1,0.0540483923068761,0.0520007510354742,0.174266881529473,0.175463740639936,0.176260231944113,0.156129550155665,0.155288280022251,0.00224830858260496,0.0219118819565932,0.0492285331908765,0.0199305857761974,0.0193910992457589,0.00362281161593271,0.0496983175197476,0.0579538105188261,0.048703549483821,0.0447685219432213,0.0111315239197762,0.0881983515620372,0.173270876185708,0.0199448791083866,0.0136014701584924,6.16861935920022,1.08113027614528,1.78715316272998,0.813161583183356,1.60489541256471,20.090046275727,0.536975010808201
source/12kHz_DE_data/OR/Centered/0021/OR021@6_2.mat,OR,validation,4,4.168,5.1975,29.9927666666667,1748,0.613500677934235,0.295544643675507,11.8577644710579,9.72444742688819,22.9178400235262,0.243027016009353,0.492927028640528,2.8377456284227,2.06700264899715,3.6,0.233301597236528,0.483288140903793,0.543890858873019,1,1,0.029034887044855,0.0226704552853896,0.233139038753281,0.236974010413632,0.237961606999204,0.207955820456833,0.205223797546417,0.00228951129840299,0.0275184044329539,0.0557237069075208,0.0250529464071018,0.0245289692214368,0.000420462086379059,0.0577916681774675,0.0625177592560641,0.0572830711264907,0.0569590003338861,0.00389431799692373,0.089254873210664,0.180178588528341,0.00365171152044791,0.0020482659872875,15.3789076270146,1.65862781394606,2.5577726345595,0.829761496916704,1.48676290787327,15.8234493579391,0.462882340688071
source/12kHz_DE_data/OR/Centered/0021/OR021@6_2.mat,OR,validation,5,5.1975,6.227,29.9927666666667,1748,0.592881955062167,0.280337163486094,13.306279740519,11.2272909802389,30.7377617426239,0.275167272811605,0.494098965868121,2.82544812128632,2.09780646314144,1,0.307170201271704,0.49404251185658,0.534850166281026,1,1,0.0222690201484376,0.0173446647127738,0.221439985189771,0.22567182945497,0.226917482660569,0.19836623223289,0.195997229588867,0.00239501158389329,0.0267213047388433,0.0590049718158611,0.0243044063014945,0.0239220809429251,0.00131910199681379,0.0547932415623983,0.0581557842078795,0.0535429135404386,0.0525494355255318,0.00567698936943017,0.0834423401876616,0.172766444446741,0.00354334922152934,0.00171910882199661,13.7896245132595,1.48576245136815,2.24806405394939,0.739856596160334,1.4729000408787,16.3550412573401,0.454884340412203
source/12kHz_DE_data/OR/Centered/0021/OR021@6_2.mat,OR,validation,6,6.227,7.2565,29.9927666666667,1748,0.522065873504726,0.263226336339134,10.0969676646707,9.6989061179828,20.5867639907044,-0.0147209802116095,0.511113026600275,2.86310115492799,2.10618984319138,1,0.325751226018253,0.492749347040261,0.532803804666863,1,1,0.020782699789343,0.0181528655886403,0.203636623434199,0.204531782109416,0.206493648658693,0.179495987675131,0.178962695502515,0.00205231192770814,0.0378811547048963,0.0602600044574198,0.0363415491039091,0.0353086728635822,0.00201563729147237,0.064274599373413,0.0712889379845479,0.0635240813096814,0.0617054244822178,0.00847803877100647,0.0966334611402596,0.182374324409448,0.0079972460695649,0.00487592786943284,9.19108366044102,2.56942308440796,3.26308202777301,0.882258484053434,1.50994148052751,16.8670785690041,0.540599317062421
source/12kHz_DE_data/OR/Centered/0021/OR021@6_3.mat,OR,test,0,0.05,1.096,30.0027666666667,1721,0.536490486227013,0.263760048783768,11.6782736526946,10.9826070957095,23.0024253991826,0.090632659011537,0.511558703639369,3.19369553948988,2.35698538787314,3.6,0.254939563922721,0.443605586691304,0.568107897946877,1,1,0.0133099786067601,0.0110802271708583,0.254513941834102,0.256235047052524,0.257498540769366,0.212748090519943,0.21125547765355,0.00789675244099612,0.040491969182791,0.0731584915503032,0.0333297024206103,0.0319900365074139,0.00089142929383435,0.0589463946364992,0.0696011807337948,0.0578371636576676,0.0573012001414926,0.00379759601031674,0.098647792936475,0.17903855672948,0.00281649894767552,0.00134794495467671,15.0975161754931,2.11351273879995,2.02713765814205,0.876162051207273,1.39079598228505,14.7246001019019,0.452189803104646
source/12kHz_DE_data/OR/Centered/0021/OR021@6_3.mat,OR,test,1,1.096,2.142,30.0027666666667,1721,0.486853206504498,0.251697655921753,8.8900746506986,9.23259453213498,19.4755755353639,0.0974519390290434,0.549674311714555,2.93034858042026,2.24468410483878,3.6,0.212877551042321,0.476229970579151,0.542338138411726,1,1,0.042941813489382,0.0364341726681291,0.212169385593267,0.216433116423257,0.218915941905809,0.184852496423146,0.181622044743303,0.00486918341675896,0.0264543437018802,0.0583100685757712,0.0220533228177714,0.0209786914821956,0.00205659882677926,0.0454436531892913,0.055633380101333,0.0441731962389561,0.0423139988581111,0.0070677593620602,0.0822124913671902,0.158552832849157,0.00924907008596825,0.00561202022056945,6.91115413117287,1.26992511349514,1.42216658052709,0.737251555540612,1.49082889262959,19.3395287348359,0.532786720371071
source/12kHz_DE_data/OR/Centered/0021/OR021@6_3.mat,OR,test,2,2.142,3.188,30.0027666666667,1721,0.520438602724305,0.261472146373776,11.4135043912176,11.3532976118936,22.623145382005,0.179488140825956,0.543303714724662,2.93402764615585,2.31606943571449,3.6,0.204391591297345,0.481692066128775,0.550549063963485,1,1,0.0496371256720696,0.0417240385617244,0.20423634172616,0.207685463889921,0.212079681341721,0.176458063749882,0.173849179861399,0.00593101963997211,0.0254251974294146,0.0643647160229463,0.0198678826013852,0.0185801525040433,0.000563674247459956,0.0378795154005799,0.0435115605358657,0.0365567974899382,0.0361462740097697,0.00173872869250603,0.0706373470078374,0.148962988821338,0.00592247114685026,0.00546370905131639,6.55589021829585,1.08446750552589,1.02069276856531,0.598202737900126,1.52116053471951,18.2374506050275,0.5103935141187
source/12kHz_DE_data/OR/Centered/0021/OR021@6_3.mat,OR,test,3,3.188,4.234,30.0027666666667,1721,0.575689674682822,0.279726317396092,10.5485373253493,9.51089986079218,20.5413049926982,0.102034793099227,0.539626864384565,2.95584403208741,2.30240080185704,3.6,0.224262502828722,0.466134996163403,0.542146115898602,1,1,0.0504950727112478,0.0428345649607812,0.223913802104789,0.22670772980009,0.23129380964495,0.193115193510476,0.191186828431988,0.00611984362386128,0.0253948638596938,0.0571679307822316,0.0197698632519418,0.018650670490745,0.000485911704973068,0.048687665367271,0.0557917454748879,0.0471336746885906,0.0466270013986227,0.00327055091100389,0.0861536754316494,0.168662797414171,0.00809326603750804,0.00614025857458606,7.98609809056563,1.25867550317363,1.57890071607106,0.788588554966856,1.43746909574316,16.8242829412152,0.422973923448953
source/12kHz_DE_data/OR/Centered/0021/OR021@6_3.mat,OR,test,4,4.234,5.28,30.0027666666667,1721,0.598774207735641,0.284028994702312,13.306279740519,11.1172977943942,28.9173205765983,0.267594016764103,0.51014253713415,2.99178365073462,2.26611392293761,1,0.304847724657939,0.468636497119628,0.535937020678241,1,1,0.0278459421265858,0.0228078583346612,0.232204282339827,0.235283383414851,0.237177805144563,0.195828787332687,0.193851923011349,0.00570101469586579,0.0300633744791798,0.0641162627717413,0.0244276855090624,0.0237439544457672,0.00126162188668529,0.0536783144345757,0.0607140802889813,0.0527132056348072,0.0516980201480264,0.00293799301358996,0.0911980537741891,0.182121459439866,0.00282689727358444,0.00234232540737003,13.2063889415886,1.55422121367994,1.80981300879785,0.785479816781881,1.44793993121755,15.2524015517565,0.44793340736843
source/12kHz_DE_data/OR/Centered/0021/OR021@6_3.mat,OR,test,5,5.28,6.326,30.0027666666667,1721,0.531854299701422,0.258511657385931,11.3071093812375,10.9446882502686,24.3631303196586,0.0641064734124883,0.532422929591041,3.04708857897799,2.29491199337041,3.6,0.214109976786552,0.473171662516103,0.541448102138811,1,1,0.0200549574556928,0.0160604319398556,0.213833293221182,0.215390701614269,0.217334040358628,0.17854625119277,0.178015917248623,0.00470684154255952,0.0349243819687196,0.0661669234080986,0.0304553319608719,0.0297252502205022,0.00271988024559692,0.0579051926688578,0.0679922063673659,0.0561845389127075,0.0538155298094679,0.00727525153431321,0.0970611090327013,0.180376994277987,0.00651783303271311,0.00292353214784739,9.34668280515735,1.7742521141975,2.14032397380537,0.830602116556786,1.43004165965845,17.1480477308768,0.481176625341321
source/12kHz_DE_data/OR/Centered/0021/OR021@6_3.mat,OR,test,6,6.326,7.372,30.0027666666667,1721,0.510027241357233,0.259345697304201,8.69027944111776,8.82537687773985,18.010169817965,-0.0323132532370503,0.543009230177223,2.94476918955683,2.32878300403936,3.6,0.20944604061944,0.484101385260046,0.545143588687601,1,1,0.0399802788068647,0.0357568195204377,0.208118705990291,0.211637979363443,0.213190447838526,0.182042392440187,0.180015116215863,0.00444822276602323,0.0311297632195278,0.0629510714668736,0.0266114433916281,0.0248591561168979,0.00174576873948187,0.0453231205312596,0.0542258487159868,0.0440434252321542,0.0424895737176257,0.00631611397051606,0.0808129514534787,0.160169437280085,0.00977311999759228,0.0061740568319285,8.03799477361908,1.45652360013977,1.39938649326846,0.701736591947532,1.45736949096158,19.4083820108817,0.477840712341642
source/12kHz_DE_data/OR/Opposite/0007/OR007@12_0.mat,OR,test,0,0.05,1.0515,29.994925,1797,0.250348961458482,0.172012138498614,3.2628344510978,6.98406745551717,7.28145433511799,-0.0418875783477562,0.636165327693988,3.80720845978677,3.08260875742269,3.6,0.2849898995617,0.339175158249868,0.637447415456592,1,1,0.105936843925315,0.0946195752422657,0.284177872085894,0.292052432461366,0.298303412675065,0.207505859966978,0.203719907999602,0.0106688741943476,0.023290279316901,0.0522090888613522,0.013876736040023,0.0117622781920991,0.0140255788081318,0.0472005011476776,0.0706841239144571,0.0400469462698999,0.0302096651459256,0.0205996712234767,0.141293568334826,0.199134150281376,0.0224314883692417,0.0188967885628007,5.44824668426637,0.798213966073493,0.987223279389301,1.41118649026967,0.850318499557577,19.7194868069319,0.333588691503121
source/12kHz_DE_data/OR/Opposite/0007/OR007@12_0.mat,OR,test,1,1.0515,2.053,29.994925,1797,0.243792740703127,0.166060112379304,2.72452443113772,5.65367112692832,7.45027235080876,-0.0260497630064254,0.65576883434212,4.55127477942675,3.44763882186064,3.6,0.331844330538136,0.282006820377909,0.685167646759384,1,1,0.0920280192291339,0.0844715444638633,0.329638144291468,0.338128997519304,0.345059177331046,0.217989201335632,0.213687011183979,0.015302891602608,0.0359697757265069,0.0654645237064266,0.0208685980705404,0.0189211306569389,0.0141324463863108,0.0425154755612227,0.0664205205175587,0.0309421067396929,0.0230528355151677,0.022158775419747,0.16046422376453,0.215989619059253,0.0131623193180523,0.00894483795535614,7.77498815076598,1.23941041073933,0.705605518365591,1.38955173835882,0.675021543565046,11.6182247854622,0.298879145981472
source/12kHz_DE_data/OR/Opposite/0007/OR007@12_0.mat,OR,test,2,2.053,3.0545,29.994925,1797,0.229029475848883,0.158678122800659,2.86096994011976,6.34129848156657,7.8015341109092,-0.0221264753517231,0.704789210977511,4.60154982342819,3.34668393960165,3.6,0.305027672227996,0.250502551566801,0.627312378099386,1,1,0.0461716816935614,0.033172445038602,0.296799777176973,0.313003710189285,0.329129350344446,0.212742643051336,0.204316266002369,0.0189585611303987,0.0513456086354056,0.0819487177893139,0.031382978295173,0.0265466055001535,0.0127461118131638,0.0462995445339712,0.0702848925930145,0.0368902946058891,0.0261921242701499,0.0349040780448885,0.145647649175654,0.217604318289907,0.018606411470087,0.0144822611897169,5.94268993282282,1.70074942799616,0.938603152395286,1.28781544193775,0.741517230942826,16.1324728512945,0.317929024377258
source/12kHz_DE_data/OR/Opposite/0007/OR007@12_0.mat,OR,test,3,3.0545,4.056,29.994925,1797,0.228061654358312,0.158438887058118,3.35655952095808,7.59099874108571,8.12593919756952,-0.042476217568429,0.63974112384605,3.90934625160224,3.15235976735356,3.6,0.265198042331813,0.319921330044143,0.5553240331917,1,1,0.0731656882682911,0.0610593553515116,0.264293349186282,0.270540834607044,0.277451443942486,0.186596701636396,0.182726765423684,0.0159727531200588,0.033267207090173,0.0580964880501253,0.0186525779038689,0.0152044033716679,0.00892598165527337,0.0512610190891328,0.0731329059071704,0.0432075302031108,0.0381283520336879,0.0201402715191119,0.13410439405602,0.246581098738268,0.0174339636144983,0.00900870647525564,6.14765419605145,1.34827338909293,1.26924750850764,1.19032456995412,0.873052403889749,17.7114348642348,0.376920087293131
source/12kHz_DE_data/OR/Opposite/0007/OR007@12_0.mat,OR,test,4,4.056,5.0575,29.994925,1797,0.24774167233662,0.167895606178579,3.45369572854291,7.15180805434534,8.32996190328581,-0.0459165626537176,0.644557359275323,3.93481770359058,3.12162993098419,3.6,0.263350938267389,0.327166624451636,0.61393594514015,1,1,0.0973843545726705,0.0789568001797921,0.262208594949425,0.265995273443071,0.274472383559043,0.182345020333722,0.181120274174333,0.0116681275293035,0.0434392467010546,0.0780239602214375,0.0324138854715117,0.0291957608845363,0.00451438000687361,0.0441981749928264,0.0752499680218911,0.0378043934826145,0.0345394832265358,0.0174736562821948,0.138032618278074,0.241611896183463,0.0236740596228027,0.0124386038426053,6.81346136575887,1.31389143990878,0.966939304576856,1.3108818572527,0.808253925764749,16.266765075923,0.340350168755936
source/12kHz_DE_data/OR/Opposite/0007/OR007@12_0.mat,OR,test,5,5.0575,6.059,29.994925,1797,0.249010745826836,0.167578698211907,3.04988199600798,6.48079091929858,8.21205100796759,-0.0290932201191602,0.671690561617258,4.74193589336005,3.49605880181262,3.6,0.300788296045292,0.247008789866083,0.595823123710474,1,1,0.0735826126081563,0.0560597970021625,0.296972229375776,0.302846615853072,0.316651818240042,0.173834388526739,0.170993212676388,0.0272516755642692,0.0578744019008192,0.0912733073342616,0.0400557939052649,0.0293821197667531,0.00137177150901053,0.0298205856223365,0.0560239498615401,0.0274152877184559,0.0266826541993374,0.00963147926021775,0.169860843666738,0.246135268901719,0.0314646282787693,0.0282008660312306,6.777200201673,2.07385942827401,0.456121452176657,1.44440274034171,0.67951603030395,11.2957277946532,0.304868301516724
source/12kHz_DE_data/OR/Opposite/0007/OR007@12_0.mat,OR,test,6,6.059,7.0605,29.994925,1797,0.227696034031094,0.155734057262471,3.13369852295409,7.48362370796335,8.89178968110022,-0.0743626684019735,0.6516856510093,4.51812341537901,3.32400050763607,3.6,0.315878865351556,0.234390488824492,0.625643448471182,1,1,0.0665528260289736,0.0605960232400041,0.314192927274276,0.319044608802406,0.323418852365609,0.203722130327743,0.201811633885531,0.0339936184786802,0.0587481217676799,0.0874741687220533,0.038966180067992,0.0217963940091385,0.00667773824211106,0.0410869096306849,0.0576770011887683,0.0356852273962182,0.0302813370769287,0.0130239768291802,0.158894368513918,0.25179689519459,0.0234154495199186,0.0196178302460009,6.18362442892883,2.35945788798817,0.961654375769348,1.3554931482526,0.704477812140649,10.8619636981206,0.324359075718089
source/12kHz_DE_data/OR/Opposite/0007/OR007@12_1.mat,OR,test,0,0.05,1.065,29.99325,1773,0.248841889388532,0.171688915221496,2.92838051896208,5.92875930544168,6.89361169867987,-0.0276349508836281,0.691383318580495,4.52914238634652,3.9351078520646,7.3,0.127184191568546,0.406988830755761,0.459400625972835,1,1,0.114876791233442,0.110124229398057,0.0357578029206174,0.178719366117197,0.196460045200449,0.0366319681972773,0.0275856871263948,0.0169267569645469,0.0340957712325847,0.0500598437703187,0.0138553958873823,0.0126079373567741,0.0151088539248531,0.0416938260857078,0.0485644643239888,0.0173225752595071,0.0116390092701704,0.03292401827338,0.0917609804087171,0.26417683324741,0.0377270012352631,0.0215781745456718,5.06918974363214,1.76036145711977,0.992230063248664,0.561936580863044,0.748470756530423,15.988940335498,0.329265795984905
source/12kHz_DE_data/OR/Opposite/0007/OR007@12_1.mat,OR,test,1,1.065,2.08,29.99325,1773,0.236298156476662,0.164156969156099,2.62397708582834,5.61913618122148,7.1534253436211,-0.065077610279559,0.7375257255358,5.14819041771095,4.03034027977483,7.3,0.168007583085842,0.322811608977787,0.467739083757965,1,1,0.091455422657963,0.0892081504007173,0.0380210129505166,0.221113693546193,0.260480708536993,0.0387655755875683,0.0276617771596971,0.0218776882209113,0.037117067435617,0.0483215034610842,0.0161582767274313,0.00808524240344172,0.0199394378130431,0.0392957346857047,0.044866332412881,0.0189100576080473,0.00862807898933983,0.0621520003331026,0.112336817768568,0.306778897288274,0.0447453031785247,0.0191276183935668,4.7093335448807,1.59964170144642,0.791896109246919,0.644419645678402,0.697724761024494,11.3622665399714,0.333229174948818
source/12kHz_DE_data/OR/Opposite/0007/OR007@12_1.mat,OR,test,2,2.08,3.095,29.99325,1773,0.223259434563707,0.155157464152598,3.29044842315369,7.38420942286904,8.17751461561403,-0.0261688271879041,0.697605410816422,4.11629354474918,3.69725790158768,1,0.307003644017049,0.440809663745654,0.402479014275561,1,1,0.0979867357230394,0.0788977559029377,0.030646775312733,0.1567233509259,0.183577087598058,0.033346068702285,0.02475693432496,0.0102986222441287,0.027619285711,0.03816349248063,0.0156563154003859,0.0132425734786203,0.0178023104614802,0.0395895360191379,0.0464116995141678,0.018538652899177,0.00842795435731293,0.040814496973071,0.0909841024375344,0.258721286004216,0.0305922663858195,0.0163079535223068,3.83779903547203,1.31574156219012,1.00102824896832,0.594117524444092,0.833191543103538,17.8514146653393,0.3839106478267
source/12kHz_DE_data/OR/Opposite/0007/OR007@12_1.mat,OR,test,3,3.095,4.11,29.99325,1773,0.234961700486933,0.161040405177136,3.83216958083832,8.69836052607411,8.86072687603472,-0.0656203085221486,0.630924216741205,3.79189189349997,3.59595778389856,1,0.283819720417987,0.502808591259337,0.398611232103073,1,1,0.139933573943778,0.113995394850378,0.0180394282507334,0.160559357378637,0.181924490492892,0.0244425184990534,0.0150569147693076,0.00300516199176838,0.021074560178612,0.0407545729262451,0.0158082488037487,0.0149978237964951,0.0125759405481728,0.0326013108918284,0.0373105313003221,0.0124592017742603,0.00945061583639118,0.0238324008804385,0.0656306739083506,0.250642354397049,0.0193471891281198,0.0073058265492933,4.63340319028977,1.37840471467923,0.923627430862191,0.436533478245083,0.879027886708055,17.2104469824388,0.382914153768352
source/12kHz_DE_data/OR/Opposite/0007/OR007@12_1.mat,OR,test,4,4.11,5.125,29.99325,1773,0.239628038224738,0.161699547676913,3.15806379241517,6.68973962988726,8.16272456245867,-0.0214961637791462,0.681825547474011,4.40285878156298,3.64577870549839,7.3,0.129212782773439,0.391780484639123,0.412936439256475,1,1,0.0662092660367091,0.0588590875290549,0.0492980308440966,0.19040936325466,0.207909881208266,0.0538234088992252,0.0411583911102969,0.0133210716819411,0.0360786932355007,0.0644366889660732,0.0198857359223307,0.0164618269870386,0.0101880745805922,0.0330004585914646,0.0349561204195498,0.0103601495669066,0.00914457614395816,0.0203975950191824,0.0889081235104979,0.249425550317201,0.0421599802729241,0.0317150375643271,4.78124714988703,1.72109158400466,0.775773350334914,0.545591331149466,0.775970398956094,15.1751730453397,0.338603269755643
source/12kHz_DE_data/OR/Opposite/0007/OR007@12_1.mat,OR,test,5,5.125,6.14,29.99325,1773,0.231104948741147,0.158463304851756,2.84212746506986,6.16502321252674,8.02150361442491,-0.0660614638877594,0.735575416139464,5.01363823790609,3.86529284412429,7.3,0.157452600546955,0.31884858848413,0.431317710389787,1,1,0.0600238239880508,0.054835776453439,0.0461245307747774,0.211886511057928,0.238063189234619,0.0616833455032754,0.0392876158043178,0.00834124099280895,0.0187761025982036,0.0443309818895019,0.0142668382652878,0.00765086368453546,0.00733029611565179,0.0281437811911602,0.0351383166246135,0.00949484982267069,0.00351447879261181,0.0251922031758457,0.0810556143221968,0.265179880731264,0.0341787598739289,0.0198773571355333,3.59443856875821,0.796756819678907,0.485625348907522,0.419201469724653,0.683906293687688,10.4928863541864,0.324374481399771
source/12kHz_DE_data/OR/Opposite/0007/OR007@12_1.mat,OR,test,6,6.14,7.155,29.99325,1773,0.220927542045968,0.153680568749762,3.2191394011976,7.9417632287669,8.54307898884958,-0.0680243063338251,0.714678722030225,4.05071545947784,3.738098401071,7.3,0.102917242599869,0.440706069908178,0.420530304798402,1,1,0.14431400577862,0.103938879145023,0.0156259431055256,0.125680933171811,0.153660434812387,0.018323883504391,0.0100986214345114,0.00877641502001299,0.0216051831872444,0.0345520183522458,0.0117718231352017,0.0081700658575054,0.015424805246257,0.0318471334183458,0.0394043792936652,0.0195674748926118,0.011667609069979,0.0411925385810344,0.089427600948444,0.242492773750138,0.0362186336225279,0.0154467875835237,2.48089670810614,1.17187040017726,0.75099513753398,0.566615624976854,0.841640918807695,18.8894110233879,0.39038876445833
source/12kHz_DE_data/OR/Opposite/0007/OR007@12_2.mat,OR,test,0,0.05,1.0785,29.9979166666667,1750,0.277270024497677,0.183231455179621,3.692150499002,6.88452353775468,8.48829909818742,-0.0225413322081306,0.604851815085515,3.99924472346613,3.21045725324541,3.6,0.259924252914992,0.347732411632924,0.557204536525855,1,1,0.0327335756777401,0.0291535970334068,0.259216507077624,0.261936705086386,0.265241706823127,0.188411687885442,0.18769557214532,0.0182318760489283,0.0349876312587986,0.0743486073716821,0.0151394905253125,0.0146152779883494,0.00197998595737622,0.0627957325110893,0.0787544977131745,0.0583204769616755,0.0563324849595036,0.0137958407057409,0.133295769799287,0.219117501051921,0.0160608782811387,0.01127242786125,9.18674684586504,1.26624229266008,1.55034006704405,1.24036140559493,0.972934673666172,17.5446447566438,0.364365765132183
source/12kHz_DE_data/OR/Opposite/0007/OR007@12_2.mat,OR,test,1,1.0785,2.107,29.9979166666667,1750,0.263445094247808,0.176880933260565,3.56756275449102,7.13369231488007,8.11182694169671,-0.000350892133945591,0.604939215081605,4.09665825331775,3.28476188508874,3.6,0.262670944141278,0.339807944649443,0.562096351669164,1,1,0.0240030359594548,0.0207187196017166,0.262309014076409,0.263246243340764,0.268207748922494,0.195981657285696,0.195289881511031,0.016300721083059,0.0406908936048195,0.0764539719482925,0.0238675872235323,0.022719562225159,0.00268762708115108,0.0585644529160931,0.0805594350388235,0.0550520828694012,0.0533465762489487,0.0104346889798795,0.122216547576604,0.209480953422585,0.0116420195839028,0.0105768914834497,8.69034822442602,1.56753708329491,1.37943707039731,1.13699328377351,0.955265872431293,16.4605812839533,0.378135955262302
source/12kHz_DE_data/OR/Opposite/0007/OR007@12_2.mat,OR,test,2,2.107,3.1355,29.9979166666667,1750,0.265200755549645,0.175848764424595,3.73698259481038,7.07118956662315,8.76793614774416,-0.0112812240360841,0.631858667868986,4.05266643805984,3.29438301630425,3.6,0.267468834611389,0.338645193118811,0.57027773676567,1,1,0.0406476930540833,0.0329046050102534,0.266511016991098,0.268506584872581,0.275950124786766,0.202357462046814,0.201691212582168,0.0184694321864833,0.0427120835040847,0.0724515219765255,0.0218588347963742,0.0209467436692851,0.00515733412289258,0.0422268842118267,0.0651818445801713,0.0378518898880644,0.0344366760265259,0.0158184522380928,0.108553630478502,0.200631487244021,0.015307465092769,0.0138908260475054,7.27058142390982,1.60073347153676,1.00530938103112,0.990736011102615,1.00000317786136,19.4108799866772,0.388738656252232
source/12kHz_DE_data/OR/Opposite/0007/OR007@12_2.mat,OR,test,3,3.1355,4.164,29.9979166666667,1750,0.270021889302339,0.177425459720854,4.56637636726547,8.55108557144972,8.97278466368265,0.00128722074341205,0.630342721472506,3.81916105297719,3.19349932306066,3.6,0.243746394954389,0.374284435533231,0.556822313501826,1,1,0.0537326821231227,0.047646613784806,0.242501699290273,0.244931799107896,0.249250994193368,0.175963938468436,0.173727590337741,0.0186716217159285,0.036377730736591,0.0663678168132137,0.0163494528845857,0.014494158223933,0.00606332721305668,0.0406283435425295,0.0598786588110313,0.0368692898622667,0.0327950036442658,0.0174219776559999,0.112605544617651,0.197029069754159,0.0179071358665622,0.0151957171188534,6.01963992964655,1.41956370268065,0.948120745760886,0.98125212586177,0.972807404368179,20.3231768639166,0.376594434407928
source/12kHz_DE_data/OR/Opposite/0007/OR007@12_2.mat,OR,test,4,4.164,5.1925,29.9979166666667,1750,0.275820561485213,0.180323223782189,3.3434022754491,6.32658206701601,8.53003683673716,-0.0160994164238277,0.625937773267001,3.84350801166888,3.17708452366066,3.6,0.255266387117067,0.365915619630998,0.560318991102521,1,1,0.0445835554812536,0.0402625550041759,0.25283443208626,0.257365190750116,0.258884248392837,0.182685556189746,0.180611511589463,0.0189509194633491,0.0347637398638554,0.0702679431872048,0.0170609556421204,0.0140685031261231,0.00524601587204505,0.0396378978379976,0.0546667843802548,0.037228591697992,0.0311434911979305,0.0147585833749068,0.11366197197536,0.188625123159426,0.0183422141332499,0.0147164567031166,6.57564048389845,1.20301826906714,0.908830292989523,0.968624447103818,0.984329443583301,19.0151623102247,0.376869199496146
source/12kHz_DE_data/OR/Opposite/0007/OR007@12_2.mat,OR,test,5,5.1925,6.221,29.9979166666667,1750,0.271057305292605,0.17731045804035,3.5045379241517,6.79575722451266,8.71771110009567,-0.0568589545571303,0.623819741978602,4.03157624590349,3.25250421899977,3.6,0.281861477764764,0.321897965977453,0.556205640161521,1,1,0.0448755187297067,0.0422311648341949,0.280385432977563,0.283642769482676,0.288154512075263,0.199656002298231,0.196426650740273,0.0262771951808026,0.041423017862929,0.0713392653332469,0.0155372092447417,0.0138723963913527,0.00367981521260192,0.0543026202236885,0.0743218544880803,0.0501414100987193,0.0464858340890615,0.0181195882108853,0.133433472316505,0.220129804842299,0.020188851927576,0.013362740804116,7.19744719300768,1.52449171594354,1.27063195763261,1.16782642638053,0.969582773164972,18.2925244589476,0.382224729493988
source/12kHz_DE_data/OR/Opposite/0007/OR007@12_2.mat,OR,test,6,6.221,7.2495,29.9979166666667,1750,0.271956202597108,0.180157685227389,3.47075141716567,6.76648745410514,8.05628563945487,-0.0143816076971574,0.63440499426079,3.928566594561,3.2515338707757,3.6,0.265809949924963,0.358812272945671,0.560852316263366,1,1,0.0439610979280127,0.0390726846111905,0.265496564290368,0.267604153496481,0.270733292453527,0.18917231589432,0.187031254560198,0.0247914352021294,0.0408848602199266,0.0715972320155732,0.0190011835909835,0.0154306586559212,0.00659080234770837,0.0513438883716342,0.0702687388690083,0.0462410899002105,0.040735663286849,0.0219792098997912,0.124997350312306,0.208666013375784,0.0207475157319076,0.0107104360793391,7.45913987529733,1.54834313764494,1.30913590090767,1.13385384077876,0.926821513681275,16.2074750540238,0.36767016174776
source/12kHz_DE_data/OR/Opposite/0007/OR007@12_3.mat,OR,train,0,0.05,1.094,29.9976,1724,0.262473798110982,0.17721607141137,3.52143117764471,7.28070522173942,7.96142879491761,-0.0315275703202365,0.616674499431166,4.24993345058227,3.16131016280807,3.6,0.296511074084045,0.298390456570057,0.617712340172531,1,1,0.0318857553913786,0.0221762381050663,0.295686570622993,0.300780298086833,0.305373192121652,0.214532199332034,0.213156913112744,0.0194829476120899,0.0338763497728178,0.0672185631510521,0.0154053721377143,0.0129004157018421,0.00393420311613322,0.0631452776548689,0.0744640037274767,0.0593633943043775,0.0565676542244281,0.0166156796039996,0.151774358841131,0.238590490587353,0.0204751581772151,0.0136418502838782,9.19473826211719,1.35468458073161,1.68391365814366,1.33392861078559,0.874340852300959,18.1190590554454,0.360140783105905
source/12kHz_DE_data/OR/Opposite/0007/OR007@12_3.mat,OR,train,1,1.094,2.138,29.9976,1724,0.255954069251355,0.171531868840342,3.10153636726547,6.12311382755056,8.14427820601278,-0.0307404991863874,0.597517282003178,4.18009345397472,3.09350971003986,3.6,0.302648559619724,0.309602051062707,0.665591246669561,1,1,0.0427875989897025,0.0359255634798043,0.301960500541388,0.309340140422256,0.313605388410129,0.229119690291813,0.226222354074361,0.0159279747820153,0.0318491979999222,0.0676503115158012,0.0145621740760726,0.0139992962601807,0.00292197346965173,0.0565000135882055,0.0670411466395861,0.0539038738020929,0.0511357831760754,0.0126748194565114,0.133732390171105,0.212736365298703,0.0127065876636749,0.00878680478756897,9.18843350348958,1.2325241446661,1.67220796437558,1.08915984699699,0.87339745304432,16.8240281678663,0.365768462391695
source/12kHz_DE_data/OR/Opposite/0007/OR007@12_3.mat,OR,train,2,2.138,3.182,29.9976,1724,0.25641959794289,0.171921902778547,3.10413532934132,6.0777707865733,8.06983606330997,-0.0288393171859648,0.611109245647693,4.12456414142102,3.17351979590756,3.6,0.271469247969967,0.340337778615774,0.645287261592884,1,1,0.0424108933178687,0.0306595342958026,0.270925879426332,0.275160169365105,0.277741742380525,0.20256730482,0.201114956304647,0.0216038252151665,0.0459037144890482,0.0848995551398438,0.024043554799267,0.0231364873676106,0.00435212403309215,0.0561661380692525,0.0697202492283892,0.0517438290592578,0.0481075506943564,0.0111243613381566,0.120736269813311,0.199758765870702,0.0142259217519326,0.0105062139508339,10.2453860559326,1.34168416026048,1.59264481568001,0.989679923623357,0.841658925009728,16.160661536363,0.364742367061314
source/12kHz_DE_data/OR/Opposite/0007/OR007@12_3.mat,OR,train,3,3.182,4.226,29.9976,1724,0.257824684616663,0.172654073118132,3.34518906187625,6.76826390476948,8.43425307663596,-0.0443223750230984,0.617878858221925,4.13019929362559,3.20086956931656,3.6,0.274100539138467,0.342222386933004,0.661709734135651,1,1,0.0408768199262909,0.0358934607889227,0.273782059794749,0.277546518368067,0.283702197091409,0.198943593349538,0.196163493794687,0.0299704995596648,0.0525581878924907,0.0970501451617616,0.0240586103009778,0.0218127757367241,0.00425121483504671,0.0442256396994739,0.0602123856846682,0.0407551109393781,0.0367656328911077,0.0139787949727274,0.105926335365802,0.186009048741258,0.0145208940870173,0.00997651564036356,10.0675427123595,1.56309531493778,1.04286563613828,0.802681787175573,0.849358907318018,16.9420799741872,0.365734380118033
source/12kHz_DE_data/OR/Opposite/0007/OR007@12_3.mat,OR,train,4,4.226,5.27,29.9976,1724,0.253006944480332,0.170863218553237,3.25357564870259,6.7136612263763,8.13298579811499,-0.0181966328816653,0.643761993196843,4.06537449397682,3.21789078235603,3.6,0.264936468434277,0.346046033468123,0.636923289271672,1,1,0.0557857972916917,0.044634962187397,0.264598052952986,0.269363089089162,0.276050313268924,0.200918229227333,0.199136777036286,0.0219087001410715,0.0405151707884169,0.0793508206776929,0.0194484164976429,0.016936213715856,0.00951361003043461,0.0508360615680578,0.0682926735540732,0.0471457739819939,0.0379122127730167,0.0211069283634746,0.120009752739511,0.192035710657985,0.0185739083839694,0.0140036549950854,7.54074458053288,1.21140910066182,1.16246804320253,1.00127794496622,0.86597576927661,21.3931484262136,0.364508025040378
source/12kHz_DE_data/OR/Opposite/0007/OR007@12_3.mat,OR,train,5,5.27,6.314,29.9976,1724,0.254949330501825,0.170662438545958,2.9785729740519,5.94139163956282,8.08373441492193,-0.0526915137003116,0.623906069522145,3.86915425866091,3.11547950232124,3.6,0.254591847643092,0.357848788430157,0.591809177884984,1,1,0.0487966765807029,0.0381400810305774,0.254081569662237,0.259375915643709,0.263790192666771,0.190016384406768,0.187735083862102,0.0186245157734922,0.0334623057206388,0.0692132601789765,0.0153584060516137,0.0119886001594922,0.00681525732590353,0.0452905500936206,0.0569923104458587,0.0410547969858696,0.0357262550797177,0.0118460996570948,0.107182597196067,0.192362395885854,0.00926232129606911,0.00731157461366774,6.1412626237391,1.20578823871194,1.15149635276134,0.934269360265019,0.882021048070909,17.8765763979423,0.363818859205842
source/12kHz_DE_data/OR/Opposite/0007/OR007@12_3.mat,OR,train,6,6.314,7.358,29.9976,1724,0.25188480814612,0.169091944006332,3.12232806387226,6.33185061487795,8.25959645584153,-0.0390475731908252,0.629623831620537,4.02670004890577,3.16197284411757,3.6,0.273966504793733,0.332528781647789,0.616523108654948,1,1,0.0498896300763026,0.0474298308419005,0.272968649364366,0.278779083705437,0.28455270587936,0.210344150975677,0.206813196464243,0.0187666539432106,0.0309898615063419,0.0704996013286863,0.0122200876810954,0.0106179379165006,0.00482319344266328,0.0500191923595826,0.0666265257844017,0.0459990500899632,0.0429915613529769,0.0100575988879786,0.114597966580266,0.173548002261507,0.0180072866361386,0.014349355513571,6.08660114783996,1.03363004616826,1.08040486811369,1.09839492028259,0.877826248460641,17.3009685292297,0.366134913595382
source/12kHz_DE_data/OR/Opposite/0021/OR021@12_0.mat,OR,validation,0,0.05,1.052,29.9932,1796,0.381247450122598,0.167484173276044,8.52500169660679,11.7467265498058,33.2944933770697,-0.315208951281995,0.549588171824799,2.60509976656103,2.23236479361716,1,0.344271617378711,0.577497477810474,0.52253225386527,1,1,0.0624129077771764,0.0570009760079639,0.0972354791319885,0.101096209564038,0.10366085377311,0.0853475854595118,0.0834066099458628,0.00223389210123935,0.027519650393805,0.0487651285889777,0.0246936956169972,0.0244537502938017,0.00229556306423788,0.0383804218255813,0.0453606738058107,0.0366577818829365,0.0351949232950456,0.011704078020357,0.070380510823194,0.159057062551293,0.0169430426731259,0.010911150410795,2.42555139888113,1.60388658206248,1.74450877155615,0.511948106813197,1.79294359453552,21.6967090572787,0.544035239680703
source/12kHz_DE_data/OR/Opposite/0021/OR021@12_0.mat,OR,validation,1,1.052,2.054,29.9932,1796,0.390471154284614,0.168319586293364,8.65210718562874,11.1226105702027,36.0807732137385,-0.369926198670012,0.545343161750084,2.59777767881575,2.25511512684299,1,0.351285819013144,0.576968566889717,0.496262169930278,1,1,0.0589185606050526,0.0516218654726458,0.0918879128033397,0.0969953774564332,0.0985843326977885,0.0806309879065466,0.0778872771549647,0.0013201267670747,0.0270789732733278,0.0478166842641956,0.0254526817116227,0.0250448730940964,0.00190215910504199,0.0405163379012873,0.0478246261374948,0.039143301030529,0.0379437610228526,0.00935288128250072,0.0705764924536849,0.166328560809144,0.0134707203372747,0.00920786576443049,2.33161875042569,1.63339018234867,1.87038867583038,0.514153309970156,1.85196222920475,20.2554161691751,0.557214440244339
source/12kHz_DE_data/OR/Opposite/0021/OR021@12_0.mat,OR,validation,2,2.054,3.056,29.9932,1796,0.386142865820726,0.168892370449427,7.964600499002,10.528414888974,31.8276549313644,-0.291698315577256,0.559875441629237,2.63297074848814,2.31644592456417,1,0.350194824744052,0.578919033367941,0.520507371285662,1,1,0.0623397993358844,0.0556794005854587,0.0915506509048538,0.0972626853952355,0.100440348332704,0.0814375839487783,0.0775694849565405,0.00291785663211447,0.0293820266806139,0.0483661628699069,0.0276672097392206,0.0257324587426211,0.002386122567712,0.0367013459620597,0.0445649375946067,0.0351859869134395,0.033337299694687,0.0110348182335971,0.0675920521210847,0.150360905593075,0.0141801554656707,0.00880654741219575,2.08779695624765,1.83900142799668,1.72698235493971,0.506871266235603,1.78257344970677,19.3717944748805,0.541322101570025
source/12kHz_DE_data/OR/Opposite/0021/OR021@12_0.mat,OR,validation,3,3.056,4.058,29.9932,1796,0.365877320190622,0.161688519487201,7.58693882235529,10.4485477876952,30.7804830763227,-0.275919622062393,0.548383282849846,2.67222356258967,2.35857800460987,1,0.344170560905317,0.580293156336661,0.530938901329477,1,1,0.0595521395225663,0.05644120370847,0.0951416603751346,0.0988617471694461,0.100579532859216,0.0810495957409513,0.0787007512972628,0.00239510493479031,0.028096923988425,0.0508203963474579,0.0255440029253452,0.0248938920334202,0.00305324533101214,0.0388063260649539,0.0465004679058781,0.0361643247508553,0.0345024826254407,0.0101816512060836,0.067353990385978,0.155661288844793,0.010756992583154,0.00745671594947011,2.28232462791324,1.67641159983303,1.69384226929308,0.495026492024568,1.74729339049736,18.851236080187,0.525010747789402
source/12kHz_DE_data/OR/Opposite/0021/OR021@12_0.mat,OR,validation,4,4.058,5.06,29.9932,1796,0.366721748675473,0.159209071692955,7.68074510978044,10.6446843217803,32.5294148925721,-0.392746768963973,0.538345982576789,2.63708113473929,2.28939156121937,1,0.347232418954026,0.576895756920361,0.522507363928559,1,1,0.053780309344662,0.0511309662228262,0.107680712376269,0.109672920925801,0.1108994883879,0.0922510532820196,0.0912263308190267,0.0023562082612385,0.0280052583313189,0.0525789398778649,0.0249114860094567,0.0247594764888251,0.00152910099674153,0.0365510231091175,0.04444415208911,0.034927724140467,0.0339746055764807,0.00745448803982884,0.0651857531785513,0.153907871764972,0.0115931814858789,0.00915091515701889,2.70743805012681,1.56170121173288,1.51994655225835,0.469000604309511,1.76538409012828,19.1644253510055,0.530058647947798
source/12kHz_DE_data/OR/Opposite/0021/OR021@12_0.mat,OR,validation,5,5.06,6.062,29.9932,1796,0.381324893824469,0.161651528262797,8.43931716566866,11.1626814518917,36.8975660139479,-0.368211305148135,0.539551295028925,2.61005391044831,2.23298996263175,1,0.344484909966514,0.572778816699007,0.518391648284063,1,1,0.060787163624752,0.0572699767798844,0.097981711778529,0.100857382916945,0.10236104187476,0.0861185959803783,0.0845135252265256,0.00115846767958684,0.0280224814261145,0.0484515993883941,0.0265137038317902,0.0259991745570562,0.00136454105330975,0.0388492282829616,0.0442366967590883,0.0374186012734347,0.0367382161906228,0.00703337971050325,0.0661029337299678,0.161743973274496,0.0115099357122302,0.0086600663456957,2.34894491302855,1.80788228561376,1.85511598379802,0.469287650782118,1.83333392996148,19.3408114646004,0.546085662585113
source/12kHz_DE_data/OR/Opposite/0021/OR021@12_0.mat,OR,validation,6,6.062,7.064,29.9932,1796,0.396646025419001,0.17115796360639,8.54449391217565,11.439204949311,34.9330514138283,-0.314717054597262,0.552295640246978,2.55275245907093,2.19374627242614,1,0.357226138410049,0.584098892336113,0.502269662335232,1,1,0.0646346277056028,0.0581783985289272,0.0833789631753254,0.0888592445569989,0.0905232016559699,0.0742095558759022,0.0704129014470025,0.00157712634309448,0.025402661373707,0.0442506755679413,0.023617422526394,0.023202673564286,0.00217926682155553,0.0371528280670359,0.0464889280017012,0.0356013949441605,0.0340636639895475,0.0120555781208098,0.069738630097507,0.159756413980514,0.0180234728175307,0.0114238852903282,1.90424802136334,1.54226639993867,1.68043801821173,0.519374156020466,1.82278099050646,20.6483871313399,0.548719839261865
source/12kHz_DE_data/OR/Opposite/0021/OR021@12_1.mat,OR,train,0,0.05,1.0665,30.0036916666667,1771,0.356382314184148,0.158353733984959,7.66896856287425,10.878746634562,34.1562616771811,-0.419536684186077,0.560093347369735,2.61779973613452,2.2554743331553,2,0.166198980664561,0.571934618812777,0.544687684688369,1,1,0.0597459920823509,0.0530369698529585,0.0986740076649553,0.105810396861026,0.108737499832018,0.0948028175531581,0.0902768304656468,0.00326212646853916,0.0284125003261144,0.0479666280885046,0.02558398920492,0.0242871146328124,0.00267524327039362,0.0326238706539063,0.0429809331454495,0.0314628172727443,0.029410697702967,0.0131112825224097,0.0619666286768439,0.149353045419069,0.0174318747769918,0.012099087606103,2.25593141667883,1.56230485142025,1.38369160788145,0.438727689945722,1.73746901622104,20.7186065535286,0.510682316120628
source/12kHz_DE_data/OR/Opposite/0021/OR021@12_1.mat,OR,train,1,1.0665,2.083,30.0036916666667,1771,0.352088366204645,0.157369806503303,7.98368662674651,11.3456114441325,36.6005312022936,-0.403705042456163,0.565097971140742,2.59101878413065,2.27751331418837,2,0.164334586631287,0.579806252351917,0.54533050023442,1,1,0.064812802733187,0.056456684687214,0.0918531829545511,0.0966635778766952,0.100771998368272,0.0852137418344307,0.0813422007606863,0.00387605711115462,0.0289954045507214,0.0477987695191173,0.025805139270914,0.0241241862330914,0.00220340105973054,0.0312915330459004,0.0414009355250278,0.0301984197507407,0.0283270432181516,0.0107072950706449,0.0601304707537129,0.145885752009785,0.0182456774680043,0.0125874839142179,1.90480394970243,1.65636929815696,1.39631546852958,0.428798318305732,1.72442931204317,21.0747523512884,0.504852160853663
source/12kHz_DE_data/OR/Opposite/0021/OR021@12_1.mat,OR,train,2,2.083,3.0995,30.0036916666667,1771,0.335519303285994,0.156510198018959,7.02004021956088,10.7452969987088,30.4930685502248,-0.333994870416681,0.546860735589939,2.72237641702926,2.39523481455177,2,0.165771719413483,0.565257114309144,0.552607853255371,1,1,0.0500691906283351,0.0467914661290378,0.11358113581963,0.117972125013435,0.119765076763066,0.102876028092339,0.100887689816527,0.00358020171059609,0.0328401277678711,0.0558940478866508,0.0290657562309921,0.0283336006247395,0.00148567702825461,0.0355398264710145,0.0451349166505566,0.0339752931961812,0.0331853115795517,0.00938414604312511,0.0611740238977734,0.149254631814688,0.0113927310860078,0.00825818421883519,2.65882634257888,1.78978600999972,1.54138082861168,0.426242882963821,1.62289791762486,18.2504188233152,0.500926437143171
source/12kHz_DE_data/OR/Opposite/0021/OR021@12_1.mat,OR,train,3,3.0995,4.116,30.0036916666667,1771,0.362355062529263,0.162115636847091,8.15546177644711,11.80528248654,32.9565496075946,-0.441596939373265,0.554425961248086,2.64947998045702,2.34260685448791,2,0.162015999716548,0.572705493103371,0.536949175184285,1,1,0.0546131716507992,0.0501460675082988,0.109608370292264,0.113841389048798,0.116230806914198,0.101919561550861,0.0989390607404236,0.0031627094266843,0.0287274531837377,0.0476097485169125,0.025572831959629,0.0248102156707206,0.00227489403227053,0.0335782475692812,0.0441939647429626,0.0320637152117542,0.0301590171754115,0.0105302582027667,0.061760096854038,0.144465607669594,0.016682454521603,0.0121449668499443,2.41900276585391,1.58275137894682,1.5175170759119,0.452556510783898,1.727892566571,18.5437671500468,0.521320223521356
source/12kHz_DE_data/OR/Opposite/0021/OR021@12_1.mat,OR,train,4,4.116,5.1325,30.0036916666667,1771,0.358916785396534,0.162086979887801,7.62551716566866,10.9464791231603,32.4691378325771,-0.404207859425137,0.565834468649458,2.57588537884594,2.23619547853849,2,0.162467505640814,0.581659736690979,0.542427353612037,1,1,0.0628581296093543,0.0545831610445017,0.0968280776000412,0.102012709561107,0.106259252774977,0.0915285556997032,0.0875595840026192,0.00313786905048075,0.0284458102204046,0.0476537135950899,0.0258287389015153,0.0243917956504409,0.00310613387442997,0.0344527034026339,0.0420638866698873,0.0328413011549427,0.0303052631742865,0.0135159736588677,0.0663163520620467,0.148145758825388,0.0206588842805259,0.0143669493922699,2.29463621053143,1.77848003260298,1.58575005590895,0.480834741129536,1.74163384306067,21.8833217896661,0.51695634758913
source/12kHz_DE_data/OR/Opposite/0021/OR021@12_1.mat,OR,train,5,5.1325,6.149,30.0036916666667,1771,0.349990164409806,0.159619814375009,8.14246696606786,11.8894341100943,33.2313617706175,-0.413404100102724,0.550331760048646,2.67561062783303,2.34764356496561,2,0.161851163133084,0.569430891975379,0.547119398062253,1,1,0.0533370785956936,0.0489336706883661,0.110158253190784,0.113968000509567,0.11653164169335,0.100408218983247,0.0982046613098619,0.0036163031835042,0.0291358957773052,0.0523814425913059,0.0252751788570398,0.0247962128734981,0.00178062651999545,0.0359623739132701,0.0446993645527066,0.0343218136623558,0.0332113919161995,0.0100819042791897,0.0630035112484651,0.152453628560337,0.0147525514869661,0.0104920247106699,2.68338834016188,1.56688238940438,1.54830721316091,0.442924257644077,1.67733138841912,20.2843090610235,0.498971174155412
source/12kHz_DE_data/OR/Opposite/0021/OR021@12_1.mat,OR,train,6,6.149,7.1655,30.0036916666667,1771,0.342640143903254,0.156235704445196,7.93779870259481,12.0864184451432,34.7229461794572,-0.3645259860077,0.542583017669258,2.72884972423225,2.40732041241479,2,0.16473698063116,0.563411556762853,0.554268201691792,1,1,0.0513674768782436,0.050130144150048,0.115500582335581,0.117638590909796,0.119691989534839,0.10352503338419,0.102523395074189,0.00410650019627948,0.0336873880835015,0.0570368073019239,0.0287941000268448,0.0285627718597999,0.00115720475656405,0.0338275788439564,0.0422051735883601,0.032567325497966,0.0315269564747661,0.00700978141152838,0.0567818251336193,0.145597521905452,0.0102092313732601,0.00828129470500052,2.57958806940867,1.8317401689179,1.44055643055312,0.39068629409444,1.6875015463696,20.0653716464748,0.498954902554115
source/12kHz_DE_data/OR/Opposite/0021/OR021@12_2.mat,OR,train,0,0.05,1.081,30.0021,1746,0.349922350477194,0.161099547739983,7.26612944111776,10.4638232538448,30.7035154013032,-0.417147705412077,0.566528530299977,2.65433698375148,2.35605250606006,2,0.152188728691169,0.55995159243224,0.526598442492111,1,1,0.046574861832207,0.0383390169873266,0.1056130104414,0.110473553173175,0.114392840926727,0.0994731735544892,0.0965154016848901,0.00311472916588352,0.0298609717453193,0.049276981545918,0.0279771374228079,0.0255365183710671,0.00325989598287651,0.0370981697678036,0.0464371695353575,0.035927723086446,0.0331586468743437,0.0125356016337475,0.0722231306370522,0.163814937126776,0.0221501383458942,0.0157921225156459,2.67468907265198,1.60794604747173,1.56824590018388,0.515629778898571,1.61764140755437,18.7249106545275,0.513005876654367
source/12kHz_DE_data/OR/Opposite/0021/OR021@12_2.mat,OR,train,1,1.081,2.112,30.0021,1746,0.346547467575183,0.159795418129035,7.25516506986028,10.8438370384319,30.7122892490049,-0.412534115714942,0.55489899450525,2.74331419515459,2.40511092760666,1,0.354122676564007,0.557947615936591,0.534997274450746,1,1,0.0463488216234427,0.0381183948191573,0.1200176445119,0.126300955925071,0.132018551309802,0.112398612860227,0.107001822714114,0.00471261936831544,0.0324650033109297,0.0526714041196623,0.0284222141715896,0.0262179661930818,0.00337189011184217,0.0377731724272157,0.0471632048963935,0.0363299139945065,0.033412750799809,0.0109781988484414,0.0657973981538471,0.149806236102777,0.0136689774125922,0.010878511561951,2.82496762281778,1.8126908676333,1.70025509497069,0.477433670046938,1.58673340220634,20.4665019313147,0.490534396354286
source/12kHz_DE_data/OR/Opposite/0021/OR021@12_2.mat,OR,train,2,2.112,3.143,30.0021,1746,0.343338674736176,0.155597589642641,7.23039371257485,10.6030648836275,33.1966324737752,-0.428775117501676,0.552222417252127,2.78230449820172,2.51924421201729,2,0.167587214086424,0.557123595802567,0.553728757522173,1,1,0.0448542006330008,0.0408183853886129,0.115415506278911,0.117921902427272,0.122493659922602,0.103938870794282,0.102953623794394,0.00274896678807409,0.0282897956195199,0.054900740047074,0.0246475094766628,0.0242449141188369,0.00199619926098979,0.0407363291860432,0.0488590772796728,0.0378662859030785,0.0365996209652037,0.00834054551236874,0.0674302312225592,0.156339432934592,0.0126247077469242,0.0105580158088241,2.64608558395637,1.38943450693555,1.63718285282458,0.455744486134634,1.62991673216918,20.5871990812558,0.500664677345584
source/12kHz_DE_data/OR/Opposite/0021/OR021@12_2.mat,OR,train,3,3.143,4.174,30.0021,1746,0.357345832242057,0.157268719605888,8.06368592814371,11.4855902386539,37.4476651480879,-0.50668469418432,0.558255204090576,2.57589458824877,2.3230103751419,1.6,0.158333501020521,0.580605639670868,0.533298046153329,1,1,0.0658528134914321,0.0583599680352026,0.0998439513099468,0.104092775184835,0.107403671515671,0.0928883047974602,0.0897659535823568,0.00189807689962674,0.025899831986117,0.0467162393656088,0.0227599347465745,0.0222094963783589,0.0019897902978213,0.0304499011131876,0.0394831612466096,0.0288018696362998,0.0271856444107313,0.0120883528800899,0.0686967543351088,0.148515852864061,0.0254130405756049,0.0183842341992771,2.32454777928497,1.41927741991635,1.21774779268162,0.527849406382059,1.77989636874221,20.1053956362894,0.54690851487479
source/12kHz_DE_data/OR/Opposite/0021/OR021@12_2.mat,OR,train,4,4.174,5.205,30.0021,1746,0.346356693827152,0.158022454389919,7.75708962075848,11.7600785622395,34.3784486044532,-0.424409791602685,0.573836730630198,2.58922894549542,2.29714704508467,2,0.146075806085527,0.572009420883381,0.529513478509026,1,1,0.0602539603273975,0.0495331134827573,0.0912272374985979,0.0965324005472546,0.101509115205516,0.0866015780798087,0.0831934329428,0.0039033445653415,0.0291930149708448,0.0497563322601507,0.0271546088743834,0.0244171905746502,0.00350159796632471,0.0347720367632004,0.0441617820127369,0.0335100581233041,0.0304306652292414,0.0143953112513049,0.0693173633890959,0.153955902360684,0.0235095058811914,0.0158925102897621,2.15500297075584,1.55691908432063,1.41965166468234,0.506417477134678,1.65294839730725,22.1271203415926,0.502196691450766
source/12kHz_DE_data/OR/Opposite/0021/OR021@12_2.mat,OR,train,5,5.205,6.236,30.0021,1746,0.325143190044766,0.153233400221736,7.08135948103792,10.9770220042659,30.7788043701623,-0.373873633309562,0.549819147994503,2.78299288680478,2.55588244866688,2,0.163422598345349,0.561500604881682,0.544454892700611,1,1,0.0451060615565253,0.0421807622287542,0.113779532024138,0.117473787330294,0.120569489920152,0.103479695307542,0.101693558325902,0.00335692028540838,0.0349636774358998,0.0574368881492035,0.0307518916946771,0.0295326145818745,0.00211235720443244,0.0365977635722172,0.0480787950200855,0.0352204400216692,0.0335030898990569,0.0103646454808826,0.0626585331387918,0.155730414395491,0.0119189493120418,0.00969085490428396,2.75379625847078,1.93460994588558,1.48522289920132,0.426578009993864,1.526371952645,19.5233233833799,0.482841988473168
source/12kHz_DE_data/OR/Opposite/0021/OR021@12_2.mat,OR,train,6,6.236,7.267,30.0021,1746,0.343249355753424,0.155346519764276,7.2141501996008,10.9252589364184,33.0601590353671,-0.403961826288573,0.53963988494895,2.70351850667778,2.42309746111568,2,0.168662974660129,0.576988222186249,0.550635904678002,1,1,0.0469208513149472,0.0417371982534789,0.114911600342575,0.11745054990601,0.120167728061799,0.104742369894361,0.103100122819954,0.00315240293697267,0.0295577165922937,0.0513259418606265,0.0257093459320751,0.0255308866116722,0.00185223678881117,0.0382618924164812,0.0451338448759746,0.0368158022992215,0.0354659241780869,0.00700939076922446,0.0600521082843131,0.144711409236632,0.00991234515309323,0.00833521348681543,2.74772997839649,1.77652698777569,1.8619802775396,0.415011867397324,1.61918441127177,19.0359829137223,0.501053181756909
source/12kHz_DE_data/OR/Opposite/0021/OR021@12_3.mat,OR,test,0,0.05,1.0975,29.9934166666667,1718,0.303710434864199,0.143283951411781,7.18206926147705,12.1136834977946,34.0449177497819,-0.417876782452305,0.564638481357652,2.79474441294083,2.6667647574159,1,0.349050359125653,0.561874592298178,0.537552807904976,1,1,0.0545801734441866,0.04476443011063,0.122815992225344,0.128138256777176,0.133691217215834,0.113001380302425,0.110495184161592,0.00287817366556682,0.0322200589688261,0.050953878885009,0.0284927624820388,0.0276282529197673,0.00130534133750779,0.0339403312909662,0.0430955628488674,0.0316044900516232,0.0311994566265182,0.00934806974937701,0.063187971802468,0.145253827719836,0.0140205576539108,0.011544398216176,2.85418415761514,1.97565620187043,1.67499720164897,0.468494655662081,1.53162151547495,21.659569312149,0.481356632243337
source/12kHz_DE_data/OR/Opposite/0021/OR021@12_3.mat,OR,test,1,1.0975,2.145,29.9934166666667,1718,0.310308673976567,0.146176718395686,6.90592954091816,11.3867666124206,34.5291773165518,-0.472020865513006,0.548518691201356,2.69189292429732,2.65873234583004,1.6,0.166908623369996,0.587421569137144,0.542830226169322,1,1,0.0572730166308765,0.0541234187012053,0.106933127541442,0.110123713760495,0.114599764219563,0.0985742468286424,0.0967833198431491,0.00304381855503364,0.0297820763288183,0.0511956118224879,0.0256073172027049,0.0251931417864538,0.00133260333838379,0.0267801282509635,0.0329697297643285,0.0249219094699218,0.0241490546521869,0.00749131160451115,0.050812509149825,0.136705699507109,0.0118214801603997,0.00963577086333807,2.47886404222902,1.72783091400037,1.27849288167709,0.374128319933485,1.53506632614297,20.3130260118345,0.462683897190725
source/12kHz_DE_data/OR/Opposite/0021/OR021@12_3.mat,OR,test,2,2.145,3.1925,29.9934166666667,1718,0.312392935821118,0.14909613120353,6.6829873253493,10.7283150177141,31.6966664102769,-0.480791911340743,0.540769774871929,2.63698637764179,2.51561306683275,1,0.358504317266698,0.588064691256034,0.531651550086231,1,1,0.049978843197778,0.0487781252527701,0.104381510310649,0.10703085889333,0.109236705104544,0.09591463455155,0.0945648718722811,0.00163849890019383,0.0271824816307987,0.0475781724408007,0.0250037993124907,0.0245383323941303,0.00226191968513919,0.0294513506807078,0.0370161030478104,0.0276341885214651,0.0262008885338395,0.00598292512618616,0.0504567774239381,0.131504749540477,0.00890389505031194,0.00730828910934054,2.09725729160806,1.55805932805337,1.39673652109278,0.369039854603909,1.5138984603336,19.7375010972746,0.465278722668111
source/12kHz_DE_data/OR/Opposite/0021/OR021@12_3.mat,OR,test,3,3.1925,4.24,29.9934166666667,1718,0.308777405394817,0.146402688235957,6.93273133732535,11.8267162157262,31.9859820954198,-0.482191561538349,0.569550083112271,2.69880831518014,2.6805983478286,1,0.343041742558507,0.584528713390322,0.538541729849503,1,1,0.0640381000929112,0.0562137295359697,0.0962630735701649,0.101918674177878,0.106887127148507,0.088532855798682,0.0848702220375759,0.00325553995928094,0.0324771479692708,0.0515804864415442,0.0295121069560485,0.0278222481686186,0.00336465613085557,0.0275928245844932,0.0388676582168269,0.0258799424333411,0.0232672138799851,0.011404889414343,0.0576064314076287,0.141038371129293,0.0159050050192297,0.0116666339351573,2.0610712794692,1.70260482759917,1.28994261955096,0.436206009579491,1.52609913527013,21.1290305250331,0.44811052200927
source/12kHz_DE_data/OR/Opposite/0021/OR021@12_3.mat,OR,test,4,4.24,5.2875,29.9934166666667,1718,0.312722042735422,0.14877390418025,6.31019870259481,10.2139351964263,29.8747873880999,-0.470893547058022,0.553148005697473,2.74307025676343,2.56847549155846,1,0.362392793434054,0.568817054879963,0.532156533562814,1,1,0.048087647957774,0.041439981095942,0.109446931037478,0.114430687504755,0.117930651808824,0.102238663729317,0.0985584281926113,0.00314861525755665,0.0337879686320425,0.0531486250597565,0.0297082607306657,0.028951928101445,0.00174374433177217,0.0322174585444348,0.0429972010460106,0.0308791558814264,0.029574807100283,0.00736126817338609,0.0558876967385979,0.142916971279155,0.0119719618751747,0.010510952606884,2.27910712673089,1.92664834479306,1.52746273436403,0.401329715869904,1.49564411672931,18.2943128529448,0.455309144356472
source/12kHz_DE_data/OR/Opposite/0021/OR021@12_3.mat,OR,test,5,5.2875,6.335,29.9934166666667,1718,0.325941222074016,0.150533247452171,7.1524248502994,11.076386797776,35.5461148141095,-0.37793295712026,0.541903712018702,2.71962651014809,2.60056281115287,1,0.350201660653514,0.57668218538808,0.541241031004017,1,1,0.0501885040689967,0.0457114719491721,0.123168095657245,0.126520203416464,0.130733694406228,0.112017240228068,0.111229798623158,0.00351015760032522,0.0313307110461634,0.0507216655450972,0.0262205060972714,0.0260146637976084,0.00125363670075527,0.0360884273253039,0.0439374752101449,0.0330857320517722,0.032691230072142,0.00808957732555221,0.0619889971999144,0.146699607347251,0.0124770057680714,0.0105804375867187,3.05190615850691,1.99656859898542,1.82320638071112,0.464861802886281,1.55129504634031,20.5525756077849,0.466291495428761
source/12kHz_DE_data/OR/Opposite/0021/OR021@12_3.mat,OR,test,6,6.335,7.3825,29.9934166666667,1718,0.310693028509713,0.147663638039149,6.81455978043912,11.5191765580489,33.4629699074897,-0.448714457271731,0.568135010560202,2.67067161000078,2.59951054311896,1,0.322923866206009,0.576029938631532,0.520702267430888,1,1,0.0589444667302647,0.0478260248438778,0.104391054069926,0.111321094897638,0.115128261226289,0.097590716546385,0.0939092545499532,0.00233984070710012,0.0286609167720252,0.049474789771372,0.0262600874937965,0.0253088568735273,0.00217535822318721,0.0273254130197576,0.0367930888989809,0.0256639755244658,0.0244387875307267,0.0135930207953932,0.0626960297200665,0.151011694284511,0.0207446217065997,0.0148416018937543,2.72680119023227,1.50377949459653,1.1103456966484,0.470970112089347,1.55533658819447,21.2485677727219,0.465809001040274
source/12kHz_DE_data/OR/Orthogonal/0007/OR007@3_0.mat,OR,train,0,0.05,1.0515,29.994925,1797,0.744228238450687,0.556673148557627,5.89639520958084,4.01498339792816,4.21930129040221,0.0632589482280665,0.499436597963545,4.87208260179641,2.84662673704117,3.6,0.429123053831717,0.125289923715063,0.907272249274418,1,1,0.04429910819529,0.0431089065193755,0.429039792263062,0.430782419769742,0.431782812451426,0.32792234117896,0.326905491092398,0.00099204877683108,0.0612552912913488,0.164932178380927,0.0601750294899183,0.0595538553103235,0.00069420887387358,0.00328193337893699,0.064011383401215,0.00250368181058791,0.00190701231481512,0.00670157016793108,0.103726225431161,0.17488172056566,0.00802323124660786,0.00395229588675363,7.14006384881192,1.05908628134798,0.0385611133938591,1.04272417516671,0.660284620335605,4.40710017737032,0.972925768160257
source/12kHz_DE_data/OR/Orthogonal/0007/OR007@3_0.mat,OR,train,1,1.0515,2.053,29.994925,1797,0.763709368975213,0.570308564337949,6.1977123752495,4.21303989619934,4.22166643810635,0.0658030765311344,0.509554357712745,4.96131721048504,2.84356653581047,3.6,0.411467677870417,0.128819487400831,0.884600107978998,1,1,0.032712494344433,0.0323670768689842,0.41141995806946,0.412952387131798,0.414046596014018,0.300307941099848,0.299957962635084,0.00144312621211633,0.0707771882310851,0.175728125193197,0.0702346200622608,0.0689623409344671,0.000862010978969849,0.00677253445494055,0.0712188372322309,0.00580015425011823,0.00504782923148087,0.00449007938182796,0.116373899906887,0.194101458919692,0.00664713502312634,0.00506331191935447,7.25131876079644,1.18558702079967,0.0781675342050747,1.10031725369763,0.666682629090852,4.34742187331239,0.972547504932406
source/12kHz_DE_data/OR/Orthogonal/0007/OR007@3_0.mat,OR,train,2,2.053,3.0545,29.994925,1797,0.781677712543749,0.580137832993299,6.25497075848303,4.18384465893294,4.32798412007117,0.0656545310833025,0.521254140898804,4.94128260126429,2.88684606620875,3.6,0.391134974569737,0.134355011988965,0.860540094729597,1,1,0.0315028438439183,0.0308899419520584,0.391082755741494,0.392315858080246,0.393475929676729,0.279991010953126,0.279820693342321,0.00130953396178967,0.0614774504184547,0.174129757059228,0.0604761946831313,0.0595664778977623,0.000881253213440985,0.0101796442201059,0.0724462279521947,0.00874365961299307,0.00823587634556852,0.0044594443613084,0.117216592485249,0.205261850949521,0.00588839279088108,0.00405268284334343,7.19891406823397,0.96485626644067,0.112110920468815,1.01551467863247,0.675915881871871,4.3701076233419,0.973735504235272
source/12kHz_DE_data/OR/Orthogonal/0007/OR007@3_0.mat,OR,train,3,3.0545,4.056,29.994925,1797,0.766883338813861,0.573140431941994,6.18756017964072,4.20781198293168,4.22137511501135,0.0641092827330647,0.504996464730449,4.98915879657744,2.8923676050122,3.6,0.417655567636666,0.11925798125418,0.90636694193354,1,1,0.0352995289264325,0.0342534390481803,0.417504009462699,0.418428979775024,0.420031660127594,0.313795030203025,0.313189208144681,0.000595496275038329,0.0592059448459056,0.169637371642357,0.0578299170413433,0.0571507104906206,0.000385858448390785,0.00368140008044821,0.0660683386383902,0.00238310712445707,0.0020168108833276,0.00348920353534056,0.102631962654455,0.1799361644902,0.00498274145403441,0.00336792222813738,7.27825250115767,0.982206596061573,0.0405736275488366,0.954858284635926,0.665728429802596,4.43240951442208,0.972995706046333
source/12kHz_DE_data/OR/Orthogonal/0007/OR007@3_0.mat,OR,train,4,4.056,5.0575,29.994925,1797,0.754736271530954,0.565322141546682,5.80624371257485,3.86604575129809,4.07805293598222,0.0613778463952239,0.486064447839299,4.94316503551721,2.78804873073457,3.6,0.448466130183142,0.108133910864523,0.913396157050497,1,1,0.0323942685051228,0.0315607279591813,0.448363357645135,0.449564197752528,0.450705779109019,0.340610426029851,0.340462935399623,0.000916798509930815,0.0623924578295401,0.173471046610505,0.061739253580587,0.0608786393296858,0.00111764844470938,0.00196487974333798,0.0603031325540146,0.00148326631268489,0.000889715141882825,0.00655268600290279,0.106972137364139,0.17679823116122,0.00598056717863637,0.00316208192080643,7.83171920729351,1.02473876090875,0.0226764768105853,1.03193210576986,0.657994737370238,4.07629030998179,0.971992498033735
source/12kHz_DE_data/OR/Orthogonal/0007/OR007@3_0.mat,OR,train,5,5.0575,6.059,29.994925,1797,0.775831485233467,0.577347432173686,6.19324540918164,4.09813137264833,4.17889274533225,0.0658197111474073,0.499602322285519,4.91136757967592,2.83212768710995,3.6,0.429750044080881,0.127137464261937,0.893491026297229,1,1,0.0343157147509388,0.0326619467564274,0.429696826021693,0.43037570602129,0.432317021948704,0.323323906333459,0.323055139358094,0.00116324107162614,0.0642404915149646,0.175622430293455,0.0633140861278487,0.0622601933634979,0.000602315406775362,0.0043321201123392,0.0615070536445359,0.00359493578490081,0.00303048987319025,0.00462426958022742,0.106276471409619,0.178586989477126,0.00504908043836645,0.0028010483052932,8.27994006609041,1.06233756551938,0.0492828265233525,0.992208956490699,0.672097249192119,4.2444229136382,0.971779716429493
source/12kHz_DE_data/OR/Orthogonal/0007/OR007@3_0.mat,OR,train,6,6.059,7.0605,29.994925,1797,0.792545728144541,0.588385933445573,6.29882824351297,4.21680486599181,4.27719845184834,0.070672685805729,0.502176580490503,4.92593137561308,2.89591571280756,3.6,0.416684519084347,0.13317080271348,0.880964667852662,1,1,0.0313043123234146,0.0297136056106121,0.416642854501688,0.417569817988373,0.419051691258921,0.312318764597606,0.311866074512289,0.000639353676979332,0.0576266779166864,0.170946072259899,0.0568421927512776,0.0563049454306895,0.00113380775620051,0.00668844139436525,0.0644468304721022,0.00612674099912297,0.00505660875080234,0.00331178188499007,0.106754078570425,0.185117430915269,0.00412519055839083,0.00347558171850588,8.40268937322911,0.928325345340569,0.0746866434419197,0.960922197961303,0.674052509251111,4.47136501452369,0.972720033880763
source/12kHz_DE_data/OR/Orthogonal/0007/OR007@3_1.mat,OR,train,0,0.05,1.0645,29.9953833333333,1774,0.842626107411739,0.643211964291862,6.3995380239521,3.88055840552359,4.02922534408468,0.072328628085929,0.4886525271458,4.70044317523286,2.72619834587326,3.6,0.405727098745064,0.125458862207615,0.940199761432932,1,1,0.0472799061603632,0.0471191631544403,0.40556019898932,0.4066766713324,0.407991931595932,0.338275310370781,0.337683573972717,0.00199502133191855,0.05385656474954,0.137661545292783,0.0521708538822403,0.0511287164496361,0.000573229210666146,0.00214305070624161,0.0692567743840502,0.00111066919471135,0.000717282895527283,0.00387147746873403,0.0669061460292091,0.1411636599693,0.00284699610233803,0.00244425732220877,4.58984783135134,1.21300414091387,0.0271548711454507,0.666460884817276,0.613303331082432,4.58758761348937,0.973650111177666
source/12kHz_DE_data/OR/Orthogonal/0007/OR007@3_1.mat,OR,train,1,1.0645,2.079,29.9953833333333,1774,0.845562341137747,0.644413963156655,6.52095828343313,3.96811010534668,4.11321352032019,0.0770504912487624,0.482044121502271,4.69670454936285,2.69820503627009,3.6,0.435208174549248,0.115602132906171,0.935384725682792,1,1,0.0495143619740036,0.0481689762654278,0.435117178937779,0.436052964252547,0.438182660769421,0.364585403599241,0.364200150919063,0.00324636150494008,0.0498631706706764,0.135549421604791,0.0468659731617226,0.0458689958015983,0.00170806216811393,0.00523994757687159,0.0667280010105663,0.00406364622961317,0.00251954053259526,0.00261225205063072,0.0718767649454898,0.143313459465028,0.00240864937626677,0.00206938258127506,5.33767430260211,1.09663944522763,0.0667834894858493,0.70950667664287,0.622071116343088,4.81113973076439,0.974550990389634
source/12kHz_DE_data/OR/Orthogonal/0007/OR007@3_1.mat,OR,train,2,2.079,3.0935,29.9953833333333,1774,0.849687082373693,0.647650951835896,6.42227894211577,3.97725698089455,3.99855713967924,0.0712399106777554,0.483985348251329,4.71777530060819,2.70749599493983,3.6,0.421129396534921,0.121785416323323,0.941148424634655,1,1,0.0479962410834782,0.0477313921478125,0.421084968532027,0.421420734893476,0.422749007366249,0.342382516252878,0.342075787067726,0.00246418916078396,0.0518226525413003,0.1382378961139,0.0489079969368779,0.048702391677144,0.00117831411704866,0.00402733629751253,0.0678156191246793,0.0023828353308144,0.00144922036994018,0.00286793974890256,0.0785920669921027,0.150757361752127,0.00276191101609968,0.001756547659574,4.81662953266727,1.13529869076767,0.0508249108466931,0.798971224241782,0.619921068643855,4.41040365900494,0.975822584321945
source/12kHz_DE_data/OR/Orthogonal/0007/OR007@3_1.mat,OR,train,3,3.0935,4.108,29.9953833333333,1774,0.855393243674966,0.655383777727888,6.63222634730539,4.05370271351342,3.98249535119455,0.0734010512905825,0.481879084274953,4.69493663565344,2.70768327319027,3.6,0.429712610397944,0.118534201546243,0.937331005314132,1,1,0.048378910944015,0.0480748333124793,0.429550016917688,0.431058012627536,0.432622007986738,0.356228460839762,0.354864798834018,0.00292985006335943,0.0479175796962459,0.12785498557778,0.04510522542921,0.0440497536381592,0.00030365743231073,0.00278504330555787,0.0679884645404042,0.00147143580104605,0.00138741997406872,0.00230421670654083,0.0721960599112363,0.144357512452923,0.00223826410370545,0.00141426366204608,4.85129617196276,1.13715953077985,0.0356666611105294,0.741699441392839,0.607263725573791,4.62436307727041,0.973870849125252
source/12kHz_DE_data/OR/Orthogonal/0007/OR007@3_1.mat,OR,train,4,4.108,5.1225,29.9953833333333,1774,0.847901172519764,0.646860916588121,6.59973932135729,4.08390551120833,4.08091308142418,0.0735976323187821,0.481235395139935,4.69977653251741,2.74925390808078,3.6,0.440161428797186,0.117691539188877,0.938472508115857,1,1,0.0492046996397719,0.0487292495642594,0.440006316864453,0.440959229904515,0.442268324874119,0.365535237701891,0.365107559899788,0.00253202902116733,0.0477204303922632,0.130499132083892,0.0446269694729371,0.0442237525883382,0.00138543602136693,0.00474624001414578,0.0712974253226357,0.00311853875619385,0.00194269450343014,0.00347638343405273,0.0749997834848005,0.150556811676408,0.00319294305098608,0.00198862420165294,5.35530609512949,1.09174364056412,0.0608750766209103,0.740676553833084,0.615114116197294,4.72122071074019,0.975329716916495
source/12kHz_DE_data/OR/Orthogonal/0007/OR007@3_1.mat,OR,train,5,5.1225,6.137,29.9953833333333,1774,0.856095037114959,0.652940699689823,6.49293822355289,3.92065236359853,4.04634131174271,0.0731762898174751,0.478954679619616,4.6981339306418,2.70439791857408,3.6,0.436960853444426,0.114630526338978,0.932829058251145,1,1,0.0470713526698338,0.0461201814621105,0.436832128844664,0.437678736276742,0.439445325071575,0.361528024715113,0.360967050806551,0.00352384386223817,0.0482560494596004,0.131144614463707,0.0450087379065542,0.0440243017102779,0.000831659531361942,0.00389326306587529,0.0712325726585952,0.00280952223527888,0.00229843529616219,0.00232431004253306,0.0755546681778962,0.151149339019303,0.00321326167555158,0.00267312530312725,4.97518828036332,1.08898485540872,0.0484925478075465,0.766382121732157,0.616319617045113,4.71574859048761,0.973952014703222
source/12kHz_DE_data/OR/Orthogonal/0007/OR007@3_1.mat,OR,train,6,6.137,7.1515,29.9953833333333,1774,0.84303648835102,0.642504950660745,6.73862135728543,4.06557563259777,4.12820585266441,0.0728267012075755,0.490943940905163,4.72548838919758,2.75830800576582,3.6,0.433298472480207,0.118558728222203,0.927870728953739,1,1,0.0419561798630896,0.0411377621000665,0.433250233761561,0.43405060438402,0.435298039888581,0.350894298733033,0.350707579519105,0.00251004017316255,0.0456223969149178,0.121413191685498,0.0426259419521861,0.0421443944989637,0.00120526441164946,0.00450447762176762,0.0744080933294125,0.00308574166438353,0.00206026609014811,0.00471030637490992,0.0826652110627974,0.161462532121089,0.00331723088284191,0.00217863038593447,4.83502502915657,1.10343015440935,0.0585202532408676,0.815146328293537,0.6172233087261,4.82150385439291,0.97443475813169
source/12kHz_DE_data/OR/Orthogonal/0007/OR007@3_2.mat,OR,test,0,0.05,1.078,30.0004666666667,1751,0.853211634867597,0.655594789452787,6.55506966067864,3.99402653143573,3.99970623193337,0.0742999199557797,0.500797104780348,5.00421218409174,2.95460266463445,3.6,0.455334705499283,0.137548159805345,0.950420291825809,1,1,0.0656091864459167,0.0642159183721379,0.455281483117917,0.456050883820971,0.456562189327213,0.321497837063682,0.321271926017613,0.00293274228277737,0.0291070850189966,0.0757932142089977,0.0263416327117127,0.0256351116494415,0.00591353494733109,0.00847923741178562,0.0828773718793448,0.00637054246237232,0.00467457320609434,0.0094357634063662,0.144137185820117,0.238104926107872,0.00537958944142155,0.00272987166429737,5.55289698449841,0.92527307704755,0.126863277108105,1.46054834927067,0.608947747085112,4.61705286018194,0.970750645769404
source/12kHz_DE_data/OR/Orthogonal/0007/OR007@3_2.mat,OR,test,1,1.078,2.106,30.0004666666667,1751,0.849080704144334,0.65040394162263,6.57740449101796,3.95780161628788,3.99996159096605,0.0725712466831112,0.493382399586272,4.91168915023042,2.95512705464157,3.6,0.465546150509212,0.144532879755857,0.956722068676787,1,1,0.0682991010520657,0.0672638406052892,0.465504300737287,0.467066956119758,0.467557195605606,0.342636053963674,0.342095717534487,0.00220992823355898,0.027457651875197,0.0734627102126774,0.0247232985737626,0.0245725910914788,0.00454205066582717,0.00607220156126888,0.0791089917986886,0.00415173584284376,0.00329295513359698,0.00757846803927592,0.130233711582709,0.220371347864801,0.0042370184627681,0.00226060737633693,5.92032318892925,0.880434912484246,0.0932247225654625,1.33068036018936,0.612307640928114,4.51293568901118,0.971271182805344
source/12kHz_DE_data/OR/Orthogonal/0007/OR007@3_2.mat,OR,test,2,2.106,3.134,30.0004666666667,1751,0.849363896375056,0.651457849787278,6.73618483033932,4.14301924154054,4.0180199883408,0.0728468137575954,0.490467251231182,4.86047769611977,2.93519716263048,3.6,0.469275708211446,0.146521031949378,0.94978593412865,1,1,0.0678989689616456,0.0661176731668056,0.469118539270141,0.471003358595685,0.471684269080878,0.349501785264471,0.349122847423399,0.00181183140046837,0.0280059588210347,0.0787607110353853,0.0259249033387636,0.0256369008945825,0.00363136637204092,0.00468605949475594,0.0774917400642255,0.00287835813398523,0.00222501758651167,0.00591873395885496,0.125426856243551,0.216101866922133,0.00380944411944487,0.00271947556472011,6.16926927137078,0.843356687464932,0.0714618014472494,1.29218154567853,0.611692374725654,4.61711272496874,0.971723469534724
source/12kHz_DE_data/OR/Orthogonal/0007/OR007@3_2.mat,OR,test,3,3.134,4.162,30.0004666666667,1751,0.851785442781238,0.653168330786789,6.68704820359281,4.06033373786283,4.00454508513194,0.075718937030717,0.486512788980838,4.96711664823427,2.94508652897275,3.6,0.48442053299646,0.133379725390751,0.952444830258558,1,1,0.0643117197820541,0.0627777132638492,0.484378031645866,0.485588809651817,0.486426623959685,0.351630039566158,0.351513310935983,0.00152218281845953,0.0252970872804397,0.0737352817697621,0.0232425873172853,0.02318110707035,0.00333302642560188,0.00443129870864708,0.0782646637542815,0.00290031597023988,0.00225578011797938,0.00562583870626536,0.139073631809873,0.231454823335088,0.00482228804857269,0.00354192390445144,6.63583463969397,0.798746566953365,0.0672155320180232,1.41233405744527,0.612175802572036,4.57317611641646,0.971495795220661
source/12kHz_DE_data/OR/Orthogonal/0007/OR007@3_2.mat,OR,test,4,4.162,5.19,30.0004666666667,1751,0.85388412922738,0.65532173792869,6.83242764471058,4.09578716829667,3.98045377658862,0.0751720580388006,0.486458382220811,4.95340480343856,2.93858829127182,3.6,0.483500222804328,0.133975763990486,0.952855494624526,1,1,0.0621892012952157,0.0614891738110468,0.483345373603389,0.48478809206078,0.485234081105735,0.348012176087739,0.347724732413613,0.00124524759374084,0.0249901140962728,0.0711588016604965,0.0233174601465984,0.0230696869873739,0.00263557974528786,0.00400868728816525,0.0763103594591373,0.00255215390704824,0.0017377122132308,0.00645377882043351,0.143205155656946,0.234218264584012,0.00582165973225626,0.00345404004328217,6.11375308616884,0.806598667377762,0.0636610175267184,1.49435053949414,0.607133733709094,4.6841607791898,0.972314649281837
source/12kHz_DE_data/OR/Orthogonal/0007/OR007@3_2.mat,OR,test,5,5.19,6.218,30.0004666666667,1751,0.852855921107964,0.659118303912126,6.98836536926148,4.25792817245146,3.89611572834684,0.0719174187334376,0.488740430822783,4.88726977606216,2.95025549827099,3.6,0.46634280650051,0.146108432932745,0.946064892490133,1,1,0.0705956801021495,0.0701297622830923,0.466293109372304,0.467769302162871,0.468227067849586,0.334278024284075,0.334115649838388,0.000373303895151376,0.0268715251948204,0.0743250515169017,0.0262213750974086,0.0260471974498865,0.00440705048405185,0.0066104874446361,0.0810067620234132,0.00526076448716257,0.00340790165250073,0.00777300472819533,0.142801507343175,0.232660748345773,0.00579325408648544,0.00382107218747487,6.01721874267819,0.85319672570795,0.102273401213442,1.54163119591675,0.594259668127459,4.73670339504769,0.973252216365272
source/12kHz_DE_data/OR/Orthogonal/0007/OR007@3_2.mat,OR,test,6,6.218,7.246,30.0004666666667,1751,0.855139008107311,0.662039200770881,6.80521976047904,4.11203347645496,3.83449531282468,0.0703065766819762,0.493513526624075,4.94466943440655,2.95197312018349,3.6,0.45818206615715,0.143871072182998,0.946559282159209,1,1,0.0660398494760596,0.065113062989925,0.458119028258916,0.459342776025859,0.459651295949809,0.32517411075134,0.324943385581983,0.00083586107449994,0.0278571461597009,0.0720699773670624,0.0270766050715365,0.0267212940982851,0.0053048449155865,0.00773707015336946,0.0859131679434432,0.00665199294189692,0.00473288413892435,0.0087052335269744,0.144010907087133,0.235734434587033,0.00532496876868656,0.00317840327306215,5.74677758571344,0.925165846405041,0.118381051956338,1.54645067047577,0.589385868439778,4.55669914346823,0.972828991277483
source/12kHz_DE_data/OR/Orthogonal/0007/OR007@3_3.mat,OR,train,0,0.05,1.0935,30.000625,1725,0.789963288314809,0.601926383711867,6.39669540918164,4.12062343286359,4.02935878261906,0.0808552414457036,0.527532625408931,5.42020002642878,3.12646641171611,3.6,0.411225823371989,0.106020534288258,0.928689366721377,1,1,0.0397659353752685,0.0392276442956039,0.411146955087717,0.412671172825895,0.414526549414181,0.258170054326901,0.257152949907314,0.00335857047722992,0.0410676091988626,0.141084465556331,0.0369900871568783,0.036691341189161,0.00466843691937313,0.00903708737138845,0.0730062802049375,0.00476800457734773,0.00381331783068859,0.00984869849414001,0.155696571783933,0.237703311034945,0.00517468983729019,0.0034558559507566,5.70489107665954,0.762391145173621,0.107055076361284,1.36206666950643,0.632450205265862,4.24378821858333,0.97311363130095
source/12kHz_DE_data/OR/Orthogonal/0007/OR007@3_3.mat,OR,train,1,1.0935,2.137,30.000625,1725,0.788699802935866,0.601995755843346,6.20055499001996,3.99769281480591,4.02204264109641,0.0819721677622951,0.518670158164219,5.43334148788721,3.10426526403848,3.6,0.425175488277845,0.107235178352301,0.930591940579596,1,1,0.0395128216875273,0.0383352110238809,0.425038598007859,0.426643858511352,0.427891033326233,0.258170611187827,0.257608445508855,0.00394244653713713,0.0352062243625741,0.139935247059813,0.0310303626747464,0.0300082429179091,0.00295724852612444,0.00842869955288976,0.0711589153951676,0.00455795846710608,0.00234776418689941,0.00726244419978933,0.170153979610768,0.248279332189536,0.00366051538986045,0.00216431796880735,5.99648895498288,0.613048935405336,0.097065733647667,1.49165326992719,0.629491836370594,4.3746379803714,0.972998239859099
source/12kHz_DE_data/OR/Orthogonal/0007/OR007@3_3.mat,OR,train,2,2.137,3.1805,30.000625,1725,0.789565944195815,0.603256745632079,6.48278602794411,4.18903958978075,4.07609426387977,0.0831718078587582,0.527005288962447,5.46537553258481,3.14654322357533,3.6,0.413039883512532,0.102633933387469,0.929549755753248,1,1,0.0370793285913793,0.0368056887663069,0.412983391419325,0.414315821469313,0.417089069222078,0.253742652436408,0.2530183921748,0.00356215183427473,0.0388862071592068,0.136250716010338,0.034302898349281,0.0339299615463869,0.00553251242474483,0.0100944220611974,0.0738642144760006,0.00577823780863137,0.00474947240585262,0.0113876253284711,0.16263367915048,0.241401352541062,0.00541940301528048,0.00367126181536817,5.7781570440674,0.742625389196242,0.119796169095964,1.45678684430169,0.628686318064919,4.43287389052768,0.973118958593043
source/12kHz_DE_data/OR/Orthogonal/0007/OR007@3_3.mat,OR,train,3,3.1805,4.224,30.000625,1725,0.796780875735807,0.607702734547072,6.66105858283433,4.35255900866824,4.12101606343233,0.0857946245761381,0.513681463415867,5.41430713990957,3.11192272873364,3.6,0.430369906460616,0.108191450616794,0.93186028888848,1,1,0.0439246665247751,0.0429573580425014,0.430284586772507,0.431995469817477,0.433336951911572,0.261448804238914,0.260934540907003,0.0034645970067529,0.0331323087346008,0.134541197346618,0.0288522943136201,0.0283742824059353,0.00230217563276258,0.00664873503194748,0.0686593412246648,0.00301741126530721,0.00159534280835765,0.0065364171354295,0.170571649475368,0.247929171579654,0.00398034836951079,0.00200438363714591,6.09297090839828,0.597121481468829,0.0787844432143924,1.53036664471984,0.630125795075435,4.545451813412,0.972774992379059
source/12kHz_DE_data/OR/Orthogonal/0007/OR007@3_3.mat,OR,train,4,4.224,5.2675,30.000625,1725,0.801447884867705,0.613117586117211,6.22370199600798,3.95451868929531,4.08491696407099,0.0840609886030032,0.52292874310045,5.40542388458096,3.11692767228016,3.6,0.419198351211733,0.104564300604236,0.931019573433263,1,1,0.0384581735431327,0.0383455719517585,0.419136203373655,0.420450174218324,0.422323251691236,0.259556479855025,0.259283605617543,0.00317063654131873,0.036743153923172,0.126485719851526,0.0324683771445003,0.0322251750814921,0.00559430908359443,0.00917100540852564,0.0721842020768448,0.0055694015132601,0.00485209465816979,0.0107113496610472,0.161870680446641,0.240387458685726,0.00433840120805903,0.00252815632158433,5.62115355226248,0.746650866801776,0.114505987864695,1.48036023067659,0.628866289300156,4.59460851502043,0.973198088421126
source/12kHz_DE_data/OR/Orthogonal/0007/OR007@3_3.mat,OR,train,5,5.2675,6.311,30.000625,1725,0.796126135607559,0.605803937943764,6.73171786427146,4.30718465706035,4.07159722922338,0.0807799460680662,0.509995198208184,5.38199314153382,3.11869896174219,3.6,0.438215836119375,0.101147181827077,0.931304698199524,1,1,0.0457205128808997,0.0441781039674203,0.438112674860066,0.439210531791915,0.440932808601105,0.280277830560566,0.27998197500758,0.00277928126606548,0.0285580343684666,0.137274630695671,0.0250194166651847,0.0246383949861504,0.00198253963235139,0.00742195410226772,0.0667445987768552,0.00307079363857035,0.00158745749557065,0.00496840026747938,0.157563304908234,0.232215843955523,0.00288856725860053,0.00144319874655904,6.55354961802889,0.488538314293775,0.085389378495503,1.39924941263128,0.629884561963092,4.36490603896891,0.973201839973629
source/12kHz_DE_data/OR/Orthogonal/0007/OR007@3_3.mat,OR,train,6,6.311,7.3545,30.000625,1725,0.804842888049014,0.613556447826443,6.5428870259481,4.25260774611409,4.14297806534692,0.0836502096695698,0.517851722282822,5.33198079376915,3.12055385682479,3.6,0.427491827668069,0.110337953842742,0.930786800782456,1,1,0.0408521665821866,0.040567697101955,0.427377621305052,0.428467350256188,0.429766524030192,0.273115852477582,0.273016984506314,0.00269326405941794,0.0326034843562815,0.113539917457395,0.0296177798593327,0.0288855476521881,0.00383014753845637,0.00793072667458048,0.0745744832524509,0.00359655762661258,0.00319892624662367,0.0102209109814724,0.158506224385247,0.237807523369794,0.00438808206919628,0.00311851888859216,5.57220371274073,0.71878992765338,0.101262473166033,1.48396624276032,0.628900991485436,4.58855997700953,0.973493164253061
source/12kHz_DE_data/OR/Orthogonal/0021/OR021@3_0.mat,OR,train,0,0.05,1.052,29.9932,1796,0.313533484046523,0.22210198136541,3.73487093812375,6.12711363929229,6.66950674642281,0.0323314596406029,0.471843426665511,2.87299593101514,2.72125930155331,1,0.447530550003113,0.531658784646966,0.435883046232258,1,1,0.0106348851020164,0.00853542188463936,0.177374960495291,0.178668941759415,0.180768628187339,0.161946045824027,0.161496803686857,0.00419859018945418,0.00992099551565967,0.0272879055786923,0.00523430612648654,0.00453814001046678,0.001804131895769,0.0163629661571964,0.0379583563668244,0.0138957444921015,0.0127555323429358,0.00772077962617591,0.0309593053811568,0.166668928216791,0.00354201207261597,0.00226618736145563,7.19786704439956,0.709436041723327,0.559438120224723,0.237450131197566,0.95057235377785,6.670696928207,0.564533444200363
source/12kHz_DE_data/OR/Orthogonal/0021/OR021@3_0.mat,OR,train,1,1.052,2.054,29.9932,1796,0.316714371234528,0.225252218348869,3.94051381237525,7.06391282905201,6.46579138729953,0.0820594549880047,0.464111511184285,2.87693351558085,2.70870857894325,1,0.457240419707697,0.530614230618829,0.442130559744264,1,1,0.00715994265473063,0.00585700946416189,0.194471059778816,0.196388464886366,0.19941684140399,0.174032650038363,0.17291694905231,0.00503100598803485,0.0145621988292772,0.0289447532894834,0.00929499072656716,0.00849645052530578,0.0012141142691283,0.0219549842089126,0.0400659139948135,0.0202102700363517,0.0194023276166384,0.00838405620096914,0.0416040430345975,0.164452658427942,0.00356302784186532,0.00273936399234927,8.03618853051899,1.22443464019022,0.9534076175767,0.359228326028677,0.936370744157221,6.53414115569949,0.550262839109261
source/12kHz_DE_data/OR/Orthogonal/0021/OR021@3_0.mat,OR,train,2,2.054,3.056,29.9932,1796,0.315746992136917,0.223252384653791,4.11025852295409,7.36858063609707,7.04843694861741,0.107462797248927,0.466159946186217,2.90044867756312,2.76639462346166,1,0.437871812323676,0.524030991156432,0.430912496872067,1,1,0.0170062891913512,0.0143468337268545,0.193908824026997,0.195601352097602,0.197746649710835,0.173249571406021,0.172745359415994,0.00359188917658842,0.010262259139856,0.0250756926057544,0.00570026702545959,0.00499137428264433,0.00125471389612724,0.0231969276725397,0.0420991670169194,0.0219711566450628,0.0207117133036442,0.0103725796037426,0.0446510301828054,0.175411094455025,0.0044219544975166,0.00396409139175172,8.66791112619459,1.03505285861456,1.00703701213581,0.389180949906577,0.942104344115652,7.18094266789558,0.546776733370286
source/12kHz_DE_data/OR/Orthogonal/0021/OR021@3_0.mat,OR,train,3,3.056,4.058,29.9932,1796,0.322296309508096,0.223918254201415,4.64060922155689,8.22876619900759,8.36647689586644,0.212489383199579,0.488853809139514,2.87471787302943,2.75638895756796,1,0.442690844356785,0.539218215448669,0.450055343564274,1,1,0.0317848067370377,0.0274421703527965,0.173983417644682,0.176285570554877,0.178647296050999,0.156336409094903,0.154495249241004,0.00398715257768857,0.0117999415148524,0.0298518627942176,0.00750439182948992,0.00594001387552489,0.002800105414867,0.024102469910104,0.0404348615236517,0.0214988970098544,0.0206738076386962,0.00705243738342513,0.0434555936118457,0.157592561215849,0.0036839321620484,0.0029734799247208,6.19876054437239,0.906981927101243,1.03332748894634,0.3762999075933,0.988142607816147,8.4632530131395,0.558645125211743
source/12kHz_DE_data/OR/Orthogonal/0021/OR021@3_0.mat,OR,train,4,4.058,5.06,29.9932,1796,0.315104088863173,0.222351615957916,4.1932628742515,7.38115379602817,6.89218872376309,0.0407027271275909,0.453947736407839,2.75449791783656,2.62346454370717,1,0.468280574071777,0.545343834820346,0.427196332239963,1,1,0.0167351445923543,0.0148187322842578,0.187531976671945,0.188549338759309,0.191002277706032,0.173215002772621,0.172769156974464,0.00289148105030757,0.0077130782693912,0.0203302948351823,0.00383905589400202,0.00298380145551671,0.00153307772791637,0.0178334770844506,0.0348847915733821,0.0161618110863727,0.0153169420303746,0.00833635692546248,0.0337799140240177,0.165234619953616,0.00441861104700444,0.00308034736925814,7.6881380618039,0.806637824964146,0.866870368875198,0.28329055985785,0.965622914247055,7.17046164586263,0.557398846865103
source/12kHz_DE_data/OR/Orthogonal/0021/OR021@3_0.mat,OR,train,5,5.06,6.062,29.9932,1796,0.314465292956016,0.222077213066175,3.80731700598802,6.75240344955502,6.69116274046453,0.0906005861607762,0.474598982502018,2.84603804484067,2.69170040253369,1,0.449914199364547,0.542146341119638,0.45308123043151,1,1,0.0195165195033576,0.0182804069941083,0.180110442668355,0.180681704390091,0.182037313899921,0.163550456561967,0.16309361941494,0.00260111118338756,0.0082480465758388,0.0290521305299487,0.00554943441164905,0.00443946245660036,0.00237523744218953,0.0202862311591997,0.0387370808016306,0.0179595697606946,0.0169065401700037,0.00896080462365389,0.0383180970452809,0.162331212411969,0.00205803645335897,0.00139857643912173,7.1937563940566,0.569333459177283,0.82754123971297,0.317488960966274,0.937378129181473,7.14935905641227,0.554906594050853
source/12kHz_DE_data/OR/Orthogonal/0021/OR021@3_0.mat,OR,train,6,6.062,7.064,29.9932,1796,0.310090765981201,0.220568149570884,3.82453512974052,6.36503577456539,6.47315482044699,0.030221206415009,0.456782449058061,2.89164689125316,2.749324273582,1,0.466535137443732,0.546538228943772,0.437962766984307,1,1,0.0131519236720905,0.0125011590234269,0.185004658996772,0.185720014370523,0.187494224022011,0.166401332188661,0.166277848854031,0.0030700647214067,0.0126598857587825,0.0299345572028533,0.00848978967156642,0.0080286431651259,0.00132259079465094,0.0211688392586625,0.03816665319703,0.0183584160961166,0.0180571339124291,0.0062470836711885,0.0385773201625904,0.155350002068409,0.00236685012317303,0.00175613727474396,7.63503613736355,0.977472940309264,0.924706619504274,0.325231004669895,0.932689792146562,6.74801432649535,0.548164945193606
source/12kHz_DE_data/OR/Orthogonal/0021/OR021@3_1.mat,OR,train,0,0.05,1.0665,30.0036916666667,1771,0.287702729171675,0.201902278594601,3.66583600798403,6.98334263628415,7.07178767920564,0.189675177532755,0.481489603973112,3.23825506029135,2.98017069908465,1,0.391725865009658,0.47542767419812,0.485031148835002,1,1,0.0132982827062303,0.0122583266448907,0.228841414365314,0.229661185219906,0.230722672004512,0.193022564888678,0.192265664354473,0.00193882846174951,0.00653919653379069,0.0320395319167616,0.00219557269634682,0.00150701628004149,0.000974448892598464,0.0188645403291144,0.037941884584109,0.0174598340761259,0.017124116140185,0.00995934697870485,0.0608949739349283,0.176581156673404,0.00235544314174049,0.00169526416583953,7.31874379469904,0.381208941902207,0.607105485516457,0.526618137041973,0.95553894044514,7.22737588874798,0.581800532153236
source/12kHz_DE_data/OR/Orthogonal/0021/OR021@3_1.mat,OR,train,1,1.0665,2.083,30.0036916666667,1771,0.280799223410768,0.198922371497058,3.78912427145708,7.46223451473529,6.8791825146572,0.122276361848674,0.495907316497164,3.40989093664912,3.14427033848487,1,0.379921803259065,0.463889400725782,0.482533719383447,1,1,0.00335698942317261,0.00212230568684071,0.229735419733532,0.230862283769196,0.232365398253357,0.192315293113575,0.192133389209061,0.00252384536832356,0.0141017945764967,0.0384623143472098,0.00785068051100161,0.00745388445793207,0.00173190863603399,0.0198947548983172,0.0340776066401643,0.0164467571603712,0.0163360083369464,0.0122760285980518,0.0646296400984842,0.175857705959815,0.00329417529071667,0.00217997925601148,8.32859854825227,0.717751277551901,0.701134575472045,0.546128932166739,0.91041236117882,7.29859485807488,0.54997891704713
source/12kHz_DE_data/OR/Orthogonal/0021/OR021@3_1.mat,OR,train,2,2.083,3.0995,30.0036916666667,1771,0.282460509176556,0.198561820094919,4.06169041916168,7.74040537107961,7.15808534573807,0.0870945576160201,0.482607652862658,3.26774705019936,3.01997908474783,1,0.414028664471841,0.472720074432944,0.483510856136619,1,1,0.00681434757725005,0.00551450216483517,0.229909164457445,0.230800530147125,0.231954328479844,0.193497130330922,0.192932384268891,0.00489324148440871,0.0101936281004052,0.0374439889147595,0.00375759507726169,0.00249550205830017,0.00211873385994741,0.022690779100426,0.0444584227995141,0.0177071918619855,0.0171890664029718,0.00869019705871522,0.0605915735069052,0.182372625260588,0.0018136330176387,0.000857085354407931,8.4973211698532,0.562975173580156,0.751777898192218,0.496962403346073,0.93204742241061,7.49472928880371,0.559121500647891
source/12kHz_DE_data/OR/Orthogonal/0021/OR021@3_1.mat,OR,train,3,3.0995,4.116,30.0036916666667,1771,0.287935431665912,0.201014989831362,3.66567357285429,6.83241296622179,7.32019100947232,0.134775733275606,0.48740588455388,3.28083686832943,3.00354259032849,1,0.392527775718577,0.469218032953984,0.49183010639233,1,1,0.00448585195231803,0.00293324942321156,0.243619026393882,0.244879635531731,0.247187561280793,0.20625557636655,0.204482749428161,0.0032137468964257,0.0078110339661077,0.0329741950295588,0.00223636711608256,0.00202328297534096,0.00225828190667516,0.0226471459939511,0.0414763054651196,0.0206174431426133,0.0191827695210425,0.0116284917089973,0.0654289263400963,0.173187521993138,0.00510816504128613,0.00412822537557416,9.20667433606389,0.413479937080631,0.751622164872753,0.593582797199618,0.937545864636908,7.55877826252256,0.568944121037951
source/12kHz_DE_data/OR/Orthogonal/0021/OR021@3_1.mat,OR,train,4,4.116,5.1325,30.0036916666667,1771,0.285329184599517,0.199652646018261,3.66940958083832,7.56093739550496,7.16039914990077,0.262068553006212,0.485776945281258,3.29004808236456,2.98931127040844,1,0.390312253592869,0.473771049425344,0.490489851457581,1,1,0.00279116391108985,0.00220742477089093,0.225423693932102,0.226413643438629,0.227853771091674,0.192925637818182,0.192452877983055,0.00316614023283777,0.00853457537868082,0.0402674975840358,0.00237193708575342,0.00183365851911876,0.00107347327940898,0.0195156014715598,0.0365587880969275,0.0164389340022545,0.0163462823207855,0.00902503151324863,0.0546909885054141,0.16462092376063,0.00188467632444991,0.00152515340044179,7.24326681099559,0.411954466296445,0.622462179927482,0.454584219614597,0.950421226505941,8.08931414145406,0.56729231372257
source/12kHz_DE_data/OR/Orthogonal/0021/OR021@3_1.mat,OR,train,5,5.1325,6.149,30.0036916666667,1771,0.282730719049758,0.198248329892427,3.62149121756487,6.76508734201562,7.26795315913403,0.117105702524611,0.48637494264766,3.30508491290153,2.94583180261098,1,0.397154650417972,0.446672685033017,0.496520641950485,1,1,0.0120516752098174,0.0115473757914962,0.23208285199067,0.233337210534272,0.234637745797588,0.201404101787462,0.20078083640291,0.00523986608078205,0.00983400301373607,0.0378341344380492,0.00167881494852695,0.00147573657434487,0.00144170842366101,0.0265731500891055,0.0434124841039073,0.0251892348342489,0.0243830971939452,0.00805613460226762,0.058744217338556,0.176195445476938,0.00172162784469513,0.00131003509311264,5.73401729571326,0.509229685117806,0.854930413187535,0.477278062595388,0.960312991673119,7.6071545878387,0.581118726947987
source/12kHz_DE_data/OR/Orthogonal/0021/OR021@3_1.mat,OR,train,6,6.149,7.1655,30.0036916666667,1771,0.282431602794169,0.199840147171505,3.57064902195609,7.07886519070335,6.80133224169266,0.169640486048896,0.496503656069892,3.28782925179518,3.02024708096942,1,0.390803997748904,0.47503263796224,0.483128565074837,1,1,0.00865213785524737,0.00768285017877933,0.222830624388453,0.224164295657287,0.226830292478969,0.18851210574649,0.187798120106941,0.00470714436837968,0.0102829733277711,0.0339834103358114,0.00282435550978156,0.00168042073083349,0.00153065446223305,0.0245381234115934,0.043942340215322,0.0228313946060866,0.0214295283045299,0.0123059290702576,0.0655499441362296,0.181062126610675,0.00499840006393449,0.00301628827325348,7.60556559848794,0.589672671848406,0.829624883625424,0.557617598244418,0.925108581477646,7.29862493425748,0.565116719038893
source/12kHz_DE_data/OR/Orthogonal/0021/OR021@3_2.mat,OR,train,0,0.05,1.0805,30.004725,1747,0.281748089546941,0.19804958886174,3.45207137724551,6.81362262654502,7.02101605770688,0.194377083910223,0.479632012488031,3.02654469429059,2.82353803204087,1,0.433016033777457,0.505465005034824,0.454138516852084,1,1,0.00871175853216543,0.00430713771106479,0.202555964262672,0.204102804532499,0.208554227486868,0.169826519229868,0.167946411866303,0.00462523900246537,0.00803389544155149,0.0393078459897751,0.00151006464627122,0.00105369460212114,0.00113320788668577,0.0164771656423207,0.0308862028060619,0.0143751870123921,0.0135682940729583,0.00574400382726072,0.0493844692900267,0.17363814939664,0.00518099650655257,0.00358825859067743,7.82378797719622,0.36951516270477,0.557666554752129,0.387084632464767,0.942028899532215,8.2426282109062,0.569574713445419
source/12kHz_DE_data/OR/Orthogonal/0021/OR021@3_2.mat,OR,train,1,1.0805,2.111,30.004725,1747,0.274301684765381,0.193781948741215,3.02080610778443,5.79009757300182,6.81735748870379,0.11095103275801,0.458584054939802,2.98039104990207,2.67725839629657,1,0.415191018508206,0.491454883037178,0.473871018033188,1,1,0.0090877455244282,0.0063054007679026,0.224087228290026,0.225406450586832,0.228754481793785,0.18790834961974,0.187684441038528,0.00330809636430606,0.00639873941745741,0.0367494160207722,0.00124989836798397,0.000895629747249681,0.00107845414496464,0.0166269823782356,0.0282492664565698,0.0150917329617404,0.0146118993158383,0.00848573991603547,0.0543957034318899,0.19014495965803,0.0048973871571432,0.00338020940216516,9.32536710708548,0.33389504809587,0.652984063213514,0.423567840271863,0.967868764113396,7.90244473524238,0.586660739653803
source/12kHz_DE_data/OR/Orthogonal/0021/OR021@3_2.mat,OR,train,2,2.111,3.1415,30.004725,1747,0.281693661775514,0.19993656449164,3.2868748502994,5.9470201809476,6.46642153529187,0.100011812994754,0.466226349183848,2.99839000705521,2.67961697439353,1,0.417403149074494,0.498095447094194,0.477245862264519,1,1,0.00607004236205453,0.0043002458737946,0.210660649358507,0.21210468407584,0.213620437506374,0.180309140149413,0.179471768054802,0.00292263791347996,0.00577465369339795,0.03903454351485,0.001471523816476,0.000938712556218962,0.00134948648285274,0.017393912686625,0.0318402564338093,0.0156218767454358,0.0151688862120395,0.00857898123677692,0.0495874843327436,0.18144466732442,0.00417991244639534,0.00367778526368465,9.36912452435056,0.256788887519887,0.588972985800643,0.376289275162328,0.946889040077387,7.59976882728766,0.581386238988975
source/12kHz_DE_data/OR/Orthogonal/0021/OR021@3_2.mat,OR,train,3,3.1415,4.172,30.004725,1747,0.278915716011678,0.196684993478439,3.19396195608782,6.27954287286722,6.7854123148818,0.138196123752964,0.494832508603068,3.1857842940466,2.93078146178328,1,0.403955578089305,0.487171394495434,0.478936718513267,1,1,0.00673667289964049,0.0059352677923747,0.203758849017875,0.205784367263688,0.208827585886155,0.167834056208364,0.166740371864714,0.0062331540384727,0.0110823430878469,0.0530184233527766,0.00365477932888177,0.00227509313872697,0.00177990169343717,0.0186341105220987,0.0323670244228844,0.0155783527511179,0.0153887963515095,0.0071095045537138,0.0524444145787659,0.177792221406845,0.00429168725881445,0.00236292239310783,9.74387834397608,0.387189522163376,0.555084954050346,0.404188939300389,0.939211097166972,8.16101824153668,0.554497791177405
source/12kHz_DE_data/OR/Orthogonal/0021/OR021@3_2.mat,OR,train,4,4.172,5.2025,30.004725,1747,0.284199599976667,0.200196433533997,3.65040467065868,7.19664881826801,7.09336204220754,0.192814675509414,0.510059431322794,3.12435766039257,2.88632215386834,1,0.404827319512157,0.500573873792023,0.480559398320798,1,1,0.00873661887382776,0.00685930381782562,0.19635913898157,0.198351413357472,0.199275397069654,0.164140654213313,0.162632219400349,0.00564462643827991,0.00987610417096337,0.0462586815588285,0.00430397145887105,0.00224738966234521,0.00454757715755627,0.0165865531840505,0.0298206126257124,0.0123004795484885,0.0103887789568358,0.00963925792961832,0.0562387532002448,0.169486872974782,0.0110384022382037,0.00920207567100269,7.47119334572495,0.361914061008429,0.535817527187294,0.447435488885302,0.949957560636062,10.0169567776002,0.558959241945513
source/12kHz_DE_data/OR/Orthogonal/0021/OR021@3_2.mat,OR,train,5,5.2025,6.233,30.004725,1747,0.281601614054838,0.19849859241493,3.75192662674651,7.50599395138516,6.90956506233681,0.212724213741593,0.496499007719087,3.23310993485166,2.96684436950584,1,0.404419240556092,0.477155850890962,0.477293750003995,1,1,0.00483256848689258,0.00357550015890592,0.221059884780997,0.224156508494077,0.225537647718661,0.17654368122489,0.175043153834578,0.00474248698894066,0.0102524451625208,0.0455907628424928,0.00380790249429916,0.00359869598309273,0.00174518585874629,0.0187758079578165,0.0365019769901024,0.0141160872765759,0.013122520634645,0.00888506792391327,0.0653631691134618,0.187262784201549,0.00816502830320485,0.0053191423500196,9.32559097801861,0.3984769393759,0.575000617646192,0.53792690064453,0.948143610405085,8.56939889422309,0.569186851870876
source/12kHz_DE_data/OR/Orthogonal/0021/OR021@3_2.mat,OR,train,6,6.233,7.2635,30.004725,1747,0.276832272689968,0.1950457265214,3.40983824351297,6.41841043610949,6.76341563787788,0.138422750290622,0.499902381055545,3.19125856319103,2.94388147297143,1,0.385419602300925,0.482478669337982,0.488905613627322,1,1,0.00820561246075004,0.00534386465143506,0.226935746700051,0.228750842565459,0.230078596174617,0.189075130405776,0.187995126963151,0.00750552719740598,0.0115885295475866,0.0521107228716719,0.00245998267487997,0.00159246694502981,0.00202655309181286,0.0179478453091263,0.0359696643033422,0.0153479856012859,0.0138072075768586,0.00743236007224957,0.0538811584451867,0.172590875574113,0.00755369215832509,0.00586597762871656,11.4356376410973,0.420475150891838,0.510584911546703,0.444827810697669,0.937933175751587,8.35758286979033,0.567057018226651
source/12kHz_DE_data/OR/Orthogonal/0021/OR021@3_3.mat,OR,train,0,0.05,1.097,29.99655,1719,0.273672320764736,0.196490768343726,3.15871353293413,5.78964198768531,6.10835474384596,0.127449294434887,0.481390566536681,3.14905261765078,2.97918242311184,1,0.421612497448518,0.496234578380936,0.478280897233817,1,1,0.0129373529449548,0.0123766746340431,0.212102161836448,0.213873114330192,0.2168247941877,0.181672325306227,0.179669396171529,0.00467680338355569,0.00943051769695861,0.0330414373659838,0.00101555489882115,0.000492079002209975,0.00147075711990123,0.0246294315441319,0.0383669042848558,0.022768596585268,0.0217318513720932,0.0140518622433453,0.0623453811083594,0.166176492913515,0.00560976545529877,0.00457188348193795,7.67724804944155,0.595109892127485,0.998416592628822,0.572815579924642,0.960416780442534,7.45587292247612,0.553455890157232
source/12kHz_DE_data/OR/Orthogonal/0021/OR021@3_3.mat,OR,train,1,1.097,2.144,29.99655,1719,0.287609164541231,0.205118545862939,3.60264874251497,7.28942891291124,6.66855567787514,0.185526600321962,0.521406329228661,3.20191622059917,2.94209093526856,1,0.393258097216243,0.488889852816478,0.483359370302008,1,1,0.0162377265125313,0.0155234947539482,0.19332671099671,0.195814993176598,0.198612226982569,0.162863101346616,0.162308719853013,0.00291467560839641,0.00753693398382331,0.0341009801030332,0.00180602632594746,0.000651934405428455,0.00263878297883871,0.0333146713601255,0.0452717416536487,0.0307647991419638,0.0297146487150387,0.0103385006887434,0.0695719747921381,0.167028841307134,0.00326405798426468,0.00254273092827277,4.99502027990473,0.369804397928428,1.26664532522888,0.609643623070219,0.997542354823398,9.86597824734564,0.533070113175916
source/12kHz_DE_data/OR/Orthogonal/0021/OR021@3_3.mat,OR,train,2,2.144,3.191,29.99655,1719,0.2841398072886,0.200923569399893,3.66242487025948,6.98814670790701,6.85377705572352,0.145101025950294,0.511962720077911,3.36694440523256,3.19120727841059,1,0.397232587224819,0.470266225267518,0.473997155629523,1,1,0.0141668248122586,0.0128011909551477,0.2108129805969,0.212505777672525,0.215551642672687,0.170599165945957,0.170364806075029,0.00290489787897841,0.00825132579005745,0.0321095608392156,0.00127429801453551,0.000807593359943931,0.00332903085486087,0.032779861795443,0.0466311270280542,0.0295243083211803,0.0274141429000533,0.0142728264121075,0.0804249020899271,0.187221973437204,0.00359236555512654,0.00194850669512087,5.89781849583586,0.426518010109598,1.27232726794215,0.713130873020828,0.988971151711105,8.60447410602729,0.534382174168976
source/12kHz_DE_data/OR/Orthogonal/0021/OR021@3_3.mat,OR,train,3,3.191,4.238,29.99655,1719,0.274481979484829,0.196115912698641,3.20533241516966,5.98637958637597,6.18153001611361,0.192941019589574,0.488945593674242,3.33634028356594,3.0816823202807,1,0.384702271310582,0.464212847668606,0.483217795696556,1,1,0.00950933998716576,0.00884590396184974,0.213964420781196,0.216044572703076,0.216858278292013,0.176893791926065,0.176482399455367,0.00303565386595188,0.00756167176392991,0.0407077442725173,0.000864245638398797,0.00030399233792646,0.00147271643964071,0.0246360358155975,0.0425548537927544,0.0217149993614171,0.0207312842657771,0.0127893653641245,0.0671020673348691,0.192120099020569,0.00366997715578458,0.00312571867946622,8.28380151471445,0.342272723343077,0.764599450423834,0.557617982574303,0.962546750573174,7.59817044060856,0.546359767073855
source/12kHz_DE_data/OR/Orthogonal/0021/OR021@3_3.mat,OR,train,4,4.238,5.285,29.99655,1719,0.278650351855294,0.20066635184387,2.99010586826347,5.92337268692581,6.01906031085676,0.12626877081554,0.500096097714847,3.25145163459288,3.03061951142289,1,0.416037970797715,0.485394222065773,0.477263882840057,1,1,0.0098827988650332,0.00916497173636405,0.197658418206044,0.198909781753344,0.201243082481262,0.163200795134751,0.16260152615893,0.00336157558640697,0.00894029432906118,0.0353962490365894,0.00207833995076089,0.00124408043903988,0.00459209589195322,0.0292898343132188,0.0403863962368949,0.0273452330286916,0.0232336534361882,0.0153750232251529,0.0702382253150482,0.177018449630484,0.00306480350057015,0.00254951124028531,5.78650590737383,0.433798069566838,1.14183966599593,0.599802224192041,0.984781749297034,7.85938228182099,0.550231482763263
source/12kHz_DE_data/OR/Orthogonal/0021/OR021@3_3.mat,OR,train,5,5.285,6.332,29.99655,1719,0.27703331867721,0.198395645554944,3.17349512974052,6.26701207960308,6.1184267461236,0.108107382984634,0.52129426735481,3.48905756307449,3.28894016132956,1,0.389110955259696,0.455364346815289,0.46506625130487,1,1,0.00736225380620677,0.00618142663384496,0.197245958057152,0.199721527817984,0.201809828803372,0.160393017680589,0.159443457548307,0.00357224157434823,0.00966972607449977,0.037906722173168,0.00248591774659226,0.00117638702390645,0.0047353624883614,0.0346667202282607,0.0504209894987871,0.0301966126931489,0.0264363622149197,0.0217602496985547,0.0826311305047305,0.203684879918673,0.00546334154063295,0.00439430667389478,6.98321397429828,0.431443365390857,1.12886068359897,0.691573996440796,0.976983152103149,8.60352896848264,0.530248057072697
source/12kHz_DE_data/OR/Orthogonal/0021/OR021@3_3.mat,OR,train,6,6.332,7.379,29.99655,1719,0.276528078374923,0.19797991364173,2.83644223552894,5.16103954714225,5.89505471744077,0.113797265225677,0.494676565879381,3.33066333480569,3.10751626859143,1,0.371341543484775,0.471282100924923,0.488294741060272,1,1,0.0108485110061619,0.00991555620549707,0.221160341039092,0.222705571624784,0.224473334005785,0.183646477705563,0.183069877604534,0.00351883720943552,0.00792358359871394,0.0406012848262021,0.00162479894571957,0.000589147182634159,0.00164702616641317,0.0302198817805638,0.0450623027943303,0.0274726944141109,0.0263039314968355,0.0103193224738404,0.0695802511765782,0.179505620038377,0.00320439562872497,0.00238252445391961,8.56649524714759,0.362357283170037,0.966312087085484,0.590438143213702,0.965095921005359,8.12487485849782,0.545374370772471
source/48kHz_DE_data/B/0007/B007_0.mat,B,test,0,0.05,1.052,29.9932,1796,0.147641485156612,0.117073613282433,1.12881784615385,3.87844943845845,3.10227891181094,-0.0241977913981415,0.757316716651204,4.48651696930064,3.35985757407107,3.6,0.185301022759731,0.311506085100364,0.663630899643142,1,1,0.0449015590651996,0.0251681853850025,0.17382480912423,0.199969578899981,0.216651213645,0.120192528274149,0.108419456339083,0.0253722507558609,0.0911760533554968,0.137804123499196,0.0843240606356638,0.0465755956375652,0.0357058542281332,0.0463317427744528,0.0743893244975635,0.0353895817489976,0.0244872097423468,0.06359551808607,0.15365687154603,0.217966708736653,0.0360889038608754,0.021772842108489,3.88078363252798,2.36075401104453,0.89492132875025,1.10498929684865,0.547868266636056,3.69630240807984,0.665852418726327
source/48kHz_DE_data/B/0007/B007_0.mat,B,test,1,1.052,2.054,29.9932,1796,0.146403589298481,0.115821649001034,1.33305230769231,4.7817709408922,3.17003825913385,-0.0159090597190723,0.724726873264803,4.84112746913513,3.49985717993933,3.6,0.218192627705811,0.271820297160941,0.699625278507889,1,1,0.041148845267404,0.0215880416108444,0.214382007708289,0.224398123250092,0.243822053176944,0.149626725706269,0.139408181033516,0.0336741861071469,0.0996488294815164,0.156458016468156,0.0884829182623093,0.0571587152791351,0.0172944437018794,0.0274188091198056,0.0686107723980383,0.0183451791287339,0.0125485509773038,0.0456865234929147,0.139567644662368,0.208445512358278,0.0383678780316286,0.0171913042091093,5.30330521648591,2.28726284086316,0.424186907203641,1.01873923111317,0.531832648883153,3.41990382665482,0.67190054867631
source/48kHz_DE_data/B/0007/B007_0.mat,B,test,2,2.054,3.056,29.9932,1796,0.14450497777377,0.115193926660306,1.23521169230769,4.55460425795657,3.05255788290679,-0.0156230591112147,0.768060621617556,4.71159383506702,3.56203594129073,3.6,0.2264821414513,0.284370753336051,0.592768010281622,1,1,0.0563191112421437,0.0265383535669588,0.21665544798584,0.234472566484491,0.254303121269643,0.181263360033405,0.159650903609494,0.031259542213834,0.0722435051785179,0.114946461329346,0.0612493223728499,0.0305997844270688,0.0285466210125366,0.0442318456893791,0.0925803793911192,0.0317104935103161,0.0161152985240312,0.0472337535600425,0.120649038208796,0.190034803447639,0.0243155896708826,0.0110257909140514,4.99862082359711,1.80100429017321,0.705514813824891,1.01424624856064,0.565974342998461,3.73300760377667,0.631135972913406
source/48kHz_DE_data/B/0007/B007_1.mat,B,validation,0,0.05,1.066,30.0058666666667,1772,0.139084531781496,0.110642653224699,1.10795630769231,4.08429894543094,3.04300466616704,-0.0279611566237688,0.796024343590892,5.02575412601708,3.72450934470046,2.6,0.17689664620606,0.218730222368574,0.524276089334143,1,1,0.0210273569409293,0.00960506649188928,0.0950217754764396,0.129778910614686,0.145022867701855,0.0747798576594245,0.0425627225406739,0.0493722889741373,0.0799856119369887,0.121559418386611,0.0567671791400549,0.027473422941043,0.013725449990232,0.0306787428394627,0.0596415373751004,0.0172015636854159,0.00795911931513328,0.0585181467916951,0.115843310854112,0.265565601004109,0.0449926835135467,0.0230902189078927,2.43063994057006,1.81659574098706,0.582858715777477,0.745918239334816,0.552537896803179,3.16457782942071,0.708266620809159
source/48kHz_DE_data/B/0007/B007_1.mat,B,validation,1,1.066,2.082,30.0058666666667,1772,0.14090146654717,0.112719551889161,1.209552,4.66421676815552,2.97048050429951,0.000192923762753712,0.767897242191555,5.00708049270751,3.6540764299447,2.6,0.161128345189559,0.231547073718615,0.615815686211902,1,1,0.0400620324801809,0.0240829539229935,0.148845212573627,0.177701493096642,0.185220910184208,0.0912946449302764,0.0686760582200965,0.0390134037574071,0.0682712136684497,0.11149750262246,0.0399740401746419,0.0230654478417865,0.0167322726925833,0.0301017774619113,0.0707388043216375,0.0102479035811941,0.00508290844770994,0.0536878404457659,0.139834208186159,0.286311331241832,0.0329210848732243,0.0200781286735311,4.73969504783813,1.65632405201203,0.423305466268353,0.76158539450782,0.550233917474759,3.07349113807551,0.703056242761246
source/48kHz_DE_data/B/0007/B007_1.mat,B,validation,2,2.082,3.098,30.0058666666667,1772,0.14069963892477,0.111409556598779,1.20767446153846,4.36400480066741,3.14940713963023,0.00685110017184439,0.76629771592498,4.74993470927194,3.79204393085195,5.2,0.0882651545360493,0.306624468478606,0.596167997589089,1,1,0.0670306135801607,0.033517637872222,0.106223665621813,0.162494379866084,0.179139595171354,0.0964336404483084,0.0524003667285066,0.0160607027743673,0.0371748474934634,0.125994574869336,0.0206891894563541,0.0169729273347227,0.0106481504517387,0.0417725836656275,0.0665424181611087,0.034810539890789,0.0279122617749165,0.0458881389151768,0.120704104542323,0.228917120137747,0.0202435400087907,0.0136870778643628,3.25906009400347,0.646353745088342,0.579352861944196,0.71954714225775,0.558123167955643,4.3926621096135,0.715474468715793
source/48kHz_DE_data/B/0007/B007_2.mat,B,validation,0,0.05,1.0805,30.004725,1747,0.135190647210365,0.107644112191496,1.18284923076923,4.57167825137896,3.11097183769356,0.0248108481588495,0.821464359641255,6.12630938802477,4.18472609065833,5.2,0.11053054190601,0.15900982254753,0.589479523907409,1,1,0.0283412079999939,0.0157811013471092,0.0699300737409384,0.0821204874568987,0.113807266585739,0.0344152982734172,0.0248361161173198,0.0418350617099225,0.0835643225525647,0.178807079662322,0.0426066933849384,0.0335847764097167,0.0239057165994145,0.0362330448904348,0.0503590511234453,0.0240013231336156,0.0145414846999328,0.0670307406660925,0.133329331616915,0.190278224118593,0.0791964936613292,0.0316373360162889,0.887092846842226,1.02534647809098,0.499212270453128,0.775459777547257,0.525891062986303,4.04851187824066,0.740767686125805
source/48kHz_DE_data/B/0007/B007_2.mat,B,validation,1,1.0805,2.111,30.004725,1747,0.136965510668359,0.10911647410961,1.12464553846154,4.1071215735258,3.03145527671015,-0.00209905082566481,0.847734906379828,6.25103372965568,4.2459014522414,5.2,0.127581158525525,0.148796524592621,0.597255981644606,1,1,0.0320701298570745,0.0168608778091952,0.0973679261406127,0.111455404397028,0.14265522005779,0.0373750590418726,0.0312128118454559,0.0692441436886015,0.110613785336125,0.192768535808107,0.0540477173547902,0.0254744578348929,0.0126697943017558,0.0304765008227666,0.0610161257068408,0.010974608759405,0.00430816404228392,0.0509769122456393,0.102715322378955,0.197681365313477,0.0375524982124933,0.0155789919032921,1.42967255002198,1.44236412315036,0.2876236487628,0.544931300775177,0.52190885972416,3.31726684816445,0.729601079439999
source/48kHz_DE_data/B/0007/B007_2.mat,B,validation,2,2.111,3.1415,30.004725,1747,0.144452590344592,0.115224245021078,1.21747938461538,4.41609321566732,3.01344627602326,-0.010231556963997,0.815233516790581,5.27469621744377,3.94260801443487,5.2,0.101561431744516,0.218144460007357,0.538994514179745,1,1,0.0296946201480944,0.0121118457649498,0.076332460323431,0.0964614317063513,0.150778251355287,0.0508350651877613,0.0316020410863273,0.0419690644403123,0.0811493799945031,0.160904001137223,0.0469056408802511,0.0269675653159566,0.0100003296183098,0.0390674369246566,0.0613047105318445,0.0258302268190514,0.0184057324096462,0.0312227775441392,0.0951323427497954,0.202975861135304,0.0329692709297484,0.0122220705616637,1.09620946740341,1.20549372615055,0.538224056817796,0.555296490177157,0.524411362318227,3.55487306407014,0.737880872013728
source/48kHz_DE_data/B/0007/B007_3.mat,B,train,0,0.05,1.096,30.0027666666667,1721,0.143731557521126,0.114233292994826,1.23896676923077,4.3357126854287,3.06158168968735,0.0284265792582204,0.760446755188803,5.91225095795567,4.18546614730267,3.6,0.282144837339209,0.170810585122614,0.604798242828968,1,1,0.0212908243197035,0.0156691516358622,0.277129666786332,0.30526614786527,0.321717105127133,0.187719104656471,0.181406107362798,0.0261604638789101,0.0570362527615218,0.115310087288487,0.0291549445042103,0.016589102102035,0.0123531722474261,0.0336878189626936,0.0852082458061797,0.0211276469407405,0.015927881234014,0.0354719036049944,0.146449549066328,0.249614012089331,0.0200965118625606,0.012436357004727,5.63571937799874,1.1618656584626,0.470673458241332,1.0239901156258,0.51886467923909,3.16923108468377,0.719036654629916
source/48kHz_DE_data/B/0007/B007_3.mat,B,train,1,1.096,2.142,30.0027666666667,1721,0.141082545481808,0.112668962148337,1.02492738461538,3.67679529733242,2.97473921142781,0.0276993687228247,0.815470211818073,5.730285854963,4.27086093838554,3.6,0.181198504519733,0.206884760633357,0.566014760021289,1,1,0.0118426969088866,0.0049051184280678,0.167211958445036,0.214741538661665,0.234811064573597,0.102331902827069,0.0750068702243093,0.0543732423232547,0.0885723609352979,0.16018169785156,0.0340882793723001,0.0269873490522844,0.0161638650647232,0.0370021170648751,0.0694180825265986,0.0276330101126479,0.0150456666235629,0.0500877703235652,0.155822649296237,0.233100146676443,0.0542002039034478,0.0352674387929311,3.25605398576927,1.6220282315483,0.486458101482716,1.13765451509224,0.506001493156551,3.22437961381379,0.717248398888064
source/48kHz_DE_data/B/0007/B007_3.mat,B,train,2,2.142,3.188,30.0027666666667,1721,0.136992298047988,0.108818536190615,1.14488123076923,4.35307490314278,3.08869068323711,0.0107772564691171,0.812124221444145,6.17630145387491,4.50307590082573,7.2,0.0743810158924661,0.215749783126295,0.542286143565986,1,1,0.0445474710563161,0.0145495434313021,0.154781266941119,0.196486730843193,0.216286138197731,0.0558955953416489,0.0485766465680202,0.056783077085353,0.104215601585122,0.151640295272297,0.0604401095070799,0.0349704544215938,0.0165430759135359,0.034417029001895,0.0622833438324472,0.0171125764110455,0.012899231716537,0.0554015392025867,0.154126984200508,0.235920170902205,0.0322608890879662,0.0181119180105947,4.48553971231939,2.00232387421063,0.655670312810328,1.06444040177615,0.539862298548557,3.78494056080674,0.710673632072921
source/48kHz_DE_data/B/0014/B014_0.mat,B,train,0,0.05,1.0515,29.994925,1797,0.129167831242482,0.0912645132703035,2.23135015384615,8.82010270671472,9.17336452197418,-0.0575627094693787,0.753057176713021,3.65297533266468,3.58002698170008,1.2,0.177648289287409,0.472479045610406,0.50866952391044,1,1,0.119188261106249,0.0960627529912773,0.0184231399975443,0.053365240289743,0.0720402854266458,0.0323418324415305,0.0246438725461725,0.0236474381982492,0.0380663244083897,0.0530681200474054,0.0356018020262255,0.016461595442478,0.0341685421582869,0.10559848516693,0.148033236479078,0.0805695573023827,0.0558403488240398,0.0502536601932974,0.157378799638021,0.214693064727267,0.0290498058395122,0.0133839414469211,1.36373395808739,1.03708808375898,1.51712394931061,1.3909672041051,0.844869714722807,13.2664164724588,0.720143096614658
source/48kHz_DE_data/B/0014/B014_0.mat,B,train,1,1.0515,2.053,29.994925,1797,0.14161427753621,0.0946035230334568,2.55157476923077,9.10107357588914,12.9927112104313,-0.0155293533092774,0.764968840409591,3.67837948328019,3.26726232462534,4.5,0.0745270640014916,0.431701886036297,0.504326779071526,1,1,0.101899542948018,0.0678897067058216,0.016345407498248,0.0427924300904663,0.083310845047088,0.0348049361131513,0.0126172000459238,0.00988015175617553,0.0440436705309175,0.0511790013237492,0.0383895856164079,0.0185317583999761,0.0715364066557128,0.0844651194750581,0.145013486959004,0.0643896154413127,0.0412021977301489,0.0910989145244498,0.121053940138655,0.202017545814685,0.0295707581440295,0.0169287752801252,0.762290208259225,1.13034522558773,0.929143381107615,0.787200217719007,0.966271271210288,16.1137717223214,0.718049792866372
source/48kHz_DE_data/B/0014/B014_0.mat,B,train,2,2.053,3.0545,29.994925,1797,0.135310383480415,0.094309807004095,2.22196246153846,8.34082827910886,9.98007485613444,0.0668340939364704,0.771988774693869,4.13413129599595,3.45032903007644,4.5,0.111687248107765,0.354779546209105,0.465994028930556,1,1,0.121613807880046,0.0626901105920265,0.0275449090039624,0.0439801215452505,0.0663951916780677,0.0250984680201691,0.00945004423279339,0.0290111968907629,0.0623634702635689,0.0790676173559623,0.0559478192672018,0.0295526271749043,0.0345694537107367,0.0585480219548612,0.174109458083147,0.0329712940567226,0.0169887901766127,0.0473824956789761,0.0880021977129552,0.217518794863561,0.0166590248918695,0.00585128541170677,1.15396884674756,0.893262387604453,0.392259776886283,0.460914745813134,0.869474024903116,13.6666972228409,0.721621878028774
source/48kHz_DE_data/B/0014/B014_1.mat,B,train,0,0.05,1.066,30.0058666666667,1772,0.165859360973893,0.112026565131368,4.15561846153846,13.8917856060849,16.2375522550811,0.171997190840341,0.739826680616546,3.41756138042893,3.32752114074787,1.2,0.288297856940413,0.547625769036052,0.528380677451048,1,1,0.0783631875082745,0.0529929331922134,0.00488947958541371,0.0199451519424059,0.0549464651392643,0.00925020786528247,0.00758572267296199,0.00877457903006793,0.025176415009889,0.0418824375768432,0.0180123734193727,0.0124005255196992,0.0195680638090428,0.0562967467181668,0.079627329058559,0.0436571452648391,0.0300343318839849,0.0299936725337218,0.0965043425457869,0.136757930767417,0.0205429345943266,0.0111296728102121,0.417858188568442,0.651913713830277,1.05239031591107,0.811604045356268,1.0070480746559,29.4565408770169,0.812371915307815
source/48kHz_DE_data/B/0014/B014_1.mat,B,train,1,1.066,2.082,30.0058666666667,1772,0.138456961864832,0.0957744103849733,3.46656184615385,13.4898283275653,16.4921690930085,-0.0554419041184127,0.780548740564911,3.50207971544997,3.64810301619716,1.2,0.272273459471451,0.522730345647079,0.507244111349283,1,1,0.0941429128613984,0.0600832330039194,0.0344247964561464,0.0534635851880334,0.0725848522338904,0.022220277507233,0.0104354631500158,0.0146772856720818,0.0210576741074105,0.0258325804067563,0.0140854830499084,0.00809991622473541,0.0234454501508772,0.0483938523966926,0.0581800811475943,0.0281960345567923,0.01334318890252,0.0676910470383285,0.122775668226863,0.154176762611932,0.0409456740857907,0.0279152649095959,0.782065266781153,1.02392651044689,1.55896308675831,1.0675462602118,0.985349849151328,35.5227436639457,0.786810716060755
source/48kHz_DE_data/B/0014/B014_1.mat,B,train,2,2.082,3.098,30.0058666666667,1772,0.136915157515019,0.0963775375267177,2.14581784615385,8.35887829604878,8.8155915339969,0.0640179177769845,0.809808967728304,4.35196655861791,3.41824684615692,4.7,0.0877916271096374,0.325444696126713,0.526798586865712,1,1,0.0887097316460066,0.0539447212217466,0.0258178407827616,0.0459422978556709,0.0687470035167348,0.0220951829185139,0.00912946584440854,0.0201153247571729,0.0320081800909259,0.0419079747043285,0.0231478941746067,0.0139762853955682,0.0818344319581882,0.117105674735947,0.169592901504478,0.0881540759812451,0.0449667996855967,0.113612565014065,0.177008344062326,0.246277749784483,0.0347641301575699,0.0210578724534254,0.799927789296308,0.823526924819291,1.49893275088503,1.28778967901076,0.896052628450578,13.4743157347648,0.776465367541695
source/48kHz_DE_data/B/0014/B014_2.mat,B,train,0,0.05,1.0795,29.9927666666667,1748,0.130253563189278,0.0891820190381431,3.72733107692308,14.9752240207888,21.0467038593655,0.240606345070995,0.772886453745377,3.93312027134548,3.65133443406231,3.8,0.106330706269281,0.41495948781152,0.527891491284664,1,1,0.165344732295868,0.127987402101591,0.0414752841482988,0.0942611748536668,0.155759390015123,0.0687811695241055,0.0352255365543133,0.00998140224275833,0.0222949138007888,0.0319008927237491,0.0134342166349491,0.00600260981107515,0.0338774843755394,0.0552746498454138,0.0900111199503931,0.0402503296230587,0.0235391911063736,0.0418970398619845,0.0767370123556135,0.12899255547222,0.00423400948098767,0.00207207530345153,1.12716888804369,0.794363392955597,0.949297179610894,0.781983926896036,0.998250378069446,57.9511780780229,0.784764061572387
source/48kHz_DE_data/B/0014/B014_2.mat,B,train,1,1.0795,2.109,29.9927666666667,1748,0.187126311549626,0.121679835225316,5.27963815384615,15.551416370277,24.9843477005316,0.438204642283829,0.734055310575412,2.98806575288212,3.2927521391301,1.2,0.263627830448002,0.586764186990461,0.627314848161671,1,1,0.209626122955977,0.131879942021449,0.0246554551722344,0.0558630153593498,0.06535223161984,0.0228202657525401,0.0116982669986715,0.0198871829811228,0.0288106429805419,0.0323758002527694,0.0169139134476938,0.0106320838650878,0.0264791647353537,0.0382003041720342,0.0543828612419256,0.0296892383438895,0.0131156571545655,0.0638845738737498,0.0919579666782136,0.142461024193922,0.0466642180971328,0.0240443787638639,1.29784502287359,1.23148742379721,0.893638107460839,0.775344199352322,1.08576552212262,45.2141949341594,0.824667579156977
source/48kHz_DE_data/B/0014/B014_2.mat,B,train,2,2.109,3.1385,29.9927666666667,1748,0.169273564754163,0.108590317608528,4.07446707692308,12.8600227473532,24.5315641817202,-0.0599189994172557,0.749398767377192,2.92637639234233,3.10711476136228,1.2,0.212869376459465,0.555333751402937,0.512550006479462,1,1,0.121684971468638,0.0599534371019416,0.0198752595848805,0.0494426534691605,0.0620216320949366,0.0325883867194232,0.0165143542868483,0.00846176159724814,0.0171572887034916,0.0310567552192098,0.00923169546958124,0.0044014104521436,0.0216138686118758,0.0333874049812055,0.0505265802105217,0.0240924447318498,0.0168892592357088,0.052371654725896,0.115429181866569,0.159442910529528,0.0738036667432215,0.0438825516345768,0.923171996797884,0.729365203446385,1.02549326221148,1.01246463155109,1.16437911677582,40.5719887311778,0.835924550855871
source/48kHz_DE_data/B/0014/B014_3.mat,B,test,0,0.05,1.0935,30.000625,1725,0.177649679295285,0.120523924602309,4.12536923076923,13.0320239926606,15.0341875104273,0.274971171663844,0.662986336040404,3.31903205222134,3.96122802087547,1.2,0.272458026882636,0.607248450432857,0.632073618867095,1,1,0.316468636161001,0.251085043411686,0.0128295030732305,0.0500898532264887,0.059169508230103,0.036374904436314,0.0249938389318042,0.00515456321632354,0.0147533947947378,0.0198149214632963,0.00945444721684759,0.00674435303021608,0.0237863238484388,0.0709304773794405,0.0847539060992479,0.047741811443862,0.0344865033232938,0.0407689827541163,0.111149170181194,0.138706757726984,0.023957601992169,0.0116993256445203,1.30679075373158,0.471872383192598,2.44893484774884,1.16960545190489,0.98216024618552,29.1031342990937,0.808533910412509
source/48kHz_DE_data/B/0014/B014_3.mat,B,test,1,1.0935,2.137,30.000625,1725,0.161657329519382,0.112164996710145,3.90924369230769,13.3449927525083,15.0150313875236,0.188147817084835,0.769442494653723,3.45557407446949,3.53796356670312,1.8,0.13494443454768,0.492821632345699,0.519819491793116,1,1,0.116356585658645,0.0769622591938053,0.0335903406731544,0.0520644526254155,0.0897513671410535,0.0208309665744752,0.00701055597628394,0.00730834826845217,0.0360358748683118,0.0492458835643408,0.0283767008079857,0.0140834186460537,0.0179931688068901,0.0390219878153861,0.0503445212287154,0.0305818939188265,0.0144497437427612,0.055891812857524,0.137631477949442,0.20021554364415,0.0684507440272426,0.0359501731771873,1.07448914356777,1.09499402414273,1.03424197821238,1.04563259587695,0.973666240934771,31.9206983248759,0.799113391577552
source/48kHz_DE_data/B/0014/B014_3.mat,B,test,2,2.137,3.1805,30.000625,1725,0.189351023839546,0.125081150048134,3.90006461538462,11.8775424217299,16.439051041873,0.398708940286561,0.712137778945038,3.45066956115987,3.5389068411895,2,0.119449691956344,0.505753835029976,0.77707540520323,1,1,0.216888601644919,0.189944963058685,0.0367031020673916,0.0522036342508231,0.0692630441949203,0.0191247921812549,0.00931878056307677,0.0252254500529648,0.0357014639780381,0.0494189506125551,0.0292171179609699,0.0206747432321031,0.0493327095072709,0.0524935363088286,0.0650210324497584,0.0327386760805319,0.0169394572397967,0.130977814038833,0.151719787385972,0.188815640605144,0.0707975705452951,0.0565912180676529,0.96780209487313,1.06881478658019,1.17705947450561,1.17461841081355,1.05572341375365,22.6222523097163,0.818954911589517
source/48kHz_DE_data/B/0021/B021_0.mat,B,train,0,0.05,1.0515,29.994925,1797,0.342357678451631,0.27381137189682,2.809488,4.1397582910065,2.9973882778533,0.0192160416420233,0.816262094593353,5.30289968636577,3.81211373180545,1.6,0.221318146824303,0.271911269720271,0.615071446422124,1,1,0.0479900593410459,0.0229646534849097,0.0920214121424598,0.125950717203246,0.175900392785389,0.0688265097060209,0.0444224343134392,0.0318166664193148,0.071573903602446,0.118586985270301,0.0586330793117031,0.0242255086350714,0.0221454058975084,0.0420265188534411,0.0769163902787751,0.0264092253419942,0.0124402970533404,0.0522306853261218,0.130469880187852,0.191283455670587,0.0327604043882835,0.0200950675372614,1.57261753164793,1.55281741705382,0.671490627787285,1.07921155815401,0.509826511777792,3.57006104396888,0.92250183173228
source/48kHz_DE_data/B/0021/B021_0.mat,B,train,1,1.0515,2.053,29.994925,1797,0.370622798787173,0.28819798543708,4.13577333333333,5.7713369937516,3.88004283055305,-0.0082439747162298,0.842234583224559,5.03764643782268,4.0875111653077,3.4,0.0941603085479232,0.284989623250881,0.522860773684225,1,1,0.0807017331212521,0.0491821640541439,0.0316247892410038,0.112618216585214,0.146619948084839,0.0676021774916374,0.0394830435344316,0.0597732061876914,0.0804782316858772,0.0912550405146754,0.0707941614957917,0.0322041715655416,0.0366131808501203,0.0565325264593444,0.0821265576488761,0.0369241084302818,0.024653777525792,0.0886520761705493,0.139269480823274,0.204907959761755,0.0568666685923069,0.0320585284386711,1.72923225355029,4.18762738909577,1.60671300336534,1.33439322175638,0.598125528501616,5.20291077855075,0.928360918242543
source/48kHz_DE_data/B/0021/B021_0.mat,B,train,2,2.053,3.0545,29.994925,1797,0.34905151036481,0.278857824820517,2.845796,4.3057283415377,2.96295352732064,-0.0195994064396957,0.795100415760463,5.40357448387046,3.73667284991198,7.2,0.0983398745481323,0.2482864697657,0.531486316398737,1,1,0.0195360176697579,0.00759830630327444,0.14924698395839,0.181294188017323,0.215525786466434,0.0241876890219098,0.0167738271899389,0.0738220852172383,0.100480815965752,0.134015822232663,0.053129382525977,0.0348292209453813,0.025522322708074,0.0341547701290546,0.0648537701614939,0.0263858841704887,0.017632748011293,0.0743295830072717,0.192424033586526,0.28069420125494,0.0405806571584855,0.0292008623019042,1.89672148818686,2.12791917365184,0.76720241793058,1.1965406622336,0.516082682038053,3.04433574863581,0.925380852312582
source/48kHz_DE_data/B/0021/B021_1.mat,B,train,0,0.05,1.0645,29.9953833333333,1774,0.222482310966092,0.160954385356692,3.54646153846154,8.01625856696919,8.20628656913306,-0.0222172699023507,0.799642833867031,4.03238336077273,3.76191121088026,5.4,0.0762562750552256,0.431470305743726,0.471001851268194,1,1,0.0789324646131355,0.0392599025953444,0.0725729969846546,0.0955797565320258,0.122658346356651,0.0515049885045835,0.0369751094655908,0.0667579972806474,0.0894854473939861,0.108928660093185,0.0661113413654234,0.0480463170531002,0.04738468232425,0.0883526355314833,0.10299161037001,0.0729271627111157,0.0278189887603947,0.0599732441428964,0.119073636660493,0.186521484888329,0.00955755090544894,0.00284186439493166,2.60026973063913,2.94132716139309,3.34807954158007,1.38114933925046,0.746509927562874,14.0140633251255,0.940899280168176
source/48kHz_DE_data/B/0021/B021_1.mat,B,train,1,1.0645,2.079,29.9953833333333,1774,0.248700851929602,0.171284103167397,4.95732738461538,10.0583672511379,13.2133810173262,0.0105805919109069,0.803593670418409,3.91946081442824,3.65816229739318,1.2,0.236058805200702,0.416045478372404,0.611981433122673,1,1,0.0964673355920348,0.0464691313523876,0.0226755270685426,0.0453036993450611,0.0847228723584339,0.0190072084855205,0.00728189643040273,0.0535676043803741,0.0721279566008632,0.0879475981736856,0.0649368643090613,0.0408135398002742,0.0414083965635789,0.0630043037220266,0.0741885758645344,0.0487212955368161,0.0236347437508259,0.0794283291915307,0.120430962252356,0.16036484063174,0.0449763770168783,0.0226778225851028,0.518212547704598,2.48839344951906,1.60279657505568,1.19154810365303,0.858838157132918,27.5570253858306,0.950475405047368
source/48kHz_DE_data/B/0021/B021_1.mat,B,train,2,2.079,3.0935,29.9953833333333,1774,0.211611794726906,0.159507419985223,2.87951815384615,6.8181610846655,6.13334679065672,0.00666547402178022,0.817168075250292,4.64015342484981,3.57999777286283,4.7,0.0903274793873284,0.301712903661146,0.634883463429376,1,1,0.129245801508283,0.0566495936628463,0.0524360989049621,0.0653044298038943,0.104476557466091,0.0329311061385723,0.0188255278280724,0.0446355655173019,0.0824658441840307,0.0934520475158067,0.0662890831032969,0.0345531426587347,0.0736220072842465,0.101154235983454,0.123973884395214,0.0827776020820563,0.0549539920456327,0.0913102241026245,0.168232526171467,0.223188728837159,0.0276940090223725,0.0189819988402301,0.778789311197739,3.48342422357019,2.63858651586983,1.22926858120437,0.666046393759507,13.5595867884878,0.942570550825474
source/48kHz_DE_data/B/0021/B021_2.mat,B,train,0,0.05,1.076,29.9934,1754,0.325135389238905,0.209578541351429,6.62604184615385,10.475031439784,18.3523791603863,0.0672116930915997,0.802847274608485,4.42115235226729,3.60488218398039,4.5,0.0895032655891676,0.294973081903456,0.441293736180891,1,1,0.106387139877946,0.0898724772248537,0.0430719003837891,0.104392963934973,0.159205457526497,0.0682202285421959,0.0246431458348258,0.028837418748721,0.0330025887110221,0.047734616834601,0.026061316100649,0.0164537611509569,0.0289660392235089,0.0896212325142286,0.163353532005425,0.0631903069694018,0.0369196291692938,0.0712929092131215,0.175775117845278,0.27974861275382,0.0559330493334363,0.0338254011303757,1.55967861271713,0.718362609484169,1.3752007082525,1.51679907560439,1.01577574033944,28.9937599101415,0.949141852557071
source/48kHz_DE_data/B/0021/B021_2.mat,B,train,1,1.076,2.102,29.9934,1754,0.327859879880312,0.209454149373461,6.82672984615385,10.4313422003654,17.5960031788996,0.0473834375539715,0.758067919047631,3.82556736395403,3.15885126949015,4.5,0.0928236518125664,0.314047934491267,0.501077125529608,1,1,0.122715618503244,0.0915374727162428,0.0392795919788427,0.0975528687641507,0.134282225101611,0.0715177746140513,0.0329985181321512,0.0158971805577246,0.0207543770456127,0.0318447936863586,0.0189987801905481,0.0120680634588832,0.0221351849947219,0.0938172931128892,0.169948284412459,0.0758878159965835,0.0586690102780286,0.0772602137655268,0.236020173161811,0.337952142007002,0.113570507463733,0.0435304167125648,1.67527075081708,0.462530306725807,1.61509965643437,2.19704108598142,1.03509277887858,26.4084875042954,0.946278018507526
source/48kHz_DE_data/B/0021/B021_2.mat,B,train,2,2.102,3.128,29.9934,1754,0.384297952668816,0.247111409504018,6.804408,8.86300029623464,11.4468398774652,0.0370722298578088,0.779839194361253,3.76181146588811,3.51380507136277,4.6,0.0901390979786379,0.439699438220756,0.552078313334861,1,1,0.120023472121057,0.0801377729893143,0.0151288637101202,0.0514081952471755,0.0642109586796829,0.0149933078558295,0.00726183184684993,0.00293265090000204,0.0120547356356253,0.0388873172449548,0.00689725839314777,0.00488758394517485,0.0350646407912399,0.106238094581865,0.149125964289309,0.0886031979697342,0.0560941780370881,0.107749792025742,0.192876787410326,0.262033588779035,0.0596908425264608,0.0470254481716919,1.01097616901623,0.29693032962633,2.14517799054088,1.81546136272286,1.00281167904821,11.8893097075114,0.945504269478288
source/48kHz_DE_data/B/0021/B021_3.mat,B,test,0,0.05,1.091,29.99815,1729,0.320008838020023,0.20909317456509,6.83570030769231,10.7189600023076,17.0834928874532,0.0421948390093938,0.794660084482811,4.35680474965302,3.87332161480004,1.2,0.300814444364958,0.350122282098157,0.501921538472706,1,1,0.14056752625831,0.0806203982862515,0.0357415887126381,0.0942969500346902,0.127198156174428,0.0561535907410053,0.0322043223314235,0.0142805993475574,0.0237019139618907,0.0336486321570809,0.0146950045410289,0.00684520578998063,0.0641096304074562,0.11430917758335,0.134580151119523,0.0903529731757211,0.0333916774063385,0.12010060065947,0.238543850729375,0.309228416027446,0.0843729567380066,0.0549520739136556,1.70627013659982,0.714853337390635,3.51965557412118,2.06628277788692,1.03030408498217,27.906911409102,0.928642198960252
source/48kHz_DE_data/B/0021/B021_3.mat,B,test,1,1.091,2.132,29.99815,1729,0.386589072108547,0.246483009659186,6.83570030769231,8.8686338488651,14.0855986496143,0.072288127913826,0.796278128210133,4.2747751856153,3.71994074928121,1.1,0.321936547167251,0.363087324262922,0.576438445952501,1,1,0.127384345113279,0.0640641393391852,0.0357690035194642,0.0704151761419894,0.0929271427441045,0.0277968503108983,0.00943069736242583,0.0235390269204065,0.0368123772192507,0.0597813083599896,0.0319313168667527,0.0199501443254722,0.0436795768984924,0.111535425041915,0.178004597011123,0.091894762873772,0.0391552568211496,0.116550559976057,0.221848492683192,0.301726966448827,0.070042145156556,0.0434269301399078,1.16564818561124,0.801462406305534,1.82701647351821,2.3562494218599,1.04927017741396,17.82487579763,0.938344177686372
source/48kHz_DE_data/B/0021/B021_3.mat,B,test,2,2.132,3.173,29.99815,1729,0.409161696858275,0.253543351130021,6.83570030769231,8.37270695760582,16.8656788632014,0.0450790319249486,0.799977912773857,4.06890816955489,3.42287715377804,1.2,0.350494826795758,0.341197770363909,0.538559067622954,1,1,0.0944798917344423,0.0852968538309448,0.052524791357215,0.0994531593351044,0.12720600988637,0.0587018541633594,0.0300333572296369,0.00962571721674303,0.0282601701740412,0.046391282257677,0.0203092574475257,0.011205009755534,0.0382805872000573,0.0932723024040457,0.130147961819802,0.0716909623229376,0.0363369521138036,0.0736965374924223,0.186878504120062,0.263229735397582,0.0695807242565143,0.0378057050480677,1.57720585749877,0.593088384445013,1.6478191698156,1.55499981102679,1.1244985600757,22.1722937580103,0.949920998938444
source/48kHz_DE_data/IR/0007/IR007_0.mat,IR,train,0,0.05,1.052,29.9932,1796,0.5810058703411,0.414505555550836,6.03672666666667,5.48479908096777,5.98266926823612,0.0204382772319645,0.414905063716347,6.29025392373932,3.33884946784193,5.4,0.543501558790672,0.0922107188679123,0.284558110811008,1,1,0.00599584495924344,0.00592644170715979,0.0779449425753841,0.196514780388204,0.249087376547813,0.102770758848389,0.102495478789447,0.54341495399059,0.544104933257037,0.54423647020148,0.465932558373952,0.465474967679485,0.0221537016131885,0.0225969516673607,0.0264648950685411,0.00170068529849895,0.00152379707720278,0.0380566444599071,0.0395615201914647,0.0474795716744932,0.00071566611798912,0.000372677173533973,4.90325241989203,111.552197286164,2.84722706338881,0.64525075763143,0.666782571178321,3.5900031101324,0.703232635708945
source/48kHz_DE_data/IR/0007/IR007_0.mat,IR,train,1,1.052,2.054,29.9932,1796,0.584233703116543,0.416365590871988,6.073452,5.43757045257096,6.07654177777757,-0.000247905085252448,0.430907814913333,6.21022527009075,3.40350836676027,5.4,0.520204103273223,0.107802320775332,0.291689920033359,1,1,0.0102629642864991,0.0101236881054071,0.069762567160211,0.190234357469363,0.24472501710705,0.102357890774712,0.102170444445263,0.520065703958514,0.520923967873185,0.521123153900811,0.450569713315943,0.450116332259275,0.024825156981782,0.0258223186737414,0.0304639999571825,0.00222062704496235,0.00158771388166242,0.0392199235369751,0.0415812354911723,0.0528143875994191,0.00163185585717378,0.00113451690880177,4.36200830749659,99.3461692444139,3.02870959841886,0.618351143378167,0.668988263229302,3.87347839273818,0.704878706576138
source/48kHz_DE_data/IR/0007/IR007_0.mat,IR,train,2,2.054,3.056,29.9932,1796,0.582418781984839,0.414589643678876,6.417752,6.00334653105695,6.07021461774846,-0.00414158640578017,0.429143652547936,6.23335694890286,3.43485565757366,5.4,0.52540934573116,0.106691053332747,0.288813198671181,1,1,0.010651995206679,0.0104580407256508,0.0775487888876592,0.20578177243326,0.259179615479873,0.110086784453989,0.109270993509751,0.525352638615243,0.526028412643576,0.526661591269336,0.448715555439967,0.448644790783076,0.023787175830068,0.0257072894596449,0.0292678535560852,0.00299118766027463,0.00185559771395003,0.0400791233343545,0.0438826528763902,0.053192699745237,0.00122140164571943,0.000565710123134526,5.03410451033921,92.2524484382058,2.96699632850313,0.671298865243146,0.668107691561006,3.93142911647687,0.700154304824293
source/48kHz_DE_data/IR/0007/IR007_1.mat,IR,test,0,0.05,1.066,30.0058666666667,1772,0.27931034214833,0.19004278046858,3.12589292307692,5.65293229167386,7.38095051907669,-0.062198980246466,0.357622817508231,6.33620758181486,3.10348838613259,5.4,0.644929504160983,0.0799489802485567,0.291560648964932,1,1,0.00484109718067365,0.00479027185885917,0.103194563347311,0.187880220153953,0.229473518733237,0.0716852219824351,0.0710816894738385,0.644745271360794,0.64508665636813,0.645404281377029,0.542206839529845,0.541961789556507,0.0161022793486788,0.0166048048823803,0.0177188602923963,0.00186170761725014,0.00179116751512587,0.0228731823183456,0.0242612519187018,0.0333464669252851,0.000818269366209226,0.000610057425138322,6.57487397352822,282.499481183113,1.86810401778721,0.382418605036813,0.692365440921233,3.43067765707126,0.699632853614958
source/48kHz_DE_data/IR/0007/IR007_1.mat,IR,test,1,1.066,2.082,30.0058666666667,1772,0.276333892535968,0.188666773154236,3.05204307692308,5.55333685044317,7.28796113194204,-0.088900246231918,0.367884618413616,6.34919191052774,3.15235883559896,5.4,0.640680044752237,0.0817468679304297,0.291505816503388,1,1,0.00468169735166761,0.00461468280885254,0.105071677181792,0.187383810875294,0.232147230158562,0.0694550566607797,0.0686714501489128,0.640581763137722,0.640776515233178,0.640963475284633,0.535856815640394,0.535762636593275,0.0176265916508949,0.018003140259263,0.0197881291665548,0.00157566210225609,0.00148885947754157,0.0257157986556677,0.0275455890686836,0.0377759646375888,0.00179163865357032,0.00157252601185894,5.95326928570683,231.276924519805,2.45555010353396,0.426183992986862,0.687495626640636,3.45519831415154,0.695834689629862
source/48kHz_DE_data/IR/0007/IR007_1.mat,IR,test,2,2.082,3.098,30.0058666666667,1772,0.275510722158895,0.187737401433415,3.13611507692308,5.79278448354345,7.38099176654765,-0.142374495650763,0.371910262166829,6.28719808080715,3.24331452202914,5.4,0.617753623115283,0.098072962507772,0.299893979476353,1,1,0.00657979815919406,0.00651030528437705,0.101791565957093,0.197211356500235,0.24340941349387,0.0813928100043341,0.0809987819416344,0.617571688724607,0.617846329819398,0.618319694585902,0.516214134078893,0.51610409111317,0.0171690253063407,0.0175982665236093,0.018614586335147,0.0013991722671854,0.00121233497071944,0.0239547697057697,0.0254384960944296,0.0334481903435595,0.000585805664986239,0.000507939300106452,6.29657570556141,213.255557755197,2.56375267952617,0.357395340256419,0.69819553891744,3.49921190857392,0.702566474190673
source/48kHz_DE_data/IR/0007/IR007_2.mat,IR,train,0,0.05,1.0795,29.9927666666667,1748,0.279542078994063,0.192779647191318,3.15384738461538,5.70298121476692,7.44809095791538,-0.0823170328774015,0.407309519661606,6.27155840989662,3.37925680927374,5.4,0.591502700573184,0.113079516915925,0.33544821432801,1,1,0.0069760888115813,0.00669024798580304,0.115237251370274,0.200197365012948,0.259952328158312,0.0748766726555095,0.0746212771856521,0.591437162806424,0.591980204266126,0.59255283513449,0.474148585281265,0.474038923387661,0.0110863445971685,0.0117889081286628,0.0134177910679499,0.00225452492222772,0.00188327754810739,0.0238995984343178,0.0256054257506423,0.0385187911398934,0.0100192496558778,0.00968097546244233,4.74551320984984,171.290513550453,1.72925641331775,0.296252591813006,0.628179791171326,3.54219923902556,0.6710895611748
source/48kHz_DE_data/IR/0007/IR007_2.mat,IR,train,1,1.0795,2.109,29.9927666666667,1748,0.280997691313857,0.193973291728906,3.202872,5.88657656383191,7.50406415028224,-0.0721418936686874,0.407817474171526,6.24397740538351,3.37553825736571,5.4,0.589323161136121,0.115369972273764,0.338470248918439,1,1,0.00681460013860492,0.00628818174680581,0.116889064882301,0.205314465737341,0.263685893093975,0.0776139115262077,0.0774767900596754,0.58886893249362,0.589617342274971,0.590479082619574,0.470455821201263,0.469912510679286,0.0108095846276274,0.0121184736241851,0.0136112318540296,0.00220413395618924,0.00150731323078463,0.024884482152604,0.027014700208357,0.0399848161122015,0.0109783550811361,0.0104475120683347,4.83767732084071,141.819267319032,1.74792676124382,0.311511467747175,0.627007487103299,3.63052537604802,0.675475252515704
source/48kHz_DE_data/IR/0007/IR007_2.mat,IR,train,2,2.109,3.1385,29.9927666666667,1748,0.281289936179914,0.194338420845019,3.26858584615385,5.97388036655857,7.42775636047118,-0.0780057093930849,0.3953386647708,6.25212648406976,3.29474217776733,5.4,0.60390725459049,0.10767444395965,0.328989262825017,1,1,0.00499688454002195,0.004648983043696,0.120502197800271,0.210578629247305,0.26679863557001,0.0828710094339412,0.082763104940718,0.603837532173171,0.603984930860689,0.604367352725477,0.480042359444412,0.479999253224104,0.0093666662765567,0.0100457893028957,0.0116709828052211,0.0018852903980402,0.00156276390433231,0.019093931388226,0.0204323971071038,0.0323617707291077,0.00749021729815074,0.0070162020840572,5.24379482330614,161.745280575798,1.49727766786614,0.245787787683694,0.630234629460018,3.66651241100353,0.675616402348391
source/48kHz_DE_data/IR/0007/IR007_3.mat,IR,test,0,0.05,1.096,30.0027666666667,1721,0.279095953833322,0.195867016491813,2.94836123076923,5.34068556955671,6.80020422143158,-0.157594508871675,0.495347249103719,8.32547314622734,4.33270986813822,5.4,0.533918564015239,0.0933456089169276,0.477520653535921,1,1,0.00304554286939396,0.00188133372394164,0.226546635867813,0.265367498300922,0.322219032474755,0.0205674434911983,0.0191900979870811,0.533633137152796,0.535872291988373,0.53734398019692,0.300261927962789,0.29938954875936,0.0257737687067292,0.0272265617595466,0.0306483152173253,0.00144613611145914,0.00105676558459394,0.0447329180191361,0.0476006383080423,0.0655379922587076,0.00336151928514954,0.00315807809043728,6.43933375383055,87.536451044908,2.93756266869476,0.760035053517986,0.602397850469017,4.04088162091247,0.584852051758347
source/48kHz_DE_data/IR/0007/IR007_3.mat,IR,test,1,1.096,2.142,30.0027666666667,1721,0.279304864690892,0.195699385985101,3.03097292307692,5.47361220855888,6.80973750281542,-0.163685107414174,0.497552022767152,8.22307423042958,4.35773260168808,5.4,0.522618959030496,0.10760903244052,0.486370538111203,1,1,0.00176129675137625,0.00145577373233639,0.230330763394412,0.270174194991338,0.325824787198343,0.0209556140844446,0.0201926112589677,0.522392893561812,0.52457387357294,0.526562181106061,0.286524671580749,0.285942987430773,0.025840846135118,0.0277766480682471,0.0308869934513997,0.00117068242475484,0.00106726516518858,0.0428058160016531,0.0468014946463234,0.0598385697101039,0.00241211818149055,0.00165561998169506,6.81458078078788,76.5905505395758,2.70102188957809,0.795667772802999,0.608406199021887,4.00029583894779,0.583576675631216
source/48kHz_DE_data/IR/0007/IR007_3.mat,IR,test,2,2.142,3.188,30.0027666666667,1721,0.279409335041072,0.196206922281156,2.97589846153846,5.48971143465823,6.75091922325868,-0.148934102180853,0.508824333427869,8.27034939483515,4.30533434571195,5.4,0.514893891217797,0.0921966360273038,0.47223351304384,1,1,0.00123911247103183,0.000652200772161793,0.226049754666501,0.272512821387031,0.332903634183674,0.0277818394850786,0.0233120035115232,0.514654321636364,0.515382423531229,0.516830077266119,0.285896653984986,0.285619977448969,0.0272331484113732,0.029515503006421,0.0331095201510234,0.00203241840327014,0.000985054202955254,0.041345803934052,0.0468407786151559,0.0622599084852626,0.00136568246800909,0.000863660523304666,5.66830930958588,84.3372532331811,3.04186584715125,0.697844004768885,0.605054108788351,4.07014118356318,0.580960011068746
source/48kHz_DE_data/IR/0014/IR014_0.mat,IR,train,0,0.05,1.052,29.9932,1796,0.179986847472914,0.11731709259993,2.75147866666667,7.84508507262247,11.8515795270013,-0.0992472102520936,0.767328348662919,4.10319017702141,3.23472081898184,2.2,0.176670119497113,0.275068550667472,0.384483644098905,1,1,0.0477270751453299,0.0374233886145397,0.0267575095560033,0.0608714424598838,0.0848303265259351,0.0224961715975507,0.00868008403158569,0.0130475525600975,0.0280041301084732,0.0538896538447815,0.0201737947793848,0.007959896444496,0.0616581651911573,0.108198411066114,0.155753131539063,0.0951481535970544,0.0452227857207507,0.0934115564209418,0.252015209923741,0.335695060871178,0.11495097361657,0.0968442480594666,0.707374028982569,0.463411889210356,2.48871842608874,1.82930859342994,0.983137654131243,17.7271717149837,0.865248424709219
source/48kHz_DE_data/IR/0014/IR014_1.mat,IR,validation,0,0.05,1.066,30.0058666666667,1772,0.25900336927795,0.147998714745217,5.45329466666667,11.2190806266245,20.3815178741082,0.0662712148098675,0.569531469764488,3.25147530617287,2.57509464871148,1,0.448098328909107,0.398178765752233,0.422452767260455,1,1,0.0311739868263784,0.02909633021482,0.0108102551484707,0.076556108418682,0.088118961988963,0.0632927000177218,0.0605554924871955,0.0771388765014693,0.0781190289451968,0.0809582806094095,0.0695462685402768,0.0688809156203023,0.00732266831937261,0.0107504769188668,0.0232411908445235,0.00474349345794952,0.0023351476336553,0.122904432549119,0.130735801536228,0.159834411522701,0.113733480309771,0.110517822416121,0.863700739591563,6.72488864216065,0.318603470330448,1.51400638144445,1.28458894605774,22.6818530218855,0.957454989951649
source/48kHz_DE_data/IR/0014/IR014_1.mat,IR,validation,1,1.066,2.082,30.0058666666667,1772,0.244521270832234,0.142912204635651,4.35529066666667,9.36176042030599,18.7360730189512,0.188726763157723,0.573947974289913,3.19523736048298,2.53988636610325,1,0.385215778319272,0.412140693973014,0.415772634607541,1,1,0.0450718433283293,0.0437139679328491,0.0123271915687831,0.081456422917282,0.0968923350714959,0.07109757877491,0.0672980122805749,0.0782100303297015,0.0787866766590955,0.0817624697001706,0.0699263810476212,0.0687564006784666,0.0139534914285206,0.0162789829619965,0.0239736581759858,0.0120348178750996,0.0108268331095998,0.118463633952182,0.124282604287202,0.137541749074836,0.105523589518102,0.102712660849921,1.0876866894162,5.23282377911642,0.460366093952462,1.49134009864208,1.23617142076241,20.9512067035306,0.956365834856813
source/48kHz_DE_data/IR/0014/IR014_1.mat,IR,validation,2,2.082,3.098,30.0058666666667,1772,0.27256712755498,0.155733872396182,5.212076,10.047819580204,17.993146714194,0.163048804542548,0.550675702243823,3.15339781450297,2.45251922541268,1,0.433689691808314,0.410047112180917,0.394673052261383,1,1,0.0162878416005499,0.0143875398725938,0.0133812953398298,0.0872049111350902,0.103865868979663,0.0728347072261417,0.0712259941738175,0.0777774631282243,0.0787242938098151,0.0829249875700866,0.0693015844717695,0.0686307574502423,0.00699930119530502,0.00966060488841308,0.0165477145238128,0.00461934753533285,0.00393459665159396,0.119529884386037,0.127563269650022,0.142809956803679,0.111361713550149,0.108718540048893,0.993764544596582,9.50763164549962,0.270668342700282,1.44667818301182,1.27216929168884,18.9401433493208,0.962359664851207
source/48kHz_DE_data/IR/0014/IR014_2.mat,IR,train,0,0.05,1.078,30.0004666666667,1751,0.231221731765303,0.13380792067526,4.478404,10.1920133404859,19.1107387616846,0.0571370333626925,0.572290886366197,3.17886430949202,2.5426123544132,1,0.398647134292969,0.425558904581042,0.431279800322829,1,1,0.0389822525738334,0.0387216597657008,0.0179366416165081,0.0826600361825126,0.101073764844698,0.07008564241422,0.0642644350502753,0.0848895556498232,0.0862971024009355,0.0880720632457228,0.0750380782711172,0.0735890084856597,0.0119039407946019,0.0136019591810654,0.0258715745009441,0.00934357413584807,0.00870085651124587,0.121446439233502,0.126791875451676,0.148190975967644,0.10826102028469,0.105991446552179,1.14261479501298,7.60465804462502,0.317265344000445,1.26235578604787,1.29407445845579,20.9600213690023,0.945311992967453
source/48kHz_DE_data/IR/0014/IR014_2.mat,IR,train,1,1.078,2.106,30.0004666666667,1751,0.247679427772977,0.13926037857802,5.17868933333333,10.6961802194021,21.8118530446053,0.189252124452255,0.620488731436971,3.292212328292,2.58949402007036,1,0.396986794564262,0.399403368352825,0.412571182777446,1,1,0.0449168549467834,0.0209189899090057,0.0203313187154063,0.0846891909559884,0.0984113572106609,0.0697249421842934,0.0627303630196826,0.0944967617181985,0.0951755641046114,0.0959139238236125,0.0831109722052158,0.0811452456545877,0.0136536477808664,0.0197368322660147,0.0344404269003361,0.01292767561069,0.00903388812618495,0.11062859369504,0.129600250046367,0.149344434052726,0.102824740958041,0.0934471802346115,1.13548619378406,6.08356353288103,0.577536215575944,1.47520320446406,1.35551038901481,23.4906188607923,0.950812757834876
source/48kHz_DE_data/IR/0014/IR014_2.mat,IR,train,2,2.106,3.134,30.0004666666667,1751,0.228065031067843,0.131365040565123,4.192948,9.51954296544085,19.8381889924959,0.120586473537127,0.580628422418993,3.27210639284921,2.54020362367482,1,0.434149493441096,0.40849362020802,0.418898898825916,1,1,0.0258166422603506,0.0227324892625563,0.0160609253066642,0.0780977572958947,0.0947987371110776,0.0651728882197248,0.0593919552949088,0.0978179040808684,0.0995388599451166,0.101896172695574,0.0885041552514083,0.0861474415554123,0.0094714867600865,0.0136750648148138,0.0245413098321176,0.00517015587937045,0.00374029311868831,0.112473325195003,0.124014723866785,0.141543239230664,0.105681343156133,0.0997083463307046,0.965191298841355,9.86294473381335,0.355410354238819,1.29186732487476,1.3211149175541,21.7966091986824,0.941570472856312
source/48kHz_DE_data/IR/0014/IR014_3.mat,IR,test,0,0.05,1.093,30.0036333333333,1726,0.359532913760015,0.206715413467227,4.940392,6.90433503023443,8.83954734404588,0.515412628188237,0.660816263550098,2.98282248064903,2.55802159120937,1,0.345153744824715,0.456538162748005,0.442024709201622,1,1,0.0677552624582789,0.0393850331890221,0.0125701335238599,0.0847720691059191,0.102192377518005,0.0739636756136765,0.0633739000539156,0.0546301469408594,0.0579630465690964,0.0598573663851903,0.0502835151837505,0.0460740166539342,0.0134592204867003,0.0173687566379228,0.0302671465099069,0.0121641386150506,0.00686175475298866,0.129920865272282,0.139235989353227,0.161124820190889,0.116352838617048,0.108979603799483,1.31724525228014,4.23900505554542,0.610304178693713,1.64438691817631,1.43772938445751,24.3517554329692,0.554582811211976
source/48kHz_DE_data/IR/0014/IR014_3.mat,IR,test,1,1.093,2.136,30.0036333333333,1726,0.260465495447475,0.1581586530475,4.975448,10.1752404978881,17.5608695296845,0.175931400318033,0.572721227226105,3.07422914630571,2.38506301375715,1,0.410916528426997,0.426698346919004,0.422315247811674,1,1,0.0296891450471699,0.0271792887716259,0.00573726320241844,0.0729843026847707,0.0918444731689114,0.0665666159858551,0.0640864862034178,0.0677509584452139,0.0687952466129597,0.0707534383939886,0.0649265824819988,0.0639266175708941,0.015024735419971,0.0159808918179674,0.0276485697121572,0.00965199872166525,0.00804309288774096,0.125795834735493,0.130534894543908,0.150846580325397,0.110777841710541,0.106903781989527,1.03638763303177,5.22782884318312,0.345902614129251,1.32323296818895,1.25993681116779,20.8290777934162,0.923264238384242
source/48kHz_DE_data/IR/0014/IR014_3.mat,IR,test,2,2.136,3.179,30.0036333333333,1726,0.251142361553252,0.156856525189368,4.57063466666667,9.43495183065795,14.7172139676762,0.0481008697281875,0.56935994767743,3.05330045183337,2.47851690093383,1,0.408181099739598,0.436512850133428,0.402382017474071,1,1,0.0210271035174308,0.018237497921582,0.0085967839567834,0.0901624682374946,0.109676144522395,0.081445493215513,0.0781819168907204,0.0625774075108296,0.0677553345573186,0.0710286254083921,0.0613592266960656,0.0569764198229306,0.00836789111061238,0.0104911072619705,0.0175891591547003,0.0053152645328676,0.00341658627329408,0.125936071275837,0.132203653211306,0.146858630341514,0.116852654268816,0.11391949945863,1.28447295056608,6.90718360073313,0.303603085484376,1.53132025702983,1.1923368496125,17.9306568101489,0.918414190257568
source/48kHz_DE_data/IR/0021/IR021_0.mat,IR,test,0,0.05,1.052,29.9932,1796,0.582190510988783,0.437506259850542,5.19327138461538,4.68611570196416,4.18218005116328,-6.29199261115648e-05,0.607451809810545,5.51560844755576,3.66009730105153,5.4,0.287647835693125,0.192799084234523,0.386881492077617,1,1,0.0164693856697542,0.0145206174699835,0.0315406228083388,0.0798667066818519,0.113464516189262,0.0282655221975362,0.0226212619724054,0.286954855334388,0.28946092732037,0.290199614936889,0.256989078129874,0.256212304643723,0.0399100406883117,0.0415337093611012,0.058174713289626,0.00112455129719429,0.000465892267408568,0.115650954675996,0.122706757893548,0.206633884087648,0.0676794433892647,0.0659560924353798,0.971169865752781,23.4564243107491,2.04901881799443,1.0960756805445,0.641599134132167,4.36078934101704,0.926593967439093
source/48kHz_DE_data/IR/0021/IR021_0.mat,IR,test,1,1.052,2.054,29.9932,1796,0.576297325794752,0.433151756875724,5.31426830769231,4.95434847895923,4.08592006822391,-0.0370357237027833,0.617813208623892,5.43852648420229,3.69760483582808,5.4,0.277549695891554,0.232436806083572,0.39238753190936,1,1,0.0119617476758804,0.00853818848764659,0.0222218108265968,0.0627283838538307,0.0936272697816924,0.0166817927681562,0.0123917608049881,0.275755495496895,0.280101314003417,0.284285613398434,0.256460294666074,0.252794556574474,0.0401456853569152,0.0457636271061003,0.0586700605701286,0.00716354940226918,0.00489673350650152,0.105888617348266,0.117384939518209,0.182121245808003,0.054916204963203,0.0496427960140304,0.841618602528667,17.3519721928292,2.07240304423312,0.916319897657035,0.641479406385286,4.30221534617568,0.926091587355751
source/48kHz_DE_data/IR/0021/IR021_0.mat,IR,test,2,2.054,3.056,29.9932,1796,0.588575110983409,0.439496899883543,6.10262584615385,5.20591071102714,4.46020430753026,-0.0532401226928255,0.622713579634826,5.31412012404221,3.59021877020558,5.4,0.265661073646946,0.225799209609336,0.393084126362015,1,1,0.0250778146119499,0.0182709258562854,0.0271226793208375,0.0607258294264728,0.087271373905648,0.0196884267658867,0.0114238431111709,0.264876824543413,0.268162171521264,0.275606148774157,0.245334592196372,0.243122603266877,0.0310308882159956,0.0334045496246224,0.0601774360783032,0.00888765886543765,0.00750258850776222,0.114421445462545,0.120207462084207,0.191689731000617,0.0661226292422245,0.0633313274648467,0.89881770370921,11.0923109771967,1.01961336638322,1.04101611673537,0.658815733569272,5.65438256141793,0.929667451035946
source/48kHz_DE_data/IR/0021/IR021_1.mat,IR,train,0,0.05,1.0645,29.9953833333333,1774,0.585338856910935,0.450020864655023,5.35327938461538,4.66494703928432,3.81945558254917,0.0146161405570424,0.653028203827778,5.08897244626942,4.16518092417144,2,0.18053001120181,0.336189310803991,0.528737392403747,1,1,0.0363039161947744,0.0250525530258663,0.0593061882515638,0.105597205910269,0.143797431269611,0.0177530296255885,0.0136879340446751,0.184624448753429,0.186592183018184,0.188333885776289,0.127608399614658,0.125533068655119,0.0313283271269,0.0379115923908959,0.0492598488049518,0.00438529733532329,0.00243243481481108,0.10704385503504,0.127563173571352,0.183649230611751,0.0730295877283988,0.0641183637926508,1.21082361219358,10.7270439656489,1.14127252304996,0.756114054931425,0.58825118421111,4.20930439513306,0.959287568590837
source/48kHz_DE_data/IR/0021/IR021_1.mat,IR,train,1,1.0645,2.079,29.9953833333333,1774,0.59050399996461,0.457921374243055,6.042336,5.37746985604008,3.74520066613724,0.0176907491163153,0.635038261207991,5.1742183169731,4.08007961929502,2,0.178900561215161,0.319507648788411,0.489560575149042,1,1,0.0211296274660289,0.0118461295686447,0.0603138943255073,0.129219470947327,0.168436102013078,0.0328070659202301,0.0309182737485356,0.193967432437374,0.197907907323803,0.198871080131706,0.132776669211713,0.131667760308144,0.0334104953264112,0.0360358882006389,0.053045137166707,0.00404312042430397,0.0032392590479454,0.118006361899836,0.127908848216294,0.180405945192404,0.0713277039924431,0.0673637878198199,1.46986604185821,9.33577883797585,0.941507876876538,0.787519491785305,0.569361602600533,4.57985840673205,0.961383029635175
source/48kHz_DE_data/IR/0021/IR021_1.mat,IR,train,2,2.079,3.0935,29.9953833333333,1774,0.616942004057716,0.473692846064437,6.00749723076923,5.06576897795407,4.03569211520951,0.0269726811489297,0.618092175887484,5.02330262055794,3.92323930080528,2,0.169527721377531,0.299379132286626,0.524566395723268,1,1,0.028665605171201,0.0255122566396606,0.0678162657289789,0.110254132109637,0.136895275524058,0.0209037237203485,0.016829435808495,0.204997250293734,0.205912892389652,0.208266872323927,0.138735441626385,0.138073019033545,0.0247448457045801,0.0261832323985552,0.0390690073594349,0.00395302781861113,0.00352427772181454,0.120336252402957,0.125139998381614,0.167897881940387,0.0853867054403793,0.083929074099657,1.20557641703465,10.8367643622396,0.771641313129169,0.819361297840403,0.591362836501398,4.823940915083,0.962131167889541
source/48kHz_DE_data/IR/0021/IR021_2.mat,IR,train,0,0.05,1.0775,30.003,1752,0.765384046623635,0.581839468881387,6.83570030769231,4.48037119303448,3.77563172142448,0.0536302459751444,0.565862061262603,4.20883455727703,3.64603919132805,2,0.297096524941124,0.487192004688652,0.575505724509814,1,1,0.0146320849651643,0.00888787944200926,0.0835875664511935,0.107072050488734,0.138623728574051,0.0155432189181479,0.0107307878878133,0.146426805430001,0.147372584354366,0.151633729481849,0.0669443530010125,0.0665142563147231,0.012404343449895,0.0141350867879874,0.0236786377426573,0.00110859836751021,0.000375129100630817,0.074963109091214,0.0825154040253181,0.116783588858593,0.0608665084119244,0.0566421143777207,1.73981933119795,10.7712803872739,0.662969769500795,0.419697569514661,0.624187500568943,3.89813468275402,0.977453480508373
source/48kHz_DE_data/IR/0021/IR021_2.mat,IR,train,1,1.0775,2.105,30.003,1752,0.776086722815948,0.592010635635998,6.45914953846154,4.20597833981953,3.63718546962174,0.0641394939673429,0.563182876422089,4.26768522838255,3.68034290166732,2,0.304158754462923,0.501456501027376,0.572145550763343,1,1,0.0174909694948537,0.00817468243401745,0.0934021431444338,0.111197789689468,0.144085366647897,0.0170083488228153,0.00889056580552502,0.16453863008045,0.167025206641624,0.168469416222084,0.0801383454607645,0.0781145687828882,0.0124389799755544,0.0138988212063672,0.0310960343957143,0.00479503440835644,0.00301131385177905,0.0660592814836887,0.0743522232234225,0.10625506730395,0.0522028724467879,0.045604953043326,2.03859340465327,10.1082480104526,0.527580832193161,0.375149325689398,0.614718147428005,3.47345049695016,0.977072385772304
source/48kHz_DE_data/IR/0021/IR021_2.mat,IR,train,2,2.105,3.1325,30.003,1752,0.76537982447146,0.581798415688639,6.55135753846154,4.42566661090014,3.61756784361794,0.0616737286346672,0.567053444527069,4.06391868284354,3.56936032338396,2,0.260602063691071,0.490798015969818,0.565919289298066,1,1,0.0279658268557718,0.0206150829352981,0.0814327702162039,0.103335703146855,0.133778023413736,0.0153643575821229,0.0132385000549441,0.150491071603811,0.151101515073058,0.151855514711338,0.0705672811825755,0.0701598536210591,0.0115539930810465,0.0126837755033467,0.0341839859567634,0.0036822583141635,0.00323592520317491,0.0796363709690015,0.0842105988174261,0.117853463777911,0.0641499501801676,0.0605633115681514,1.74023406547717,8.04457392487688,0.409184454661511,0.479782495840756,0.620932628712741,3.35579205456258,0.977735237135232
source/48kHz_DE_data/IR/0021/IR021_3.mat,IR,train,0,0.05,1.0925,30.006625,1727,0.402106437737217,0.306592571765832,3.62510953846154,4.55423477429784,3.65441965483564,0.0522790633485274,0.584430978032592,4.36883415596368,3.65071086706632,2,0.222462091032298,0.390602023032097,0.531530785781382,1,1,0.021586984155325,0.0191243107061788,0.0743084902591666,0.121636736976131,0.150913996174261,0.0368802024419168,0.0359566145138095,0.133493705943624,0.135791832278792,0.136632771285702,0.0621720995088981,0.0602325442458199,0.0159016222265753,0.0181199075604411,0.0358084213693616,0.00358754990284962,0.00323105964203157,0.12570201562439,0.130367747891372,0.158639423925406,0.0900801251483524,0.088073891227873,1.44286290787066,11.4441030924711,0.826301716222809,0.905548944699838,0.616857174670079,3.44031918698313,0.981236138066164
source/48kHz_DE_data/IR/0021/IR021_3.mat,IR,train,1,1.0925,2.135,30.006625,1727,0.404242417260216,0.310033719390646,3.48825784615385,4.39300302380022,3.60631515847125,0.0433669016998828,0.590864767507823,4.25690396995007,3.60597246570153,2,0.229441255658296,0.409997506497887,0.514111374803078,1,1,0.0112627295487039,0.0047419960870901,0.0756814944561858,0.128149269760606,0.148276157811684,0.0466310873381248,0.041125147535085,0.131955418284272,0.133409527674353,0.134999778358009,0.0639055558551895,0.0629149067268616,0.01889656420078,0.0209210246918918,0.0323961752697786,0.00871934527158695,0.00520599098688241,0.123483235855381,0.137967664881435,0.162183202368442,0.0986026033121976,0.088116619543308,1.92099457920704,13.7094999537449,1.11589911135007,0.902240948448481,0.60496523373749,3.50729413033159,0.982692044646216
source/48kHz_DE_data/IR/0021/IR021_3.mat,IR,train,2,2.135,3.1775,30.006625,1727,0.406448030600432,0.312340732931014,3.54833907692308,4.45658520742278,3.58149410077746,0.0405031121867876,0.574265996626539,4.42277162398433,3.64355960589496,2,0.264174536953242,0.40113985841933,0.573560640364014,1,1,0.0168378823809809,0.0117164798591247,0.0762897642714271,0.109107842732077,0.132592462102653,0.0273374047453644,0.0255140904641129,0.144037006750957,0.145396212499766,0.145889609344054,0.0705348356880374,0.0698933750256981,0.0142084657955149,0.0166327998891793,0.0316126201131264,0.00430556996163406,0.00196655395221453,0.121688863038543,0.12896986014833,0.164318444909632,0.0920308571737476,0.0852213339856365,1.43432747303175,12.2888982220841,0.815639918887926,0.748686621808168,0.59849351106887,3.4362543574245,0.981929936958479
source/48kHz_DE_data/OR/Centered/0007/OR007@6_0.mat,OR,validation,0,0.05,1.052,29.9932,1796,1.2836106382583,0.806429488091525,12.690272,5.08768784042825,6.80395055586596,0.0811484342288158,0.319036708632533,4.43905689066655,2.51096205151009,3.6,0.7881733517881,0.119237461452647,0.849400375318459,1,1,0.00648426462157449,0.00570136025677446,0.788049742908794,0.788743136239902,0.789042366701441,0.5632761856158,0.562765762298446,0.0314755560006463,0.0355713798224389,0.0371787977540166,0.00394306390418175,0.00389737894212192,0.000426389299347238,0.0129026701304176,0.0191951552052537,0.0121853354895159,0.0118790099197785,0.00370174752955478,0.204954873096714,0.243131957789461,0.00317771833087697,0.00184280829697235,168.072235364404,13.9887742230999,2.22254362404823,6.87182048723897,0.84532343727983,3.77526059454108,0.486762247262865
source/48kHz_DE_data/OR/Centered/0007/OR007@6_0.mat,OR,validation,1,1.052,2.054,29.9932,1796,1.25363048261467,0.794220265976677,11.771304,4.80437531272624,6.48953234838962,0.0736321371402389,0.290384301576152,4.54302677427183,2.4247043424061,3.6,0.844047303828288,0.0884355506316237,0.909737677827233,1,1,0.0101478985375165,0.00768630666205237,0.843972417715266,0.844438267113714,0.844712458279002,0.607051709646279,0.606714798249438,0.031311281910377,0.0355610159589463,0.0369659621430082,0.00411256129155002,0.0039979534383516,0.000376309460382892,0.00780071909522405,0.0146214950573554,0.00713080928336344,0.00693642920656105,0.00336095461257245,0.212199629575734,0.236338456526352,0.00313626193747419,0.00169146567593976,151.804569127352,12.6765083467885,1.42504251167825,9.33068582237562,0.823644270181274,3.40344646376889,0.482920989217181
source/48kHz_DE_data/OR/Centered/0007/OR007@6_0.mat,OR,validation,2,2.054,3.056,29.9932,1796,1.19718951404622,0.752256558433428,11.547196,4.84774386885926,6.74653226884107,0.073844718714489,0.276959681121549,4.54168100401611,2.38148248956001,3.6,0.861416247109275,0.083058272219049,0.930811711202723,1,1,0.0106955971966348,0.00833013145788807,0.861268981931286,0.861762117332268,0.862154720227676,0.622490798059834,0.622088378319462,0.0306603050294361,0.0342234874170461,0.0355910327039202,0.00366898828498671,0.00328692020464375,0.000412361196758898,0.00502666843645357,0.0126044564408971,0.00474416854369313,0.00441332650509046,0.00269370006601068,0.212275293800908,0.233910545651914,0.00295058620708425,0.00150599594284706,157.070274278206,13.0020651539037,0.919493550777185,9.66529611996546,0.816798954963328,3.15176045025718,0.482049615939949
source/48kHz_DE_data/OR/Centered/0007/OR007@6_1.mat,OR,train,0,0.05,1.0645,29.9953833333333,1774,1.05727779131538,0.672580907707989,10.4383413333333,4.98099309011236,6.84816964508593,0.0698168095355232,0.300081657845311,4.37035231668155,2.31627476298657,3.6,0.817986436444091,0.104199885414614,0.901702267491535,1,1,0.0122736368089457,0.0112437069994131,0.817817128462784,0.818023134344392,0.818219171495926,0.606888934629108,0.606793663148977,0.0318069504808009,0.0365309409126611,0.0378854360846276,0.00466036195527849,0.00448354613269161,0.00170640572909771,0.009524790717713,0.0159278776997381,0.00854288263376245,0.00662060751160264,0.00446750903129891,0.190489465295714,0.222138681146471,0.00348396561903007,0.00205332014052298,128.199224323345,16.2108899665252,1.89916566473544,5.99324798971252,0.722958015332018,3.46981866647135,0.535531091335156
source/48kHz_DE_data/OR/Centered/0007/OR007@6_1.mat,OR,train,1,1.0645,2.079,29.9953833333333,1774,1.06176433110725,0.675677680833741,10.3223226666667,4.88887633159056,6.87878445545767,0.0730196503423029,0.304425465311491,4.37313816813017,2.32176509726759,3.6,0.819229568217828,0.102860316105593,0.90026483008874,1,1,0.014859913336907,0.0137582973020041,0.818945491733979,0.819576419801176,0.820060929801249,0.61005566434511,0.609289493624589,0.0338974020236005,0.0387843193405105,0.0401178441767306,0.00540892082526086,0.00467481164098224,0.00114302126210859,0.00983232360655914,0.0164610763315231,0.00889389770483861,0.00793368351506436,0.00443583707888074,0.187812133949263,0.218690752859359,0.00368720162851622,0.00238979365587582,125.009525132799,18.3771235758432,1.86317047118671,5.87595199933442,0.718249266076492,3.58976540246439,0.539558821450501
source/48kHz_DE_data/OR/Centered/0007/OR007@6_1.mat,OR,train,2,2.079,3.0935,29.9953833333333,1774,1.06089680570594,0.67698790439372,10.500524,4.96105377869939,6.93597673411749,0.0772493486910723,0.295175986014795,4.40236289705104,2.33989289519434,3.6,0.82664671395883,0.100090716758813,0.906876869645005,1,1,0.012374339470114,0.0102144534993504,0.826306714277204,0.827595934755204,0.828535186270549,0.615898129636576,0.614900107033415,0.0368335611546583,0.0420423491001305,0.0433967351522621,0.0051538620960005,0.00492046123065969,0.000908917197954413,0.0101347859661795,0.0174740129729711,0.00954118615410475,0.00868931908958604,0.00445245326541955,0.186372552794174,0.216909044318491,0.00304353354091629,0.00238698315783486,177.684711561027,30.0481702992739,1.79645917595469,5.87885481707335,0.717749608837919,3.65814423083779,0.543934959932327
source/48kHz_DE_data/OR/Centered/0007/OR007@6_2.mat,OR,train,0,0.05,1.0785,29.9979166666667,1750,1.02359521530333,0.64324886383537,9.96508533333333,4.97682532157124,7.00053331470113,0.0824302842678665,0.285479104397494,4.29392892431023,2.11294310434681,3.6,0.832766770118757,0.089180184745668,0.926997218884197,1,1,0.0167107832951064,0.0151028822363084,0.832486452275176,0.833766972672374,0.834479247158509,0.64699646667628,0.646042937689731,0.0153391817015422,0.0236143435526269,0.0247219480589506,0.00907590140105335,0.00799483479421654,0.000758689347870387,0.00675599135444389,0.0137953818585083,0.00640506540223911,0.00568145021938879,0.00266163153211731,0.180523677547585,0.206881300244391,0.00221538778813875,0.00127551935842011,117.701278339185,15.3961426455788,1.1827712273489,6.0753039324355,0.844458647758076,3.35729652599795,0.535157580458472
source/48kHz_DE_data/OR/Centered/0007/OR007@6_2.mat,OR,train,1,1.0785,2.107,29.9979166666667,1750,1.02095360519489,0.640913439455965,10.56062,5.34511795805477,7.02622104817286,0.089560218915033,0.293092858475375,4.28051133960437,2.14164162175464,3.6,0.820692674519642,0.097728340706255,0.916399890811465,1,1,0.0148604130766501,0.0130779351228316,0.820617907908963,0.821290199469641,0.822188073097248,0.634595407114065,0.633910571543155,0.0160140255352324,0.0236361335796638,0.0247744001552131,0.00860054985963346,0.00744300395844936,0.000524357317904044,0.00806805082092327,0.0162476549406574,0.0075884503782598,0.00707914447040809,0.00294299945593181,0.181879218880415,0.212358956073089,0.00299757990402677,0.00191965687520764,137.27114211992,13.8968857991457,1.32458621150115,5.79070576591907,0.844506890249801,3.38320508354508,0.538734798076272
source/48kHz_DE_data/OR/Centered/0007/OR007@6_2.mat,OR,train,2,2.107,3.1355,29.9979166666667,1750,1.01922615160232,0.639953237310754,9.87118533333333,4.87636224607896,6.93445976006262,0.075034072974546,0.284662554461217,4.27855930801607,2.10971221414738,3.6,0.826882340497912,0.0961064880339627,0.930449515994398,1,1,0.0151367584783423,0.0130937406723709,0.826694070779723,0.827586973301614,0.828315198320508,0.639868282768697,0.63939391631108,0.0156361172731931,0.0247207702643214,0.0259776840050123,0.00912120212776014,0.00894001607171563,0.000543581307448691,0.00683350344731914,0.0138982226222505,0.00641240073205834,0.00595541406357798,0.00311398607351187,0.181832389114398,0.208350854666883,0.00328901869712652,0.00204546435362251,131.065895450679,15.6432191846402,1.32168759396855,6.02065624052126,0.833359701413284,3.18979462691116,0.535035169832245
source/48kHz_DE_data/OR/Centered/0007/OR007@6_3.mat,OR,train,0,0.05,1.0935,30.000625,1725,0.994362585694986,0.622985207038209,9.970928,5.04653722634678,7.34425391206658,0.07602696109267,0.292317738294395,4.50824795435186,2.40143152503656,3.6,0.835782791410736,0.0979001653336316,0.912323402859798,1,1,0.0126246081217994,0.00975168806935683,0.835647792667504,0.836475748679491,0.837456599624722,0.599140566394943,0.598724943004666,0.0294253461620013,0.0329260884322834,0.0352378575645472,0.00336267844887029,0.00319861000533482,0.000594269824927289,0.0062247722265329,0.0157113786152242,0.00580035935491164,0.00534466604125516,0.00245660134351575,0.211568364904692,0.243589274849496,0.00168511060036707,0.000836915473240446,162.134771625182,11.6311366555304,0.850886413781996,6.63227183324723,0.857084073504136,3.33842389194392,0.551273087480491
source/48kHz_DE_data/OR/Centered/0007/OR007@6_3.mat,OR,train,1,1.0935,2.137,30.000625,1725,0.993021173575541,0.619322638178698,10.057316,5.12385103935448,7.4618751475965,0.0904724641033692,0.308086103509278,4.46665960212434,2.42368966794492,3.6,0.816628090527936,0.107779253543146,0.903946020877681,1,1,0.0141582790516871,0.0112199802427979,0.816567493923249,0.81717216889173,0.817971702361811,0.586453509568001,0.586123061718523,0.0276947664938163,0.031974483278157,0.0341211329789701,0.0042644591283361,0.00399994317360121,0.00129552614176021,0.00838799926056315,0.0188893487916935,0.00795134280351199,0.00672226692346859,0.00417858161236329,0.210065339194032,0.244987832343082,0.00275001528579053,0.00148589235520075,158.274273244571,11.6619680327613,1.04905493984747,6.37779937457288,0.863694261907057,3.40736055518152,0.55500009203312
source/48kHz_DE_data/OR/Centered/0007/OR007@6_3.mat,OR,train,2,2.137,3.1805,30.000625,1725,1.00127803706149,0.626168075864045,10.0331106666667,5.02940631099878,7.36739890095031,0.0767452167349172,0.296900060306881,4.5072756703326,2.4202449241988,3.6,0.827553679633015,0.10203549871605,0.910631785288467,1,1,0.00907012537109313,0.00836299371541418,0.82750072791507,0.827838111412624,0.828004958849699,0.591846770033421,0.591516836973472,0.0295868641474018,0.0334711560127442,0.0350972990587457,0.00402954808410075,0.00361830740702661,0.000908175254633121,0.00716970703718092,0.0180690954284234,0.00674622670776199,0.00593199224276434,0.00219328700250007,0.210491939135724,0.244823681268972,0.00166757692307929,0.000921470775616956,173.485033208404,14.0833418644662,0.96112169708616,6.62458391350441,0.855665995695214,3.35664872021819,0.549559585549108
source/48kHz_DE_data/OR/Centered/0014/OR014@6_0.mat,OR,test,0,0.05,1.052,29.9932,1796,0.138707813436187,0.10930405070605,1.15134830769231,4.210421261356,3.25377218096978,0.000227210808452193,0.762230242588688,5.09615375719047,3.58617169364699,2,0.219864748626814,0.267831135101558,0.744359823786289,1,1,0.0205120259151248,0.0136952973052059,0.16119115983072,0.183914754032317,0.196539514363928,0.143840454407848,0.11933348205754,0.00667260128773025,0.082278777596177,0.1198984916297,0.077753177032567,0.0709551741791722,0.0228426985957316,0.0386943836538721,0.0535537394036413,0.015601281970216,0.00422198560117186,0.045249784405516,0.116733876789998,0.169046613142758,0.0341663701327939,0.00965853425133509,2.88546576789813,1.94202732734252,0.741794453218263,0.719768811384687,0.57020619412471,3.80893078237683,0.832524198200861
source/48kHz_DE_data/OR/Centered/0014/OR014@6_0.mat,OR,test,1,1.052,2.054,29.9932,1796,0.135569292209677,0.107807154861526,1.13424184615385,4.26491322008206,3.13439740625141,-0.0075321899650092,0.798307297529425,4.79367363101679,3.5694228201743,3.6,0.186000542014409,0.260596035589867,0.656585299661231,1,1,0.0358755247233282,0.0182845422870088,0.167339749980655,0.187396872706037,0.217511187244398,0.150507795641004,0.125850190238008,0.0266637588258209,0.0392126092644457,0.0656807440041782,0.0291547215238861,0.0142304778475406,0.0179634697030124,0.0548727428281453,0.0698299686364858,0.0384666905805905,0.0170010682882947,0.0625293627585108,0.142099281419027,0.191705811032275,0.0455803299691954,0.0298210989609348,2.75331510618467,0.888030317673968,1.07425059051432,0.938970397586858,0.546708103120758,4.57679655689307,0.821444407150128
source/48kHz_DE_data/OR/Centered/0014/OR014@6_0.mat,OR,test,2,2.054,3.056,29.9932,1796,0.157946524169932,0.119638328030834,2.22217107692308,7.10138339552339,5.85178680827069,0.0224667597469559,0.802897634696793,4.18024737648901,3.73870043164747,3.6,0.102005772362794,0.342653064100503,0.607428380680567,1,1,0.139571892704931,0.0521112354364165,0.0952680205706824,0.110724093345922,0.160199588105203,0.08363824839551,0.0702562110299965,0.0211077387682143,0.0454486653955735,0.0596336569662306,0.0375733529591444,0.0129961870026275,0.0289002937688009,0.0535684551402576,0.0648993060380906,0.0412474842032585,0.0223197657992788,0.0983151044944907,0.168965207136792,0.194317558919678,0.0919443581263681,0.0591905227800072,1.29957219103568,1.19171949483528,1.71805186687661,1.82598663027067,0.666132865624466,13.3240561469747,0.855598585448097
source/48kHz_DE_data/OR/Centered/0014/OR014@6_1.mat,OR,validation,0,0.05,1.066,30.0058666666667,1772,0.132485801341129,0.105198908009943,1.08125353846154,4.19711070127626,3.09236990635811,-0.0271504076298172,0.83999432233612,4.98710475977346,3.91352458767645,1.6,0.185713107783134,0.299021879075396,0.62804356585465,1,1,0.0754132458403705,0.0388771260385599,0.0610456594762834,0.0979436765234848,0.120003907750541,0.0409137640531341,0.0235917149413944,0.0476521765152185,0.0671257715840144,0.0838989983642549,0.0414769893613522,0.0322464564363268,0.0369497199152504,0.0741309372963818,0.08075010415842,0.0548672425242979,0.016045776112114,0.111497317512912,0.165400244132748,0.211080190901392,0.0609211742624851,0.0419792159991681,1.19867942394958,2.08935133696662,1.68242853159674,1.24110455275606,0.52240984853026,3.06036532975212,0.759302477256725
source/48kHz_DE_data/OR/Centered/0014/OR014@6_1.mat,OR,validation,1,1.066,2.082,30.0058666666667,1772,0.138042989968174,0.109920602634769,1.19202830769231,4.50462106154358,3.06269035985626,0.0171970252673104,0.843919872160274,5.29370029738869,4.22531567216604,1.3,0.299378955804159,0.308403136226818,0.561289796081242,1,1,0.0657811840615455,0.0359221462282385,0.0543723976816195,0.0690749730431116,0.0922706766197771,0.0276636993860794,0.0247456062719879,0.0131996339510448,0.0458593156687157,0.063706241004225,0.0259859590438198,0.0158037853349373,0.0287287013043286,0.0471958552571082,0.080614674785733,0.0303693685986445,0.0112546082002649,0.0653903339897257,0.0995388469615167,0.192926952645413,0.0213453690224871,0.00805043540084078,0.781390975791144,1.02736302263488,0.852631008500791,0.688247772710886,0.530906850994532,3.08562042565529,0.767329948783573
source/48kHz_DE_data/OR/Centered/0014/OR014@6_1.mat,OR,validation,2,2.082,3.098,30.0058666666667,1772,0.135584913982964,0.107498933778502,1.19098523076923,4.4289845645578,3.16720637564654,-0.00490664755424976,0.823620981312528,4.81989375565376,3.78771946743969,2,0.150639303944435,0.337513450425508,0.654324520372586,1,1,0.102194138950325,0.0648231427985591,0.0686922050313284,0.0950786503430968,0.12591611095871,0.0358263824702759,0.0125732469468629,0.0146669433786803,0.0371844281535183,0.0952632944886845,0.0270557203891557,0.0145736399303089,0.0140516942830669,0.069330813285379,0.0861906050227724,0.0514807097703215,0.0309066218754747,0.0445484548632106,0.14082276241639,0.203153501309598,0.0174752801864127,0.0117019947511895,1.54388818431901,0.49696703749647,1.08524677975885,0.892362149228008,0.539676511330433,3.16345954665858,0.74823268307059
source/48kHz_DE_data/OR/Centered/0014/OR014@6_2.mat,OR,train,0,0.05,1.079,29.99535,1749,0.180812037210442,0.12827917987418,3.76383876923077,10.4500852876074,14.7878109342548,-0.0225419573799863,0.744514067311604,3.67470239981828,3.24823085626607,3.7,0.172373564367845,0.392894039743777,0.459589580609076,1,1,0.206489839831178,0.113822769150744,0.0875188116966762,0.266917210760108,0.336065850032593,0.204741774345271,0.10113667490089,0.0108716102230749,0.0257004390311818,0.0415384071521993,0.0196619662675866,0.0112720637774412,0.0101685340017976,0.0191518887902446,0.0377898146166369,0.0147915785662997,0.00614371968056045,0.0532162907372289,0.0879839135341909,0.126344404494418,0.0127232688864586,0.00451626899797698,3.59802202362582,0.872869991472378,0.499982652932453,0.945783859612485,0.841996361573871,40.1450827882487,0.811849556489888
source/48kHz_DE_data/OR/Centered/0014/OR014@6_2.mat,OR,train,1,1.079,2.108,29.99535,1749,0.145277728924397,0.115289444669891,1.24459938461538,4.36034821131993,3.18904650180872,-0.00336212294704721,0.828933186380051,5.75597385804775,4.40917902847266,2,0.173159083126745,0.310490816159585,0.596424191214868,1,1,0.0118869986492059,0.00917578458194598,0.0332978674318006,0.0647633933400961,0.102655662655554,0.0424195312178853,0.0186911091252599,0.0195851213700942,0.0360608415165565,0.0852207717606982,0.0269942504092837,0.014118285358371,0.0239544813000241,0.0531013650715402,0.0937797829331584,0.0283436546486356,0.0119338672741834,0.0812895824628538,0.127881075666979,0.184157690534475,0.0509630911234805,0.0277801454794436,0.671025605105463,0.587788354960552,1.17061908912003,0.837614150975071,0.535069850371176,4.21295302119922,0.764305482847158
source/48kHz_DE_data/OR/Centered/0014/OR014@6_2.mat,OR,train,2,2.108,3.137,29.99535,1749,0.138488638801464,0.109894393304787,1.22019138461538,4.43849840650148,3.13506964501501,-7.11560218239634e-05,0.832290133785494,5.24057602274687,4.11199428772496,2,0.185548060610333,0.271254777045139,0.625785883024614,1,1,0.0866535958926884,0.0350260871390177,0.0679270394535956,0.0888635094019053,0.142013812431969,0.0613043486619997,0.0446093546143054,0.0216882222503796,0.0631579471639008,0.102238178012795,0.0572455796300534,0.0273721587866514,0.0119281838062914,0.0358397447497217,0.0570224231443882,0.026067906411225,0.0184967444298023,0.044598885933034,0.123673145496034,0.205040752924786,0.0539322523187199,0.0219632014087112,0.914221093260456,1.05653103966847,0.664195827903478,0.727151868948435,0.544642514947215,3.63955958741354,0.760797775268638
source/48kHz_DE_data/OR/Centered/0014/OR014@6_3.mat,OR,validation,0,0.05,1.0945,29.9945583333333,1723,0.151961228487034,0.121486467384961,1.36601353846154,4.50912329233176,2.9703508539507,0.0181443489487049,0.830828686157421,5.55120874036722,4.58734715409681,2,0.140117891184464,0.350963256820453,0.495138303492591,1,1,0.0549018760492991,0.0272541251202867,0.0621082976297676,0.10130298068996,0.182803746743875,0.0642453692642135,0.0444472140852555,0.0681695047888606,0.075593073470403,0.0981518809323539,0.0492795636367342,0.0333222021910598,0.0251201042747505,0.0394855921896122,0.0610554652614458,0.017807464351984,0.00683903493972495,0.0510229876206217,0.0902006905421533,0.158037957617781,0.0195149866542336,0.0105883839482707,1.24237378665309,1.46740949349883,0.908244223786686,0.677976583384206,0.516424054627212,3.2355245203602,0.799027468741037
source/48kHz_DE_data/OR/Centered/0014/OR014@6_3.mat,OR,validation,1,1.0945,2.139,29.9945583333333,1723,0.154321850229792,0.122993708274361,1.25169230769231,4.2880943747946,3.02866135107094,0.0144943848710899,0.837741491464082,5.33412801136742,4.43711579884408,1.4,0.198207939208561,0.30047121707953,0.462889796043535,1,1,0.0607686684438551,0.0369202702268513,0.0632253357093621,0.0949371946888233,0.149636362312846,0.066662086881254,0.0442467316699742,0.01448675064499,0.0257608782991684,0.0586028892980177,0.0198010009493612,0.00938713110164251,0.0121184250386852,0.0483313904235685,0.077481925197304,0.0185939773968279,0.0131572243833809,0.0659424474208895,0.116757187055586,0.160328461967105,0.0481398062519087,0.0277117151744608,0.954315066183036,0.373967627615216,0.90183085686606,1.14463404800596,0.511430278431184,3.01331127826336,0.805305222547513
source/48kHz_DE_data/OR/Centered/0014/OR014@6_3.mat,OR,validation,2,2.139,3.1835,29.9945583333333,1723,0.15192543718939,0.120969826644618,1.33242646153846,4.4979846022377,3.02858370842314,-0.00131759810854062,0.802788748943459,5.27803710369952,4.47987287062516,1.6,0.194151798969452,0.351695594597983,0.53084419588777,1,1,0.047555329981905,0.0233895816499319,0.0314104695536625,0.0491208970690368,0.136724042997657,0.0222836250410893,0.0168543939482753,0.0133982825372458,0.0507370989771355,0.0918692280518289,0.0356219428787061,0.0274440314797459,0.012169997484245,0.0470119637357963,0.0866317344472528,0.0294324495650933,0.0246736888573872,0.0725520010441354,0.135003998720015,0.193580487731836,0.0627752070375242,0.0358873861816385,0.504511917097942,0.581187203711605,0.871951024634187,0.988901647388615,0.525281764042603,3.39940772364616,0.798303694047249
source/48kHz_DE_data/OR/Centered/0021/OR021@6_0.mat,OR,train,0,0.05,1.052,29.9932,1796,0.64875577995916,0.337455963656245,11.9732933333333,9.59312932351978,18.9087660557459,-0.315908035535564,0.506642059269617,2.90543394337509,2.1506215757762,1,0.296715969255975,0.463239416021996,0.507147381862463,1,1,0.0288949975080918,0.0270601587620498,0.222854882863772,0.224193242754223,0.224897308628978,0.187924804462948,0.187275707147102,0.00568415592324143,0.022406857691667,0.0491740314768963,0.0167708186908377,0.0163974553020888,0.00136401933799096,0.0573404411221021,0.0623312085730159,0.0569893694221376,0.0557171187500884,0.00495240129924841,0.0974813613992737,0.203587908310006,0.00809094286849254,0.00626289685919069,10.1805140498784,1.4021999539693,2.49356201052854,0.869456154799409,1.54945832582415,15.9898090015487,0.777609899871747
source/48kHz_DE_data/OR/Centered/0021/OR021@6_0.mat,OR,train,1,1.052,2.054,29.9932,1796,0.658414459823611,0.340189526094923,11.9081893333333,9.49446017490423,19.6264345446067,-0.233792964807832,0.515684720174846,2.80828974143444,2.10930706457143,1,0.306552597290014,0.481346910776283,0.485140958891444,1,1,0.0397156949544074,0.0363768141879747,0.200955696776767,0.203957514273924,0.204840044647168,0.172692113229636,0.171253259435079,0.00515453022073281,0.0209418389415547,0.0465990422605893,0.016937562736965,0.0153379286806361,0.000681562651742531,0.0545348191673667,0.0598932078800001,0.0540231937478027,0.0535834841253623,0.00429065043497323,0.0939070281740296,0.201206786742881,0.0107020445370708,0.00975111252604367,8.67534299582661,1.28937989543272,2.38732836303953,0.820453109089346,1.57301468922886,16.5430872998121,0.786689127194007
source/48kHz_DE_data/OR/Centered/0021/OR021@6_0.mat,OR,train,2,2.054,3.056,29.9932,1796,0.689060823874215,0.349281272492302,14.9530533333333,11.1416801549918,22.3795890517871,-0.100685071709695,0.49544537445905,2.86519868891868,2.07406575641641,1,0.327866187437421,0.473249623436101,0.480752392288214,1,1,0.017857207032107,0.0152269345279229,0.207085783185677,0.209832320642326,0.210372181766856,0.179056475432836,0.175973516939106,0.00384442420355878,0.0237475318095486,0.050162836640869,0.0203695789876594,0.01951482859198,0.000413324762544952,0.0553801648100457,0.0605424542171265,0.0549923941881559,0.0544050854719451,0.00230317878613943,0.0878338262424997,0.205755641227221,0.00485131709213152,0.00330233735454199,11.5419664859091,1.56597167658645,2.43895056881567,0.704966810115856,1.58771443902597,15.0195490122035,0.811261035856616
source/48kHz_DE_data/OR/Centered/0021/OR021@6_1.mat,OR,train,0,0.05,1.0665,30.0036916666667,1771,0.641686638216924,0.323302967647873,12.6819253333333,10.23709782198,21.8919424351639,-0.27010792957781,0.533830395457283,2.95066778828594,2.18504068998487,1,0.284813868737368,0.460809785401973,0.520565735353984,1,1,0.0376941383940252,0.031263867615808,0.205931863582985,0.208833988305947,0.211414603940744,0.176703760880347,0.174820457004832,0.00328453698313883,0.029409247465918,0.0571293024701904,0.0263443282268981,0.0257968121813523,0.000858024565769886,0.054966823510041,0.0636607202207132,0.0538030072359138,0.0527840266144812,0.00606318996920057,0.0951519239094508,0.200436186458586,0.00985333149807513,0.00622923284119644,9.51178777627607,1.61640154926652,1.97593199194888,0.802318773104155,1.59649906582711,17.2120719542281,0.728377773061496
source/48kHz_DE_data/OR/Centered/0021/OR021@6_1.mat,OR,train,1,1.0665,2.083,30.0036916666667,1771,0.623562833406225,0.3183532973165,12.8213146666667,10.6702385523746,20.7357179353464,-0.340247243422703,0.488841931588402,2.98338905130822,2.11504345763648,1,0.31117906705495,0.459927396436702,0.515748303907898,1,1,0.0135921553678013,0.00862030386007801,0.221424901248357,0.224603138529911,0.225280293192655,0.187945294493854,0.185774314080703,0.00227808924968391,0.0337910323473128,0.0619984121807533,0.0314406051606307,0.0310353354690731,0.00124857806578036,0.0613945013064373,0.0666131620043594,0.0606166917598551,0.0598185438889376,0.00298693457871439,0.0976562008693407,0.204365274598705,0.00161865576075073,0.00123815591651704,13.8862321324913,2.19910892165689,2.65002734010267,0.793565958933648,1.54892126867498,14.8400431486246,0.754690151388057
source/48kHz_DE_data/OR/Centered/0021/OR021@6_1.mat,OR,train,2,2.083,3.0995,30.0036916666667,1771,0.598487708251923,0.30985182613938,10.7505066666667,9.19109017562357,19.3345930638884,-0.414870526870195,0.493608759273781,2.90224321694588,2.0968887781406,1,0.339314243348678,0.490684149930153,0.531710047491623,1,1,0.0146622495026346,0.0128401486754317,0.210028946594218,0.211547026627514,0.212388993651413,0.178112284226843,0.177013265013285,0.00350030162371798,0.0344058692160987,0.0596584517231185,0.0315751390037673,0.0307311632302265,0.00113305659749376,0.0559365383493243,0.0635245737742581,0.0549726080305614,0.0543152630885373,0.00438281509132954,0.0910114092877388,0.188652315979529,0.00352853990154216,0.00127438838038228,11.4188129233145,2.26525664805853,2.58249659058848,0.73056992613584,1.55872457933244,16.0339546034222,0.781589300021876
source/48kHz_DE_data/OR/Centered/0021/OR021@6_2.mat,OR,train,0,0.05,1.0805,30.004725,1747,0.627796013876918,0.325426172934969,13.516592,11.1121121506747,21.5234109153554,-0.34010601279585,0.505455278889506,3.01611344096749,2.13992409530493,3.6,0.218824782100738,0.456193106590428,0.530925276674848,1,1,0.0147531444816502,0.0133072310274799,0.218592365351961,0.219697288967029,0.220166871156645,0.184254292667431,0.183744627040091,0.00260800945569409,0.0376912639290414,0.0664196404048886,0.0361760762410727,0.0345367769113607,0.00317171525399782,0.062668088553488,0.0708055450499313,0.0619264012404249,0.0590542016986536,0.00511149243352518,0.10010626069009,0.201120448664538,0.00283533797128694,0.00211816825845356,11.5601116752427,2.18918559534071,2.44157412529139,0.827284781542132,1.50569768122352,17.553648658856,0.69925231213543
source/48kHz_DE_data/OR/Centered/0021/OR021@6_2.mat,OR,train,1,1.0805,2.111,30.004725,1747,0.606295888335958,0.309033010353229,14.1192213333333,11.8362410969288,24.2122133540434,-0.422286873166425,0.528223018717388,3.04251225786135,2.22141190463198,1,0.305254410184339,0.463675288202591,0.528733988918235,1,1,0.017905554820056,0.0166799456014797,0.201387085447845,0.20257078412318,0.203679462085933,0.166236865977335,0.165308416406541,0.00346444948136524,0.0375559454307497,0.0672504203718589,0.0348903710133381,0.0336803486982045,0.00302550683632311,0.0594986867355235,0.0707534003738162,0.0584233667619192,0.0558830851885715,0.00831653481803781,0.10290689855208,0.193216672281594,0.00919209198441012,0.00494367226685727,7.32304560831599,1.8496346774398,2.11393966279388,0.858681029774375,1.55001433417113,18.807528912017,0.732495896648524
source/48kHz_DE_data/OR/Centered/0021/OR021@6_2.mat,OR,train,2,2.111,3.1415,30.004725,1747,0.606836182987818,0.313867198922573,11.5701493333333,9.57637257901068,19.6697258895394,-0.259383053449587,0.533895979485619,2.89991840316004,2.15025793179245,1,0.304501407575559,0.482516683502199,0.525623896863451,1,1,0.032339055632809,0.0313507091603711,0.195779123021738,0.197523918325523,0.198541437708805,0.164714819951764,0.163197960508303,0.00326685130327504,0.0318407879067162,0.0562536150933589,0.0287008499048118,0.028385778594981,0.00418383911994709,0.0580854322581642,0.0675286301811217,0.0569631939474942,0.0530104171806531,0.0097078071508346,0.0980381377800304,0.1877806743455,0.00984579355136333,0.00553694664860848,7.43248118798668,1.86244601027517,2.29035953801435,0.860098099189743,1.59667542817221,20.1058828191729,0.761380394140247
source/48kHz_DE_data/OR/Centered/0021/OR021@6_3.mat,OR,train,0,0.05,1.097,29.99655,1719,0.572683745239606,0.300426767567402,12.4390373333333,11.2684762497359,21.3732189090622,-0.410126122788031,0.522598363951255,3.15567574944424,2.40820293533159,3.6,0.246427045352518,0.451340706885349,0.545878068596152,1,1,0.0194951541173418,0.0172519920634945,0.244659586090862,0.250755879050686,0.252566980599681,0.205729930922494,0.203331951168797,0.00589484718102367,0.044119559133241,0.0682683633906495,0.0403289481275114,0.036471579417539,0.00191513065802174,0.0512990567536838,0.0592357307511528,0.0498840037745112,0.0486482941121013,0.00603943471924048,0.0938637971793836,0.177904709430268,0.00196835699226356,0.00153150177223677,13.1989261934903,2.91410151895015,2.101186156804,0.812503312602161,1.48923669974226,21.4049861854753,0.697007008655164
source/48kHz_DE_data/OR/Centered/0021/OR021@6_3.mat,OR,train,1,1.097,2.144,29.99655,1719,0.574074169489601,0.307006102350511,11.2371173333333,9.8818372245559,17.474085137299,-0.269251161587046,0.53526193675823,3.03052867980894,2.35245394138254,3.6,0.228878318505636,0.46605514926499,0.566616633632409,1,1,0.0331099359560937,0.0318662443161612,0.228287565083581,0.230029828776583,0.230855812483283,0.194914050357369,0.194160189027217,0.00388950630499727,0.0326868116829584,0.0647211836206334,0.0284034672695166,0.0281787149460313,0.00211350237574199,0.038631333424246,0.0471530550247699,0.0363982152461023,0.0342370778038525,0.00523901499896035,0.078544821570444,0.15799160409332,0.00869994865299859,0.0061828640870959,9.30669746151168,1.422032381658,1.12704135891321,0.677256860147173,1.45048992743526,22.0647139782409,0.672035801899136
source/48kHz_DE_data/OR/Centered/0021/OR021@6_3.mat,OR,train,2,2.144,3.191,29.99655,1719,0.596895414315805,0.310030544941666,12.7587146666667,11.1091028738435,20.2749814807086,-0.132491287198202,0.56486311517669,2.81886014732049,2.21383371119118,1,0.282182857078808,0.494575548773864,0.528302473880295,1,1,0.0522060576331004,0.0461675039557985,0.16848987878788,0.17166082367945,0.174778431612251,0.145761472988844,0.143387639220391,0.00365402499852878,0.0249120045585502,0.0556450610965703,0.021795974348036,0.0209968272778392,0.00667263167624004,0.0439762244422515,0.0510596665591943,0.0421323943968022,0.0358577976016164,0.0152095786933348,0.0880039139466723,0.174328271482927,0.0211704645976683,0.0134355347152607,4.85813813624302,1.0394150777676,1.46787360419546,0.764095649006651,1.57352634736241,24.6569907217768,0.698981773949435
source/48kHz_DE_data/OR/Opposite/0007/OR007@12_0.mat,OR,train,0,0.05,1.052,29.9932,1796,0.220627063024023,0.163562181219902,2.75017661538462,6.34627406225285,5.73779308731925,0.0224083090141175,0.625358473733625,4.5477222147517,3.24279871417858,3.6,0.412103572355019,0.261221032898596,0.749738468993893,1,1,0.0560549736637347,0.0456756252001761,0.410319226248576,0.419472153534751,0.43607496108209,0.27284273036802,0.267100799554839,0.0450032685615827,0.0657032749735818,0.071894799207727,0.0277258902103252,0.0155220853232655,0.0048141185019684,0.0169378931591425,0.0588419498318602,0.0137029410597346,0.00844965147180772,0.0215100390881913,0.150366066848105,0.216132010768669,0.0191758927088531,0.0101640962800231,8.40464564002942,6.15835982360037,0.496652599382538,1.65472271660092,0.682766622521405,10.8122337398108,0.85895158576091
source/48kHz_DE_data/OR/Opposite/0007/OR007@12_0.mat,OR,train,1,1.052,2.054,29.9932,1796,0.199768442634535,0.149859268972023,2.16042092307692,5.55123999301214,4.8004877396263,0.0361098849789456,0.668264607109769,4.6455403876587,3.19239810801957,3.6,0.386945366989165,0.218219482284482,0.736540010263438,1,1,0.0591055815254186,0.047104517474999,0.384726871621752,0.395200191250351,0.400936558917968,0.273719446372844,0.266027884881113,0.0485648748085865,0.0720221620375889,0.0843256538954045,0.0413125428770104,0.0221072926774588,0.00444308720435154,0.0247057132901267,0.0630126089172453,0.0174001412932854,0.0147230766270358,0.0216830089724836,0.13875455085511,0.206790222277538,0.0207550540486277,0.00673601863981416,8.09493302215883,4.36526035694875,0.683513724296388,1.42444657842532,0.661289561231975,7.09473344610463,0.848765879741382
source/48kHz_DE_data/OR/Opposite/0007/OR007@12_1.mat,OR,validation,0,0.05,1.066,30.0058666666667,1772,0.276324550547813,0.183655476012889,4.25199876923077,7.69741988416531,12.3354749566911,0.0291896201669544,0.636380290455568,3.71897435236314,3.08432372672729,3.6,0.252655110095981,0.372548244451514,0.56205639346503,1,1,0.0532384630208088,0.0441790871924956,0.251961396514813,0.254565506071063,0.263103566748541,0.172193529125116,0.170330405380517,0.0255405880685041,0.0395393968755283,0.0636194224005557,0.0152730263822107,0.0129314336657881,0.0136122610818965,0.0569723591286954,0.0730581211066588,0.0510971594317497,0.0385370157995425,0.0232911299739032,0.138124083631368,0.224971069905453,0.0248448994182858,0.0166563595702865,6.34569541093344,1.77693362922423,1.56026700772216,1.39725999714803,0.960165548786228,18.5695907628681,0.89283272438045
source/48kHz_DE_data/OR/Opposite/0007/OR007@12_1.mat,OR,validation,1,1.066,2.082,30.0058666666667,1772,0.261357779719231,0.178167017214303,3.43193169230769,6.60543523549228,9.4911207112512,0.006460434216514,0.626744617847958,3.91046763650912,3.06884097035799,3.6,0.300899649496816,0.324776443206502,0.575034376564493,1,1,0.037539069610041,0.0293377233865526,0.299553471965649,0.304384067219009,0.307335094997913,0.197904673371875,0.196408011638238,0.0249069704517781,0.0401078999307581,0.0667985750316553,0.0196923853857454,0.0139840500626852,0.00675686121516275,0.0443979749262586,0.0604889178109461,0.040351736549086,0.0347643395124626,0.0225541174879799,0.15480674705317,0.226161125158792,0.0287130240595509,0.0174066547846082,7.77320097905717,1.68177952505139,1.01602261911758,1.56144783341286,0.923835110224293,13.6642556132499,0.890240570306645
source/48kHz_DE_data/OR/Opposite/0007/OR007@12_1.mat,OR,validation,2,2.082,3.098,30.0058666666667,1772,0.256619188835547,0.176278293193519,3.42609046153846,6.68315356656531,8.72244890916,0.0322660694713841,0.628818696464846,3.96666773329985,2.95547032531124,3.6,0.30854335796229,0.310475739131198,0.585831011033642,1,1,0.0396025248738975,0.0268697685072728,0.305961149693196,0.318156235524614,0.327435105086947,0.210820800223491,0.204952408771892,0.0267280932647493,0.0526916966731555,0.0808047190261841,0.0317919823022285,0.0241029921668335,0.00187926677981795,0.0404811531494685,0.0554188590177717,0.036942123945497,0.0353000944027588,0.00989739607100098,0.132227535073939,0.196744780291376,0.0107840500147941,0.00795830344206803,7.20607363288583,2.37976738007391,0.916406294542233,1.33115515240091,0.900728039582151,12.1209377731838,0.886073988791392
source/48kHz_DE_data/OR/Opposite/0007/OR007@12_2.mat,OR,train,0,0.05,1.079,29.99535,1749,0.260343197368634,0.175975672151065,3.79554830769231,7.3394842400329,10.3748822305482,0.0503047557062614,0.624482113088447,3.6928673031711,2.81464448138183,3.6,0.278044674736988,0.333020436263106,0.606047187332935,1,1,0.0583597208048269,0.0535483073289414,0.277356681461557,0.279506158071879,0.283700784306465,0.210358012957728,0.209081094335807,0.0183570721542068,0.0435348578441492,0.0606075459563547,0.0315821887282478,0.022753057831141,0.00660097647939982,0.0374446236076933,0.0493457264778529,0.0335317111908082,0.0273648022736649,0.0130752797707878,0.110794746204333,0.190971827970024,0.017062925860418,0.0148080323765452,4.68396332449096,2.54666845566767,1.1052092448169,1.00779090375765,0.963368900354894,16.8553863443723,0.877894639715355
source/48kHz_DE_data/OR/Opposite/0007/OR007@12_2.mat,OR,train,1,1.079,2.108,29.99535,1749,0.259848999304768,0.173658340580099,3.97933846153846,7.70277721773129,12.0152904142844,0.0497520580328617,0.647844977074298,3.62061120112053,2.84200030694664,3.6,0.241994176263352,0.369097602800508,0.573140741054782,1,1,0.0571036001222107,0.0495303564600656,0.2401089283018,0.246218404672914,0.256049133531455,0.17520500514482,0.170142469850024,0.0220247371933963,0.0464764491387014,0.071073934368131,0.0302117123990643,0.0208165886517692,0.00482339580209225,0.035946857514596,0.0467426526386311,0.0329632581450759,0.0276274206062271,0.0173355129446875,0.117068479456545,0.196739780094097,0.0250846986229932,0.0167195835627675,4.69155267170271,2.14498882862619,1.1594035042584,1.01821471494526,1.02134206930533,19.2989727159619,0.872498316580181
source/48kHz_DE_data/OR/Opposite/0007/OR007@12_2.mat,OR,train,2,2.108,3.137,29.99535,1749,0.256234574101218,0.172449318609312,3.95347015384615,8.09235850172204,10.5815278689911,0.0181224020074219,0.624588159693045,3.66746656942468,2.87460240965434,3.6,0.264573595027723,0.350838849152256,0.562704203173433,1,1,0.0431844552115658,0.0401531017494429,0.262908340196181,0.26497792164017,0.27199745950458,0.194956232102538,0.19324306516372,0.019278186126816,0.0408007528602432,0.0665835941764407,0.0241852556969866,0.0162174762066077,0.00406669286607354,0.034813018606755,0.0438931726883565,0.0312954418512335,0.0252281744738195,0.0123463142535484,0.107793191839032,0.19296802327687,0.0158659126399739,0.0108284130316538,5.24104987467069,2.11883410774807,1.0060461411291,0.987993001491118,1.00227202895226,16.7228994253184,0.87630691493611
source/48kHz_DE_data/OR/Opposite/0007/OR007@12_3.mat,OR,test,0,0.05,1.0945,29.9945583333333,1723,0.242895443093469,0.168160220425281,4.08468923076923,8.48375384683121,10.6351890374813,0.0273788643893747,0.642210654725206,3.94556859077966,3.08538350758667,3.6,0.27516862717927,0.312778256991859,0.603649767718299,1,1,0.0520855836401752,0.0488635725710576,0.273677909397274,0.277194573007626,0.281672257407672,0.201181591148004,0.196846229880882,0.0155380219416789,0.0348172301341591,0.0577039553786103,0.0182733052707327,0.0174567594046615,0.00190184519624193,0.0379719691293697,0.05464551635911,0.0335901737616304,0.030357920656817,0.00900649531938259,0.118572262671748,0.214777291072231,0.0161111683972371,0.0146715104584654,4.89430957831912,1.46395719281839,1.06388821885999,0.986576292735075,0.925780630632911,19.8294353163776,0.866284584792785
source/48kHz_DE_data/OR/Opposite/0007/OR007@12_3.mat,OR,test,1,1.0945,2.139,29.9945583333333,1723,0.243529505651841,0.167300569648206,3.67017046153846,7.64106948828529,10.3917233424089,0.0336956323051855,0.658969750373863,3.70409556375126,3.03668181311044,3.6,0.236342250690034,0.351047606396929,0.577145459471372,1,1,0.0625104458534173,0.0554343395167548,0.23545134808498,0.240115354971784,0.247016893900988,0.183834508127849,0.181044901647273,0.0155111788275899,0.0324310442372922,0.049236860433791,0.0179287079056987,0.0148057945028939,0.00460457214610043,0.0301715739854425,0.0465281429363357,0.0257866080140862,0.020731568334645,0.0139049933115013,0.103469778429905,0.193460393511301,0.0282773232864654,0.021403774124611,3.93908314036488,1.52342959190825,0.823270222186113,0.929389148131126,0.939418928534267,18.8191556937324,0.867455498656181
source/48kHz_DE_data/OR/Opposite/0007/OR007@12_3.mat,OR,test,2,2.139,3.1835,29.9945583333333,1723,0.244521170446061,0.168184917594151,3.78344861538462,7.7516678840989,10.4994593117656,0.00495259777988457,0.671568846500223,3.64817879927734,3.04815558206468,3.6,0.242842188995464,0.375554215544405,0.589136134255955,1,1,0.0695068383153284,0.0571953158301553,0.240443178435618,0.245849509414041,0.252526813084617,0.182578248593104,0.178645027443919,0.0206449233298507,0.0397349182518225,0.0486973043495305,0.0226426936571913,0.0150404157813534,0.00688560902534805,0.0345250032138035,0.0410136033857807,0.0289930804135828,0.0222210697785597,0.0182038816114895,0.106007171311617,0.170135245070923,0.0221370896034301,0.0133840764259505,4.25842684985184,2.64621111482551,1.17024588185324,1.04676905030324,0.940540928596205,18.993803893194,0.864524812366795
source/48kHz_DE_data/OR/Opposite/0021/OR021@12_0.mat,OR,test,0,0.05,1.052,29.9932,1796,0.621865704134542,0.277445079712781,11.0009066666667,9.11831336638935,26.0316764612313,0.133585382083961,0.507495732503274,2.37690464429131,1.70897864225373,1,0.387359542855986,0.586897393654901,0.518828831165456,1,1,0.047093349121455,0.0446189978929971,0.115284967193765,0.1177802545349,0.118994585163578,0.111650660948385,0.109851615286845,0.000706945758265566,0.0200052221392819,0.0345339558333713,0.0196753029923794,0.0190418622623935,0.0011462762495345,0.0394215020253287,0.0468127656528759,0.0390162864801906,0.0380129756525479,0.00609554479349312,0.0573417762947922,0.155253533447316,0.0111028902301838,0.00751624337226165,2.90730466077806,1.6321824062688,2.05342801503324,0.399057981187557,1.87686590463892,19.2947774471245,0.96602937991255
source/48kHz_DE_data/OR/Opposite/0021/OR021@12_0.mat,OR,test,1,1.052,2.054,29.9932,1796,0.588665420485374,0.268712841222417,10.5259813333333,9.09821024791848,25.1685078842189,0.158631487230263,0.544009155365152,2.42481833667004,1.75632328500084,1,0.377451921529593,0.576317093521241,0.535011976617074,1,1,0.0554433366743679,0.0486603107341027,0.107907703733481,0.112274575651591,0.114664848064693,0.105828868862598,0.101933032163934,0.000358121912094869,0.0218974792611713,0.0382885094906231,0.0216008811305099,0.0207818107401707,0.00331567760453431,0.0413929979686146,0.0497506743950906,0.0405068000577222,0.0371538176639758,0.00999065415213618,0.0620561727410261,0.154132446106543,0.0135851179388536,0.0076752287732179,2.42764885609237,1.55091690363412,2.00957042912465,0.44601717511696,1.8166257713526,19.1887600751374,0.961443925821524
source/48kHz_DE_data/OR/Opposite/0021/OR021@12_1.mat,OR,test,0,0.05,1.0665,30.0036916666667,1771,0.541537363190225,0.262262221942911,9.37163733333333,9.13812568650106,22.1742130027414,0.165803913408885,0.50273152080389,2.3701715743167,1.66252020578409,2,0.192919580991382,0.596823787264971,0.571135235641127,1,1,0.044036087740385,0.0415552375448369,0.125249534289408,0.127823821971831,0.129398507410598,0.122997909616739,0.12105080744863,0.000566999818183505,0.0201574655536538,0.0388100525650587,0.0195156369871863,0.0192761992160172,0.00156427321878139,0.0345256774780164,0.0394387874209997,0.0339279155249904,0.0324215345357723,0.00749622007683696,0.0536962316250212,0.137648917480402,0.0141231206025728,0.00916909256069218,3.3890667870287,1.61732171964844,1.67201677481136,0.357382165434903,1.67695900082779,17.2192204279483,0.951398455643278
source/48kHz_DE_data/OR/Opposite/0021/OR021@12_1.mat,OR,test,1,1.0665,2.083,30.0036916666667,1771,0.554446400630151,0.264086033561675,9.80149066666667,9.10158255193662,23.1012324025459,0.143462129865495,0.504708723014614,2.36899865079741,1.70644402007245,2,0.201706640236902,0.599407036928092,0.571465338394661,1,1,0.0595460001479799,0.0565318165112628,0.108391336843041,0.109922136170009,0.111989617569896,0.106205237059361,0.10498570420057,0.000279791583559341,0.0202323391372535,0.0371443081094105,0.0196414688420072,0.0195319080680453,0.00155198814616052,0.0373206277252163,0.0435393556294063,0.0365716654563864,0.0352620180583934,0.00503375978704788,0.0499272320587162,0.138195864439103,0.00857009246870006,0.00569062534334998,2.28311356751687,1.54164281669803,2.1098889704469,0.335771660249079,1.70847139338616,18.0293239115616,0.950422827858188
source/48kHz_DE_data/OR/Opposite/0021/OR021@12_1.mat,OR,test,2,2.083,3.0995,30.0036916666667,1771,0.539768476555017,0.258276954898149,9.58865066666667,9.30933241407974,22.6391196067672,0.146385719981794,0.514282644307695,2.37117859139297,1.70580868369049,2,0.200141322265129,0.595856390679358,0.575395919218181,1,1,0.0518698649813183,0.0491736890900332,0.115213281636353,0.117686543599534,0.1200502746316,0.113621587516509,0.111873966049201,0.000659003536479468,0.0218903324469752,0.0389220595081319,0.0214081139479145,0.0206524241376704,0.00205118284044604,0.031945360934567,0.0396850210368804,0.0314440874885628,0.0295414440052577,0.0117110918074271,0.0555554404575943,0.13785486593732,0.018860551442531,0.0103648181628001,2.67024210366952,1.55322977763454,1.61824081836519,0.373820611204398,1.70615045891941,17.2005776534145,0.953026275321464
source/48kHz_DE_data/OR/Opposite/0021/OR021@12_2.mat,OR,train,0,0.05,1.081,30.0021,1746,0.46092311095518,0.241107859726143,9.08117333333333,10.1192977340545,20.8182992397267,0.153841290210695,0.489321738585316,2.37556429667808,1.68659267917452,2,0.219118931418741,0.612536997463851,0.591959399019516,1,1,0.0402462613079099,0.0381520490904057,0.134635160337169,0.13536018329916,0.137237773678179,0.131265151631076,0.130771976683528,0.000406251060890595,0.0232764830816367,0.0389960679972389,0.0226764974302391,0.0221497232109458,0.00201459670655959,0.03818487929592,0.044937045297847,0.0372509218386652,0.0353095162523058,0.00557986546057404,0.0514402038773073,0.136178868250321,0.00911763809035126,0.00556465006276494,4.17101650761648,1.91296889498961,2.63276563216766,0.327029374057918,1.48487376204324,18.1904417323668,0.928832377229483
source/48kHz_DE_data/OR/Opposite/0021/OR021@12_2.mat,OR,train,1,1.081,2.112,30.0021,1746,0.4792169354958,0.243207629322251,8.804064,9.41900206696525,22.3049454736605,0.174556172983925,0.517117025989251,2.38421344730705,1.70376956523107,2,0.195168729818586,0.598274531455276,0.586362071977286,1,1,0.0506437014998739,0.0433876269544616,0.126950143733248,0.128699950019874,0.133616232416492,0.12473409656086,0.123729323941776,0.000470653143168816,0.0220133939751807,0.0396365451782898,0.0214034166977897,0.0211488896697372,0.00349635216537077,0.0359336286470305,0.041702725243536,0.0351148275341494,0.0318921823175895,0.00823742798822927,0.0539025246277406,0.130336901913667,0.0139010123307413,0.010186208589719,3.11541467384918,1.74775834340817,1.93950755196269,0.367691566262138,1.55892479330147,18.7264999126067,0.939297096039574
source/48kHz_DE_data/OR/Opposite/0021/OR021@12_2.mat,OR,train,2,2.112,3.143,30.0021,1746,0.469595274179106,0.239330046880143,9.82235733333333,11.0333793083825,26.0945445157571,0.182619061640471,0.51804089132626,2.36624356159231,1.66369606040383,2,0.210011708902358,0.607737901755265,0.599069068995502,1,1,0.0470892821340802,0.038457993690064,0.132534309424595,0.133709331665391,0.139559327832634,0.12900942370036,0.127844432716611,0.000749233223662176,0.0214992045936858,0.0388072925460786,0.0209448771922052,0.0202024231786999,0.00177017004691939,0.0339933244808909,0.0374243319097707,0.0331503405613884,0.0314591649378884,0.00716413306335277,0.0525207357895259,0.12563544687356,0.0134298331179233,0.00735393162489355,3.57509896380384,1.90928927469694,2.05757907405375,0.342808628817234,1.55166296780261,24.8248471911268,0.931366229283859
source/48kHz_DE_data/OR/Opposite/0021/OR021@12_3.mat,OR,validation,0,0.05,1.0975,29.9934166666667,1718,0.428268913862584,0.227401260618069,7.77492,9.19140564570205,21.9594690291001,0.131492002714658,0.54965542229173,2.38841162857416,1.78354024820903,2,0.197522750527666,0.598313070504508,0.600029660037421,1,1,0.0656971952216505,0.0534317326084788,0.120818765830243,0.128618186128987,0.13447031268242,0.122951909239162,0.117089664766746,0.000981040822276574,0.0241664606677478,0.0395212265514144,0.0237972622902428,0.0228844926622263,0.00513117252598956,0.0250448506744601,0.033581964058193,0.0244667488484425,0.0194395808477609,0.0158599382975654,0.0557959623735897,0.12216616995878,0.024861492510955,0.0161793441895613,3.03468146641687,1.72518112650809,1.18071092253003,0.386369194453788,1.47769926337762,19.4921405111382,0.931572692193668
source/48kHz_DE_data/OR/Opposite/0021/OR021@12_3.mat,OR,validation,1,1.0975,2.145,29.9934166666667,1718,0.423963805625947,0.219416883878061,8.170552,9.67917732602117,22.5526884087955,0.161814436506346,0.54154462909249,2.3883702397976,1.77115695534446,2,0.196577603996228,0.591808577290585,0.590302862079098,1,1,0.0575895993073985,0.0509189006420582,0.110739080698634,0.116568189405193,0.119809844644635,0.112442941333661,0.107538146015363,0.00175848165698513,0.0230728346718978,0.0419670070444797,0.0224698081912631,0.020779318095646,0.00240961832949517,0.0260561135428457,0.0336925560579665,0.0254220574903329,0.0230691725976996,0.0109213924597754,0.0501649425596474,0.119879443321354,0.0198481883227321,0.0126541010532218,2.38411327514203,1.54196890113306,1.10984530855492,0.342718406941125,1.55867191764217,20.0886354443021,0.927822851852391
source/48kHz_DE_data/OR/Opposite/0021/OR021@12_3.mat,OR,validation,2,2.145,3.1925,29.9934166666667,1718,0.409954731972961,0.218453088838528,7.62384533333333,9.72382432254435,20.7813056895733,0.166453532041586,0.536835983555097,2.43584786665307,1.83889796483243,2,0.202165687904904,0.589021146402261,0.599875527118938,1,1,0.0615832213860456,0.0489356070749689,0.128595360940877,0.135794008167432,0.14143306477617,0.129886387918976,0.124106438919299,0.00135731130973089,0.0249233422860273,0.0404024380705949,0.024051113181554,0.022911395889865,0.00328206815867514,0.0286832504969672,0.0373993038418916,0.027756270029816,0.0243872374959526,0.0114773778831975,0.0532053967862502,0.125952645597255,0.018732694053805,0.0121522728627758,2.985036396324,1.80038371602286,1.6290195423702,0.3698375012138,1.47052668435371,18.665400463273,0.926446215503322
source/48kHz_DE_data/OR/Orthogonal/0007/OR007@3_0.mat,OR,train,0,0.05,1.0515,29.994925,1797,0.404873530995436,0.305764550577244,3.84311261538461,4.84227548243399,4.2105986323478,0.0728690488537344,0.483781818753232,4.77895062357999,3.05119720519559,3.6,0.517355008862881,0.160785151291987,0.888177639568756,1,1,0.011811125925188,0.00968954337086082,0.517292069553929,0.518896835367149,0.519928420445724,0.4052732845135,0.404804735173564,0.00106853016724395,0.0202818269059955,0.0844245461474249,0.019125908210035,0.019059261331872,0.00218662585964622,0.0109755110801048,0.0721622410026778,0.00771431324290812,0.00639628824468644,0.00828456867591964,0.120765469749471,0.198676365698057,0.00439939752610217,0.00433775947509908,12.5525549077456,0.482299058986706,0.156695886481087,1.25962347027348,0.666867428157074,3.92639521876344,0.812650394093186
source/48kHz_DE_data/OR/Orthogonal/0007/OR007@3_0.mat,OR,train,1,1.0515,2.053,29.994925,1797,0.393868166039903,0.298904836754588,3.61071507692308,4.68188770161308,4.05960784279131,0.0770624685995158,0.46341545809807,4.87141700738607,2.99831822719251,3.6,0.555894428239341,0.131513139334733,0.919509578716026,1,1,0.0128403218893665,0.0101809792311518,0.555834159948631,0.557801079119463,0.559186411188453,0.433877861067609,0.433227779977921,0.00198425880366105,0.0220681918436223,0.0951074415455553,0.0200734115293947,0.0198089386346095,0.0024140832907679,0.00894816833813096,0.0638805491543527,0.00587571983954584,0.0048678537783477,0.00728306900457072,0.126491956355282,0.19142445524025,0.00437223738315533,0.00339394550510784,13.026521612267,0.477339358140071,0.126769340460446,1.36432848165266,0.660176432240008,3.88420081407109,0.811795645606583
source/48kHz_DE_data/OR/Orthogonal/0007/OR007@3_1.mat,OR,test,0,0.05,1.065,29.99325,1773,0.458144328265892,0.349487726326611,4.21111015384615,4.6963418731915,4.00608814576602,0.0487120736323695,0.424153006619018,4.98032290509896,2.90258251409001,3.6,0.604576016503341,0.0907035654044197,0.943375311945684,1,1,0.00187164011945721,0.00152580252648662,0.604542151218979,0.605604322951276,0.606261024895087,0.486383271336199,0.486215840716286,0.00458282359959574,0.0230438924707364,0.0816369881356034,0.0172404703931666,0.0171565450878828,0.000962852916911907,0.00622571232785963,0.0477477104280228,0.00441078819356708,0.00378556496635257,0.00338756734277555,0.111680213787585,0.159657162140616,0.00149724986587406,0.000857759127795421,10.8909034939092,0.650628245357681,0.114649138232339,1.30428753126027,0.64567290854646,3.50068246116033,0.765398815036118
source/48kHz_DE_data/OR/Orthogonal/0007/OR007@3_1.mat,OR,test,1,1.065,2.08,29.99325,1773,0.453577198655136,0.344088169991847,4.18899692307692,4.6241241487929,4.11569320936191,0.0559365095340929,0.419799886462928,4.9395769706433,2.87445592820521,3.6,0.611690255640256,0.0880694295311638,0.94858560575183,1,1,0.00230901124990977,0.00174883156972734,0.611672320420591,0.611963932129695,0.612322621421588,0.494389764039337,0.494373791244908,0.00376004569715083,0.023033161345866,0.0786250884555957,0.0182107725292898,0.0180435571511731,0.000734045502206519,0.00424389082637748,0.0501067536273575,0.0023823555999383,0.00209078589455033,0.00313187701172223,0.107983865313252,0.16351432401412,0.00189173879167535,0.00102453309615406,10.984115869724,0.696955539190048,0.0759162788811909,1.19750509913566,0.65474579096532,3.45625733610493,0.770018772605909
source/48kHz_DE_data/OR/Orthogonal/0007/OR007@3_1.mat,OR,test,2,2.08,3.095,29.99325,1773,0.456093126473498,0.346024464180777,4.23322338461538,4.75664151355647,4.18431709365018,0.0659580268551824,0.427003085489535,4.94380787871655,2.87387388260292,3.6,0.596573680205235,0.094626462189294,0.9418039689721,1,1,0.00308815109364343,0.00236043734478276,0.596499672226031,0.597746611174967,0.598146667403949,0.479179295705059,0.479027902005598,0.00425007375604766,0.0274908251780709,0.0907334185435153,0.0221852175920506,0.0220945167996079,0.00112094110213886,0.00661825534768036,0.0516283287380179,0.00518314669359421,0.00448933639292779,0.00320775893338308,0.109296790690673,0.160751514547013,0.000925143475037793,0.00062836187305987,10.8437698848242,0.758887111715302,0.113802136913958,1.20821890081939,0.644643168400736,3.54780416171953,0.773168685232171
source/48kHz_DE_data/OR/Orthogonal/0007/OR007@3_2.mat,OR,train,0,0.05,1.0785,29.9979166666667,1750,0.445769966697806,0.331061935056236,3.97558338461538,4.55604522787047,4.36375473096597,0.0640841417707318,0.447597914684826,5.15955550493782,3.01806654919004,3.6,0.569498813277014,0.109521307149891,0.961720655492403,1,1,0.0136340517864508,0.013520490683204,0.569487387527818,0.570076703765985,0.571116694669555,0.439900170315997,0.439856933294492,0.0102868678569938,0.0310142141204695,0.0703241747731126,0.0189768452873861,0.0188575470854601,0.00369023277022767,0.00690940325025825,0.0574562163296705,0.00483268644388879,0.00247212313862364,0.00753273851740918,0.127381660916561,0.188902795003586,0.00259979775827692,0.00136446197963133,8.09297523753117,0.897529644625948,0.142725193050078,1.39251656843861,0.713395072255541,3.77692218268468,0.806305972404796
source/48kHz_DE_data/OR/Orthogonal/0007/OR007@3_2.mat,OR,train,1,1.0785,2.107,29.9979166666667,1750,0.447849453022408,0.333875295491802,4.008336,4.57734813587151,4.30256257269046,0.0562847885819257,0.449050472199405,5.09391621155004,3.03809891762623,3.6,0.56931497889111,0.11747801230331,0.960872949378621,1,1,0.0163744289760457,0.0161191059053661,0.569297598126125,0.569474958917422,0.57026098877871,0.444264136112387,0.44423052050982,0.0105708406268495,0.0300046673710952,0.0672640976100426,0.017673005600636,0.0175648629941106,0.00336775215928317,0.00727337907866264,0.0541018334275635,0.00499732219351131,0.00291981096566406,0.00725522646518274,0.123399213274108,0.183466624845317,0.00389851115006422,0.00194744935363807,8.04354881238457,0.912985344375214,0.157372201594859,1.33475003167563,0.713803949237131,3.81068189243452,0.796363190161209
source/48kHz_DE_data/OR/Orthogonal/0007/OR007@3_2.mat,OR,train,2,2.107,3.1355,29.9979166666667,1750,0.444254870613505,0.330153193791674,4.00896184615385,4.53789417569398,4.36130448124623,0.0680351996370583,0.44330615856507,5.10040536383058,3.03772059242556,3.6,0.568067307858073,0.121365474927014,0.962886176979645,1,1,0.0165507964032126,0.0165087194267241,0.568028476507615,0.568707262322792,0.569241338451861,0.442543217010226,0.442449111064578,0.00996180457909754,0.0275346402685526,0.0656245752562751,0.0158425558162369,0.0158354548767748,0.00179034380035661,0.00522153668968665,0.055896062904248,0.00326741242690242,0.00270639385671632,0.00526113461402983,0.121477713670207,0.184164291596503,0.00239674775800436,0.00112791992938912,8.01958919362758,0.827850160175413,0.110757471245188,1.27772016224937,0.718501613170486,3.85841759170413,0.799604911910231
source/48kHz_DE_data/OR/Orthogonal/0007/OR007@3_3.mat,OR,train,0,0.05,1.094,29.9976,1724,0.445559934167559,0.338631786200408,3.72211569230769,4.20138126211717,4.01991284907331,0.0504853330354385,0.471860164137626,5.34905161282285,3.33053409517308,3.6,0.534117153129331,0.1090530548132,0.95446314536159,1,1,0.0198180049215583,0.0186298115586225,0.534031305085384,0.53511781206545,0.536161761724376,0.395414874058167,0.395376341171395,0.00943512904004719,0.0212541357886794,0.109968671276347,0.0105022602203324,0.00972895270693415,0.00216868949576679,0.00596585879360921,0.0722020075838876,0.00247219042072664,0.00241776861171535,0.0105635950464813,0.125890431134234,0.200740433502266,0.00535590919767564,0.00475097006188104,9.77211186409678,0.38347636833589,0.0729714843557397,1.19525282724637,0.657146605126937,3.7144531295586,0.770395663167077
source/48kHz_DE_data/OR/Orthogonal/0007/OR007@3_3.mat,OR,train,1,1.094,2.138,29.9976,1724,0.443805586881178,0.33734998010317,3.98538830769231,4.56955246123009,4.05794952015476,0.0433333134668463,0.475394352460906,5.29041882977465,3.26253018034512,3.6,0.517417144970731,0.113563818797347,0.956898642071487,1,1,0.0181663917348412,0.0175304969037946,0.517349731597325,0.518597368610457,0.519634062609225,0.385869910562319,0.385516054782862,0.00853330773410995,0.02063787781039,0.115725261337086,0.0109148200235905,0.0109048324160944,0.00222965965208951,0.00767593684606423,0.0695144055275179,0.00331645835227192,0.00319507579592931,0.00947971600141844,0.123009668712973,0.194389729327573,0.00508054827081459,0.00463492926913238,8.98200695013977,0.351653019318359,0.0937395296291101,1.12718665971587,0.667573469749821,3.80833383754801,0.772044963693136
source/48kHz_DE_data/OR/Orthogonal/0007/OR007@3_3.mat,OR,train,2,2.138,3.182,29.9976,1724,0.44258566446695,0.33479186964494,3.91821415384615,4.45452117890734,4.21240612980097,0.049508429413035,0.467551811013175,5.32136458398405,3.31187526960216,3.6,0.53829738105391,0.109302532743063,0.958863590483374,1,1,0.0110099310662834,0.0106321935721109,0.538239668493358,0.538942034718099,0.539687320770944,0.400445693290664,0.400345140105174,0.00971346857818606,0.02310089079481,0.11161921066344,0.011665645538809,0.0115928942581877,0.00213801714023928,0.00451864022583016,0.067295007562723,0.00131466880080423,0.00094511540874654,0.00979497310166398,0.120623927617777,0.195460944689228,0.00532968909882758,0.00521547294571732,10.2988864209052,0.422686510018618,0.0556619745023361,1.10800039856612,0.664550862762773,3.77279846256092,0.775153975915998
source/48kHz_DE_data/OR/Orthogonal/0021/OR021@3_0.mat,OR,train,0,0.05,1.052,29.9932,1796,0.412036171116852,0.285831103532747,5.44578266666667,7.22791180981252,8.25862786082644,-0.275398259857949,0.522814983708587,3.38006600398242,3.84734003969512,1,0.432136837039016,0.563351641909863,0.432309558945699,1,1,0.0135744685523145,0.00715159429954384,0.177758437387246,0.181058037232451,0.185698617638958,0.143018154564808,0.141610173401328,0.00642491008064484,0.0163827111130613,0.0348215881694268,0.00817155133961501,0.00691920523090265,0.0041972606813628,0.0404727600786949,0.0569965174057667,0.0351433286274666,0.0327474611391655,0.0141508560358398,0.077398093484112,0.150574335324887,0.00960908089309355,0.00545882663839316,14.0399330556348,1.27613519057238,1.44698581177385,0.827703401074453,0.842677997684663,7.61131944280631,0.721030323619134
source/48kHz_DE_data/OR/Orthogonal/0021/OR021@3_0.mat,OR,train,1,1.052,2.054,29.9932,1796,0.411845690173048,0.286122685865941,5.935732,7.90476282691945,8.34911872890273,-0.192243754639626,0.506834375396758,3.27564545575537,3.69905222166161,1,0.454143523313638,0.56854165072407,0.435483976332268,1,1,0.0169872378342835,0.0148518789593166,0.165777427187663,0.169958324936323,0.172591612801189,0.137348843708705,0.136208602324525,0.00341877796569076,0.0199372480252986,0.0291247978967318,0.0123703923249257,0.0111759740163891,0.00643026202527459,0.0509618600020691,0.0659258046291543,0.043843867258547,0.0417250398012569,0.0155961113549056,0.0798510916762792,0.162974226387382,0.00347163855309486,0.00172884621011579,12.4438646285057,1.89518841316132,2.74783537280682,0.795078038628185,0.860547877178028,8.46321258654087,0.718900657493643
source/48kHz_DE_data/OR/Orthogonal/0021/OR021@3_1.mat,OR,validation,0,0.05,1.067,30.0015,1770,0.769805552890117,0.526093027612402,9.77895466666667,6.5298647897953,7.18728844015852,0.108346269990884,0.534995948905598,3.47295541952097,3.51551508510674,1,0.367546883531061,0.497194857289945,0.476212106441354,1,1,0.0342665756700698,0.0306631984726479,0.180083383920734,0.181556762936834,0.183702657928207,0.132664578380926,0.13230555056594,0.000927144405304063,0.00356881727931964,0.0364562578786406,0.00179527086437195,0.00138439536561387,0.00241511234537552,0.0251267468025761,0.0430625536314996,0.0204519633082661,0.0187612285330126,0.00832760777623198,0.0688836702336318,0.162041281362826,0.00162949039867556,0.000590820401243106,6.28846158673642,0.187760574094129,0.590221510631622,0.598499379161664,0.940418865347243,7.96030346393165,0.786485633050867
source/48kHz_DE_data/OR/Orthogonal/0021/OR021@3_1.mat,OR,validation,1,1.067,2.084,30.0015,1770,0.754925256897003,0.514907757036194,10.8080986666667,7.71012721174213,7.56963944201737,0.0299175411090012,0.534539064818945,3.57448071860529,3.56905515315127,1,0.366198868438726,0.478221472048268,0.455270396347555,1,1,0.0247638680693228,0.0223703644864464,0.181011784004577,0.183309620811929,0.185270960873805,0.137642985631733,0.136169317512013,0.00072952310539737,0.00292414617258072,0.0391170324423961,0.00112666483403497,0.00100702261124467,0.00282279987401342,0.0306827004975402,0.0444012147961685,0.0259106592475557,0.0242816814126097,0.00878897257525677,0.0730403245099538,0.162795706067385,0.00244618065330447,0.00183208091249187,6.46175693088039,0.144279159472269,0.761131053694622,0.658241451714111,0.945208726240486,7.96539309599485,0.785274297973091
source/48kHz_DE_data/OR/Orthogonal/0021/OR021@3_1.mat,OR,validation,2,2.084,3.101,30.0015,1770,0.762488999262472,0.521152653691227,9.70884266666667,6.86353509036886,7.4010907086662,0.00759225254903534,0.528510325340126,3.64426598338014,3.58474555508912,1,0.381992571678061,0.480309051914681,0.45311100739355,1,1,0.011018408336761,0.00794281545743286,0.176959597155735,0.17868290646854,0.18025022179799,0.13873228053381,0.137637554784137,0.00154519219627644,0.00511971766724436,0.0411243754864136,0.00318493537167242,0.00214578304228721,0.00174581735181256,0.0315447714864439,0.0473270743721856,0.0259140689990632,0.0252136922500767,0.00951046251613161,0.0699692923718934,0.153098227716089,0.000739710155300553,0.000333173739750961,6.47336943375997,0.250573816162487,0.70682980302288,0.589701734352748,0.918946429950642,7.78858878174166,0.777664618376002
source/48kHz_DE_data/OR/Orthogonal/0021/OR021@3_2.mat,OR,train,0,0.05,1.081,30.0021,1746,0.72066936070528,0.493192766275773,8.804064,6.42456351550323,6.78111312889985,0.0720382890455438,0.524335147763392,3.42394735409674,3.53716231646005,1,0.414707061463341,0.516566814426569,0.441584514500063,1,1,0.0306972354321235,0.0257171883371727,0.186929659786296,0.189358321239411,0.190398400170209,0.115807218766357,0.114970399041238,0.00220862212045181,0.00327827152061849,0.0324144008148253,0.000901046357084239,0.000364649151265761,0.00180063528662257,0.0299919648235986,0.0489132716139014,0.0256158238972497,0.0249828389813772,0.00554556471508403,0.0915840433018531,0.186427805486372,0.00213174894182812,0.00152361865782537,7.66996533902361,0.194600091374602,0.783021075097973,0.79582698462398,0.926329520360528,6.59951167048069,0.781810913381872
source/48kHz_DE_data/OR/Orthogonal/0021/OR021@3_2.mat,OR,train,1,1.081,2.112,30.0021,1746,0.724786331829189,0.49047480436389,9.38332266666667,6.59062367811148,7.55466727944574,0.0648489726180838,0.543983648618184,3.44537215274566,3.4196139169068,1,0.376824873140756,0.490719758939672,0.429500683635938,1,1,0.0282042220557633,0.0194670793647768,0.179337966628965,0.181819835265782,0.189327951284044,0.127081177417773,0.12602064353955,0.00150422021046238,0.00549185670051129,0.0396327382258007,0.00266266990411148,0.00165787381352426,0.00175455345112033,0.0361988428983748,0.056964582748794,0.0321043848583545,0.0315567913708554,0.00890771112192135,0.0804176035421654,0.17981650517451,0.000985379994944642,0.000835338922485192,5.48906309794272,0.259354328651976,0.822863533081734,0.652473523326896,0.967511981260562,7.83844323014798,0.787466177957277
source/48kHz_DE_data/OR/Orthogonal/0021/OR021@3_2.mat,OR,train,2,2.112,3.143,30.0021,1746,0.706359404724802,0.479516598019913,9.074496,6.61961948477343,7.48717314011659,0.0440382621834998,0.546896475718624,3.75767719710624,3.7401195604072,1,0.353067191992846,0.451711412304307,0.445648251462649,1,1,0.0251285325343304,0.0211825723513433,0.185288577188337,0.188305518669752,0.191282473613331,0.134423704317268,0.132453361312152,0.00209419160889867,0.00474599016946838,0.0593972034877136,0.0013577609084285,0.000633189333695561,0.00214827137832789,0.0299896654297466,0.0556930558252028,0.0251708054752987,0.0244608547914109,0.00908432449971747,0.0724262493450258,0.180190357479905,0.00225149050192853,0.00188816449634893,6.9207987277779,0.155387060483436,0.509847529707259,0.559015104888889,0.953989164381518,7.53622292802785,0.783856707655584
source/48kHz_DE_data/OR/Orthogonal/0021/OR021@3_3.mat,OR,train,0,0.05,1.097,29.99655,1719,0.674163626155669,0.462355312029525,9.26396533333333,6.9702125016223,7.7882683398365,-0.103284358671402,0.531471788102373,3.30959762327079,3.35971169099637,1,0.386474494813194,0.48487728692419,0.436542740634043,1,1,0.0525088031062109,0.0427934468096823,0.178573861341741,0.182501753224418,0.185157201990002,0.145102968218677,0.14320691153178,0.00176908074916917,0.0155438066645611,0.0477374874923211,0.0114789629421328,0.0102122852427928,0.00282644033350667,0.0242303698913945,0.0470089677108768,0.0210561207994489,0.0206466803688108,0.0135624025712724,0.0640607463945558,0.190668482754699,0.00495069866323602,0.00249575811017067,7.48116247950036,0.669735880072933,0.726569288840809,0.530221933549774,0.920853971785668,6.98023805629398,0.78859511023206
source/48kHz_DE_data/OR/Orthogonal/0021/OR021@3_3.mat,OR,train,1,1.097,2.144,29.99655,1719,0.678922432881896,0.467604051824929,9.25394933333333,7.17141631261076,7.55754413131594,-0.10362313990176,0.546251761605797,3.49379994805347,3.45562618126797,1,0.370706636505318,0.471964016903595,0.46886226782632,1,1,0.0500947999488477,0.0371488404392118,0.194371252390473,0.197727925413293,0.20066289593681,0.148072480205894,0.146941363449702,0.00172261998702294,0.0187113094464112,0.0490960133039259,0.0141965012566504,0.0128371061875328,0.00187997561989688,0.0251228806123512,0.0469321734949491,0.0213486630297077,0.0211517586548334,0.0152099886225891,0.0729560367938685,0.183047730134603,0.00476918526655505,0.00271512887194236,7.39232181279321,0.956648230820739,0.676979660917511,0.606142184863516,0.916868699498623,7.53355232280085,0.786982312852309
source/48kHz_DE_data/OR/Orthogonal/0021/OR021@3_3.mat,OR,train,2,2.144,3.191,29.99655,1719,0.674723279630531,0.465539549370616,8.89838133333333,6.91754972124424,7.23577301507051,-0.0941522158298678,0.522342798464762,3.38112749202468,3.39513771970903,1,0.378069967911985,0.48389515182949,0.473477382410726,1,1,0.0374849474556914,0.0290951217666098,0.211468815408334,0.213786894167139,0.21802735347771,0.162062006796978,0.161894412478044,0.00219378501827714,0.0120102913153258,0.0450084677073752,0.00614948948416867,0.00449849030960022,0.00354818974129368,0.0227844772248285,0.039876946460968,0.0177253828275436,0.0166024619327552,0.0144131104916562,0.0733566139387493,0.172787382553463,0.00431081627581618,0.0023227756605765,7.52160924167682,0.632808011956785,0.67545268612005,0.701538419331528,0.914288257127166,6.96005569909104,0.784115597538933
source/48kHz_Normal_data/N_0.mat,N,test,0,0.05,1.052,29.9932,1796,0.0726025543271785,0.0584906661720462,0.597891692307692,4.1243128434982,2.79636394610529,-0.059315164095047,0.901851192832172,7.65049368573176,5.55097503975302,2.9,0.0991987417058296,0.177241111742283,0.469080454652961,1,1,0.0321175789175543,0.0149736006897231,0.050358326895785,0.097637135057792,0.125173904085412,0.0398309272336695,0.0217628267019341,0.0681681259556753,0.0743591956377698,0.104927122987613,0.0197952718554124,0.0157921345218525,0.00723753682262481,0.051989540963698,0.105834837380992,0.0286619020387455,0.0204809260790524,0.0269712566130655,0.125618536610299,0.246905162464569,0.0176549383108531,0.0137326121072279,1.25102711205205,1.31176528990681,0.875094459619214,0.808910044394017,0.489563210629783,3.37033590711816,0.215104510174319
source/48kHz_Normal_data/N_0.mat,N,test,1,1.052,2.054,29.9932,1796,0.0716886096930354,0.0578974474504852,0.535932923076923,3.86611437989388,2.76059892560711,-0.0118477063020169,0.880354973958516,6.61717562167941,5.09485707681728,5.4,0.1198959075612,0.182322260960141,0.40990858738672,1,1,0.0411166271719727,0.0189280018415814,0.0512458447629926,0.117846395574094,0.171503655026287,0.0609879603453049,0.0394708719475526,0.100990091134112,0.126292285955275,0.159537926670931,0.0875683195381778,0.0591351605532253,0.0272632779947807,0.0547564899713342,0.118809131188052,0.0271051825163593,0.0136222697264276,0.0866950183317342,0.141846521601493,0.234789409212453,0.0357905064334343,0.0206958608274444,1.41484478738965,3.27815133938702,0.698838317671572,0.983666318183481,0.50942510490476,6.08874573394625,0.2195793541037
source/48kHz_Normal_data/N_0.mat,N,test,2,2.054,3.056,29.9932,1796,0.0720503104684044,0.0583678553041586,0.516114461538462,3.66334838818357,2.70931379520452,-0.0392537244873137,0.880359724306357,7.35659321412478,5.14199422956022,3.1,0.10177083133882,0.171908741671701,0.466050136381567,1,1,0.0178782490093587,0.00932022336943232,0.049261791420625,0.0774641476201249,0.137809319276926,0.0269301484849476,0.0182068155905042,0.0634511108518717,0.0765723705757951,0.0967224637974148,0.0416536677089077,0.0326080452659962,0.02477068998318,0.0329521643415325,0.0519324914811094,0.00861156600314516,0.0045440445630669,0.057640065355907,0.101505710804112,0.164686467111687,0.0314822882792121,0.0109380658816756,0.605697118641097,2.39704831812035,0.454782218301781,0.613468896296469,0.478033942854809,3.53195501637307,0.224388203821756
source/48kHz_Normal_data/N_0.mat,N,test,3,3.056,4.058,29.9932,1796,0.0738158595989646,0.059405202517728,0.531760615384615,3.86154041450639,2.79516842674414,-0.0628190399729056,0.88567476010114,7.25644888855475,5.21187987480108,6.3,0.0660352439191221,0.199042201243295,0.493194912377163,1,1,0.0520635450701955,0.0291319679228882,0.0684663309046363,0.12759101162937,0.160946167166251,0.0222746744840472,0.0194328264789039,0.0653643034491636,0.0796491911768959,0.113485157483386,0.0477431215139302,0.0309319125844788,0.0135757528096017,0.034021286604965,0.0715172604683841,0.016172375327803,0.0070353513908285,0.0554361263110019,0.149143728234533,0.229744019880869,0.0216606635300447,0.0134858668118,1.79786435587651,1.8944358170579,0.469308633316088,1.0033156511832,0.525443548781727,8.76358061056943,0.219800243470599
source/48kHz_Normal_data/N_1_(1772rpm).mat,N,validation,0,0.05,1.066,30.0058666666667,1772,0.064977515172259,0.0521925790516035,0.478563692307692,4.03467666004287,2.87037519590147,-0.187677153879205,0.876231984947191,6.49795320198544,4.59625734581834,5.4,0.112167891639873,0.19548850749712,0.534943978458842,1,1,0.0361497804139037,0.0217864048957522,0.0607055574622733,0.118607793764988,0.16621633831228,0.0281940636682164,0.0125394132479229,0.0905748487751594,0.121259523987063,0.159332283610303,0.0794928950327908,0.0484137340897031,0.0285363679166258,0.0660448886623502,0.0916662444040674,0.0484725952982266,0.0237113382950431,0.0646167234194647,0.130580897733239,0.210726417548665,0.0163698584384107,0.0105101723593115,1.45517547524294,1.57445133154837,1.28749877754075,0.882064682282628,0.530675919081114,3.45459476956421,0.254735343580927
source/48kHz_Normal_data/N_1_(1772rpm).mat,N,validation,1,1.066,2.082,30.0058666666667,1772,0.0653055798358408,0.0524730445492377,0.520495384615385,4.28055253280523,2.88544660702725,-0.171961766649688,0.877928273897914,6.42041328242495,5.23031108472602,3.4,0.0876414146476131,0.250595655869163,0.523056845551344,1,1,0.0254010081928804,0.0172722884944782,0.0623044743897882,0.146818160385671,0.167994630073661,0.067246587383535,0.0517983311959002,0.0380964962163263,0.0687700734163925,0.0878568401197636,0.0397381376041766,0.0148449789649962,0.0299088940023863,0.0713919883340466,0.0972922530604999,0.0286845372386439,0.0106342965195469,0.072668323286963,0.153798946476695,0.200682543120968,0.0318996063846563,0.0281144059923409,2.36252260043599,2.12958453835102,1.0230789787118,1.01492512903722,0.553456335251332,8.07502082177538,0.260673654318036
source/48kHz_Normal_data/N_1_(1772rpm).mat,N,validation,2,2.082,3.098,30.0058666666667,1772,0.0653086985827749,0.0522522799346056,0.542191384615385,4.88857678731142,2.91466161635287,-0.16824183357861,0.854512602373844,6.56417577711372,4.66635641694366,5.4,0.113302567679003,0.223287784887705,0.39605676689686,1,1,0.0679037401365009,0.0299953142177176,0.0402001707420913,0.0719960268548215,0.148134643237899,0.0302864564519015,0.0139968133171005,0.0744377839541012,0.127271127403936,0.132622529671617,0.0901207723777421,0.0529772974310524,0.0130874981750528,0.0510554850166801,0.0982670018140162,0.0326734830577787,0.0308130587647922,0.0317087115845534,0.103096657978709,0.164656515240949,0.0128478682162781,0.00639056457693977,0.857132619340158,4.19036149081252,0.769751471229373,0.719649505826796,0.528731157728522,4.38450530143573,0.271821142817184
source/48kHz_Normal_data/N_1_(1772rpm).mat,N,validation,3,3.098,4.114,30.0058666666667,1772,0.0655380241929254,0.0523791972317979,0.547615384615385,4.64432789831429,2.96718696960055,-0.163168930246436,0.856228499043226,6.26757344528814,4.37236493470732,5.4,0.102032230292234,0.181550902069103,0.427040921650724,1,1,0.0269699573403974,0.0103643802547885,0.0371526798017241,0.0910183989218132,0.151833808371765,0.0504201448900747,0.0327735908309387,0.0782732914855889,0.123602658952667,0.149385310170824,0.101516402493752,0.0688131885624092,0.0147065005886766,0.0539233535701443,0.0784846117296931,0.0220261311758294,0.0134208833932707,0.0302097674650649,0.112955977753841,0.171231021006052,0.0225539213276551,0.0178837659504702,1.00371438414375,2.12558437117524,0.852771177897669,0.65642748818684,0.524965881405353,3.52523390186239,0.27302670856665
source/48kHz_Normal_data/N_1_(1772rpm).mat,N,validation,4,4.114,5.13,30.0058666666667,1772,0.0651213089902288,0.0520615100644694,0.534681230769231,4.39186130606908,2.95249826144365,-0.160517606812367,0.867490265009141,6.3372987617523,4.68356455846633,5.4,0.133602913331236,0.206616307514492,0.479986979203975,1,1,0.0294466375577784,0.0115322840642743,0.0304584830425616,0.0594915610603727,0.101146456115604,0.0349194187773256,0.0177434405328493,0.0991763718851578,0.136676488549781,0.153109713311873,0.121364456949816,0.0744792608602524,0.0230822894802752,0.0525805177450754,0.0798412708676225,0.0365081924680998,0.0174222093658514,0.0417274144238592,0.102978734104431,0.169767431782409,0.0115130024051528,0.00424394783771966,0.753999398646419,4.99111134572321,0.728316116752774,0.540667541452377,0.561563989538443,6.33649053594666,0.262866581699035
source/48kHz_Normal_data/N_1_(1772rpm).mat,N,validation,5,5.13,6.146,30.0058666666667,1772,0.0652296852298394,0.0521888504802783,0.469384615384615,3.69132474741871,2.90799060547269,-0.150364752348534,0.848585360844089,6.07212461525778,4.55722815838499,2,0.146801878388168,0.217508074137379,0.435637668588218,1,1,0.0262192897685283,0.00986279354819425,0.0704067098132192,0.111260158853012,0.176642594013473,0.0585852972997729,0.0275654345909921,0.0679121682576343,0.0977720480617533,0.123813716411507,0.0639174602465403,0.0520365289309972,0.0360420220700904,0.057185325401606,0.0872162485221289,0.0298406871050058,0.0227514120668394,0.0555670608918216,0.147458866883309,0.2021664984356,0.0518388280897914,0.0461978976099227,1.67183925202506,2.33651068416728,0.792177848157175,0.916504339843474,0.530019936120275,3.98871056991099,0.262539951683346
source/48kHz_Normal_data/N_1_(1772rpm).mat,N,validation,6,6.146,7.162,30.0058666666667,1772,0.0650432294017016,0.0518974223530946,0.485656615384615,3.93292858498257,2.98483865265016,-0.182821530093267,0.870435240189782,6.54769361613423,5.1041702909599,5.4,0.104478511637713,0.282432757359617,0.492198806881441,1,1,0.0662659870849568,0.0468858406185053,0.0445918124939476,0.0862253656442182,0.117938380115111,0.0218139885106979,0.0121474562960044,0.0755096642164102,0.111763421040755,0.131841553091533,0.0782825308209094,0.0507107026684145,0.0249477800067554,0.0519001831653581,0.099874627862434,0.0241569425945027,0.0128146835039764,0.0572984591698055,0.1137076796761,0.190036747085151,0.0197325741316538,0.0104454177650914,1.54864086748588,2.80377764438058,0.769970838415654,0.677953677503732,0.512924351291351,3.87739607058564,0.259626964846652
source/48kHz_Normal_data/N_2_(1750rpm).mat,N,train,0,0.05,1.0785,29.9979166666667,1750,0.0632132510710608,0.0506425655379498,0.507561230769231,4.48197388633226,2.94050884453309,-0.186183237376055,0.888247638783127,6.88027894362533,4.93359699098399,5.4,0.0923420267932273,0.168510002048187,0.433567711906328,1,1,0.02290051868021,0.0186390339490593,0.066911875690561,0.105766208932831,0.155127674369945,0.0258790199496393,0.0120945911152285,0.0824547611688697,0.103987867195037,0.118887297846244,0.0550440256640822,0.0461174539256146,0.0245075251116545,0.0470320764879629,0.116225144098461,0.0225582254436527,0.00673415845976399,0.0643935074585033,0.139079471695387,0.248630883607507,0.0410465519581661,0.015636474168739,1.41165214330371,2.30380878558764,0.659744243928481,0.833599354999937,0.537436782838255,6.15721948660985,0.281561201553669
source/48kHz_Normal_data/N_2_(1750rpm).mat,N,train,1,1.0785,2.107,29.9979166666667,1750,0.063396612391575,0.0508121504406309,0.604776,5.50311392145436,2.93088335969832,-0.157933036054465,0.888390552648516,6.4390781318311,5.12198673632096,1.2,0.297534921133551,0.252591995567114,0.576646650719279,1,1,0.0481168918217774,0.0202800452122272,0.0853092897507168,0.145513583463346,0.188910197388535,0.0572289831354336,0.0199574191838264,0.0474756157537804,0.0714039671828273,0.0863687763922691,0.0226883562552448,0.0131500880997093,0.0398500114883958,0.0594701416922999,0.0796584143236122,0.0274136791862189,0.013940166519981,0.0827236204916163,0.135899255479277,0.197661493425406,0.0270083404685045,0.0126042012267792,1.63549201293661,1.78923716952667,1.06866386763495,0.988620638951643,0.536171148901455,10.4471388104485,0.267387648044906
source/48kHz_Normal_data/N_2_(1750rpm).mat,N,train,2,2.107,3.1355,29.9979166666667,1750,0.0632781681857228,0.0506262181161838,0.499842461538462,4.31876506836614,2.94596716911225,-0.189055619787463,0.887790279564372,7.29510768038612,5.15071896284624,1.9,0.181204728850882,0.207896810185978,0.527160308970099,1,1,0.0216389284429205,0.00948551919952989,0.0452601670899266,0.0737204612391476,0.154194904647719,0.0191242902189935,0.00841319962604668,0.0419784636909952,0.0764272413110713,0.0972779036778108,0.0443131225940856,0.0161469658645735,0.0199282351608494,0.0529909613944033,0.0890265482507313,0.0236602497550242,0.0161900876008818,0.0464445584950347,0.0995027749822592,0.189454560350682,0.0123586072706648,0.00680960496799767,0.686710118679484,1.36017087617417,0.72709460644441,0.503918620859677,0.513215777384574,4.18990329072285,0.263394527478504
source/48kHz_Normal_data/N_2_(1750rpm).mat,N,train,3,3.1355,4.164,29.9979166666667,1750,0.0633557262590833,0.0507529163907116,0.592676307692308,5.34507088045476,2.95961396681134,-0.172927581847857,0.855541824219672,5.37927781747555,4.91211947533043,3.4,0.0879512475425162,0.332297106064513,0.400978391841768,1,1,0.0933969064497915,0.0533645056273929,0.0441109374748579,0.103927799772188,0.142364383990117,0.0663085017899819,0.0463334282611612,0.0463769503687501,0.0624095339464338,0.0806228299763524,0.0437791008814562,0.027600628753425,0.0221294200038346,0.0666503434105253,0.0924035488149645,0.0351858519072448,0.017954149750315,0.0493660117840521,0.143090230473982,0.19390455790066,0.0526379328777082,0.0251707585215079,1.73330485219433,1.4472149618212,1.35796217184823,1.26128442568979,0.568840711800619,9.94407898642884,0.289345977364663
source/48kHz_Normal_data/N_2_(1750rpm).mat,N,train,4,4.164,5.1925,29.9979166666667,1750,0.0629631876194715,0.0504787053649601,0.457910769230769,4.07414821955725,2.86990788728301,-0.151011279939333,0.890438028260916,7.06798782689713,5.22710635041787,2.5,0.0835740430103495,0.142578733527926,0.498294307696855,1,1,0.0449063796105288,0.0208495381921104,0.0813747401145616,0.135810294677789,0.184062565090818,0.0676901053469117,0.0344504707941251,0.0434612859897617,0.0576142749045375,0.0939165047325346,0.0160894550455013,0.0077439585016751,0.0248900652613867,0.0457112959940576,0.0746230436375765,0.0273704793964121,0.0182071929405492,0.0849929146784466,0.160720852112006,0.239695469042783,0.0589278062726664,0.0346841382346506,1.3325711751188,1.0577698172672,0.706229254995087,1.19235546886066,0.51120661164544,4.56494388767472,0.271757112848818
source/48kHz_Normal_data/N_2_(1750rpm).mat,N,train,5,5.1925,6.221,29.9979166666667,1750,0.0630030114270768,0.0504719100686588,0.472513846153846,4.08262840888549,2.91623266625807,-0.180184554678435,0.883440848712037,7.05204986145088,5.42344494932688,2,0.19707124510385,0.220408094883873,0.55770732442927,1,1,0.00756321434317677,0.00269608174856723,0.0615246442965787,0.0978868217161471,0.138086004622191,0.0362466394166069,0.019915888523023,0.0293964999304012,0.0551153750821452,0.075210360114806,0.0201089208199956,0.00952872603980887,0.0302245003578313,0.0572747168463021,0.0873212398494442,0.0324444667615007,0.009739826128671,0.0893319546299857,0.180959449506965,0.258251553965783,0.0680168089429142,0.034865723669421,1.32171110649972,1.2772809158093,0.934895780476864,1.1454039580744,0.535997549165779,5.27761529770632,0.276845099513711
source/48kHz_Normal_data/N_2_(1750rpm).mat,N,train,6,6.221,7.2495,29.9979166666667,1750,0.0625106441528001,0.0501897959325716,0.491706461538461,4.20437649217472,2.88158144202909,-0.169458124451138,0.895468170816989,7.2067909374423,5.22524428520257,9.8,0.0689610832935104,0.198447733806668,0.444825882176206,1,1,0.0285923559899057,0.0212309059502118,0.0425534001398898,0.118937251890044,0.182247647724175,0.047863175037885,0.0248885254924687,0.0133543110525659,0.0442282042454617,0.0658457273945413,0.0216180071022771,0.0114413123576485,0.0236013622551258,0.0645806654867694,0.121284284537017,0.025796257343002,0.0123651755557722,0.0559699961867643,0.123995044678817,0.226040213729688,0.00876674104373361,0.00533425131355016,1.40956283274039,1.06963580274092,0.708645507467279,0.625753766359178,0.519620691279812,5.14899491434277,0.279338606410072
source/48kHz_Normal_data/N_3.mat,N,train,0,0.05,1.0935,30.000625,1725,0.0646140906875172,0.051636463772913,0.511316307692308,4.00528027619671,2.94548503234946,-0.109510075952382,0.893406264866592,7.75145759232658,5.56084246769196,2,0.168284166419479,0.226031912660775,0.488836795740446,1,1,0.0477869911699118,0.0295315831774632,0.060247438478,0.116553700972096,0.162175657336836,0.0360697095546347,0.0301233020486265,0.0192592794310521,0.0533259361077105,0.0840885843827733,0.0378136001420109,0.0209343650230851,0.0309793437855919,0.0649434677058392,0.0892852097606106,0.00978721505424606,0.00778758257920245,0.0588678824882557,0.113940409370817,0.162775683718268,0.0126212896669897,0.00653854635230711,1.35982625969794,1.23953463277909,0.916899092872283,0.698256610973179,0.519837299778388,4.29012245090879,0.310246417726899
source/48kHz_Normal_data/N_3.mat,N,train,1,1.0935,2.137,30.000625,1725,0.0644178699886781,0.0516166263604017,0.530717538461538,4.16029484361327,2.90200547455374,-0.13418724306934,0.892927905683132,7.57269322678669,5.52023618378527,1,0.338898261566243,0.208131228624784,0.454894263737605,1,1,0.0237162127363122,0.00814701189035096,0.0592489872385083,0.103541669393119,0.150509335363581,0.0332733832740383,0.01905550362147,0.0204703283613997,0.0384431358971706,0.0630580133454944,0.0199220893595488,0.00810764705784644,0.0292844707714402,0.0671673831063237,0.122566345858252,0.0253125649274573,0.0149339176691111,0.0745104529535855,0.144909208121552,0.221378076584429,0.0309503076568238,0.0190656782004456,1.07923370642937,0.663396219451044,1.0078909249865,1.01577031992185,0.517050270788346,3.67480119270516,0.306398592743151
source/48kHz_Normal_data/N_3.mat,N,train,2,2.137,3.1805,30.000625,1725,0.0642188379286224,0.05129925176156,0.504223384615385,4.02654439732255,2.95644634642829,-0.143373158196305,0.8826527612563,7.73445075607543,5.69780295647635,2,0.154911714512143,0.215261437577922,0.515716692437285,1,1,0.0079800338755766,0.00474629200033989,0.0456232093069646,0.0984752565053352,0.128018206420782,0.0225429361366391,0.013493240468188,0.0308679448242317,0.0541667345950877,0.102663225408225,0.0264252521255429,0.0154746996209169,0.0386257884679257,0.0680650093964113,0.0962261160265633,0.0277516796834437,0.00991935716369553,0.0779056958229302,0.14590326192501,0.216280336036094,0.0359225025967433,0.0150812968115211,1.47461836622423,1.04422602677502,0.725693021460549,0.790150116669032,0.512245387039791,3.80942583011853,0.296310778547823
source/48kHz_Normal_data/N_3.mat,N,train,3,3.1805,4.224,30.000625,1725,0.0647557399474362,0.0517320628919316,0.479398153846154,3.73913473588595,2.96695231158062,-0.131447308117078,0.892306681906182,7.83581398662543,5.5267656001603,2,0.155539990745328,0.190005120867003,0.589833469694692,1,1,0.0207337947581614,0.00718375979198646,0.0426351309487005,0.0849392625080233,0.124988302264522,0.0208711168074882,0.0121059337936241,0.0275321390681534,0.053242056794328,0.0732410090048047,0.0191861427994568,0.0100436799721243,0.0596702628702212,0.0799111934431925,0.126439239902991,0.0511688038570632,0.0258703368150537,0.0981993329959505,0.138391274543402,0.219730213035658,0.0180004911307836,0.0124128701712418,1.02619358779703,0.878157565913775,0.881305614343304,0.715397816001757,0.529123823615909,4.98965272818359,0.308752785058447
source/48kHz_Normal_data/N_3.mat,N,train,4,4.224,5.2675,30.000625,1725,0.0652273811938057,0.0521559610661057,0.539270769230769,4.5704316336492,2.94036488851864,-0.13707935697689,0.853546337982729,7.66661111831953,5.53794857886086,2,0.212807919129016,0.239517737582655,0.548181122294695,1,1,0.0151408880807525,0.00607497606614751,0.0612420944598942,0.152574307209368,0.187068963792377,0.0559323765994284,0.0398575014270869,0.0230103554066151,0.0555817322330665,0.0848016136063428,0.0260852815844339,0.0166074872427155,0.0491227763302276,0.0696963570630805,0.104914114569004,0.0140709722809637,0.00544134075464849,0.0833349519789928,0.143698563397276,0.200711037621257,0.0263206641247442,0.0164985083804988,2.19227479337415,1.03137504210392,0.905347667589112,0.774539241533748,0.505637799722582,3.28602635699624,0.304493129093667
source/48kHz_Normal_data/N_3.mat,N,train,5,5.2675,6.311,30.000625,1725,0.0649173360777411,0.0518824546980338,0.532386461538461,4.18453613710135,2.97410652102674,-0.11548415322333,0.881502903147254,7.73411635369695,5.53089124598387,2,0.24127062849934,0.224706057681842,0.539725416553884,1,1,0.022542413417758,0.00898243003499052,0.0504978177731258,0.0999237154667182,0.143060756431709,0.0369102624440718,0.0131643599207339,0.0348994034525942,0.0587044769328015,0.076149232168274,0.0240386779511835,0.0133834760259819,0.018466197900743,0.0369306504184989,0.0710250528936237,0.0201324591200795,0.0079317396398453,0.0574279570743176,0.127279369258668,0.194296172668061,0.0255860234026742,0.014384218930307,1.37176049312603,1.14691989483602,0.589304857915703,0.715526653509726,0.5123676998141,5.02519461805735,0.299728341405832
source/48kHz_Normal_data/N_3.mat,N,train,6,6.311,7.3545,30.000625,1725,0.0645933210548666,0.0516263079529878,0.564096,4.94571322466039,2.98199736677231,-0.131595180763886,0.895264481169879,7.55776860800883,5.49040357858133,2,0.191790322677205,0.232580079967559,0.487122915352818,1,1,0.0414867028655212,0.0191950636607631,0.0420251465839485,0.0790411181213304,0.11906872103596,0.0353146817204269,0.0158068186479904,0.00992435916594448,0.0304780936463951,0.0498451984619161,0.0109914424191766,0.00661615213707637,0.0192531616993079,0.070083412778489,0.100205028524974,0.0282381793703721,0.0160627349678778,0.0515942802188057,0.139338132879222,0.207445261953533,0.0216830993487706,0.0114814093392972,1.03598285452497,0.480787829060805,1.12918145686724,0.808492848303429,0.528888492720348,5.00549892084251,0.300573922711044
