file_id,label,split,ac_rms__median,mean_abs__median,peak_to_peak__median,crest_factor__median,kurtosis_pearson__median,skewness__median,env_entropy__median,env_centroid_order__median,env_spread_order__median,env_peak_order__median,env_harmonic_ratio__median,env_low_order_ratio__median,b500_1500__ftf_hm0.1__median,b500_1500__ftf_hm0.2__median,b500_1500__ftf_hm0.3__median,b500_1500__ftf_fund__median,b500_1500__ftf_peak__median,b500_1500__bpfo_hm0.1__median,b500_1500__bpfo_hm0.2__median,b500_1500__bpfo_hm0.3__median,b500_1500__bpfo_fund__median,b500_1500__bpfo_peak__median,b500_1500__bpfi_hm0.1__median,b500_1500__bpfi_hm0.2__median,b500_1500__bpfi_hm0.3__median,b500_1500__bpfi_fund__median,b500_1500__bpfi_peak__median,b500_1500__bsf_hm0.1__median,b500_1500__bsf_hm0.2__median,b500_1500__bsf_hm0.3__median,b500_1500__bsf_fund__median,b500_1500__bsf_peak__median,b500_1500__spin_half_hm0.1__median,b500_1500__spin_half_hm0.2__median,b500_1500__spin_half_hm0.3__median,b500_1500__spin_half_fund__median,b500_1500__spin_half_peak__median,b500_1500__bpfo_contrast__median,b500_1500__bpfi_contrast__median,b500_1500__bsf_contrast__median,b500_1500__spin_half_contrast__median,b500_1500__envelope_cv__median,b500_1500__envelope_kurtosis__median,b500_1500__carrier_ratio__median,b1500_3000__ftf_hm0.1__median,b1500_3000__ftf_hm0.2__median,b1500_3000__ftf_hm0.3__median,b1500_3000__ftf_fund__median,b1500_3000__ftf_peak__median,b1500_3000__bpfo_hm0.1__median,b1500_3000__bpfo_hm0.2__median,b1500_3000__bpfo_hm0.3__median,b1500_3000__bpfo_fund__median,b1500_3000__bpfo_peak__median,b1500_3000__bpfi_hm0.1__median,b1500_3000__bpfi_hm0.2__median,b1500_3000__bpfi_hm0.3__median,b1500_3000__bpfi_fund__median,b1500_3000__bpfi_peak__median,b1500_3000__bsf_hm0.1__median,b1500_3000__bsf_hm0.2__median,b1500_3000__bsf_hm0.3__median,b1500_3000__bsf_fund__median,b1500_3000__bsf_peak__median,b1500_3000__spin_half_hm0.1__median,b1500_3000__spin_half_hm0.2__median,b1500_3000__spin_half_hm0.3__median,b1500_3000__spin_half_fund__median,b1500_3000__spin_half_peak__median,b1500_3000__bpfo_contrast__median,b1500_3000__bpfi_contrast__median,b1500_3000__bsf_contrast__median,b1500_3000__spin_half_contrast__median,b1500_3000__envelope_cv__median,b1500_3000__envelope_kurtosis__median,b1500_3000__carrier_ratio__median,b3000_5000__ftf_hm0.1__median,b3000_5000__ftf_hm0.2__median,b3000_5000__ftf_hm0.3__median,b3000_5000__ftf_fund__median,b3000_5000__ftf_peak__median,b3000_5000__bpfo_hm0.1__median,b3000_5000__bpfo_hm0.2__median,b3000_5000__bpfo_hm0.3__median,b3000_5000__bpfo_fund__median,b3000_5000__bpfo_peak__median,b3000_5000__bpfi_hm0.1__median,b3000_5000__bpfi_hm0.2__median,b3000_5000__bpfi_hm0.3__median,b3000_5000__bpfi_fund__median,b3000_5000__bpfi_peak__median,b3000_5000__bsf_hm0.1__median,b3000_5000__bsf_hm0.2__median,b3000_5000__bsf_hm0.3__median,b3000_5000__bsf_fund__median,b3000_5000__bsf_peak__median,b3000_5000__spin_half_hm0.1__median,b3000_5000__spin_half_hm0.2__median,b3000_5000__spin_half_hm0.3__median,b3000_5000__spin_half_fund__median,b3000_5000__spin_half_peak__median,b3000_5000__bpfo_contrast__median,b3000_5000__bpfi_contrast__median,b3000_5000__bsf_contrast__median,b3000_5000__spin_half_contrast__median,b3000_5000__envelope_cv__median,b3000_5000__envelope_kurtosis__median,b3000_5000__carrier_ratio__median
source/12kHz_DE_data/B/0007/B007_0.mat,B,validation,0.138085539738378,0.110475251073161,1.04104674650699,3.9420712119693,2.94696418592266,-0.00235101534464875,0.807536260761074,4.8844398018074,3.82009549988959,3.6,0.12932431261962,0.290240553912074,0.458705845074077,1,1,0.0384797435071856,0.0190606655228307,0.0394757784112107,0.0669112031946451,0.202582119617359,0.00919435569867998,0.00492962604494951,0.0091291456762003,0.092384426487208,0.116398954664242,0.00842662975640515,0.0046052650810325,0.0226345865960128,0.110340830997034,0.172501110002184,0.0141423984349024,0.00739074171911171,0.0465492378093352,0.155000645583161,0.273765199441071,0.0145058251545541,0.00857634095095394,0.427301953714234,1.99275670852995,2.07749512076605,1.24904704433496,0.516596787040821,3.53046374060034,0.24868601432646,0.555953906551801,1,1,0.0347036320805156,0.0130777532441059,0.115157137452962,0.137157821179546,0.158516770651066,0.0831540208282602,0.0744248249638529,0.0221024182990025,0.0591101251194747,0.0810186087922974,0.0434691331666276,0.0297351965437242,0.0218319441416607,0.0481558286496198,0.0782277659298862,0.03096110155276,0.0178416499710259,0.0527285779349385,0.119355826711367,0.213664055821884,0.0453558178422087,0.0247332266042235,2.51278509336139,1.50684954606248,1.00239693726073,0.842406619505335,0.539473685885645,3.57134054367401,0.443121596884318,0.459388262885458,1,1,0.0877632982859928,0.0491465322458961,0.074150465968618,0.112554018216784,0.140688409509456,0.0404482839421356,0.0194371536052392,0.0274441608016415,0.0421550131828251,0.0556529193875973,0.0300854642839056,0.0189809695854951,0.0180573382735986,0.0490314665674193,0.063390755105749,0.0322381229956056,0.0144603081814768,0.0650261310925906,0.169064219754524,0.213113139856975,0.0568099568630626,0.0329688283793989,1.53619428299426,1.21124712811597,1.2438223450301,1.4760223839987,0.522502012018144,2.84626200895505,0.836322715906812
source/12kHz_DE_data/B/0007/B007_1.mat,B,test,0.138788410340872,0.11099318541629,1.0399097005988,3.86096080370115,2.98319280394912,0.0072709403434187,0.797728610398472,5.34389079609176,3.9772331132329,3.6,0.138920121201691,0.255952581210971,0.504171728686057,1,1,0.0313043406818878,0.0167370648816488,0.0572608506052819,0.107443870945929,0.175032841279449,0.0186906972919587,0.00919553217107382,0.0347215614999525,0.0790970186167693,0.110830932181988,0.0266027572168609,0.0147459660148786,0.0310500403600059,0.0591996119545881,0.100802904508284,0.0167836335383902,0.0087004914806478,0.0667429842871622,0.144403761520796,0.226893579569484,0.0259382763543207,0.0126348164145075,1.17514360463406,1.99321264425202,0.858228993996425,0.88857096436821,0.505854570471919,3.19608116204675,0.201281493580623,0.591001501662101,1,1,0.0350648122635163,0.0206704351826408,0.107307078443402,0.144418836123561,0.162133670328197,0.0770724270458418,0.0651448934178771,0.0213060191436524,0.0545821226236884,0.137482360375255,0.0399446586111221,0.0287847908080483,0.0158064225870784,0.0446830213254224,0.0619934251087718,0.0306031475794476,0.0199525960461052,0.0443847688250927,0.129770626767782,0.17853756979235,0.0296009436456565,0.0155422104773256,2.31921188998649,1.15721777188553,0.795959580369315,0.822424575652376,0.531720388499784,3.29918427400507,0.432919615121704,0.448811278616971,1,1,0.0293554106590898,0.0135805523425368,0.0827435410680191,0.117315443758729,0.164366008091053,0.0559186467275878,0.0343089425640405,0.0590140240879703,0.0778612733779763,0.098274698386371,0.063733971710466,0.0430767358987325,0.0191094922754674,0.0467687440100493,0.0660985355429628,0.0298250294955901,0.0164736427133136,0.0487172246196629,0.117749106697294,0.221619597797357,0.0197265430776964,0.0117444649083343,1.22916713242769,1.57984339090609,1.0123302260599,0.983721611457071,0.507071428474677,3.22757018869759,0.85309791050767
source/12kHz_DE_data/B/0007/B007_2.mat,B,train,0.147685031889138,0.118174025793476,1.0707723752495,3.68512937110004,2.84190311396617,0.0328663989345812,0.796910396114125,5.54974993882681,4.08744883426692,2,0.148920775998556,0.223289673168653,0.535420025904882,1,1,0.0208839201427822,0.00988014355728129,0.0459466682934266,0.0857175155038632,0.135089785241349,0.0221345097742867,0.0109795497541994,0.0237581520996998,0.0751336233387775,0.0920512127760831,0.0207379177560083,0.013137159197295,0.0221115046021776,0.0589860782786765,0.0762779665751541,0.0186617996978807,0.0140376526033083,0.0569720591540171,0.125552966062993,0.189015359839307,0.0202736027450146,0.00781796156957328,0.920676898191578,1.55701433628813,0.961057664418904,0.787456462958102,0.505628649292451,3.15162821820651,0.219549668504845,0.572088998632639,1,1,0.0210993442793921,0.0178969075601853,0.0626292888846717,0.0899236987023185,0.119250406803363,0.0331806476352479,0.0215154574404119,0.0268580742909835,0.048773578739941,0.123090582733948,0.0262807225286488,0.0199620916295014,0.0160663692254056,0.057319383617568,0.0815055416379001,0.0410752489076426,0.0293275236388864,0.0484593121973398,0.128010260786538,0.207411405357307,0.0313636027777929,0.0177208796287248,1.15597757243707,0.654896900013949,0.794744581071004,0.69018248956221,0.551796335561967,3.31390066780314,0.382699582258424,0.503932601651613,1,1,0.0636611769586315,0.04213901484297,0.0893953460793309,0.126482435015935,0.158246033886239,0.0856902309565329,0.0605217725964189,0.0900729400939992,0.10701733025049,0.120153010211068,0.0893650554565469,0.0782657586814716,0.0194993712672426,0.0300900934481458,0.0661254085482615,0.023510667863753,0.0129563362442756,0.0511884918951612,0.106468088758774,0.205280506208416,0.0361100048671568,0.020919567326989,2.19665761827552,2.18805766196851,0.51595082843033,0.618539475794164,0.478910551682216,2.67608010177905,0.876347627026548
source/12kHz_DE_data/B/0007/B007_3.mat,B,train,0.154838511136459,0.12400434257106,1.13834538922156,3.76996266992705,2.89288639111029,0.0210606264118575,0.83150062715995,6.14227155272934,4.6707337145994,2,0.181026666327239,0.24631247089867,0.553633626037652,1,1,0.0467951693950515,0.0221960774307437,0.034258281657923,0.0702692363458207,0.124205442464985,0.0256846226104325,0.0100622924990281,0.0161920798367624,0.0401692763465012,0.0689674217161718,0.0063569671715687,0.00309815843423101,0.0279438994934749,0.0426666941531455,0.0611005701900873,0.0074222586525033,0.00344282709961736,0.0491289067117758,0.0938646263484473,0.216278989426858,0.0199113156297864,0.00941983801340687,0.9283134887443,0.896347456797907,0.600906485618753,0.493455828009987,0.48655841448379,3.11812573293577,0.301341044977607,0.586729565617943,1,1,0.0216903039635161,0.0129149929103971,0.133051962654939,0.159819455159783,0.200703781415093,0.0440811775612684,0.0317797568568156,0.0578988826097835,0.078706141849609,0.118405462144909,0.0269584077712965,0.0163394083397375,0.0179251908226003,0.0532123201852251,0.0925076474810076,0.0343386998151769,0.0224073831285005,0.0542620108720129,0.150017849241772,0.254928697296852,0.0233241159846966,0.00909978382699941,2.87006253525143,1.79598659906342,0.805465804469365,0.89733888551243,0.519975261204257,3.19114905294683,0.400825697509543,0.464190091582946,1,1,0.0416654051072605,0.0254153589682438,0.0534784450866358,0.0932527596114284,0.130408122183458,0.0499260162244402,0.0340226041100082,0.053172060356972,0.0738291867031532,0.0896753254960616,0.0525543292715413,0.0350967758495713,0.0175927804661512,0.0429994315457531,0.0675546456054517,0.0291276689103049,0.0134699206731191,0.0543891245796988,0.116563331180693,0.200213889334495,0.0488062609332581,0.0267959481682006,1.39217618833107,2.50196498622929,0.765192610553357,0.966356030689317,0.48536591574581,2.57187139148968,0.841710702088871
source/12kHz_DE_data/B/0014/B014_0.mat,B,train,0.145303731036556,0.0970054239526011,2.73849385229541,9.15724078015898,12.331783834544,0.0246733290428116,0.76739937508936,3.4783710064368,3.42378185852582,1.4,0.185677911952533,0.442001626290381,0.520612058727739,1,1,0.0491240713244904,0.0262022628336952,0.0333092716233001,0.0657108553601396,0.137253768096082,0.0192822712025772,0.00911097550917789,0.0142420725387971,0.0342695178140999,0.0563330570035673,0.0109258430420449,0.00554320596229879,0.0254511311694899,0.0623432068211137,0.0954449598270445,0.0245705992860858,0.0135425240856609,0.048374814145562,0.125006883466972,0.19117664721856,0.0155315392094796,0.00836160925408817,0.672953117204194,0.693886547428035,1.46700028500231,1.01707664762884,0.496565794839219,3.89527655093487,0.347386720573797,0.461363319587297,1,1,0.175148376804374,0.067866724363552,0.0253642808132897,0.0735651353358624,0.113680359766907,0.0373947984619045,0.0221519907885575,0.0118425929384725,0.0276893376537167,0.0392521190019477,0.0200598372460113,0.00950771136874545,0.037100967831802,0.064807854046296,0.0821013566190391,0.0429714311052491,0.0193879939110604,0.078306335739812,0.122975574830245,0.199873875864992,0.0497430488751031,0.0225846304418684,1.45530575260401,1.22304200883206,1.25073163653107,1.12416976604946,0.97995434539432,22.2472984936478,0.44228985057949,0.469271525196537,1,1,0.205376233250112,0.0847637824699522,0.0250110865989283,0.047976956408366,0.0730182958478697,0.0335696684024712,0.0162173548155575,0.00786879568630434,0.0180373061273334,0.0276914647388973,0.0148274005666138,0.00777514038842304,0.0266127689783267,0.046200074622888,0.0615692078543287,0.037196325458246,0.0194061362229023,0.0604094565143896,0.10270966362194,0.169893436266265,0.0422343563435275,0.0177590007789895,1.17871395376379,0.658627704452777,1.07782254321519,0.982234447890498,0.896941431965678,20.6942495288572,0.759545752094294
source/12kHz_DE_data/B/0014/B014_1.mat,B,train,0.143536505949053,0.099788975004557,2.02264223552894,7.34991870952684,8.33739264322329,0.0145127012111726,0.790158102911262,4.0830321361195,3.43021536062194,1.4,0.193737100889114,0.377299969638985,0.490821610285349,1,1,0.0314461900633013,0.0160160635188198,0.0928834684355753,0.16815248108033,0.251675350078541,0.0359980784379711,0.0157896318093126,0.0289355661909157,0.0738460626346207,0.0991926705745073,0.0148446812377979,0.00766196908490395,0.0270075250676346,0.0704314632565891,0.100839303443969,0.0137324968037479,0.00786288803323681,0.0643631212603742,0.15498904390402,0.223056486841322,0.026305010462383,0.0126084276002591,1.76271736639569,1.50727317435622,1.1472738647128,1.04180377949654,0.512605561349373,3.12992193823551,0.200369258581493,0.489766297719983,1,1,0.0724673426595908,0.0395715850960659,0.0300809528570568,0.0655224499411261,0.100224635724007,0.0452235455110889,0.0242396441424694,0.0160927029350816,0.0267052476001927,0.0424675974351205,0.0216537283804288,0.0103857057748949,0.0443774282195993,0.0882388673552452,0.110172283917907,0.0657817636731607,0.0370768857349257,0.0673219409551486,0.129779233747956,0.190310849731732,0.0251997170249342,0.0124854098194921,1.21939082784647,0.644214459850563,1.21540245108344,0.95466534689166,0.924296923847648,11.3821405851569,0.443457660444243,0.53077066477416,1,1,0.175448666102149,0.120513702177103,0.0368866495835952,0.0689198418452938,0.098177761395103,0.0570498993243402,0.0357477258852451,0.00956491685310791,0.0204187389239789,0.0308013961302811,0.0179856567190789,0.0080622190242743,0.0321712390497522,0.0700963408032251,0.0981881258600426,0.0508877519883205,0.0253173661673895,0.0662645278023409,0.129858274478601,0.191802705870877,0.0454017791366491,0.0179016587059401,1.31253050487336,0.834258636075486,1.03738338037532,0.964958217268382,0.868623186219955,9.12782330151805,0.805676663186683
source/12kHz_DE_data/B/0014/B014_2.mat,B,train,0.156686278679977,0.110758172697606,2.58970327345309,8.54987693518703,8.58424357376936,0.192641135965158,0.757085643906209,3.80008712628779,3.64034733841614,1.2,0.232928494078487,0.493199450759062,0.470256941794452,1,1,0.046729685024205,0.0212638978089292,0.0366773749864484,0.0716438507349599,0.138782333631759,0.0213041236473525,0.0110862379488322,0.0259327528826886,0.0485810259137927,0.0629644635691275,0.0131971973428111,0.00713227360380934,0.0276345029585458,0.0543870287098023,0.0712459556430322,0.0123627123961888,0.00686178624923975,0.0547984702022807,0.130474081942,0.179000208892152,0.0300563063701436,0.0135361829841126,0.90117020470577,1.02023506901103,0.951068737535807,0.863522130932062,0.52953634823982,4.93875565253572,0.269255606375488,0.57248248191672,1,1,0.141672981769221,0.0941571920437149,0.0276884240558006,0.0598675532244649,0.0829356318917124,0.0339602783213559,0.0148830478462791,0.0155758212893104,0.02520601616274,0.0362038307797433,0.0200236106010491,0.00922916432016388,0.0274106106505032,0.050564551129074,0.0769641537723393,0.0317257356907615,0.0179132371436197,0.0582314932004961,0.108067130158333,0.145010649746406,0.0274174285799498,0.0134202416587911,0.994284496389628,0.744511662311461,0.991551837149464,1.03354269209324,0.970410762486329,16.8860659284054,0.470926886491559,0.62117783637784,1,1,0.310783288671791,0.231296007784123,0.010495626823261,0.0439331417690458,0.0655166101604904,0.0231922511381509,0.0101296306317715,0.00901143404053451,0.0197065027346214,0.0281961435974807,0.0173018879077156,0.00909997002738646,0.0154923208433542,0.0291354728712925,0.0436911003451433,0.0212752324932875,0.0134526670533902,0.0376479753754118,0.0900980161107104,0.123823931624503,0.0388152674547671,0.0187628270482569,0.838445384642138,1.129218268396,1.17096808352668,0.928205180043735,0.813544350616561,8.42226192074076,0.762324066497756
source/12kHz_DE_data/B/0014/B014_3.mat,B,train,0.137959074749685,0.0936928227401428,2.19677269461078,9.17424505666141,10.2677692805905,0.192150137525969,0.791674093422101,4.04452997499987,3.73535939805566,1.2,0.221639599209867,0.415001107811132,0.297276998666841,1,1,0.0219926868932062,0.0113589149578695,0.0176326992599138,0.0410082604487243,0.0713467112054054,0.00641523598414717,0.00358148673592799,0.00871842198394136,0.0183223691513591,0.0368155124767117,0.00823499823604803,0.00318298665821591,0.0201009916915606,0.0424430907808296,0.0526172030566939,0.0113876316678901,0.00642400877871624,0.0297658730357227,0.0786595786438238,0.114504930139592,0.0185965470822823,0.0101171801353089,1.13087408175878,0.602516925577349,0.937640795423887,0.877692027001254,0.488477079020525,3.05942670388579,0.410835249680431,0.530833332488398,1,1,0.109118977687778,0.059119972569881,0.018946007400289,0.037198096405042,0.0648771032377302,0.0165738363084848,0.00922798062629411,0.021243550364209,0.0314962630227458,0.0420075957099716,0.0255541454877794,0.0119162571405991,0.0229891176704475,0.0537317854607103,0.088258534613231,0.0422215297108085,0.0227844396882291,0.0478571982766087,0.106793755598544,0.175213440847973,0.0262493881304964,0.0107935269219152,0.69555255350912,0.877773330893778,0.74481405492772,0.719087899803992,0.80818242057723,14.2929521146928,0.412703808688048,0.560172843435301,1,1,0.239811055871105,0.159371705665337,0.0264775981263426,0.0488027662386774,0.0810829355349541,0.0323587783997241,0.0153754047174241,0.0101925070724779,0.0200142182709367,0.0351371103397282,0.019561183966303,0.0090273820967645,0.0296213781140594,0.0651248565428139,0.0962459233121277,0.0563904259669004,0.0245418235971265,0.0506394827593225,0.091397296116968,0.152623854177223,0.0338791907467745,0.00989003893852259,0.712711712467707,0.840675367874805,0.901218885784129,0.904647440892042,0.944261927255991,12.4560866797714,0.738821930450506
source/12kHz_DE_data/B/0021/B021_0.mat,B,train,0.12488006076734,0.0972618894051809,1.27235437125748,5.4938830288142,4.21078506964813,0.00427020022856285,0.84802907293923,5.84343504533635,4.27281058340458,3.6,0.117907409759535,0.218397922848301,0.553908864609325,1,1,0.0232585908976227,0.0128881150898835,0.0434321919276077,0.0822867620513953,0.137606460875642,0.0293564643392395,0.0172428059138922,0.0116822465716833,0.0612455804986923,0.091706375331347,0.00566155181930888,0.00274714830372825,0.0136418047787326,0.0666209565066243,0.108638549388045,0.010892087269402,0.00763033414705059,0.0264206934606727,0.101995008298313,0.212370351674772,0.00802173496686967,0.00382131399844916,0.706259547178324,0.871666722625638,1.05713049653983,0.71719158523207,0.508121435567062,3.24725469912884,0.265887519210405,0.577907232940296,1,1,0.0575433203355514,0.0232974262240981,0.0978645980330841,0.125652790785768,0.169790709644533,0.0435357708896836,0.0287122040443672,0.0402839346219389,0.0821937009574945,0.105232660005605,0.0619120784785772,0.0298143815515183,0.0266878580646165,0.0701349163254758,0.105076650824612,0.0554427422798058,0.0210071816611711,0.070866902233372,0.171923629235294,0.24438532590722,0.0311601250719423,0.0148025557415156,1.49402503490411,1.86780862155619,1.48244444830343,1.6269867510852,0.556060545454619,7.77575028367348,0.388184748122014,0.410957798725177,1,1,0.0369268919540815,0.0182133727349283,0.0359411398062323,0.106731148693847,0.16869133776395,0.0798250982965439,0.0730365896104249,0.091688398257659,0.102419872421173,0.11071349527404,0.0859672686004202,0.0694948829455861,0.0234919293049658,0.0460885980741805,0.0609875387472205,0.0349739250603215,0.014176650131212,0.0441898945154862,0.0800614371639079,0.112093892213393,0.0273751828616011,0.0170522785449823,1.60445821631098,6.25556168008406,0.604354469230021,0.521147560480041,0.619935619173836,5.55479927890102,0.862040474379302
source/12kHz_DE_data/B/0021/B021_1.mat,B,validation,0.110840810487578,0.0865198973869799,1.04981824351297,4.9893684809862,3.64978346224524,0.00515853496985536,0.832918080871714,6.00076772195871,4.2586657696458,5.4,0.111285852427698,0.217362885033173,0.475628296506493,1,1,0.0253098254515949,0.017079184775311,0.0572256017602557,0.113113659783959,0.178007366268455,0.0341841284375583,0.0232867295307854,0.0261199756221784,0.0762084619812444,0.0920470994291705,0.0194640345500299,0.0108057983081043,0.0351203809746892,0.0727316476127558,0.0932181333595856,0.0286808553059886,0.00968701366432663,0.066427313550374,0.152775751496703,0.211934768593978,0.0297919947439806,0.015358630392553,1.44443976397376,1.78496408596433,1.43249689399337,1.15124727819678,0.516196301576543,3.44187098215249,0.243634127386848,0.527537109145133,1,1,0.0400799371622899,0.0220323125718017,0.101959088240203,0.139872237475281,0.175740784983576,0.0471727266141643,0.0216688681457144,0.0760222611610673,0.109056901142549,0.117712774856884,0.0634319366041197,0.0453722943893602,0.0364213574490087,0.0739425881429104,0.115463516004878,0.0324493565786336,0.0148944600128765,0.080024056372483,0.182607752751559,0.260746543948603,0.0335381885881091,0.0173399649498169,2.14052422791188,3.10929424487798,1.2272966689416,1.34799376886938,0.566912363161916,7.16740160692047,0.369740312581715,0.498459094680104,1,1,0.040163107228024,0.017412491746137,0.0849666285044024,0.190529539114644,0.220659484397074,0.0980575705392314,0.0769221840123926,0.107343176625312,0.115709707901189,0.120716110473783,0.0541861733593323,0.0441092656115153,0.0104160784478397,0.0287342709167535,0.0433013216983481,0.0213540184670398,0.00970177776556745,0.0525904622290125,0.0966302565887209,0.124434677058699,0.0500820570789127,0.0264661560960829,2.69619112754673,5.00742900927059,0.574302220271743,0.684399942265326,0.568832670925095,4.90273749556452,0.862981674745152
source/12kHz_DE_data/B/0021/B021_2.mat,B,validation,0.107156457113859,0.0847859289855328,0.84823624750499,4.12345745855914,3.2429670790177,0.00684044676518848,0.845411649057,6.38904366445573,4.44759233590076,3.6,0.13815576073905,0.178868890239546,0.466118028929699,1,1,0.0224009845236641,0.00888235816957207,0.0342946152027797,0.0540884787775956,0.10690944078348,0.0107443068993692,0.00614184255967385,0.0157928314601387,0.0653914024515492,0.0751821743423209,0.00383098669586867,0.00229669198913085,0.0213117453037363,0.0408622736194171,0.0521947054500949,0.0153229129467822,0.00786658920729557,0.0386031327761308,0.0762766457548735,0.122908282535186,0.0235930644705851,0.0129242334587682,0.502532780909429,0.998202262797049,1.19548475653369,0.647746239368386,0.493501144667021,3.13256152420013,0.36912822964327,0.575500318984964,1,1,0.0215378994433358,0.0134965957930835,0.139113457252816,0.185965666790499,0.230872613821919,0.0919813389662991,0.0609513348567906,0.0615271727943438,0.0827745857721965,0.102412771662977,0.0581857583782436,0.0362275209154926,0.0209717059168042,0.0503801064283239,0.0929993543469335,0.0236559669062812,0.0138490875071369,0.0751199970161903,0.166562446835901,0.239833398181408,0.0321345578639967,0.0206093338719026,2.45531889875959,2.73883525876078,0.993508746822578,1.12573480373714,0.539835106421217,3.65843395222324,0.343559509018316,0.448554183095934,1,1,0.0422466620641576,0.0291984075116251,0.0543246557614634,0.2087143368842,0.233379943526602,0.173369773025567,0.140472843175501,0.0851047514586045,0.100120108451175,0.109761009075587,0.0727942634102208,0.0607079633139923,0.0116620737540339,0.0191042961950157,0.0343686722016523,0.0101457230370195,0.00533711209382284,0.040017063740774,0.074689517816193,0.103520862025337,0.0417549529531618,0.0199999918792346,4.27187777495939,4.28874406843618,0.324900573915025,0.634777284226387,0.560023431287005,4.32818161788158,0.81707913695783
source/12kHz_DE_data/B/0021/B021_3.mat,B,train,0.118150341654522,0.0935681843700106,0.881697884231537,3.88341405672836,3.09596235225454,0.0114756239727329,0.870820095813651,7.55691260280154,5.08950624535383,3.6,0.151643974490793,0.16767855307332,0.365673116250035,1,1,0.0113160270332086,0.00547122257958565,0.0127415343496719,0.0196441728385176,0.0601781653296728,0.00360006798440526,0.00162497648980398,0.00613285441434854,0.0381100265146696,0.0420979069625552,0.00200459369273614,0.000938740390728315,0.00842649844639997,0.0196151573325677,0.0255919681079454,0.00383666776323879,0.0023818086003996,0.0151594222554372,0.0340543664159818,0.0626734793191031,0.00482565164355231,0.00215910666457666,0.369618498175151,1.27894274941385,1.10580276458519,0.504365520584816,0.459087491706744,2.663041369444,0.519714779776133,0.595568789856939,1,1,0.0585854212928024,0.0261870642369867,0.147051281608234,0.179595744158045,0.204883584593218,0.0591497570751709,0.0425695020760207,0.0698840833182677,0.0923177719807485,0.108373345848474,0.0411917358991637,0.0327027930799966,0.0258797821167313,0.0557238697655981,0.10165825947001,0.0204016641123449,0.0122159876040109,0.0762926369076455,0.149204816615473,0.219997554052603,0.0207177646280956,0.0122710461422477,1.94720703627725,1.81190878554291,0.891553154156177,1.15159801838978,0.521585883001049,3.22596518396118,0.335619114385998,0.444690626492741,1,1,0.0279458475641223,0.0129265109249628,0.0300479360723979,0.208961218715979,0.236812432606946,0.189221719768941,0.163989009368577,0.0541887190718118,0.0636994767780131,0.072902078007569,0.0467547796832646,0.040315862382008,0.00880639118170915,0.0137632436015115,0.0236716055007776,0.0077138916976861,0.00430811334705483,0.0355987283234244,0.0623533400994472,0.0855154868132533,0.0348867443214761,0.0218931398250625,3.22846892291182,4.70839909126655,0.209919490792947,0.514217344409918,0.59318945109288,4.19009718225222,0.746179318203087
source/12kHz_DE_data/B/0028/B028_0_(1797rpm).mat,B,train,2.08800743993601,1.56843463685414,18.1054224,4.71039076895081,3.8304041904392,0.0537088190854305,0.733556722070475,3.57304329022377,3.67865053306906,1.8,0.176252481665894,0.51460072383777,0.474682627984577,1,1,0.0839446659193585,0.0366143431162369,0.0216234702547741,0.0516092253448302,0.0732404661067676,0.0113111729907268,0.00568673530311161,0.0300751780694246,0.0443170577418395,0.0510895035683639,0.0313390367740398,0.0186407075040037,0.0952449635113675,0.125060313703697,0.1344135559308,0.0610712024548289,0.0327047212141825,0.107285410228626,0.158459367721258,0.19543079376071,0.0200983281510139,0.00962579249625304,1.02238725489819,1.79734858665806,3.69084624039444,1.77901748096553,0.596506579801093,4.23348865008436,0.0470803187127999,0.578905077425305,1,1,0.063028491173384,0.0454623730351279,0.0290107926392719,0.0476643656766807,0.0634560557060624,0.0174739676073086,0.00831015614520496,0.00949986746158096,0.0233293741788551,0.0336450680995415,0.015846641028567,0.00757387697056044,0.0803470072922881,0.104692796809135,0.118691113536711,0.0678144227594744,0.040037068750214,0.113227184872013,0.15810697433967,0.203963195712387,0.0364922394572771,0.0232954526207338,1.22061220089884,0.711748772714356,3.58400981677315,1.37905114221196,0.682101184579159,4.07242675209689,0.78879332552274,0.539566690323155,1,1,0.0407462954868126,0.0225966247291974,0.0272235369693275,0.0454526044499776,0.0804355966020057,0.0293572601626911,0.0184367237559431,0.00813807907371117,0.0175259949631356,0.0277349476030113,0.01097380370191,0.00438164573728375,0.0359508195505477,0.0746789808358651,0.091603921562472,0.0510052309646391,0.0252387467401613,0.0765376859144099,0.123417590126597,0.151728827819786,0.0375206979291213,0.0160270670668074,0.8282350957479,0.78187261752497,2.26003568786286,1.16485838671676,0.582658435961521,3.04375869787758,0.567549898023895
source/12kHz_DE_data/B/0028/B028_1_(1772rpm).mat,B,test,2.004416752097,1.51776481883231,17.4299684,4.56976068186826,3.89557461649646,0.0483428510769701,0.715357627430079,3.43705466152378,3.63435020942405,1.2,0.245177643360023,0.547879631929817,0.504628777632477,1,1,0.0815745093946948,0.0387737072343754,0.0121330081581884,0.0445665251129419,0.06299280812681,0.00872683546944729,0.003687675303292,0.0233647559270151,0.0344762700404874,0.043245955879232,0.0274623935835414,0.0128613457257291,0.0979574248945741,0.129181399761191,0.137318901933377,0.0478287049450386,0.0277502700697983,0.111515585544166,0.16346956634788,0.20191150941389,0.0162625134082701,0.00835150078590386,0.624904093424508,1.2537879986075,5.01273097408591,1.97802951659235,0.629853348675323,4.82266744807674,0.0463227431823751,0.571156586498693,1,1,0.0370158469549018,0.0205137955677224,0.0334939357376964,0.0547479174376203,0.0763735769161512,0.0312971364071194,0.0118501677102183,0.0123380853254098,0.0223479691285922,0.0294217009734736,0.0145938464245462,0.00605637110110467,0.072696673525283,0.0829202107494513,0.105473232335777,0.0592565650075997,0.0334105150459119,0.11496999731498,0.155027122561469,0.191824175586616,0.0387468523401798,0.0180520287885252,1.36237311874167,0.853305989381961,2.84299062807474,1.218208932222,0.700078771549527,3.94571281697208,0.812626563415266,0.519656373972236,1,1,0.0455725067095065,0.0220590634393703,0.0375762505245114,0.0615774661255723,0.0982108401912083,0.025000293160071,0.0164104853174681,0.01015480376508,0.0227900279875851,0.0364329727512694,0.0122769973720093,0.00536484759450043,0.0549013552466416,0.075455319649825,0.086621544127792,0.054924530052458,0.023835875160965,0.0886087686108853,0.153482747680564,0.187165794987181,0.0432323480380068,0.0216779457096233,1.04630090424894,0.846938235142813,2.23956596481522,1.33318143715187,0.604235904407453,3.32211024394886,0.545648773679537
source/12kHz_DE_data/B/0028/B028_2_(1750rpm).mat,B,train,2.13472621958558,1.62462289932221,18.1013534,4.34664731038182,3.69881625740499,0.0394950047432347,0.659030394988201,3.21670363439704,3.49113545451232,1.2,0.199127187852316,0.615149488602497,0.512163211812075,1,1,0.0589000263907986,0.0351952763253025,0.0192468830684195,0.0508674545069566,0.0723047421707684,0.0120536335709026,0.0067590659700649,0.0256556955100592,0.0383251166946897,0.0455997103649225,0.0276909330404597,0.0181296237231609,0.120945160229521,0.159683972184434,0.174472221363674,0.0660406536084376,0.0455365334337194,0.139615232479868,0.187634203824583,0.226513600136216,0.0152500897663616,0.00783096373888424,0.629082090749788,1.64426105106207,6.43869059510266,1.92296684714028,0.64014715113763,5.26693596814147,0.0434888691290874,0.640286820308585,1,1,0.052915143000724,0.028458224731731,0.0235807389307168,0.0426532271465137,0.0550077026649116,0.0271846857649179,0.0148746116263657,0.00869675882283651,0.0211942245697918,0.0305149929344342,0.0145813013932546,0.0069054747198787,0.0909930082825818,0.0979739212004682,0.106576995553027,0.0811224264434388,0.0560734582771425,0.101301247680677,0.121989601793724,0.150382440031125,0.0185403167843567,0.00952565302574824,1.00327475608377,1.11773168826809,5.02208040182025,1.29361272762536,0.714225231310231,4.11100921178405,0.776386646730386,0.529694323537711,1,1,0.0419252328209126,0.0161618021919164,0.0482176054738375,0.0781912655333225,0.124593188762905,0.0473530514734226,0.0240784089401998,0.0104774086155918,0.0264614040054268,0.0378525076659901,0.010590012272916,0.00451676469190886,0.0743961776724236,0.103267449277229,0.119976339712584,0.0637394428967063,0.0362920501057015,0.116030114100642,0.150892546947266,0.189727846054188,0.0312493156670412,0.0159018043222636,1.33724863032404,1.002992123719,3.29899961618804,1.48859423194257,0.579049721413338,3.24010646089338,0.592784743872592
source/12kHz_DE_data/B/0028/B028_3_(1730rpm).mat,B,train,2.17092235691896,1.64487533128922,18.7027516,4.47351158432004,3.82492096294247,0.0435169189591513,0.673420130796354,3.06576818927125,3.16743895167825,1.2,0.298233549716772,0.612222506189573,0.543563275765641,1,1,0.0504343898507709,0.0258006724634454,0.0408503274841829,0.0668838840075415,0.0971302283302347,0.0304479143380964,0.0185683646351062,0.0241360082917334,0.0353955025999861,0.0444120797352585,0.0238963134157716,0.0150891813028805,0.136716232610767,0.154880924987362,0.16634208457,0.0617088816315144,0.0439314942047696,0.157552720654433,0.191050663304405,0.219673198409498,0.0249753868495099,0.0123466817040178,0.900588474898495,1.77013252628081,5.81548246228833,1.85060254593484,0.610836648517238,5.03366306722323,0.0466081727339131,0.648434493659165,1,1,0.0839868371590596,0.0395539059989498,0.0266035310594308,0.042576554974314,0.0584946715581838,0.0272364135729879,0.0134272367490509,0.0152273100337674,0.0259968134981847,0.0320805520079725,0.0217928292116557,0.00948402822153986,0.0792798593102741,0.0990027185168101,0.115224024652341,0.0795822959874243,0.042352467971,0.0942307931129856,0.13906754379239,0.172402548848596,0.0261508029819447,0.0149467767090019,1.204958695302,1.69119981912641,3.83793066551868,1.56749876735936,0.705818239284485,4.06845420352654,0.765483758609967,0.524587467673586,1,1,0.0401863382866402,0.0204121298118201,0.0529640628997645,0.0871633645352005,0.119716197627387,0.0444968437841489,0.0209922193841924,0.0120607741077022,0.0238840885423489,0.035159629988109,0.0118714327101101,0.00666419578825066,0.0706300894935873,0.0933266714817309,0.111748205974228,0.0552200727743631,0.0399642981169504,0.0929460662595569,0.136091405701087,0.184477892800644,0.0302377452008841,0.0137990217065825,1.56847110917817,1.10857411863942,2.37613306284122,1.12136222496447,0.576848114897289,3.127445162551,0.59994576999255
source/12kHz_DE_data/IR/0007/IR007_0.mat,IR,train,0.291143046079395,0.208843453355705,2.81402618762475,5.2671840664256,5.39736447356159,0.171458484760347,0.403780861275281,5.81724336122244,3.07334832623013,5.4,0.559742363944924,0.116135302981808,0.44127497786489,1,1,0.00363234048761922,0.0018313309846841,0.0249485090411202,0.0784859815894021,0.153577489510221,0.0489921887592666,0.0469363339512195,0.382363927090822,0.389570033858627,0.39138638969991,0.344657237922519,0.340974751448238,0.00775137218822503,0.00989083192021772,0.023951336209891,0.00260314852504233,0.00145050606642526,0.0268247839055265,0.0320763387847859,0.0731561964075313,0.0116718166720107,0.0114219680302964,1.65179814021942,43.9150617987924,0.180646470107891,0.187687570574331,0.585486831448394,3.41934113568389,0.392422635391252,0.286398800217205,1,1,0.00584262150819401,0.00530876934033912,0.0586719487761827,0.183815787572966,0.217043810178273,0.109875932892347,0.109623158063839,0.554046616889403,0.560754885658559,0.561596844563507,0.49863597203822,0.493289705313273,0.0212905876481611,0.0227579472627808,0.0254237904202675,0.00205736670651746,0.00145869315339557,0.029980487072299,0.0327135664394565,0.0437199272228374,0.00591106708373894,0.00551246226045556,5.55901502017865,177.524391332346,3.7860047329342,0.485279462587024,0.697732369025922,3.55466860539734,0.646996507963569,0.372767282043661,1,1,0.00385039506382873,0.00193291281643272,0.0998886769640261,0.175117330747117,0.214459698275535,0.080884401341473,0.0789570723451818,0.414999309035275,0.421754620360431,0.422999247635446,0.327532919222549,0.322334726574501,0.00874958994369339,0.0121167542165065,0.0163021878430443,0.00655305270560663,0.00450602355259797,0.0419568522603362,0.0490118300043682,0.0723414122816403,0.0202041989470687,0.0188214232334278,4.22843590799673,59.9528208265459,0.396364899281877,0.446204202284364,0.718384850559825,4.98255936893358,0.630437580974381
source/12kHz_DE_data/IR/0007/IR007_1.mat,IR,test,0.292423807036301,0.207348836919317,2.80135624750499,5.09708892465318,5.54683985721302,0.126287246909001,0.379568591409656,5.92525247092555,3.12988884670886,5.4,0.608079247814849,0.13044894993942,0.358861537554346,1,1,0.00465231004786369,0.00340110819063711,0.0638978497670727,0.0868574956779816,0.196919832167407,0.0226504851466094,0.0217096056817098,0.504348333034926,0.50551620490198,0.506425177617078,0.431200875344499,0.426597383275762,0.00836202084463095,0.0100114124978534,0.0167253926449743,0.00218414817474568,0.00128190019595533,0.0325627054778,0.0402627751869023,0.0676593741568916,0.00603582829326744,0.00418208178451349,1.21737815529276,109.929203207742,0.220492123859575,0.24623206739886,0.603120038706972,3.34516575274767,0.385410743062683,0.305894350678409,1,1,0.00377555429320784,0.00332566087468061,0.0882913059659115,0.181529877490062,0.209371619414448,0.0813068500559169,0.0802318261515485,0.607717302550422,0.608333021026915,0.608834790249457,0.525630658315842,0.521110699224681,0.015275804328129,0.0163010830008385,0.0176679252780629,0.00392964223194736,0.00306484590539095,0.0199566079241754,0.022095237143926,0.0303180357382195,0.00403987650555789,0.00378606982122638,7.6999875778946,135.168333595296,2.20496402364381,0.285913162843571,0.715222237779279,3.2945723361136,0.638738569869189,0.369631411273267,1,1,0.00270306904495618,0.00107174228179274,0.108343819954733,0.194728864288293,0.234404162975485,0.0728240679499346,0.0715735667174602,0.45253805494497,0.454092716791315,0.455213028881555,0.349535337482949,0.344095194249483,0.0166568273488296,0.0198732853297626,0.0225043504367658,0.00909254671919038,0.00679105524240394,0.0423613040355178,0.0511704158728484,0.0696791187217458,0.017010096947266,0.0149526712287229,4.62404069191013,61.8895814513838,0.639350778855698,0.488274279446856,0.76439632691444,4.8578909616075,0.643321608463645
source/12kHz_DE_data/IR/0007/IR007_2.mat,IR,train,0.299445309802669,0.214003179254896,2.80996530938124,4.98797731170381,5.57239445168295,0.0913319748596116,0.399525812110505,5.63267277049299,3.21579367106522,5.4,0.556015043142727,0.208709339932077,0.335279382748103,1,1,0.00622355502114506,0.00342277799955552,0.100873953261174,0.111273717912433,0.275243281692318,0.0116273044970137,0.00986917200095463,0.513334879372145,0.516705319934107,0.517651918862606,0.397828399683556,0.397365258869403,0.00789369364744212,0.0107278069808629,0.0156763841098361,0.00185186045120691,0.000772352098620094,0.0269367764049204,0.0349684966321722,0.0658627362981035,0.00903778230711084,0.00755681924951702,1.14297176376288,109.501307710217,0.397694453152219,0.261990954245958,0.581335225780595,3.11726191334032,0.410890686130523,0.355919830907188,1,1,0.00662309079108381,0.00563527396771339,0.0805204091309108,0.146927617507663,0.188347862897713,0.0544975307015868,0.0540605030984285,0.555596331599789,0.556118384646518,0.556913215607413,0.469561834728719,0.469205958509966,0.0115229734831523,0.0124342236642534,0.0146589858093863,0.00251130981794225,0.00182124357940944,0.0256037167564967,0.0268742032781451,0.0404660713831448,0.00764806886080943,0.00682349182018929,4.5494154569693,112.849390340519,2.81817905706704,0.235098620659577,0.67587690296308,3.54767078706375,0.615717634805231,0.337250035777935,1,1,0.00213798470790914,0.000971409141461547,0.113317422698471,0.199002094958838,0.241127652926801,0.0796194140845051,0.0780256422498927,0.502780502886847,0.503720552130022,0.505851039032066,0.389444327831511,0.388874704323824,0.00977703681863131,0.0115927262904157,0.0148450994219784,0.0052690578845498,0.00387930204295047,0.0438032843487319,0.0482697786160764,0.0604088854381271,0.022789638538913,0.0201789385639128,4.88886752479404,105.222413916869,0.404326893047635,0.511495219798034,0.813310937243774,5.31248534082378,0.652570768588231
source/12kHz_DE_data/IR/0007/IR007_3.mat,IR,train,0.313238405226574,0.223196759026172,2.82393473053892,4.68997220930074,5.27240593587475,-0.00976548163911519,0.513601400160248,7.54603604625426,4.17775755391522,5.4,0.482150109161784,0.136029631717544,0.452079353368661,1,1,0.00572819325325384,0.00278708306533698,0.0990389065573457,0.164474504682343,0.258314242401468,0.0534855439404532,0.0516619806365581,0.376087164981066,0.382748430425197,0.383324769289948,0.267847170745188,0.26246917488914,0.00934422372613574,0.0160020242449871,0.0312597554409464,0.00180455551640996,0.00122885723688045,0.0232480461038339,0.0371789358733975,0.0669045183305496,0.0103596962373552,0.00852339852173659,2.30494953229632,70.274362442985,0.575884648674913,0.236530621539837,0.546634003841953,3.48542918364677,0.418185063139751,0.474761866143752,1,1,0.00439675949509461,0.00295570807883544,0.210377759354637,0.292782641925968,0.348228544682288,0.0527185259015521,0.0515338170294618,0.475931081568243,0.482725730024338,0.483646363775988,0.285895396136969,0.282464300533044,0.0341911951262885,0.0370381329450927,0.0410092158896079,0.00231967941657544,0.00140262151851688,0.0535377073817,0.0600291977187554,0.0680120543908897,0.0115151740246612,0.0109473733129595,6.47996675730898,67.2028827481658,3.67626435073297,0.710443638608983,0.641447213581784,3.45865877318012,0.512985836529507,0.330767153243322,1,1,0.00234729068226069,0.00113594896459168,0.0996838215789765,0.198515648130547,0.220218304098882,0.0942376854589755,0.0934540387113085,0.529734201488619,0.535667388100818,0.536818346984565,0.436620435561339,0.43193760545738,0.00815053922104116,0.0102881641046714,0.0129539970782215,0.00315044829015718,0.00149441850880611,0.039511379043883,0.0433041239759639,0.0545498156653872,0.0186406984748419,0.0167368180062849,7.63393827152971,153.92660032973,0.561635727749901,0.464877577066946,0.888507959630619,4.76223989568315,0.73795327014597
source/12kHz_DE_data/IR/0014/IR014_0.mat,IR,validation,0.192286504300534,0.111163708130132,3.52776614770459,9.41354263141304,22.2451976386711,-0.0758424983894839,0.586526643486561,3.93686404487881,2.93549549825798,1,0.375948826535768,0.318118416282994,0.437520582204517,1,1,0.0174245485592665,0.00986400417030368,0.0364776500772601,0.0824272826952729,0.118031122782949,0.0201709925818165,0.0125433539828671,0.0183054587442234,0.036704218071156,0.062101804201318,0.0130691475918388,0.00796286231343957,0.0199790498811334,0.0474803393750069,0.109399545757148,0.0100714262870689,0.00460275379017916,0.0611022897361364,0.120946691501446,0.192320691168007,0.0191526076872425,0.0116723528997837,0.600811108804155,0.557423070521838,0.71033225718441,0.899318925929599,0.560810881585202,4.95305640582591,0.185236931460416,0.409856318533662,1,1,0.0192213552159714,0.0176900648336987,0.0166926898104138,0.0822991859556802,0.110386970862054,0.0640419286477168,0.0627012013962,0.106752507663058,0.107986251658492,0.108986040841316,0.0930113610019383,0.0908850814338329,0.0136674929556749,0.0151479229263889,0.0279206887651756,0.00703008040545874,0.00573137834998063,0.111528701472595,0.1163233994259,0.140409944033548,0.0933986881020009,0.0912705972675245,0.950346226345374,6.98628055177198,0.313398331300683,1.16866470190331,1.47170077459933,20.3572600008458,0.667637580369162,0.406753097998761,1,1,0.0159280272930751,0.0114688522136961,0.0294248777268971,0.0854414191973504,0.104794998050136,0.056281339477832,0.0484559673774848,0.15903660094807,0.164885285142359,0.17217193837143,0.143990787585229,0.13910518679792,0.00977936177200208,0.0209120825753204,0.030275316086274,0.00949908209888829,0.00742868754270777,0.121027723747839,0.140022542812528,0.165409964225137,0.113445625495687,0.110493978223098,1.05454574879757,11.103260549976,0.505001861371691,1.59257644595904,1.02372612070809,13.142108480367,0.694467394621995
source/12kHz_DE_data/IR/0014/IR014_1.mat,IR,train,0.167488961387576,0.101143588801004,3.3305699001996,10.1684531324988,21.2386264632774,-0.00715943384280651,0.610364867913677,3.99490587949018,3.08076657436244,1,0.336627100900021,0.304122668856232,0.512215959749071,1,1,0.0200859352805101,0.00961734515506412,0.0480975495232676,0.100988232677028,0.149165136657303,0.0255605246669015,0.0124439544650808,0.03346300565654,0.070500044274842,0.0929231740718652,0.0156305224349281,0.00933125232599043,0.0315564834391627,0.0576094014619542,0.0828985119171345,0.0118088364589655,0.00864266784535243,0.0585666563668875,0.118170069546311,0.172372545852694,0.0174053104703847,0.00941337367698606,0.822532665051986,1.40780592251052,1.06403725980855,0.888386159678813,0.538219306684347,4.27112043606772,0.166129983478105,0.42224919354359,1,1,0.0206249378818859,0.0181393893532664,0.025175827354441,0.0799036020644891,0.0998728231017117,0.0528664722081809,0.0517757248019072,0.130816888861003,0.13215100977476,0.132817274409633,0.109567284191032,0.107432319341307,0.0153253477141945,0.0196229958025743,0.0307729828854582,0.00945447534471838,0.00873151928172647,0.126674260537384,0.133856737264484,0.157486626734999,0.109366409025299,0.106404129546691,0.999468100060444,7.43352473267017,0.464301414727181,1.54412047763686,1.28492902174285,20.8079954824799,0.568567163201939,0.408957623713462,1,1,0.0152778180224969,0.0100810161107887,0.0321804300249744,0.0797999126607593,0.103843354752035,0.0447525725016583,0.0402437565028686,0.191471890156903,0.19636003618967,0.197907659878719,0.168106773815961,0.164329218599235,0.0146862510773076,0.0310989603277272,0.0470598579759716,0.0139436131485885,0.0102487505625635,0.131076282565433,0.159924562105296,0.190968659557944,0.111319809451797,0.10516752339205,0.860422213981042,7.4207088927613,0.701751284376476,1.74965608421786,1.04566281359619,15.6724015480858,0.785133262493777
source/12kHz_DE_data/IR/0014/IR014_2.mat,IR,validation,0.160317516227678,0.0975100634823828,3.28817433133733,10.2069386856963,22.1806931386431,0.00445473470147014,0.620200865434898,4.04177934691927,3.22535410785029,1,0.35708274928468,0.338421346663142,0.528953038598915,1,1,0.0189075896970626,0.00768222332057712,0.0379325087104775,0.0570400307213632,0.109906491811797,0.0157764471803996,0.00821407164174932,0.0156678703991741,0.0496950615536045,0.0657786368041082,0.00609159069771623,0.00357787056671313,0.0285437992072388,0.0669689635174713,0.113491156958515,0.0154857089098272,0.00747326701570462,0.0424801861643706,0.115578976301447,0.184660323227745,0.010257604922967,0.00646684329632831,0.512263048174531,0.689252561847818,1.1787126905266,0.683880553761995,0.519450922650899,3.8396971891868,0.227983905129135,0.4148136049575,1,1,0.0224611590726734,0.0163584972386016,0.0241945353117642,0.0894732576268387,0.110921290708062,0.0636018990046516,0.0584262278348064,0.120474062401289,0.121872077735016,0.12265159041599,0.101350004025975,0.0999855040312359,0.0166582264879474,0.021805455588351,0.034170025550886,0.00969290084200751,0.00724113677836419,0.117265285517358,0.127240928945463,0.148110058975673,0.0962283957664453,0.0932903616642989,1.29469036945189,7.69685630194903,0.426454704542017,1.25831982717271,1.26766526464777,22.2630138348341,0.564056533856391,0.416598552469305,1,1,0.0238664837769607,0.0173810698839171,0.0265615106596717,0.078843817636701,0.103309960219938,0.0467336378094774,0.0409157372441529,0.145752349503766,0.148199114783144,0.151611000811871,0.1360974118424,0.134752231435591,0.0163668945567091,0.0328410180523616,0.048746110162744,0.0170686748212641,0.0100334124188797,0.113370830997531,0.136129936070643,0.169206154590567,0.0904944453392883,0.0840727799918794,0.894745267347229,5.57712747807289,0.559242631688865,1.27210555059483,1.08316968490112,17.8650029599459,0.775174859262235
source/12kHz_DE_data/IR/0014/IR014_3.mat,IR,test,0.182297444132649,0.116488745467685,3.37735121756487,9.73507870462709,17.9247841472619,0.0347381137147194,0.613175943393567,3.92102293249367,3.22779585087966,1,0.382446191812048,0.360187508376655,0.489032957236472,1,1,0.0167441508374912,0.00760300603945892,0.0128263752911312,0.0285977684694504,0.121352797127469,0.00538738113537636,0.00248810009002705,0.00628572429745482,0.0455239649296909,0.054084587205281,0.00203718855241381,0.00116395374373995,0.0655035768684328,0.0940313680573485,0.109815601702956,0.00504123779925195,0.00336476211666397,0.0815435977549626,0.119323934872984,0.273928463518311,0.00515115570342473,0.00240602476389662,0.297558558256124,0.623066303584018,2.13301182378806,0.641666383709554,0.409966953634397,3.3772920867182,0.362950438013264,0.42844976521484,1,1,0.0191937782844624,0.0145847506897619,0.0181773439890426,0.0812151365007741,0.102393402875524,0.0605759945104809,0.0578038822622718,0.102942158596041,0.104934772693002,0.106787353181268,0.0878304409946402,0.086060694325249,0.0175206009741743,0.020255383618375,0.0318571447852312,0.00787739800172066,0.00602901058308956,0.125552264621229,0.131597336729751,0.154411618998786,0.103108874340009,0.10163001703508,1.13027932694453,7.81792254545884,0.449551352310026,1.36348357201881,1.22748659343341,19.8362021705417,0.520718707382615,0.413886294152715,1,1,0.013698591307976,0.00915246325281966,0.0230538460288423,0.0788176308961434,0.106999624362789,0.054189981876832,0.0465804962892902,0.150134109281179,0.154641141416929,0.157162741185578,0.139319310321231,0.133383813174059,0.0178274025136259,0.0276194983997301,0.0378025958667756,0.012491262190018,0.00806248963060341,0.120982893657508,0.146240295125209,0.166268165548784,0.103852242106345,0.0983608221085746,0.973158225094978,8.11628140841547,0.60980876782202,1.45589710361562,1.07629116708126,18.0940390338386,0.760182264843975
source/12kHz_DE_data/IR/0021/IR021_0.mat,IR,validation,0.527664081925364,0.363493411300474,6.29557954091816,6.50056370920759,7.55885235454411,0.307952167468611,0.502999867874546,4.00782831848923,2.93874116298707,5.4,0.291073233408468,0.347846718471843,0.520726647655204,1,1,0.0168889205499734,0.0152085834483193,0.0500160626814525,0.103797386888892,0.119564688910226,0.0440597174802298,0.0423274191692114,0.131014194727782,0.135064212288364,0.140036134683816,0.0725577478236241,0.0705905351450037,0.0273461554225085,0.0328930013740004,0.0429970645570125,0.0131812274774513,0.0112266281342765,0.164788797999434,0.193719995258256,0.219944113907395,0.123545179369455,0.116593712678707,1.49833146178493,8.50873487257462,0.950581713391234,1.40134457114744,0.538543663776185,3.3791313222019,0.178912901638427,0.355775417501301,1,1,0.00962584250190513,0.00530324105998628,0.025182964288239,0.0461274291855149,0.0569655208946533,0.0146418151551079,0.012102762194541,0.288446749836141,0.292086793524675,0.292515920606607,0.265477045881987,0.261853227196496,0.0080530920158672,0.0109056815052958,0.0173294599023737,0.00244658018315033,0.00117882977510749,0.079252143077335,0.085066442966487,0.10721129808897,0.0670670245188858,0.0644698571630956,0.989843793662009,50.9188820283234,0.426234367780224,0.949458080867323,0.796452109061232,4.89578959827866,0.701745446007559,0.184882049053659,1,1,0.00999130332914126,0.00532587507240183,0.0257753048381344,0.0563850448641888,0.0671908173084046,0.0315729271969896,0.0294237380831331,0.102492712527477,0.105005448358886,0.105752774071433,0.0821437193849032,0.0790942197857289,0.00322231205329506,0.004712746137226,0.00882235451311856,0.00206928237638873,0.000994052645100821,0.0453402440800436,0.0500871644919774,0.0616807506325417,0.037129144384475,0.0352837179552608,1.46868294039021,16.2036470861004,0.166275359457901,0.979520668845629,0.695137763144835,4.91952220688485,0.629581408748232
source/12kHz_DE_data/IR/0021/IR021_1.mat,IR,validation,0.44112986439054,0.300030020545776,5.21376157684631,6.32531100788658,7.59323373137787,0.265378687661787,0.507525832126889,4.40907902709866,2.98880542250068,5.4,0.321157342872025,0.260989867927063,0.531018470770007,1,1,0.0531834739419238,0.0499782188264193,0.0414564756960707,0.0761768530932534,0.088728484753484,0.0247713347998999,0.0117791579612829,0.13350949147805,0.1375242537376,0.141694312663039,0.0999898482767888,0.0983307493059434,0.0224036067196924,0.0339687296097062,0.0491997189856043,0.0136382743271436,0.0111983850398721,0.18640081261225,0.211605735335481,0.247007738297336,0.157071448847311,0.152665679905609,0.791744609480338,7.76401364425833,1.19622792087795,2.59247501522448,0.569038878390357,4.46024662480983,0.15630944987408,0.409225069031948,1,1,0.0188685832196195,0.0182055612538518,0.0500362805618614,0.0658065897038916,0.0745308349949887,0.0112299000431693,0.00960886257518152,0.320152947103656,0.322319981808668,0.322991911199911,0.27577740426219,0.272884636145039,0.00710515893908195,0.00790677185469477,0.0167816075613574,0.00138528115795732,0.00103488461936007,0.118655575508054,0.12372534668493,0.149418881590356,0.106817226029957,0.103782199030059,1.08484990618229,33.5572337928916,0.505940951382132,1.66875050754355,0.811429771294068,4.75409664175432,0.753453363182881,0.339446159699638,1,1,0.0141932127108646,0.00794526330457789,0.0424140401300236,0.0754574094813802,0.0943050634194776,0.0294862914628944,0.0256483398371666,0.124929820775501,0.12748841614637,0.132831132357474,0.0882708002144189,0.0867986280831167,0.00512422445922863,0.00848113643708781,0.0163480082371161,0.00394145533627018,0.00175173360170961,0.116305962371867,0.126391864472194,0.150162551291544,0.108031962078454,0.100247293852848,0.929930016756502,8.37700212034668,0.205029721901947,1.47004710053985,0.682687960939586,5.44908748251297,0.574328519339594
source/12kHz_DE_data/IR/0021/IR021_2.mat,IR,train,0.487644683479563,0.327136312298973,5.6174128742515,6.22481724321213,7.91352141256323,0.249077977171735,0.520311472235363,4.30040186454836,2.98132405373416,5.4,0.311400122079372,0.281001995050584,0.605948099827909,1,1,0.0716140707803295,0.0661352783172402,0.0321633843584313,0.0397183167943364,0.0528380672990508,0.00995781413677237,0.00550891422693485,0.144618236638465,0.148220041905717,0.150410684526138,0.125454761318046,0.122247775471595,0.0131818149484857,0.0186184724068829,0.0309163170693181,0.0103172569994801,0.00751408708321359,0.188204253085209,0.225175130816372,0.254097061891415,0.172658156937694,0.170665762307298,0.478122637219253,9.66136854899931,0.614668124599966,2.4139442143631,0.567538406312804,3.70586805762287,0.153241486021335,0.399610821008117,1,1,0.0211121805134182,0.0142908104224113,0.045978041371867,0.0652296776182067,0.083051954595659,0.0141913185775582,0.0119888708968459,0.310475843263727,0.312434846962025,0.313681567239728,0.26670524516506,0.265477520055813,0.00670550489074234,0.00839145755984218,0.0140191341177631,0.00269542796786196,0.00156834593349745,0.109077200158419,0.116290812940029,0.136100110020937,0.0998416120354975,0.0949596994345723,1.01406962435315,34.2611906452373,0.479597051736726,1.33237049225583,0.814427210110233,4.85061132800117,0.806299747611161,0.320329222299748,1,1,0.0143788313751472,0.00861987363862484,0.0252929050700302,0.0761400002359777,0.089021617725914,0.043969997355792,0.0395902514313174,0.187867436519246,0.191156294885255,0.19522400855345,0.159095530228427,0.157279578384059,0.00982387508099218,0.0137000093462018,0.0177057605130096,0.00356369462409499,0.00225709627655242,0.103119475145579,0.113709038035658,0.13687226937085,0.0879404898772343,0.0816037483193422,1.30742393911922,22.7881137709014,0.397766578706376,1.45490813111625,0.741166722705191,6.25657952208232,0.50234319880679
source/12kHz_DE_data/IR/0021/IR021_3.mat,IR,train,0.445599878913239,0.302689580284139,5.46919081836327,6.80462332566691,8.18538935903856,0.33721714236435,0.544865530093326,4.71166374631401,3.3818113818997,5.4,0.305799308114197,0.251210673247914,0.593753825475119,1,1,0.0503161069350807,0.0353899073433082,0.0275194981558005,0.0434230170535672,0.0554359145696607,0.0105258249503047,0.0058860336461072,0.152972085684305,0.161338741788705,0.167239359534192,0.139169870448552,0.137319414028065,0.0114591006137376,0.0230060655960217,0.0458677939885539,0.0109240316383487,0.00841334681350231,0.195564713302977,0.242398398242928,0.285318782085864,0.174961424754757,0.170955158109056,0.660148158126538,6.69888456142285,0.486742979199478,2.33801521734499,0.544802923917067,3.72691860297011,0.180313943670489,0.398422989004642,1,1,0.0251197580878474,0.0184883821840862,0.0704193130960487,0.0953591799349709,0.109275378846016,0.0179944031152616,0.0157999222120213,0.304383436428492,0.309311413926289,0.310664578511226,0.237712489307291,0.233830649704011,0.0102586712695003,0.0115098265269915,0.0225729016356132,0.00200716004616783,0.00107875121162775,0.12151487578024,0.123892929172954,0.142482457086133,0.100669044474634,0.0993654347063074,1.45527808174617,33.3504918197903,0.459348267231461,1.97518158865612,0.803555778452724,5.73019582602102,0.82109191939527,0.330575022673606,1,1,0.0204982321958559,0.0107889263955933,0.0219924795132856,0.0718185433960106,0.0798856550783327,0.0438356906955604,0.0430021613215371,0.1469595934082,0.149985494785515,0.15936141997291,0.12800359920281,0.126382823937691,0.00724451145764123,0.0106161898893124,0.0172723882530508,0.00526816004720307,0.00294200861403092,0.136596034049477,0.147147974122056,0.173148076538477,0.127644534116428,0.123246444182953,0.878032683529796,10.4202182236791,0.449991799904603,2.53519989116506,0.725313382533989,6.67023554928472,0.482856465670233
source/12kHz_DE_data/IR/0028/IR028_0_(1797rpm).mat,IR,train,0.837135077231125,0.653735072516531,6.8310372,4.29070641525589,3.36830090789764,0.107129484299423,0.825624405632969,6.27961752361847,4.92992873444602,3.7,0.169374022763998,0.200735747961141,0.667938088186104,1,1,0.0325906576607569,0.0159811684804683,0.00889764131747144,0.0492888507689414,0.0661038061447421,0.0249756840386039,0.017920977199048,0.00703946800730137,0.018230205503606,0.0268709432228086,0.00697588970502419,0.00344643095137109,0.00860914332929122,0.0227749575120633,0.030559676000891,0.0115317308924117,0.00594484831721877,0.0472158001920585,0.0712936022668972,0.100293739010649,0.0393580026420283,0.019343198667238,0.942563459560988,1.0589340833456,0.0994273640624119,0.261384539055867,0.551339296861863,3.89466018318972,0.512956021569498,0.44966851979668,1,1,0.0350006954577667,0.0138350925710474,0.0324098994477382,0.17140130001809,0.206061008268934,0.142026752971519,0.109257094626709,0.0115855035615119,0.0554003450474983,0.0865423629987639,0.0353199294081233,0.0256208197185646,0.0330832112425402,0.066891505460617,0.0888296025495361,0.0408953431964285,0.0175595061473773,0.0568119845947463,0.11495606541989,0.16023569102126,0.0222227724047935,0.0125088016687471,2.20077657847833,1.06984797900498,1.07284207593862,0.835158927697598,0.535434180492158,3.94691944655934,0.780297275684513,0.483968784501044,1,1,0.0455576270525126,0.026092809507404,0.0278045785298257,0.0906260214687515,0.121376869438197,0.0479517567814251,0.0338587714118087,0.0209600476340657,0.0544750980258381,0.0782579835533351,0.0286509746005914,0.01116157963144,0.0247968263429918,0.0464117689199199,0.0743415678802344,0.0111851588157119,0.00564248345214383,0.0528180412519411,0.112868747251545,0.178255116453763,0.0263665411224166,0.0156881028744303,1.32876464364707,1.49280623902113,0.695266757030969,0.767699705401576,0.514946842875918,3.76585467011626,0.278338848543369
source/12kHz_DE_data/IR/0028/IR028_1_(1772rpm).mat,IR,train,0.839236640841009,0.663135331577001,6.6304355,4.16898118057174,3.17689818427904,0.0982727130676118,0.863312223810712,6.56622030497499,5.01165247631576,3.7,0.147047710341756,0.199498751071202,0.708575762176195,1,1,0.0550559545784437,0.0388338682951131,0.00715810664464724,0.0401200600343831,0.0494098622861578,0.0194119145973764,0.0127369598644946,0.00745610681006837,0.017383562450122,0.0229923140655829,0.00730936117314662,0.00322680883407045,0.00670837633900942,0.0248545162726977,0.0316809197954767,0.0150515348508545,0.0086411689396166,0.0384150373230934,0.0624981897757848,0.0810676601623659,0.0337572229175886,0.0169658111410293,0.849182281254,1.28958768548841,0.10673564847183,0.218400969302636,0.536043181822321,3.4800260870545,0.559528450062696,0.447368434700732,1,1,0.0319449475378204,0.0156446518500331,0.0347102060632403,0.144367740273889,0.188453428847706,0.0870456435430748,0.071303281383888,0.0175925821658343,0.0450864170249928,0.0753646817212001,0.0258226685646346,0.0113491616643352,0.0309152373619008,0.0598464927271081,0.085396836028943,0.0271701860621748,0.0116201323757286,0.0545616924451669,0.128724709659642,0.189790385685753,0.0233953005717809,0.0127753507338608,1.59729604903816,1.07324724065111,0.809425426851377,0.813871631131138,0.496875961044123,3.56901413829744,0.723460745828522,0.443105167584882,1,1,0.0402020428603887,0.0248321440843568,0.0337832556948001,0.0940722661639834,0.143337862360247,0.0507410255765569,0.0298432466864173,0.0180901928578397,0.0588445479022432,0.0776846626445198,0.030784238355934,0.0153782074981567,0.0206111598303865,0.0421692851019307,0.0877894320372536,0.013920007119232,0.00671527056256113,0.0493230837106184,0.115622139605676,0.160676559622416,0.0281737491934838,0.0141411985983706,0.980822162383216,1.51903641721829,0.556082733502904,0.791397631264579,0.498717326369592,3.58303614793402,0.290783221420296
source/12kHz_DE_data/IR/0028/IR028_2_(1750rpm).mat,IR,validation,0.832891026742532,0.655910949876882,6.8473132,4.4662448560284,3.28160947161754,0.138397797806691,0.855364719244503,6.36586616829892,4.83119967180145,2,0.177267954014949,0.223220483122099,0.72673620610653,1,1,0.0930051592757061,0.070343315180367,0.00801432684943756,0.0327814728914475,0.0428754562148227,0.0187740820006605,0.014397513430122,0.00923007698795805,0.0154153227608024,0.0237716272460647,0.00681431806657996,0.00339383350274973,0.00650778550617078,0.0146115447422645,0.022662775838194,0.0077867775379438,0.00424534276287869,0.042227058234845,0.0555732458936741,0.0744076024304694,0.0302385742189549,0.0165632218456826,0.958472663754771,1.43978653480397,0.0598968718842516,0.234971737185348,0.519210377078554,3.57970927506361,0.638366783565243,0.488569019437156,1,1,0.0148957176036656,0.00743848753726879,0.0268624799300963,0.111512017602835,0.145762481776066,0.0704904812221366,0.0416104356068795,0.0173866691634786,0.0462387693278702,0.0716698987598861,0.0268976380849544,0.0109532417833151,0.0446784400379071,0.0721957599341792,0.0898807581042315,0.0398888970658453,0.017315815685166,0.0672915369515386,0.119222783559501,0.182492890281167,0.0178962985964262,0.00757019043876481,1.46143362123589,1.05495102335172,1.0949233749774,0.722384129720279,0.499244526951642,3.6439738256304,0.679196799975526,0.46365039155757,1,1,0.0307387652489083,0.0215888543040028,0.039172722513232,0.111306413192096,0.165968664636738,0.0520405705957188,0.0321107198529666,0.019159561941593,0.0589185067137652,0.0868922992291216,0.0232254543150906,0.0135166348045595,0.0174978429881603,0.0513031931644822,0.0815113970507636,0.0136572519120718,0.00745307412432649,0.0614134085092234,0.141789234100611,0.19576792040385,0.0362909925820784,0.0198240736933575,1.08764335284729,1.36499757223547,0.740218968360833,0.938594936334488,0.518970275613242,3.65241902036058,0.252022150726289
source/12kHz_DE_data/IR/0028/IR028_3_(1730rpm).mat,IR,validation,0.825937512940093,0.649137005232449,6.5698074,4.25482353282846,3.34010295395132,0.169315598925043,0.839291397474851,6.17899829560227,4.62200401174271,3.7,0.150228922970277,0.170183655848249,0.732755859358913,1,1,0.114895156449424,0.0906682876012432,0.00534296116716856,0.0257196216212309,0.0311911543297863,0.0135148705877831,0.00795674226768536,0.00383503654882288,0.0129997792936134,0.0210950496303854,0.00471623901798222,0.00312950446122383,0.00670261111458837,0.0129013570611317,0.016229424319235,0.00626531482145061,0.00337068658333179,0.0344299426332811,0.0442131949181903,0.0603343651971235,0.0261254688750118,0.0162956272808553,0.72959446175377,0.960722046889297,0.0752040946790816,0.161397594627683,0.48606281741856,3.44564761349816,0.699314587401573,0.477067689708559,1,1,0.0276903095169438,0.0105793531853517,0.0279506875865213,0.127193527094737,0.156620705694197,0.0839068047109384,0.0765032638266382,0.00979791330289902,0.0535743877300661,0.0846324183660959,0.0346790075395248,0.025206352991751,0.0261958847285589,0.0561851304681674,0.0825699755291535,0.0250916872384383,0.017086794390331,0.062438355523594,0.1280068282497,0.197794007910486,0.0301920964080621,0.0131364635552905,1.90802472464347,1.43072579470902,0.596320239381627,0.767974117157957,0.507187550908179,3.88177706181103,0.628679795562211,0.507087952990046,1,1,0.0434244520476627,0.0256044267779591,0.0226208586051676,0.0932354467776862,0.125125171663731,0.0235895031307853,0.0115631239011741,0.0151903511063939,0.0478213723166868,0.0839538914110191,0.0186105160267827,0.0103097887124974,0.0279532670864062,0.0499090069007342,0.0846393914635884,0.0177408845413806,0.00817140807484726,0.0670720996133156,0.122842873802224,0.197073256861946,0.0278858591327095,0.0130732543833405,1.11108083298728,1.01678179688604,0.701385118986342,0.725979290358753,0.519682703144645,3.40916208754333,0.247071731565131
source/12kHz_DE_data/OR/Centered/0007/OR007@6_0.mat,OR,train,0.676739981858855,0.410739143066005,6.60948542914172,5.10334471973469,7.64363693335543,0.0501933025445065,0.317444183326083,4.42398951417521,2.53225505825201,3.6,0.805848421781723,0.111245187299845,0.433544190856235,1,1,0.031115549267367,0.0171948148115424,0.0935439381295788,0.129291763261132,0.143825145565445,0.053849638374134,0.0314647253343441,0.0239029110576419,0.0426767617123281,0.0638972102562018,0.00595820125770064,0.00301625626690486,0.0271986241764279,0.0821665361136353,0.145978160324904,0.0278996530295926,0.0253218720647139,0.0491567015901425,0.142601069953666,0.257762868914914,0.0205936963869677,0.0102530372635571,1.61200523687844,0.761792788915691,1.44821311644424,1.11490161081813,0.526026816003329,3.67128428417044,0.0771669658039523,0.865946136650627,1,1,0.0106434132176088,0.0089220109457413,0.802826398130465,0.807573962746018,0.808536232119191,0.585008604561062,0.581573772264177,0.0184301783769544,0.0224602716697753,0.0251182120884093,0.00371209455715149,0.00357770839200303,0.000916331970945778,0.0109430088458672,0.0201859088240934,0.0101854696697497,0.00901677183657836,0.00329461862944599,0.206488012940506,0.24157035372514,0.00313519188375173,0.00162203891228122,160.60150721504,7.35906514763696,1.24865289165772,6.7001262775135,0.79272682247324,3.31718766261408,0.499856014429205,0.923554428866262,1,1,0.00735176937911428,0.0066913916028811,0.882011918647264,0.886024179009282,0.886568218163538,0.637676656721085,0.635007746724416,0.0487805602709301,0.055321405270928,0.0580597955203166,0.00590758474972283,0.00575919662325521,0.000654868938584548,0.0122758213680254,0.0491456307156333,0.0113744799794309,0.0103664131776673,0.00349138404569652,0.174248034982683,0.229465568678456,0.00321810915160767,0.00170090220810174,159.049543877212,23.5665403522815,0.563365575768281,4.83293149973942,1.03187789891133,3.78069510857293,0.848197831101259
source/12kHz_DE_data/OR/Centered/0007/OR007@6_1.mat,OR,train,0.591756841479991,0.365263371949652,5.91873003992016,5.10899752040336,7.55856131124358,0.0376648668582491,0.321698753959241,4.38989935595388,2.43398423363072,3.6,0.79137519715491,0.102207499221979,0.428901724203567,1,1,0.0508910988966271,0.0350273128531122,0.0651000125834741,0.106760732691406,0.122689652341294,0.0310501235038714,0.0160534806673748,0.0239407286839523,0.0346986260810329,0.0519450839226785,0.00891846599294185,0.00462251349041532,0.0386733334563708,0.0708057533916101,0.096510439874835,0.0127800080343185,0.00910553832534158,0.0704936989488754,0.130253765931985,0.187797430778077,0.0106896764456658,0.00503725190649337,2.69496696011302,1.49235047630747,0.782033164314078,0.924264483662395,0.533174627406088,3.30714589257223,0.089994078681627,0.894975271141381,1,1,0.00938764025244282,0.00666380437345066,0.791329696919009,0.791697785123226,0.792386126710684,0.615609286470182,0.611801651722635,0.0138981200447251,0.0191917696376705,0.0248264128882734,0.0050312127808158,0.0045945623228613,0.00125841043567852,0.010008272125884,0.0210904812347045,0.00876279892741343,0.00764621814481506,0.00666932603497316,0.177493199223675,0.214940706705352,0.00337601425898938,0.00167281458417851,101.569738429103,4.35558739968593,0.952443129330414,4.65208262368066,0.665679934214293,3.31137574820124,0.536357393842468,0.883475183618238,1,1,0.00657125130536599,0.00532729198507265,0.840881785649932,0.842803626617347,0.843858364539964,0.586222104389325,0.582439382311996,0.0623191833426867,0.0675012620989065,0.0685928830623165,0.00454269523756647,0.00413055666696783,0.00102805059794599,0.0183012882562691,0.0452815315233344,0.0167232507833858,0.0157827126003631,0.00586075166894554,0.184384887784253,0.234179231492267,0.00259861655713602,0.00125547936870003,183.756993804595,41.8017290676153,1.19601119645209,5.35692239753712,1.03126415411769,4.47086745825193,0.825157735954214
source/12kHz_DE_data/OR/Centered/0007/OR007@6_2.mat,OR,train,0.568876776672503,0.349468338787728,5.79446716566866,5.27779289571409,7.83592995037557,0.0152655199402249,0.283330308783374,4.22991463421137,2.12265920815679,3.6,0.830586997084261,0.0849394171031077,0.50725179520134,1,1,0.0614983224542308,0.0360150045004998,0.0464382658448573,0.0788662406490252,0.110387122946744,0.0250325262942163,0.0217471272041558,0.0207981787566606,0.0469834869657449,0.0831356907696071,0.0166714858257772,0.00815658632164382,0.0350709735027943,0.0637634692553892,0.0855134773639529,0.0230514313349538,0.0123068226995815,0.0548769786481105,0.107053905075535,0.159123382118928,0.0150886955831569,0.00641977935692105,1.04074727664168,1.04927353007693,1.18242843772333,0.81002859150494,0.524361973211167,3.57432546959705,0.097998135292845,0.913122651648138,1,1,0.0108998683217313,0.00905992932484506,0.826156160127261,0.830999591894258,0.831569890895739,0.662889663688003,0.659472202804311,0.00611614334080764,0.011519652378376,0.0151261211078923,0.004978315803054,0.00434726837429986,0.00113670346288272,0.00950678660238161,0.0152936943557507,0.00894949721187792,0.00776758683511724,0.00468384802562721,0.168020660033091,0.195739596161523,0.00325054632039546,0.00172128619421194,137.594672440573,3.27298485798176,1.60099499056706,5.65593628254937,0.790202023131492,2.88457328281563,0.518755384515427,0.890977079926781,1,1,0.00821643144403161,0.00755764042863922,0.842078593051466,0.847688632795196,0.848283940717749,0.568819409385315,0.565239281255867,0.0930159297531572,0.0986321277127096,0.10202316603269,0.00522079570857902,0.00365647057989038,0.00129912402162643,0.0132247082004004,0.0426005034874045,0.0122184499052134,0.0105780196643431,0.004758192950684,0.175564220590493,0.231353490733162,0.00314478038954689,0.00123956840416612,152.740001387733,45.079668591265,0.730222876086193,4.67620452005709,0.996737399247171,4.90252718977724,0.832609159076256
source/12kHz_DE_data/OR/Centered/0007/OR007@6_3.mat,OR,validation,0.581742328512051,0.356880110340068,6.03202854291417,5.40043230450533,7.94330961545799,-0.00063682498358415,0.308577166642661,4.59979275941434,2.6219019872262,3.6,0.837660925812313,0.089804071437154,0.482446718608473,1,1,0.0439144180425081,0.0208342367105645,0.0596954573774351,0.146550510888761,0.18334374990559,0.0428244857877834,0.0225773248445921,0.019656369498623,0.0374082535777942,0.109448747014583,0.00954296617024421,0.00455778754557837,0.019986998230268,0.0434850758247667,0.0727725382059825,0.00819909770823378,0.00394953052067481,0.0455396229656767,0.136463923766313,0.199005691070543,0.0330601660000492,0.0180508033133843,1.86162783283015,0.686294576014435,0.788008104279608,1.15464781059589,0.505050195689624,3.20920057023338,0.114949352750215,0.899338449792068,1,1,0.0116998226891262,0.00965771663055154,0.83418868844018,0.838821713555484,0.839414894156028,0.595789314763999,0.593257986787273,0.0261363279867775,0.0295131669778805,0.0324932997832366,0.00251788228673173,0.00215821685357195,0.00112576059934407,0.00977785316959348,0.0194982996847258,0.00842711580746706,0.00708467490972732,0.00443906828534187,0.214554963757009,0.246437947512829,0.00200868052960088,0.001405791597682,137.128794864892,9.43685515020013,1.12183853377355,7.09568209796225,0.791973827537991,3.09456400654968,0.522176520969815,0.894483777448749,1,1,0.00646303596201984,0.00609400724855561,0.842854627289483,0.846721558398521,0.847602825443994,0.567378703353595,0.565020058532613,0.101254249798352,0.107157792600062,0.110136614985635,0.00609357740916649,0.00549971337648199,0.00115587771786245,0.015329480642612,0.0440582428184862,0.0144531200277583,0.0135737285916738,0.00537212344780689,0.172273546814699,0.21854880544782,0.00251778631832655,0.00162748696659454,160.04436704041,41.7228336678612,0.881487623992149,4.96719197938961,1.02626404630058,4.89480003498728,0.826936814182137
source/12kHz_DE_data/OR/Centered/0014/OR014@6_0.mat,OR,train,0.0997938499419946,0.0794152418736338,0.746002994011976,3.82196339203639,3.01288936273302,-0.00260050949620397,0.867742990913755,6.34351029283477,4.65906497611015,2,0.173105543259215,0.238044407739737,0.523739019624187,1,1,0.0200686492577059,0.012662353499342,0.0381856150142749,0.10019580312063,0.138840751295817,0.0208371284896964,0.0116308156551322,0.0135924839668569,0.0453062443452426,0.0589840868869007,0.011591484911711,0.00474260421074907,0.00896028178535282,0.0410264987204295,0.0659113707430545,0.00844899558895474,0.00462863536868448,0.0602660204576701,0.128072106401641,0.177572582067438,0.020686468621374,0.00944337977684769,0.707609991263748,0.611821315941521,0.946329101258595,1.08377106781386,0.502495774275256,3.24290065707985,0.34497023084054,0.641839111703731,1,1,0.0372406823413001,0.0205170197799295,0.0864643080757279,0.119552615842577,0.150091082626286,0.0354401188584458,0.0281420339931121,0.0204232084698762,0.0555208934358827,0.095373352409131,0.030789769703782,0.0202324633792775,0.0279741579451,0.0528971218100142,0.0853058649637659,0.0240305139869577,0.011184183877596,0.0652687901307896,0.155921229441722,0.225083206346183,0.0406952370458938,0.0187340711224605,1.38255631822837,0.816047290451915,1.02204788471996,0.92539507563952,0.501832047551202,3.42229264012027,0.263542032135473,0.487631031149519,1,1,0.0239121921927453,0.0151796743591322,0.0677664234846488,0.104862386066233,0.126169493350235,0.0334019292962059,0.0175322681020862,0.0595531055028736,0.0750966519388223,0.0950337121076874,0.0397434360979,0.0285872194582603,0.0407947964645892,0.068315570271964,0.105882000897461,0.0207980717475021,0.0174133878872779,0.0634005445177327,0.14070137782336,0.23450759014511,0.0214111859563649,0.0161217789943316,1.17327752319477,1.22873263160912,0.991660130768101,0.971492536488507,0.517685635268852,3.05313153058971,0.844410758264673
source/12kHz_DE_data/OR/Centered/0014/OR014@6_1.mat,OR,train,0.0938251850290163,0.0749624077508426,0.716853053892216,4.1155079378732,2.94602410243958,0.00201351096195897,0.869103160002672,6.41149734891609,4.68703246569098,2,0.152710940308751,0.224413020997667,0.516080932271986,1,1,0.0313605741848077,0.0151348581997354,0.0899477047416825,0.155340648254094,0.222264670230001,0.0371734284244339,0.0189328271605701,0.0223188209587036,0.0760092593817325,0.11555201248209,0.0268595064470325,0.0169303696070548,0.0250676603996927,0.0507481571353695,0.0835885884328435,0.0117380362473776,0.00683487676153948,0.0609117562805066,0.135228852959239,0.191960868781711,0.0142892098619353,0.00885195825699633,2.00934669600279,2.12445173752635,0.820934124376895,0.907876726341369,0.50567574541687,3.00286750348809,0.273850407288339,0.649801760382061,1,1,0.0408414388373976,0.0219179274242429,0.0591336024071767,0.0869139452453597,0.115976064612874,0.0358244265786578,0.0155315920994401,0.0180787699562119,0.0542237006124992,0.0864167227836694,0.0267854186146816,0.0164495487785337,0.0267706977447132,0.0598525164430937,0.0813094966529259,0.0263843260501874,0.0151867617618824,0.0935713967909396,0.145773989297832,0.206286283331565,0.0449558938857083,0.0217892730801419,0.970996580913197,1.00807829490228,0.821878044715879,0.947979146860809,0.511343179424318,3.39080469510352,0.271897660715903,0.453147390170912,1,1,0.0471337888747977,0.0277359089319608,0.0554418948749764,0.109200776986659,0.130617478430193,0.0305020794019679,0.0159563904666709,0.0747292559552153,0.09740091604744,0.10869406994717,0.0596659451151658,0.0467288282743993,0.0227575860594016,0.0452348121549718,0.109747631115013,0.0105049961096964,0.00570373364142613,0.0493946799485927,0.0945989184311574,0.208107713275195,0.0255655230569775,0.0090496696359298,1.26090220348854,1.47250297332863,0.627523842629607,0.698361612655286,0.506979305663767,3.24576581956504,0.858068505184026
source/12kHz_DE_data/OR/Centered/0014/OR014@6_2.mat,OR,validation,0.0974129924787031,0.0775886673885525,0.716853053892216,3.92581380022574,2.98939155725444,0.00832401078375852,0.85632071646588,6.64528007884167,4.84541642171045,2,0.153036366316192,0.218583587050489,0.451597040896406,1,1,0.0322968414003574,0.0169562078969332,0.0379526602152119,0.0808309259842182,0.12592369586476,0.0226116203520754,0.0139098127115384,0.0211268190574161,0.0434285094000478,0.0556114174757742,0.0104341084107986,0.00501686231504805,0.0257119612122202,0.0586256523865128,0.0744309192658858,0.0136465761917402,0.00688200813986168,0.0387783869532135,0.105537363235263,0.146116474526285,0.0121049150911081,0.00540387392729368,0.534507863565136,1.12705547493181,1.26932146206439,0.892987895134333,0.489567534100318,2.86749109011933,0.307476275853735,0.643332073431725,1,1,0.0510765158640443,0.0252858590941731,0.0666742927816335,0.107225298791968,0.159125378373762,0.0490610195409766,0.0342231240568489,0.0204145335741458,0.060034333847376,0.0864793859272332,0.0308003716638588,0.0210652964602944,0.02614856233539,0.048311679106641,0.0707997354444699,0.0192207252408685,0.00914718874498296,0.0621940045739231,0.121085116371702,0.188245025050655,0.0308004285304342,0.0143497653009128,1.04889314640683,0.958579403820575,0.987530516475902,0.880539320012266,0.532053586019422,3.4369916839811,0.292861440441814,0.502148204316392,1,1,0.0958599718240601,0.0734280600892298,0.0665000449744247,0.0996989229674624,0.142883723704505,0.0256958327904422,0.015253775155119,0.0555670089005269,0.0778130848190402,0.0936205980241241,0.0344530941251381,0.0272245640122342,0.0195699032990522,0.0374854572149244,0.0925589256731439,0.0107072685677349,0.00636002690353698,0.0498518387329422,0.105200165434118,0.201731039061394,0.0271688551552711,0.018029477165418,1.04988425601248,1.0715983815576,0.661256128222398,0.802823110288933,0.527838314344781,3.18979899249882,0.848519622915833
source/12kHz_DE_data/OR/Centered/0014/OR014@6_3.mat,OR,train,0.0939613827833187,0.0743122740764644,1.01176275449102,5.7255595741464,3.48004996697395,0.0095279514059123,0.864152983796721,6.36523453995613,5.02807794682166,1.9,0.179675570925938,0.29527027656286,0.480889414890684,1,1,0.0233294717526334,0.0125533342457745,0.108401083243264,0.186700975909392,0.256248613533017,0.128918363121621,0.0850963867620908,0.0169767716248767,0.0328157213920113,0.0611625819525393,0.0152676544288896,0.00775646654028405,0.0386007098594907,0.0765580059513743,0.0922724779772448,0.00679043639430573,0.00308744188530504,0.0780560097454066,0.15268496879371,0.212750014692768,0.0135177926692983,0.00670253755558939,1.87150075314588,0.902431822711988,1.27512368202169,1.24947963295801,0.480281558230153,3.1089508503454,0.413945596221083,0.467154236396629,1,1,0.0391763830244812,0.0192906046001958,0.0389968107160084,0.0731758491507097,0.132635765098288,0.0318148834271781,0.0184343946719203,0.0229814703848902,0.0482535367307512,0.0720014007662374,0.0249679013589942,0.0139485592468963,0.0351118304606475,0.0578035278254041,0.0924079490108344,0.0259233516881146,0.0161044687687359,0.0680287020504577,0.124905870039677,0.188350985725897,0.0299746971504292,0.013266818445684,0.925368369293234,0.835014058253066,0.908966289665006,0.82045568677147,0.519691580943089,3.28242731460076,0.310316410289761,0.520272198541524,1,1,0.0529624731557513,0.0215723808611253,0.0598303697849673,0.0953173331254512,0.150060566240206,0.0272899536070356,0.0156923122973495,0.0537005246245142,0.0831893519386297,0.100075044650875,0.0274848743874854,0.0216086675209477,0.036247389968957,0.0813315758403912,0.116889029874186,0.0233830704733192,0.013812323821585,0.0696613451862449,0.139159084943277,0.20754434890465,0.0202473445615765,0.010302242969614,0.899579305881013,1.39913776315819,1.0187762749574,0.89851828131546,0.547844463625732,6.68715143419758,0.790836986647168
source/12kHz_DE_data/OR/Centered/0021/OR021@6_0.mat,OR,train,0.582469500851198,0.293807350595359,10.7320890219561,9.35487303446958,20.6014973794561,0.0713950630096713,0.516777738941491,2.98701022721458,2.29800923903222,1,0.309250286422265,0.456752200410882,0.556871952080008,1,1,0.0575515434606449,0.0548202689223028,0.154124240037186,0.156913001791034,0.158886825942231,0.145858168507941,0.143033808593443,0.00286716288048943,0.0433622006391606,0.0568316370142485,0.0400864137629567,0.0391573777261075,0.00163750869931799,0.0517281157161786,0.0615864986565656,0.0491993980212835,0.0486406679436583,0.00700105789013468,0.0646046620318884,0.0950774136864356,0.00469039902041017,0.00273459865018926,7.89693708176383,4.2164747002629,3.45233919980015,0.935204803342043,0.830841404541745,8.1995108103742,0.251880221822709,0.498763652175191,1,1,0.0204438184165444,0.0176771006159149,0.226689299210817,0.231876531715308,0.235653422009436,0.196573587992159,0.19253171338088,0.00720734234210757,0.0259505702801507,0.0500915557450089,0.0180370778368011,0.0174953467521657,0.00172436848141877,0.0615730085136984,0.0695092431029976,0.0607942104238219,0.0575777281474484,0.00666185580590289,0.096420877764182,0.208643738986,0.00563136253118092,0.00422150337857875,12.826835329277,1.85067492310747,2.6790762286752,0.8159249792073,1.51510063688181,13.8774390671912,0.611092979079018,0.473919082297239,1,1,0.0209437049177928,0.0142823693976887,0.281902791552111,0.296107696392066,0.301322447543671,0.240233030554897,0.230686134343694,0.00980204373839612,0.0222896751343945,0.0317808966404136,0.0143231212315124,0.00920833777742834,0.00353206619575772,0.0673694057218837,0.0751307326015525,0.0662456189291994,0.0620706542979265,0.0160566415812309,0.132928666543315,0.253872199188499,0.0101404735527151,0.00449937471407111,17.3577671680578,2.40190126138247,4.4970599757432,1.22958996887865,1.56727995652612,14.477141953432,0.731864208347939
source/12kHz_DE_data/OR/Centered/0021/OR021@6_1.mat,OR,train,0.559227049532957,0.277919177746177,11.1097506986028,10.0972709148757,21.5185406504062,0.118133100637898,0.54064059660085,3.00851662713978,2.32932991582488,3.6,0.229470316796159,0.463437480886177,0.62752628263539,1,1,0.0755106404608355,0.0744931122028697,0.180671986620889,0.183066192191961,0.184562343681706,0.171404083891883,0.169945126598102,0.00351093577414018,0.0520373801640156,0.0606879959289667,0.0490455314777577,0.0477884333842579,0.00196420145549636,0.0357113129389916,0.043145346384646,0.0326131344800489,0.0315945296336011,0.00475748177539033,0.0435423831207763,0.0709775974845836,0.00325805736802755,0.00223566672660806,11.6512587248368,6.08491676772156,3.20183498905844,0.539328018248891,0.860339813360453,9.54373503326998,0.247297535314769,0.534572916044207,1,1,0.0360806853785683,0.0313481311228096,0.214200714166364,0.21664047951632,0.218700539974519,0.1850573944362,0.183409646316802,0.00494505331627417,0.0292552487440411,0.0591908709160552,0.0233673741632061,0.0227387430359024,0.00116663464122502,0.0524453066740516,0.0616510450314239,0.0516199320170807,0.0506499856619154,0.00613668222507381,0.092113433323316,0.181155773526541,0.00814927827208197,0.00589147071143901,10.0053003816046,1.58169600261145,1.73245150725604,0.805540189163503,1.50032037409969,15.8974574666479,0.524294596400297,0.493268483641966,1,1,0.024381897090245,0.0138496034953127,0.275394222132469,0.295092490303444,0.301262484467425,0.231312587146092,0.225905332404928,0.00860278556977896,0.0211975526167985,0.0378580413656656,0.0122420414042643,0.00957415297612032,0.00399117158627632,0.0716449725470829,0.0744579387267256,0.0663845053378254,0.0612484364523713,0.0171664110210797,0.135947564681221,0.255650626676831,0.0116009740077109,0.00576890527633274,11.7745868383495,1.47236908450749,4.42328525311628,1.27488752318608,1.61280680243342,13.7532391537511,0.801737039583861
source/12kHz_DE_data/OR/Centered/0021/OR021@6_2.mat,OR,validation,0.566405941653785,0.275230317897643,10.744677744511,10.0231247016668,22.494914337032,0.122761563305148,0.545659157497136,3.00180620206126,2.33251966662575,3.6,0.229717591657127,0.465021451962065,0.559623455651235,1,1,0.053731929434265,0.0526567495260143,0.157666812824385,0.160599265419781,0.162413253397535,0.147632112179617,0.146744634848792,0.00268231679528584,0.045666985280527,0.0579886780121829,0.0443148464619639,0.0441621847675593,0.002742305092284,0.0295830656391221,0.0351095675743401,0.0250845048453198,0.0237395043253577,0.00562298641154499,0.0390736428854096,0.0725932876096991,0.00411378453289328,0.00247398997240426,10.5940567206799,5.35660204131199,2.64414773963466,0.551716527178667,0.848307990622623,9.7767977239334,0.244207084561325,0.537415645707145,1,1,0.0325069919961701,0.0261243838037969,0.205262985810915,0.20627385282719,0.208147368784347,0.169615893266405,0.169130515458039,0.00402122516120444,0.0309478187955183,0.0648607074878885,0.0275719890979497,0.0267404219106598,0.00221930277755907,0.0590583907257709,0.0661463380806496,0.0570168887102232,0.0530372363231865,0.00757374834064431,0.097031231541484,0.187590864239672,0.00896536738209522,0.0057105473139739,8.43685749872204,1.52917487711357,1.90627847268293,0.85656620252941,1.5075702682505,16.5481250841237,0.511636546661785,0.490592025575777,1,1,0.0192649469984211,0.0106648131675053,0.274664483911406,0.28296040050151,0.285484382278553,0.217162275497249,0.213041273924248,0.00876555794730563,0.0257061593197456,0.0429202978679716,0.0186473039602171,0.0135003105334148,0.00329407920016994,0.0684073521009977,0.0757029152851192,0.0649653244430439,0.0617101837480056,0.0103625028739626,0.133506378076429,0.257565226843107,0.00830088404170541,0.0056043548768388,12.8714352308413,1.82742770466104,3.84626192919465,1.12996395526771,1.6855006956176,14.4301639344124,0.814194965561693
source/12kHz_DE_data/OR/Centered/0021/OR021@6_3.mat,OR,test,0.54908517952888,0.27038309993806,10.9668077844311,10.4833938320739,21.7988647472435,0.103066513940403,0.572055449232047,3.18976038949853,2.54046040604637,3.6,0.212573506775031,0.446824276542526,0.545830519897368,1,1,0.0431430892611963,0.0386891696007547,0.171770871436702,0.173450674125697,0.177431558066836,0.164219614130924,0.161630488698719,0.00271031761756183,0.0343980065019589,0.0482310012174416,0.0321554248598529,0.0314085521184514,0.00363864431445476,0.0349166983573349,0.0409967390154667,0.0302479079688495,0.0282551257169199,0.00563678380228544,0.0422653037205188,0.0763182689684707,0.00206394044836835,0.00105071887460897,10.5525248782034,3.54703158849393,2.36018417134511,0.681078361034307,0.856567251623352,10.2066627448655,0.238687918081388,0.556287912552033,1,1,0.0403329340773313,0.0373558785960192,0.21086856271967,0.212985830227239,0.215666200396596,0.174827709597581,0.171751499510357,0.00738964725020674,0.0312973659395631,0.071221403432183,0.0243186635885226,0.0226152361965577,0.00143423638813879,0.0483856613954818,0.0585363004372929,0.0457261715714285,0.0420844846295101,0.00732575489010708,0.0914365027856759,0.17235576803278,0.0086722088465546,0.00545422840356499,7.09670009529182,1.27903713338784,1.32078508912438,0.77010867315735,1.45643541086398,17.9984006643082,0.471671516167323,0.498343539362874,1,1,0.0178560066052916,0.0135556566613198,0.262530561455635,0.270767758653622,0.27568882125899,0.215418338685937,0.205057297821605,0.00859207776817405,0.0267998514333043,0.0445856090596694,0.0208702172969577,0.0157360280119958,0.0033425567692444,0.0698728687603985,0.0773182202103173,0.0686078621156903,0.065359385295111,0.0143074464197628,0.131024685646378,0.252856388280778,0.00878273566531132,0.00510421038060379,12.9625608371028,1.97312513473682,3.37901911865051,1.10203223556724,1.68862091577013,15.8048484010154,0.838662397264588
source/12kHz_DE_data/OR/Opposite/0007/OR007@12_0.mat,OR,test,0.24074011026538,0.164604924710408,3.13369852295409,7.00679788845245,7.98397680903525,-0.0246168070626132,0.696621576269612,4.34016862467424,3.45920401938407,3.6,0.275493107225897,0.290764103974365,0.512352610607281,1,1,0.0228303682724829,0.0131984509600164,0.113126072593758,0.145384599711552,0.171116123197294,0.0385627991508657,0.0280995018824337,0.0367334277336794,0.0673762852207904,0.0956574960551599,0.0282633287508668,0.0111716707884889,0.0296024007763664,0.126879323166626,0.180077555466512,0.020660510596588,0.0123453777271828,0.0603299487097516,0.199757037757488,0.274826279747547,0.0149055384036419,0.0100251755671863,1.68626422692746,1.58420386389341,1.70116181712866,1.38045777273259,0.542086808387911,4.80755141903411,0.131435625410224,0.613757053404865,1,1,0.0690607082231335,0.0573616221600107,0.27396990002872,0.28069897868342,0.296877880255194,0.183766378324751,0.177538833532471,0.0198701626879525,0.04451408158568,0.0687590105363044,0.0274787351921326,0.0216241295107463,0.00810828203196937,0.0417769030656911,0.0638311159164245,0.0322806366391181,0.0279649587004712,0.0204926987018517,0.152566059757981,0.230740805580626,0.0216150378889206,0.0160871338742484,5.78608615741131,1.66542812872606,0.812888167379139,1.22477582512894,0.738067777120917,14.6282575873392,0.320138664409172,0.660683976665631,1,1,0.0164760504383278,0.00761406572739009,0.304372112968796,0.312557547668158,0.319371534864878,0.223137157268814,0.214515243566271,0.0288187362827804,0.0658974556252455,0.103374066600312,0.0397170940575778,0.0338182833084576,0.00400268369912925,0.0295568329578002,0.05793867417342,0.0247557222692148,0.0233173384472765,0.0142738576283356,0.110784214821302,0.169511589845443,0.0252681591618575,0.0201849323712054,18.817205355707,2.33984006382476,0.706165441961246,0.827393307706303,0.88347324689399,8.54528959949082,0.931470579736149
source/12kHz_DE_data/OR/Opposite/0007/OR007@12_1.mat,OR,test,0.234745329252656,0.159117627775314,2.97727349301397,6.58034910305075,7.89695730419128,-0.0542512799603618,0.741387533775326,4.58025367069137,3.74832795147784,7.3,0.112675519576551,0.334187392047893,0.506975103928475,1,1,0.0222484672393702,0.0105591049123537,0.0689459482089739,0.150989909124618,0.187978684735166,0.0323973055585109,0.0147192683355773,0.0205278273823618,0.0549254987559213,0.0825385444356657,0.0139280093255308,0.00831848838748605,0.0732970781964434,0.0878541976462415,0.136029556739933,0.0131991880920558,0.00806834094313093,0.110406605809713,0.147366103595425,0.238291757588063,0.0116495932401318,0.00513057937353425,2.03465019941691,0.806452222628154,1.18030226319265,0.906446320753845,0.527712495768399,4.79617288560087,0.151288412860138,0.450775440122261,1,1,0.0778821607285556,0.0633888585826709,0.0690319530533899,0.219073255043954,0.254285157598803,0.109904231074132,0.0589764784297296,0.0153727739722856,0.0400058182705965,0.05919661926289,0.0189795296613027,0.0144432594249767,0.0247757620156541,0.0438614059355103,0.0471945528721458,0.0277874059704822,0.0168112071390669,0.0363313103880073,0.0964639400746808,0.251177613015391,0.0335587707938948,0.0225326706052044,4.80188087235058,1.67626367522779,0.977188455742842,0.578418391332127,0.827444167018488,15.9702123740431,0.346261086611473,0.466392828183202,1,1,0.023899554966576,0.012546707360486,0.0908838813761027,0.240445330416867,0.267590167037583,0.159906232428609,0.0814938776944397,0.0224256879194105,0.0583910672479756,0.100876590281455,0.0314517687136535,0.0264085486264008,0.015775231060601,0.0285765596845207,0.0370337165406094,0.021328086048921,0.0120802408683317,0.0294386689581803,0.0740480646145704,0.161629180164691,0.0257264663420766,0.0149939820922623,7.01336017243069,1.96009584343111,0.670365276960215,0.436711767597501,0.852907413300643,8.7561526525614,0.918361512562209
source/12kHz_DE_data/OR/Opposite/0007/OR007@12_2.mat,OR,test,0.273497808950927,0.179624379858358,3.54027365269461,6.72832233812863,8.47316933336641,-0.0130041635863387,0.643945951295516,3.99972572383777,3.33574803987393,3.6,0.258353601201328,0.34226174282554,0.569868654604707,1,1,0.0349984692202059,0.0201315614649995,0.0757872025169026,0.106332650249497,0.151751077090617,0.0379169906532427,0.0255767771193115,0.0329006991705859,0.0632081675792547,0.0999274566951905,0.027013296000808,0.0137817862438522,0.0233342078655063,0.0527508868820467,0.0789217048166738,0.0207560774037392,0.00998154772444207,0.0442506332554499,0.123390775808597,0.200708637960181,0.0207161873078099,0.00965632153876496,1.32113536355237,1.17661303154555,0.955912179131803,0.855445974486322,0.539176206210101,4.22742679990242,0.158751318658678,0.56198160402672,1,1,0.0415856218288633,0.0382916755812807,0.256385229790004,0.260927481729931,0.26705658944411,0.189190519609706,0.185002157063407,0.0181865100193999,0.038993907153091,0.070275164504132,0.0176735575022092,0.0151160349349179,0.00538573632476362,0.0484059154794021,0.0711393567440409,0.043491766024176,0.0395183010093905,0.0174951898345437,0.123244792892244,0.209828181272316,0.0193765720148092,0.013601137384785,6.88252928512369,1.4377960227516,1.07080143301105,1.10744621853271,0.9719297378465,17.7961776591466,0.376815348281379,0.741692024902581,1,1,0.00910164703588489,0.00509020147097883,0.38143880243604,0.390618348377377,0.399835909399747,0.273914996317557,0.266310675109409,0.0474790894739504,0.079114666550946,0.116484382731428,0.0346850476659265,0.0270810612836401,0.00487599297147553,0.025135736412035,0.0501160411142786,0.0219890139507762,0.0176464443320762,0.015124096112285,0.116893270260604,0.176738061602214,0.0207089338482948,0.0139174950611529,17.6838823824904,3.28147312643265,0.669992685312959,0.97418004841547,0.950300552944088,7.51044750450215,0.903306506400313
source/12kHz_DE_data/OR/Opposite/0007/OR007@12_3.mat,OR,train,0.255412285113663,0.171581110783767,3.12232806387226,6.36352122159167,8.12488879135018,-0.0398283103976834,0.649530847582296,4.25399004956764,3.35301710114867,3.6,0.263343427201975,0.333251529664001,0.504982922423562,1,1,0.0302482821548474,0.0159967897451295,0.0480349713930583,0.0919980734746716,0.150262069035944,0.028206367116431,0.0166737492078031,0.0142842297787298,0.0571842455354325,0.0817806098230824,0.0198381713117835,0.0128401449460402,0.0268603007955554,0.0427866307367116,0.100163256956484,0.0109330881115212,0.00773341034784403,0.0439209407764899,0.11878803473238,0.205283447950682,0.0317278317130286,0.0247847008528346,1.39875426629466,0.715314951241141,0.538564444694078,0.849266194654664,0.502041663781162,3.42056850093087,0.194967513346642,0.618829729785577,1,1,0.0515238663764266,0.0339560211043642,0.261936666808884,0.271134403602772,0.276551868775221,0.19424540896748,0.189751648212693,0.0213768978792345,0.038472907221235,0.0764930617547223,0.0198113233371786,0.0163245839467301,0.0056125763977088,0.0542229423645661,0.0675333009255133,0.047609620024657,0.0385521156604511,0.0164231420646885,0.121493174617857,0.191427211709235,0.0142660247306619,0.0105635659767277,7.36513346783712,1.31646257949561,1.23350063313917,1.06295973085287,0.869104866859319,17.9313593903942,0.364317615584123,0.707872900915535,1,1,0.0161450909346617,0.00799389987520776,0.350080647735341,0.358709597542136,0.372543240897496,0.239370998961583,0.23059827802562,0.0532871870881798,0.0886084198755893,0.124540802609866,0.0373528422433377,0.0262596530541085,0.00302815119707693,0.0199005851384759,0.0448975917637429,0.0154737772369444,0.0139737705285578,0.0139497533620055,0.113973670858173,0.182601298476941,0.0201633251269994,0.0161166211050611,19.3713425559899,2.79238675047087,0.463561792050607,0.956243111334533,0.927694344830353,8.46064641580733,0.902068651717631
source/12kHz_DE_data/OR/Opposite/0021/OR021@12_0.mat,OR,validation,0.382147467116487,0.166685940954072,8.24601936127745,10.6836641229137,33.832691435106,-0.339816537556306,0.560776201145361,2.71725095718419,2.42527915778968,1,0.335261129208948,0.562045199472797,0.817369846960504,1,1,0.124987347877255,0.114197659886988,0.173003161534161,0.179057679362218,0.184989829749449,0.169063447294255,0.165832297420247,0.00501510085107404,0.0226929713046718,0.0436054895689901,0.0194971435808148,0.0187473703846879,0.00277867305698662,0.0226112451347753,0.0331832591552853,0.0133797599598625,0.0122899653329123,0.0098963671417418,0.0399126966013898,0.0660764587013652,0.009163178031246,0.00553893414803406,5.01596091946278,1.87276491665227,0.999122454310489,0.324421279137924,0.961493070658478,16.3674099151424,0.203672698789198,0.51269764843024,1,1,0.0605904322096109,0.0538365011745406,0.0970611528118537,0.101798290312233,0.103956578549701,0.0840318392397283,0.0827501215164893,0.00261942527911854,0.0279141295311131,0.0502795892728617,0.0250288287747386,0.0245445545948587,0.0023485804013811,0.0384818962493297,0.0481846359480387,0.0363809612591399,0.034329328622218,0.0113698192099127,0.0720421641705122,0.166720202110735,0.0151242454525712,0.0107290548865311,2.27093891664173,1.53369083926829,1.61748492944218,0.525598165910336,1.79661330443034,20.0947886086271,0.547026695223367,0.467709359838818,1,1,0.0243817239801912,0.0178820197339428,0.1305429048402,0.138156859224119,0.139810193031779,0.105828680135833,0.100275303901932,0.00433290183646685,0.0359208085372445,0.0654803855325393,0.0329122763264341,0.030263848154483,0.00152985573362459,0.0602003193091138,0.0716244624172725,0.0591966821135503,0.0576112178533313,0.0111038875069751,0.100316129201018,0.212694371391888,0.00917359287648557,0.00536689509359566,3.62564060845168,1.84244123700041,1.74911261892754,0.660392155927825,1.97166260150423,20.691593118356,0.802342928416227
source/12kHz_DE_data/OR/Opposite/0021/OR021@12_1.mat,OR,train,0.351093095986784,0.159608128642612,7.62389281437126,11.0536393877406,32.8961326311267,-0.407359774176932,0.567826662295163,2.72896497312809,2.53180195140653,2,0.161256041776942,0.560831551293147,0.852772844080865,1,1,0.139061732429372,0.129781273486773,0.221119378454842,0.224565632742783,0.227326362034789,0.211917611514174,0.210031630073343,0.00490831887877161,0.0317296522785957,0.0609851957745868,0.0271907835531423,0.026067358708087,0.00303309315525311,0.014185741385516,0.0254140114013347,0.00682390900545938,0.00643381173583331,0.007844750552346,0.0276596747441525,0.0499952136242287,0.00898772801322676,0.00593784587195501,7.61927931961259,1.88230486017671,0.527647227769409,0.214570567196749,0.923258680656951,15.3356457420737,0.240749822799364,0.541504272244413,1,1,0.0566428168504017,0.0509625201213334,0.102322107970277,0.10924211821104,0.112924686030277,0.0948417615624427,0.0910917973165695,0.00347062234693546,0.0302303467498084,0.0513436410864649,0.0266568282219895,0.0261246401108193,0.00270936851580334,0.0343235787048375,0.0439517376659769,0.0319193835788406,0.0306557608730743,0.0106986590694172,0.0643784810444151,0.151408799848933,0.0163330224326211,0.0115120658798404,2.36037080819864,1.52177532597063,1.37484797455218,0.456691032723903,1.70804528384836,19.5271841043509,0.505854253249951,0.472900428056901,1,1,0.024112719163635,0.0180662336824166,0.127684403324956,0.131838217635517,0.134781880189547,0.0985235335963974,0.0951340434422338,0.00464815835759378,0.0370533875712267,0.0680643178434934,0.0335407041460248,0.0322214175677061,0.00135314641016102,0.0566776738014951,0.0682577268133488,0.0549724681483329,0.0536966353575252,0.00937308845625797,0.0936509721304245,0.206876841146383,0.00724785414204255,0.00437908904137438,3.29847094865702,1.79401656648546,1.58373350340361,0.618520849491999,1.94498912837235,21.0890658929604,0.81397066563
source/12kHz_DE_data/OR/Opposite/0021/OR021@12_2.mat,OR,train,0.342673391224102,0.15670636288331,7.2141501996008,10.9661174015571,31.7883494566962,-0.422240091795294,0.5772185230789,2.78229436490776,2.63075893034787,1.6,0.167200501560228,0.559722948320446,0.824046180218958,1,1,0.115022496914825,0.112294924490604,0.201157913091696,0.204211005296145,0.206072448600585,0.191940007301081,0.189119801603588,0.00530902793827378,0.0331317771907963,0.0665339854135178,0.026854756933462,0.0247719092283526,0.00605968434773733,0.0218134347157065,0.0334352623854209,0.0143336326777484,0.0118184754565205,0.00850784478997471,0.0355635175364322,0.0588694918670199,0.00690574788735173,0.00549833870116376,7.44934893984034,1.52467528639508,0.668708594111272,0.268389294345961,0.881583312591039,14.8582523501029,0.243520584929893,0.535569430766764,1,1,0.0544420816338643,0.0455798312545666,0.111049883255706,0.114025828555208,0.118488331983935,0.100377189373022,0.0980860309457166,0.00390790943213404,0.0293200867295845,0.0544285281861887,0.0259687850299826,0.0237505716410314,0.00291855917286248,0.0369143772911065,0.0467480223557708,0.0350711473918483,0.032023159577275,0.0109495344853295,0.068757567159076,0.157394888259865,0.0150565377962124,0.0119690307884395,2.64072930049887,1.47471676014497,1.46567995108692,0.478218074848073,1.61848447786271,19.2899442167124,0.505432006181427,0.481998635813213,1,1,0.0202435867422484,0.0165661842626806,0.131788449267983,0.13731261120553,0.138617692444589,0.103001854473588,0.0996301065457254,0.00497185398618078,0.0400259756107586,0.0695223461602939,0.0357173784407962,0.0320600223088068,0.00176577633948737,0.057410024714401,0.0695030208670911,0.0551258277287663,0.0546897153578327,0.0103971794902911,0.0997331632570208,0.209463048810155,0.00998816726665524,0.00500348480587848,3.48829477645786,1.88369077287974,1.56139221508459,0.653057102866592,1.97904746930202,22.363236517518,0.812832979952544
source/12kHz_DE_data/OR/Opposite/0021/OR021@12_3.mat,OR,test,0.313812567595809,0.147934193317235,6.90592954091816,11.1166617746394,33.0654568789598,-0.44989802612453,0.576075575361018,2.87905867324353,2.90407013964958,1,0.332435977398079,0.569619590353873,0.726348209727355,1,1,0.11702127426715,0.109754342419379,0.130483765267395,0.137598294856036,0.146310179864373,0.12797670025459,0.121733753795329,0.00567194189005019,0.0353172437506596,0.0774624404714295,0.0246903233138634,0.0229794533991886,0.00540069379940046,0.0222601681908384,0.0386422326442089,0.0136450664411014,0.0122317400765659,0.00799664017935686,0.0395016506696223,0.0780460729404926,0.00803992623482185,0.00623922901075085,4.07283423961547,1.14723260111532,0.461896969048547,0.247183543629993,0.750121337164747,14.2472658344699,0.273053704914286,0.539736285290615,1,1,0.0574701902579766,0.0505358188096008,0.103345760278924,0.108091992935441,0.114887562235508,0.0940319682737095,0.0915714469923975,0.00374274704365405,0.0322278165447213,0.053410530182892,0.0270415655447485,0.0257539333181535,0.00252472342054487,0.0299736858336989,0.0397364075864342,0.0275004101449707,0.0259203446863626,0.0110853979847088,0.0593579016625123,0.141302103737133,0.0146641141037097,0.0102987179604098,2.36008821067457,1.7297224461787,1.25177336883368,0.449408901776549,1.53736051712682,20.7071259997763,0.461614384267487,0.485932257540548,1,1,0.0248507014665892,0.0203873930826654,0.128740201279317,0.132636073259872,0.135327543391924,0.101040648889881,0.0985766164650193,0.00500561767122588,0.0400716049524467,0.070853921298375,0.035387537876188,0.0345490837252069,0.00177977760169349,0.0585595813305934,0.071006796756447,0.0559961826882713,0.0543306384754244,0.00963001875814105,0.0979677446608622,0.212688651017809,0.0106933363784948,0.00619049893142634,3.05529483397783,1.81000120508239,1.57620339039355,0.647437828456641,1.97227225842844,23.7371922886185,0.8256863237127
source/12kHz_DE_data/OR/Orthogonal/0007/OR007@3_0.mat,OR,train,0.773995394198412,0.577016706993437,6.0100998003992,3.99081169078175,4.22314316378632,0.064606525967449,0.515056734912397,4.97046863432099,2.89297808114563,3.6,0.421241752030551,0.126170780558098,0.635621043593473,1,1,0.00833608729151956,0.00684141860188879,0.435508121091574,0.458451800459998,0.472086448583149,0.295201190876897,0.291775337205329,0.0370813230499469,0.0542606448355215,0.0650702215903132,0.00626193784981782,0.00308759901611619,0.0130128827351559,0.0420960496450408,0.0750036559869184,0.0151430938085382,0.00986362664633786,0.0369133082870556,0.141762626540834,0.228128869600115,0.0103581960217322,0.00779542622915245,18.0640771022054,2.73303651105603,1.04236425762122,1.46528360747414,0.566927652034099,3.98572801914812,0.0826249496369919,0.888571225613793,1,1,0.034537176687511,0.0333933349108665,0.420742479847359,0.422126796841695,0.42347115996786,0.312446462282724,0.309303153920602,0.00159093461671518,0.0604365764667272,0.171060043530736,0.0593201267910692,0.0579101153285713,0.000863892405501768,0.00591369534795204,0.064667138488756,0.00478201950238255,0.00426883873050742,0.00572597824597527,0.110178417349736,0.18375615306833,0.00648828303579848,0.00383804293821131,7.63093456566473,0.994786300903745,0.0663711181567606,1.03823493514996,0.668456840330037,4.36110699685029,0.972757128454641,0.853883282082502,1,1,0.0365172442833912,0.0346452151045353,0.249049698910159,0.257243545913105,0.261853682393768,0.195907214900558,0.194322673537645,0.0259034262425406,0.0652174311043561,0.0937379172729902,0.0252817231168083,0.0230636213524868,0.00428154937391412,0.009120929818794,0.0442437231885068,0.00411518738234473,0.00231605756789531,0.0353462674880677,0.0592872440925015,0.104890221187986,0.0144749741056106,0.0102345558957989,4.55101945841472,2.50141631748623,0.195975268979547,0.537459731049023,0.57010342829103,4.10103060058864,0.177286006192353
source/12kHz_DE_data/OR/Orthogonal/0007/OR007@3_1.mat,OR,train,0.848652360716537,0.646002013252208,6.44461377245509,3.94281446796763,4.06589921989801,0.0723418005972994,0.49299842678072,4.7702241066536,2.78492188449716,3.6,0.431545173233535,0.117797765590396,0.726769783323067,1,1,0.00924118756478415,0.00503263844947667,0.534954408379995,0.565200869118115,0.575526658326288,0.381953753050884,0.376173392969787,0.0589075185680909,0.0708591688664075,0.0784764758204862,0.00296010262457192,0.00163530317332678,0.00920705294434089,0.0355844176651209,0.0780511767963869,0.0126735148800421,0.00944022414788087,0.0285739113573083,0.123070143808484,0.185825318712382,0.00908585769387115,0.00359172941664309,21.6810951423145,4.5274968299544,0.511861115801359,1.30581432214163,0.54348366246796,3.37100932513875,0.0845390586649401,0.93433226738606,1,1,0.0448780583775733,0.0445287182748402,0.431476184700582,0.432491618085396,0.43487463052031,0.353778436784587,0.352595672313031,0.00290099001548841,0.048874526026729,0.133640469109725,0.0462964200479384,0.0447764897467049,0.00108831697752658,0.00415027048320721,0.0729011734342612,0.00257422840104008,0.00161782332637692,0.0035859286616398,0.0766183815601613,0.153102716585266,0.0029009462283437,0.00219525522582425,5.04996281338973,1.10605595699929,0.0512877175400441,0.75308652273475,0.616134631078744,4.73312883385932,0.974660439639487,0.890137729979451,1,1,0.0605376754137267,0.054534926165435,0.301335551869425,0.311015004331952,0.315368645599652,0.247233877024977,0.245213853827327,0.0415047328776568,0.0709181845248336,0.0940514629289181,0.0224573477199485,0.0186698294725359,0.00609050082231376,0.0147067868208613,0.081010071061189,0.00294281327216584,0.00213595440141519,0.0304913331431915,0.0435575333787943,0.132995108295002,0.0110698903392246,0.0090936690304904,4.18030123634263,3.29728215720192,0.241951432457715,0.420533491006489,0.584920767309238,3.77376212298816,0.17209168307887
source/12kHz_DE_data/OR/Orthogonal/0007/OR007@3_2.mat,OR,test,0.853078770041587,0.655411003283233,6.6813629740519,4.08241584839212,3.98967673816546,0.0731996769755307,0.500423026835681,4.9339157786178,2.97118078242826,3.6,0.464743013306844,0.139129897944987,0.731153043237771,1,1,0.00870105279370781,0.00477478775189142,0.55931478466946,0.586110934203052,0.612446587432042,0.429809126696665,0.418944702865082,0.0409865385299339,0.0676820660762463,0.0812719244796628,0.004872929583593,0.00233965572560807,0.0123595672876351,0.0334027429987311,0.0537415684202683,0.00961708082084054,0.00472693073513957,0.0451557289063538,0.149004694564706,0.186067169195913,0.0237406511838149,0.0151311405588911,17.496807133723,3.82912669859671,0.808810180561121,2.124751618639,0.557121609881278,3.29302735682321,0.0868851595212516,0.948866126309943,1,1,0.0691497367762226,0.0671473071218691,0.464534547707633,0.466511454057959,0.46724598914301,0.342084390958428,0.340137219873586,0.00159289515071802,0.0275133093518283,0.0741055787395491,0.0256249134712481,0.0243983075319897,0.00469179344987661,0.00638181550696353,0.0792891131985208,0.00428267024966855,0.00334684046749269,0.00921176256163219,0.135947367659393,0.227446792016076,0.00505033959273428,0.00318271945696603,5.95074844116679,0.866215216797644,0.0965149886214768,1.39377777137891,0.606939466161582,4.60274881127642,0.971880335406629,0.911613624285894,1,1,0.0405973563359208,0.0369995651767693,0.354400773326769,0.361596084723202,0.366001373774139,0.298265910663678,0.295808514739198,0.0306371614913657,0.0595606562294298,0.0756640408536518,0.0103324171744065,0.00935893604984319,0.00437666670254633,0.0128619211432588,0.0497287468914293,0.00303831181947317,0.00196044951950816,0.0326728206248336,0.0702333638203309,0.12418952018735,0.0114968060459393,0.00655342712413214,5.66938500946136,2.19829537771473,0.403113559235331,0.90301380204474,0.509883751947141,3.09358674503208,0.176401281295942
source/12kHz_DE_data/OR/Orthogonal/0007/OR007@3_3.mat,OR,train,0.796465388909606,0.60729737153324,6.4328372255489,4.14256655350488,4.07257792627228,0.0829623396035976,0.525355467394989,5.38841007917793,3.12358681950837,3.6,0.422777735187784,0.106435663330922,0.499831305669796,1,1,0.0187642834909665,0.0110088443342413,0.187690836189522,0.216626377759903,0.234360727898868,0.107842340761311,0.100411047656042,0.0420798432012398,0.0547601038981831,0.0828837267723566,0.00627924004997427,0.00372508948222813,0.0118532701490682,0.0476145246450323,0.100945068177009,0.00677886330336963,0.00321383833039804,0.0491886918370508,0.141834545496289,0.208440268104108,0.0255376601442725,0.0151772909894909,5.69103486461763,1.27635225119653,0.974516635819816,1.3532437821878,0.494073142545402,3.17371937466084,0.0959818475453975,0.922903052736933,1,1,0.0400638649740611,0.0395120869678372,0.420417555566081,0.423961898352674,0.426394102673536,0.262615180636356,0.260763015944715,0.00316925397365644,0.0345634165091748,0.134224187056932,0.0306244987657806,0.0297844890582984,0.00305486122669235,0.00784477636687644,0.0720792701620811,0.00380327290071962,0.00257103701430194,0.00929927501775059,0.158577014790549,0.237283455212082,0.00472388464184928,0.00277890534622078,5.93319355258196,0.667557368723681,0.0955300001527064,1.44803108713777,0.6297979014377,4.44674861324844,0.973143890259058,0.859626782091957,1,1,0.0998994137196066,0.0966795754043545,0.314843401904814,0.321846340423654,0.324947442911728,0.271319942867907,0.267025887529431,0.0268096585272445,0.0518940384490263,0.0627096965542317,0.0185775992250282,0.0163996279118025,0.00555065372042928,0.0207038419772401,0.0580531133347117,0.00522995061500188,0.00216515314058696,0.0386484665228008,0.0618702745636783,0.12163589572376,0.0209259881947646,0.020137382874272,4.62890972453066,2.93150953099646,0.653532542352491,0.8851850977985,0.523763960626942,2.94500768904576,0.17118232543746
source/12kHz_DE_data/OR/Orthogonal/0021/OR021@3_0.mat,OR,train,0.31562527845494,0.222576431906677,3.92979309381238,6.72850464125554,6.72642780216276,0.0757026962494984,0.501769896228257,3.1194173806815,3.05398910910884,1,0.440931806503473,0.51452110994936,0.534758443059927,1,1,0.0188136180967111,0.0114177266662803,0.137426841110429,0.143271657098345,0.149114585024055,0.129772055646973,0.124410703564495,0.00881286102474651,0.0560803713091834,0.0860863504313477,0.0313986898616248,0.0305097782733416,0.00592989272733535,0.0308569806240471,0.0496909047967661,0.0155058836289991,0.0145564443145237,0.0314019995048706,0.0685614190508952,0.164022299260226,0.0169502177219795,0.00998128761693269,3.69140546986168,2.02499412023196,1.0897228259669,0.532283003204248,0.636051405264117,5.28259849833609,0.581684274432996,0.447814739838638,1,1,0.0164179878667455,0.0131035899472638,0.182797665433966,0.186212571794304,0.187808805959461,0.161109707746669,0.158991797698493,0.00380084645335564,0.0126246924501173,0.0283061665759463,0.00683421150208855,0.00551495020011759,0.00234035842106809,0.0232128061317,0.0449252231478518,0.019751360666075,0.0183859926016755,0.00932176998267467,0.0440700749631191,0.170389504218434,0.00344981769472699,0.00205682438054198,6.37207483768427,0.819948415949103,0.839336114960384,0.358829510836196,0.946266968360134,6.9425810024233,0.553421826668914,0.436571498638584,1,1,0.0239037482699774,0.0133279690933378,0.209913756336452,0.22283452538598,0.234734065278927,0.176168380069461,0.169688010801427,0.00853025945407361,0.0208456525823641,0.0382979503747459,0.0115005767976183,0.00676972576296081,0.0143686922137407,0.0368251552630175,0.0485273856338736,0.0216782508045657,0.0160159696139031,0.0347806298524894,0.0917764921993167,0.196351367873104,0.0201353382309859,0.0123342317413615,5.27811508477741,0.933248896367922,1.67547009509022,0.853097537241031,0.798694287724837,6.96127029828426,0.429435621783881
source/12kHz_DE_data/OR/Orthogonal/0021/OR021@3_1.mat,OR,train,0.283437066352015,0.198817972951007,3.54595888223553,6.74930439759465,7.07633114314139,0.15710540866206,0.51760265890217,3.47169120194009,3.20608356459099,1,0.377632005818057,0.454202214019866,0.581767415211684,1,1,0.0374383574271861,0.033930642100405,0.15702027471848,0.163455447509528,0.172601799145413,0.151751953137856,0.148080153445457,0.00596776087270929,0.0345255612603553,0.0555096832404655,0.0147879714396853,0.0137199982816699,0.0050330159169267,0.0220655259144763,0.0390807836596775,0.00649305266663874,0.00514719801772653,0.0281150096819371,0.0535586663759859,0.150780691811876,0.0118120398016279,0.00756965525593107,3.31911681465495,1.34534035491328,0.985849250875938,0.525913229016543,0.643804365525472,5.26458404591453,0.561288241795243,0.498036255279335,1,1,0.00729067512856132,0.00647099027232272,0.225406540122132,0.227339653229628,0.229161353792586,0.19005786655245,0.188231345966023,0.00452060580709717,0.0107669041046302,0.0413155243847169,0.00322519412799927,0.00262340043159286,0.00244052562472148,0.0231524160543905,0.0423493380157056,0.0191543048209523,0.0165897627313788,0.0123965502845267,0.067704773604435,0.174137497320498,0.0023964322396705,0.00169957780173963,6.80189983851824,0.476054015359049,0.664566856504418,0.541635730943874,0.937027981188931,7.3824728660921,0.566182299587884,0.468658832909966,1,1,0.0278944723240737,0.013888401187135,0.228332460868177,0.248171432804696,0.254296061050079,0.18729694578396,0.180455396452188,0.012295585840667,0.0283665165193469,0.0341320996840715,0.0170660082160449,0.0131387929864136,0.0114768407188626,0.028390560635818,0.0367525067325783,0.0137043676970278,0.0100278142244766,0.0210079648468686,0.0807143481057671,0.206852591408658,0.00774217455912761,0.00276587992735397,4.50241812303867,1.73604824652376,1.59282192074723,0.66861685261124,0.836963091288889,6.99320174007967,0.456426641466888
source/12kHz_DE_data/OR/Orthogonal/0021/OR021@3_2.mat,OR,train,0.280175151320608,0.197352790743197,3.18860159680639,6.25191454157412,6.78096510011301,0.161440408083453,0.509003909750463,3.40227370031563,3.21522668130849,1,0.396528987551778,0.472657854186013,0.631116014810073,1,1,0.029881013778173,0.0272616339460367,0.229828580433633,0.243529896788347,0.255560675315431,0.211336200982486,0.20729638634364,0.00546655952033766,0.0261660915542251,0.0415427288204983,0.0126177557653434,0.0116139506620387,0.00742082871523758,0.0240860080129835,0.0420351880636495,0.00987257103523426,0.00822542376318914,0.024754753078131,0.0489428363794191,0.119953614769262,0.00817879294281382,0.00568132941593497,3.83982373448261,1.43743778924423,1.08039477934436,0.463800530760952,0.643906575098828,5.18802947679182,0.558125442848681,0.48449326565686,1,1,0.00804005856089404,0.00530491537906788,0.215247906254577,0.217140746027375,0.219796864763489,0.174710845748237,0.173129446214435,0.00575509148940529,0.0115855081681656,0.0459032193463679,0.00248976457165969,0.00188687854695156,0.0020145474401372,0.0198090001492783,0.038886410113699,0.0163918339760503,0.0155929123606662,0.0100361711624448,0.0598761450751049,0.185799029374133,0.0048188743191506,0.00325293970372241,8.19423437006142,0.469841632161874,0.676704722329685,0.484086148093633,0.949357452166891,8.19654010216445,0.567752235815959,0.491856993745258,1,1,0.0277151277111057,0.0204342988193062,0.23427030847892,0.248597206909197,0.265083001450854,0.181019389646842,0.178829301892042,0.0108353249422723,0.0207423548595639,0.0273530687649292,0.0100557390151213,0.00619970468026044,0.00987512619318089,0.028968261849467,0.0498211694073782,0.0192984652959412,0.0129260391459347,0.0220144046502751,0.0989440949032909,0.224954822708809,0.0118175292758484,0.00697524017175549,3.90635814345876,1.1031657521162,1.25057535120614,0.925552887629773,0.867083968711949,8.63090748755883,0.451925206144196
source/12kHz_DE_data/OR/Orthogonal/0021/OR021@3_3.mat,OR,train,0.279377389433426,0.198864798757939,3.17349512974052,5.85093688084242,6.27475947695478,0.153039625883898,0.535524495660244,3.58182089932122,3.42962240819879,1,0.38324253226961,0.459435078029771,0.690676835383426,1,1,0.0522697649778138,0.0478198423487523,0.269254758949358,0.273984132357089,0.283847953168713,0.263942905482509,0.259220992422781,0.0049237753944427,0.0388191861325119,0.0612354291437353,0.018076447000217,0.0177404338140394,0.00599362905232559,0.0176510229744367,0.0300101706065839,0.00493070174846263,0.00416804481879277,0.030253814989305,0.0540612844007131,0.117669197334516,0.00720109009402903,0.00471377247408541,5.50018221245131,1.91835404098438,0.567973438848672,0.472218502369184,0.602411381999436,5.32285615580179,0.608007461112093,0.481174263075134,1,1,0.0129043836792627,0.0109000112020294,0.203796531816524,0.206917891232938,0.210952624642818,0.163897197957168,0.162553656449988,0.00404522358698921,0.0107069513089445,0.0382240047563478,0.00205547849511713,0.00123095254111503,0.00362534483343268,0.0354015940722596,0.0505372468025319,0.030226663019932,0.0263430679868996,0.0184221593770092,0.0809648034314888,0.195939609035774,0.00412821410944911,0.00270857724090303,6.36033057213534,0.528525993413602,1.05315627796811,0.679202794864818,0.975932541774164,8.06121660808667,0.542320940379695,0.479207740679682,1,1,0.0343209787770952,0.0204415462883519,0.215771358945574,0.228250534836619,0.249128320565975,0.167726955093732,0.162983865896722,0.0152932713519105,0.0315209589863257,0.038975451676971,0.0161771637457018,0.0104818756885121,0.0114520751275218,0.0351172059924618,0.0504410028726131,0.0219732190953894,0.0162927315990666,0.0264461050265927,0.100799511663684,0.212393817092153,0.0131058969286408,0.0068396997925402,4.13979380619203,1.32741996126613,1.50154097646618,0.831943675625816,0.862378725212962,9.28656016070801,0.447087582619813
source/48kHz_DE_data/B/0007/B007_0.mat,B,test,0.144361360386426,0.115179748012683,1.23521169230769,4.54513705109044,3.08230752625262,-0.0145812796498889,0.782729746406396,4.80295231574329,3.62051858860155,3.6,0.192086774780298,0.27592510246908,0.421816835719978,1,1,0.0217294515530592,0.0119152300014685,0.0413804589167999,0.0570911521988911,0.218437849488933,0.0102240525568072,0.0048501120928003,0.00927742479972359,0.143678988498601,0.171695192188413,0.00896816844551366,0.00526231999217626,0.0262925617294435,0.0513873679521214,0.0924022105463996,0.00914617642235581,0.0036778105025866,0.0454820643551027,0.0943976730858398,0.166633139418123,0.0146452966768829,0.00612136701016146,0.422580230392948,3.03278272948125,0.821514088954758,0.741451838958308,0.496356530969839,3.462526394056,0.243667783207456,0.640646874025209,1,1,0.0541427512705114,0.0231321808786194,0.186690991187808,0.193694004817718,0.222506138128617,0.13217420941537,0.123507554182477,0.0238420996553911,0.0867706789690537,0.122630243598787,0.07393269180387,0.0471669373229407,0.0289181646592499,0.0504714790398575,0.0799002376022668,0.0351996873588592,0.0168689980076169,0.045446629586851,0.127309744764675,0.204859356967874,0.0281653741577613,0.0127673028958114,3.72870702380458,2.04344994900612,0.801859073974724,0.956317978520769,0.553536988574668,3.51966899395336,0.666935774106019,0.445759234830898,1,1,0.0411347884336006,0.0195254993519343,0.0678775117649469,0.0974929021318412,0.126963049154679,0.0605064075905813,0.0290587643230996,0.0332367676064644,0.0479416219427277,0.0631521481880411,0.0303397096739934,0.0209963571611332,0.0138070671706147,0.0298058149295089,0.0512403130270418,0.0175845433162893,0.00581941566739338,0.0532367943758492,0.12296600851216,0.186553977673021,0.0387341372662591,0.0244736525630754,1.50463540915088,1.73618596767866,0.851290935927049,1.05096801383082,0.53583790736664,4.02338517342621,0.6576585408646
source/48kHz_DE_data/B/0007/B007_1.mat,B,validation,0.141187356633819,0.112549427326372,1.13215569230769,4.13957471162842,3.03927040781248,-0.000386281944769742,0.791211178639088,4.80576716650712,3.7187628961911,2.6,0.190211407786329,0.275041044187166,0.587275412234035,1,1,0.0322121627040995,0.0129289195217726,0.0566186531384818,0.0906929154316375,0.14519981381497,0.0282125470094961,0.0143703621769571,0.0284114122481571,0.08577145190784,0.104075575648836,0.0330399783669024,0.0189928317250576,0.0252760474415783,0.0588178906317165,0.115657914423348,0.0163910407358295,0.00939397535249179,0.0539819042153816,0.122217654345962,0.200482823318617,0.0232863448172235,0.0122946058938669,1.56462267361734,2.17136635990365,0.755937494960569,0.661433754542192,0.524465885999203,3.37476200320365,0.234614782392081,0.589108585597496,1,1,0.0348911206606744,0.0200109748063491,0.106967719434652,0.130267465070261,0.152906823125372,0.076295633704142,0.055200549411824,0.022483347492314,0.0506231946268974,0.105628978140441,0.0374707108171846,0.018753108385664,0.00855370901701573,0.0338490938267093,0.049199239277435,0.0259036877068683,0.013643456066217,0.0444317389032169,0.128580318979627,0.223559526078817,0.0248288590843656,0.0100152116544222,2.55068254701337,1.04358070342148,0.541682169266829,0.716356990438698,0.549343575197872,3.34266437517502,0.708283111464271,0.534504110469675,1,1,0.0209312800661263,0.0112105415099804,0.140576695047947,0.173812179421003,0.207448484987838,0.0840892427215237,0.0658915494452466,0.0522274347622093,0.080942319079776,0.111025392556577,0.0398698412237749,0.0241243678506686,0.0248907514089109,0.0421171855391047,0.0794818811612939,0.0242082497807512,0.0100242419806748,0.0637676819468511,0.170102143764315,0.228241474925936,0.0319699731905621,0.016700725335399,2.27377699358387,1.78840792994914,0.750576362889675,1.2777296764358,0.503512398827715,3.27010927342115,0.602940075293137
source/48kHz_DE_data/B/0007/B007_2.mat,B,validation,0.136890111447233,0.109427888471377,1.17116676923077,4.16580789620212,3.08957670051174,-0.00292542553711787,0.852481037099983,6.13896672052144,4.2963593189069,5.2,0.11765255233938,0.165419533076759,0.500220250903079,1,1,0.0237505905227412,0.0114975179076489,0.0383630570165229,0.0711338887750425,0.115868787617801,0.0233664943457426,0.0131314732506547,0.0126376563071283,0.0699693602085587,0.103037755539416,0.0281540705115948,0.0226578399649566,0.0291215784686879,0.060214015709846,0.0864602341732419,0.0261217110571585,0.0187942807999095,0.0615990076034887,0.141069533511534,0.200281070708386,0.0312865831198117,0.0130497773431804,0.632085648418104,1.57058869125282,0.919274562092676,0.84547995878353,0.512939885550169,3.1993859311943,0.259474095995709,0.527611599854912,1,1,0.0326047069197389,0.0223722751525639,0.0941905699886682,0.12820886641479,0.170469176290215,0.0519152864321055,0.0285869392923987,0.0414806596294129,0.081381409771201,0.159766105201132,0.0468366715717913,0.0237461884856503,0.0187831501219954,0.0388023746019146,0.0683884698965853,0.0178942078609815,0.00779968785651954,0.0534886890384278,0.116132074483613,0.193000461358868,0.0290096201681853,0.0109149817765017,1.60538239413301,1.30822674528518,0.630052092555277,0.638016144442946,0.52769387664484,3.71675834746559,0.734053673564355,0.467042358742184,1,1,0.0314170040539102,0.0173219010191671,0.0827092016280426,0.147320886877521,0.188142973917824,0.0492631560288205,0.0239459384725488,0.0675414458290676,0.0925288275317912,0.111794039885323,0.037114841987874,0.0326627189657598,0.0589809277306426,0.0884556087877158,0.0994036258892872,0.0410607505974219,0.0308880181237579,0.0916052674677417,0.192667276255583,0.267638743485516,0.0289083158626471,0.0177881553390745,1.69133647492068,1.91449454809443,1.8083367777819,1.2050814526557,0.511472360212365,3.00435923839889,0.536678299610758
source/48kHz_DE_data/B/0007/B007_3.mat,B,train,0.141402645296716,0.112669368114687,1.13737107692308,4.31697393170483,3.06227511454572,0.0210476586691994,0.833290875017851,5.77818491904352,4.34644327710372,3.6,0.121548256347935,0.208554029281827,0.541479081634457,1,1,0.048654680664043,0.0317515920666628,0.0365601137282787,0.0672917157129391,0.119844852618969,0.0292308847018176,0.0216748211708177,0.0131341219631703,0.0371743339286022,0.0705904970555592,0.00465822700036374,0.00224733756475576,0.0192999769585837,0.0288179015472211,0.0391992825734124,0.00452543938974469,0.00194126540496228,0.0354497038676547,0.0765103407614815,0.209611304054078,0.0185335237138132,0.012805355366955,0.906234911245451,0.673763765641768,0.326138933336535,0.363377362952873,0.498658504688616,3.46620122222283,0.342285380590307,0.531564864968522,1,1,0.0287964492917785,0.0160178497519402,0.129135074800612,0.172978482468804,0.192207276871581,0.0653355653710917,0.0424287117640976,0.0416377970931872,0.0876144350764926,0.136166055721654,0.0460335826571648,0.0246639293484857,0.0206907702270134,0.0313842212255392,0.0781444801379901,0.0180602699334507,0.0155919110577165,0.0739399457068573,0.156141998612275,0.248197883833309,0.0557794329203231,0.0274432382081006,3.29375828731583,1.31313828798538,0.607815647508369,1.2097581417888,0.515794454291329,3.31846522673906,0.714565655466812,0.510155158413923,1,1,0.0384413325069405,0.0193168678373711,0.0624259384026988,0.115298909407654,0.148943077623913,0.0599906478236666,0.0231328974834503,0.0262597681543076,0.0519943113646652,0.0741719892684802,0.0391293830638824,0.0179190630689132,0.0446748557569052,0.0729535710548802,0.0956549698698377,0.03162599667578,0.0155824392948289,0.0877400880465217,0.155904493471949,0.212523176846928,0.0393047178166113,0.0258095117792067,1.72552086255463,1.25183057183463,1.21488697461865,1.04792738681959,0.490903390478979,2.86978920114473,0.547145988320661
source/48kHz_DE_data/B/0014/B014_0.mat,B,train,0.130905576047166,0.0928259137973729,2.22196246153846,8.22416161941093,10.0111587059572,0.00747727206968876,0.771238042666672,4.22396017243294,3.51498814668887,4.4,0.137329127950348,0.372925236090308,0.509804730899042,1,1,0.0265235413165693,0.0190390651010829,0.0449796963062233,0.0877806384639997,0.131243549012873,0.0106097708098693,0.00530027695835727,0.00627277220521166,0.0279101648637509,0.0614128871192233,0.00479480845946276,0.00188308595722494,0.0144985711843997,0.045682058151935,0.0967361430085875,0.00485308461910135,0.00205396989472823,0.0383467425305976,0.10604497586147,0.194361777491731,0.00710518508330869,0.00307653017024809,1.08595310302817,0.437917845139258,0.898540310878082,0.746672910262983,0.49951460539977,3.34079988785453,0.298617474785648,0.511191861968181,1,1,0.129510539673242,0.0699582356280892,0.0246240319788379,0.0534810292455888,0.0836328082535934,0.0337091316679084,0.0173816961007216,0.0118252298936891,0.0446590886898469,0.0664176924707825,0.0386818000164733,0.0134323543743693,0.0376759512470124,0.103357559685813,0.175569976060078,0.0772470475940342,0.0339315603741016,0.0581916518580335,0.157792780115289,0.252346389086387,0.0213798348723716,0.0127371166276298,1.24112287878871,0.812277404432571,1.16555490721728,0.939443926845482,0.905113788255192,13.1403676089712,0.719465011540608,0.477160897763568,1,1,0.205787893830588,0.135964074893242,0.0498654846913526,0.0672102293029995,0.0974157561123183,0.0531624470384896,0.0283422556560336,0.00681231889089656,0.0154210863144601,0.022948510370943,0.0120740821444866,0.00705944888119816,0.0169497568625357,0.0438886497898819,0.0933677691284392,0.030318319054301,0.0186522188626831,0.0360305167956538,0.096271705640532,0.145399453190307,0.0313993728054003,0.0152929204250641,1.27289749154051,0.788122753332855,0.906112818737071,0.854058032073439,0.814504793418833,10.295530760465,0.562642692686628
source/48kHz_DE_data/B/0014/B014_1.mat,B,train,0.142864359915716,0.0992619547533205,2.261808,9.97171149536287,9.56510629366424,0.0669025405335672,0.80545745717273,4.37174062310013,3.70672246797088,1.2,0.245142941289943,0.362983610426459,0.461517771298764,1,1,0.0427596969914439,0.0229470997578665,0.0631558954009672,0.13945177580101,0.202689878454027,0.023279790585756,0.013445389643756,0.0279626962944777,0.0652922760307783,0.0880192973067283,0.0169524379442051,0.0073773382543693,0.0263958493462629,0.0716362025829247,0.12075359238978,0.0154241148285655,0.00660492037615703,0.0665704517590754,0.164115923879008,0.217444598525898,0.032776479649856,0.016773098956957,1.54845566904405,1.26201805450458,1.47022983777634,1.03035882104209,0.5642822881916,4.9192941671717,0.224570982278091,0.526303154145975,1,1,0.0736902116912051,0.0462428533977074,0.0382799305144993,0.0677367775254076,0.110571308511208,0.0398607352283586,0.0222953668608175,0.0223152145790931,0.0381695179581333,0.0479219101792477,0.031560515562578,0.0164075501057409,0.0399809005657035,0.0851129026810768,0.103553435541043,0.0639968701260442,0.025961523297898,0.0766459776872926,0.15127133666336,0.185588269576057,0.037656484402271,0.0160549502229071,1.03350254705361,1.13341189817185,1.6275884139029,1.17705032116707,0.948832944566255,19.2304513027848,0.7813767365215,0.524855015028066,1,1,0.172299567633998,0.113144713579097,0.0291002727946937,0.0493600833370282,0.0778771409368691,0.0367718122266857,0.0182650902787155,0.0104670436364134,0.0221480105264102,0.0331547254603152,0.0181729034080997,0.00795294656767022,0.019621801882355,0.0488529476407725,0.0716088138754913,0.0263769521284587,0.0127811002246352,0.0495696649655725,0.0930598872039793,0.143714753138935,0.0443108682177064,0.0270692317168632,0.865022480168702,0.889188995986613,1.00627055286794,0.917893248140363,0.799510163104673,8.81323325442767,0.421084762121687
source/48kHz_DE_data/B/0014/B014_2.mat,B,train,0.150233341380814,0.102056541958443,3.72733107692308,12.5489438273453,22.0665238828578,0.234489998476618,0.775721881538816,3.91786779749029,3.59406036263998,1.2,0.201554462073424,0.393916066780436,0.463333670621825,1,1,0.0989132227068532,0.0301421847975332,0.0355202179481682,0.0897705482693777,0.199167152510508,0.0333261466129844,0.0136237823743244,0.0197016013009311,0.0745015095552026,0.0853267340927324,0.00848515858472821,0.00494049606942071,0.0316232213187051,0.0564746202572785,0.0806296424996972,0.0163376508464964,0.00818826779355628,0.0527281836365644,0.127120214654687,0.184032287654442,0.0253727775013965,0.0121422957998549,0.848015318588573,1.63778222491218,0.978147091788535,0.913422385439354,0.551467063655198,5.33953619432506,0.229780805467033,0.52726725655257,1,1,0.121668396657059,0.0893179143157049,0.0262348903804211,0.0632426373514194,0.112335388331339,0.0403144716494419,0.0207759182049853,0.0130091148790148,0.0329774044951289,0.05125691009566,0.0235338413846178,0.0104725008034186,0.0301583395487281,0.0675374163005771,0.0823355684869856,0.0531589944827085,0.0235758097704017,0.0620692878727246,0.131224695162714,0.185500162837335,0.0377507435448699,0.0211220533948565,1.04259629104326,0.830067455255838,1.26843796434503,0.982199840554313,1.07700644895047,35.6210610747693,0.807265321132334,0.528860427228138,1,1,0.236195398208721,0.113175356687415,0.0330659411173749,0.0503307782499884,0.0896201715962615,0.033367908379566,0.0126187255103697,0.0123399075481111,0.02818415757021,0.0422660711906778,0.0237116140319295,0.0101282656450647,0.0343131417103613,0.0532338637913141,0.0864583158875063,0.0431466902834271,0.0206470839453899,0.056120770259883,0.0962060298825639,0.143294964248803,0.0291049902210499,0.0142201232655701,0.913443736778705,1.01405159336253,1.20511904074144,1.31954767740414,0.782568538825603,13.2288818128593,0.397295192228063
source/48kHz_DE_data/B/0014/B014_3.mat,B,test,0.166611078181381,0.114982757722276,3.54520984615385,11.1281028055468,13.4794626535057,0.161453827052726,0.779191496246493,4.16019227686017,3.83410134836359,1.2,0.254346099529421,0.430532189423848,0.484033101606638,1,1,0.0550563953614276,0.0293260162667337,0.0288145142698588,0.0505008299932831,0.101727048749247,0.0265573622570371,0.0134227338102668,0.0120540281485661,0.0277701636395193,0.0437179985547763,0.00988851217018817,0.00548698671008244,0.0209103835289989,0.0399243724021083,0.0580282393113402,0.0113099087965147,0.00458313553085185,0.0445370238956416,0.0911479965537739,0.146139983410761,0.0187685028667526,0.00821219095027736,0.831504502015481,0.859013030824222,1.00552619119472,0.697862106001466,0.526274593544414,5.23959540908119,0.305080252956299,0.556436144504285,1,1,0.109647118583986,0.0871193965653591,0.0251738175007934,0.0660291463855711,0.0871484764409375,0.0382313335121475,0.0220720597589943,0.013683511731377,0.0347053594014933,0.0502770241156596,0.0272699840207004,0.0116510159718609,0.0332833659000086,0.0548597950376483,0.080544663234632,0.0350391972585642,0.0193269971166321,0.0510734310306241,0.108826330261898,0.16428872794375,0.0178256365971046,0.00953128157771081,0.992840541024849,0.710795817590755,0.945256097599916,0.905861739299278,0.984034845085155,24.77530606387,0.808290448319629,0.515289737501385,1,1,0.204236660032801,0.181240686888327,0.0346116732454947,0.0658615852974187,0.0902411436970319,0.0246749565506632,0.0117561251629876,0.00965567072667828,0.0287813704403769,0.0337944241354118,0.0198290293149318,0.0129038366669861,0.0176723575811305,0.0505968204172326,0.0739468468424326,0.037044324615825,0.0176255707062253,0.0559826266475549,0.103042772608993,0.17351495733181,0.0249093950486193,0.0126760289269769,1.59350433331692,0.68986997084726,1.47059041794209,0.857158190290974,0.760973958424908,8.16451046790805,0.380575657268006
source/48kHz_DE_data/B/0021/B021_0.mat,B,train,0.339505212062234,0.271837453419052,2.809488,4.20997728775289,2.98155443686052,-0.00233749578606236,0.822945860674403,5.6042248357458,3.90024686162534,2.4,0.134439835607519,0.227183071738051,0.496227875129289,1,1,0.0194562313448263,0.00882769694590224,0.0320546390522143,0.0715790854689033,0.17976574925629,0.0107613351586067,0.00345783450494456,0.0184733037801685,0.0613182506339667,0.0981073121835826,0.0167120994257384,0.00803923940504584,0.0549043765444657,0.138886722732228,0.171716851443997,0.0238482097194658,0.0122530666778743,0.0885272011720099,0.178428253743996,0.255894701675026,0.00717818357603433,0.00487460566643641,0.498028291318726,1.36499939926154,2.27373578141554,1.30402189424303,0.506630284572406,3.2239771200428,0.216820315283892,0.608249642565024,1,1,0.0435027782839159,0.0174825090195577,0.0978578935192015,0.143576278027317,0.171066746239669,0.0494816845011395,0.0325647148853939,0.0482047551280251,0.0776751209129783,0.0954081300004431,0.0613501443429529,0.0332451510570085,0.0253181025275827,0.0343048618815737,0.0627925138372091,0.0234306267314056,0.0105382796680943,0.0715186429450408,0.136369289120744,0.196183423644505,0.040313006745397,0.0273568884715451,1.65109049140343,2.38422541195762,0.688394040808267,1.14780894035751,0.51266256854144,3.45347188308535,0.92110322770126,0.482774359571086,1,1,0.0196551082462538,0.00778277331177937,0.0642261785923191,0.171976892968707,0.231637850576842,0.107753665148141,0.0957633727753083,0.122477040640166,0.143312944881456,0.150198014587043,0.0799892099874125,0.065870526265479,0.0131090216191555,0.0300809772087789,0.0501012689075655,0.0146196967336105,0.00847804648457328,0.0351843128545212,0.0712210041043732,0.110312197345504,0.0171263380832933,0.0100140615048198,2.14792441245907,5.33860585365999,0.463941591034527,0.393650853040187,0.576151561747583,5.73279628909513,0.278609333341384
source/48kHz_DE_data/B/0021/B021_1.mat,B,train,0.240060234123705,0.169886218667821,3.54646153846154,7.42563532019094,8.46295820108051,0.00193760835023368,0.810692386464668,4.78557659978316,3.77317221793831,4.7,0.116791746296778,0.30971019550297,0.472105403515436,1,1,0.0337492472589822,0.0204480061602381,0.0387092068813606,0.0677282901832771,0.127402973717906,0.0120281938710936,0.00581681021809215,0.0217008258185667,0.0766043006097078,0.123233161293017,0.0295146340867901,0.0117280978128659,0.0393761429059759,0.0548608778113042,0.091645184625232,0.0221315027601174,0.0108214949508287,0.0525301302744485,0.119274096179957,0.185511298757929,0.0213066695201505,0.00998837751373355,0.762056855449019,1.31445867942708,0.795866941342197,0.80090305481914,0.562234623131941,3.52370263378374,0.149296765877051,0.542140523884797,1,1,0.0787936911896913,0.0385818386346832,0.0411559125305986,0.0686387686031218,0.0973199293891772,0.0369757781583969,0.0149423175471811,0.0704650251652653,0.0818301303749586,0.102911126283984,0.0653334434556862,0.048948370714225,0.043414189720962,0.069551406111053,0.0796049830863351,0.0572900498630879,0.0209604514932827,0.0886723355547411,0.158686898779132,0.224330927907986,0.0288437842652099,0.0142968133947837,1.32700954858636,1.92773241451723,1.84774035246385,1.18703216058966,0.783634401785658,12.442305399555,0.942623042823839,0.490210502519852,1,1,0.0694040129106183,0.0330610501685315,0.0634330107281975,0.0983991304060921,0.143505962833308,0.0459658374731607,0.021469321783314,0.04001884589235,0.051339401054436,0.0654981065740458,0.0272798116236776,0.0162827468459908,0.0601421027172546,0.0816512695430701,0.099246053791898,0.0653978648301032,0.036030018994571,0.121922760545971,0.182005434739734,0.216630706407526,0.0354763363663915,0.021268722701634,1.3736234794901,1.82427931059056,2.53541171516576,1.21402155147506,0.786516674873664,15.125579327254,0.258089828073059
source/48kHz_DE_data/B/0021/B021_2.mat,B,train,0.304549838725944,0.197146705834551,6.61936615384615,9.15897662312672,15.3322747587687,0.0378848698353812,0.797552330748564,4.8218900949826,3.4869801984603,3.4,0.184738910181506,0.266231171525081,0.516397944506853,1,1,0.0405268643972303,0.0220287581954235,0.0267936358275385,0.0403087562125454,0.0948483658998174,0.00313108674707051,0.00116000385334233,0.0171348735651194,0.0650127755078221,0.10254897727504,0.0087945873301348,0.0045820365983383,0.0176589689091813,0.0315554416331149,0.0422439289315563,0.0117274570972022,0.00504270310262096,0.038454854475854,0.0821918492945155,0.116185806777917,0.0265099329252243,0.0116304651257886,0.351628339097358,0.761319933660236,0.885653976915002,0.462114782201715,0.508910935531063,3.04162162028341,0.166613022743493,0.534204073143098,1,1,0.0529203382778227,0.0233909159797912,0.0661041981184948,0.14609736138038,0.176879886086476,0.0719707381654011,0.0265095934675009,0.0295702973594417,0.0620545204879964,0.0721679268356346,0.0433032002799751,0.0201819631881022,0.029709095002541,0.0552486749701925,0.0970932579054869,0.033795541996519,0.020193050644984,0.0682992634527261,0.156408568231753,0.229925184352013,0.0513547760664222,0.0294529673028652,2.32708473086797,1.96658134496092,1.08261691574524,1.24179028811538,1.03050182646254,20.5269266478563,0.943730186430248,0.505173405692624,1,1,0.0363336271062401,0.0241443310549257,0.0631265722234547,0.127811957616532,0.162268362431991,0.0558456711413574,0.0313197257428331,0.0755537010840233,0.0876846953603244,0.0960544954136439,0.0243666669270179,0.01370912522148,0.0264655512396387,0.0835476493793985,0.11187982438934,0.05704411075948,0.0245017835552075,0.0683178721848611,0.170650795296483,0.229903889656062,0.0531432498839762,0.0184972865527959,2.00592800184086,2.86884803832973,1.04971151562459,1.13967429106572,0.859876672908579,14.8592074537486,0.238292374442634
source/48kHz_DE_data/B/0021/B021_3.mat,B,test,0.366839948279883,0.235504744528531,6.83570030769231,9.34722757012831,14.0102017538573,0.0463587780341274,0.82202817807877,4.98069335172094,3.7605492971474,2.2,0.147879680079875,0.270991526649593,0.298900470285805,1,1,0.0128100212277072,0.00716413627129106,0.0196385055918053,0.0353987676611731,0.0825635312707573,0.00168062811061071,0.00104388989697623,0.0156022322137538,0.0525909014447411,0.0710259414308426,0.00570795882923271,0.00316611811459627,0.00956733268085121,0.0246734298572475,0.034457549540286,0.00813184973222422,0.00346895476076054,0.0159869311068334,0.0389564062170188,0.0763004930707676,0.00669795440033282,0.00337208872224224,0.8284181738752,1.76355028183902,1.22552543633809,0.724054147333928,0.415467663330497,2.74533382815956,0.226510466167396,0.543148331489281,1,1,0.0763124490691349,0.0342457923511402,0.0800006741495551,0.110598987779042,0.134660941046115,0.0514629545426392,0.0239441500734856,0.0271856195094177,0.034384222088296,0.0492428430350576,0.0237680354544909,0.0166437101267444,0.0350646792476491,0.0784089527797368,0.129268944966169,0.0606410878215131,0.0298548106632703,0.086047590075874,0.198870962627363,0.268063996034073,0.0661558437946679,0.0280534899799147,2.29833171195419,0.867872684703681,1.10671933963817,1.52519949886984,1.05422342198538,20.3194249511734,0.932502620209195,0.465257809351165,1,1,0.0327621428442013,0.0218725065407173,0.0603729759039714,0.131151373031158,0.172204638339863,0.0753774190082238,0.0518885498162176,0.0535170517516451,0.0728183846449633,0.0820057365245027,0.0318280176423241,0.0221217970544896,0.0288291434223435,0.0972120274588591,0.142316436627913,0.0723512968125686,0.0363549958836645,0.073258703815683,0.193504797761166,0.268734168973417,0.0726019133949769,0.0329073775047992,1.96870795503323,3.11299306793294,1.57605289940018,1.96819110946204,0.91886035225542,24.2511273297878,0.223827007819931
source/48kHz_DE_data/IR/0007/IR007_0.mat,IR,train,0.582616651166855,0.415048851721063,6.073452,5.49780515846773,6.01587278708912,0.00291215653260539,0.44238270820466,6.25857431481593,3.4334811808875,5.4,0.525272915682121,0.105312856083906,0.464558554494835,1,1,0.00289900584744185,0.00131409592855554,0.0520818129276259,0.146350175182654,0.210933476467297,0.0749228952476007,0.0733369687934541,0.331208754703157,0.33361193752883,0.33481854783359,0.264419674646065,0.261939550250109,0.0179365978770693,0.0198479611236229,0.0259802421513857,0.00103455965395353,0.000518254457797736,0.0336200152389665,0.0410769893259257,0.0758978959684535,0.0105337524195718,0.00722094650780945,2.69319820836224,50.3767976655501,0.585843177363181,0.269078708385108,0.618728074824047,4.60411054972017,0.3538057684567,0.292882493977799,1,1,0.00986705812583049,0.00970345449314612,0.0786168822764911,0.201782349022613,0.254017780384681,0.103709882393915,0.103150035202509,0.52512975340953,0.526223712460605,0.527386956688477,0.447716900344997,0.444712298263911,0.0247721042805481,0.0261124807308332,0.030410579858901,0.00251435788427771,0.00164371005444444,0.038520885423711,0.0423080650150445,0.0525972739530881,0.000969001815202876,0.000432228349144128,4.53707767713402,91.773183407122,2.55888341990743,0.622995133813444,0.6676592220801,3.79167672228765,0.703711869213442,0.393145467366668,1,1,0.0027231534341837,0.00187796996181761,0.131342051563041,0.186313865388966,0.215413744281922,0.0410346828344993,0.0387909379938622,0.47486332431188,0.476145771652256,0.477358036876634,0.300902332668305,0.298078446557853,0.0246757491228918,0.0270080972247867,0.0439901802168182,0.00179550772753602,0.000732944308838124,0.0613816633156128,0.0711991604541945,0.135871699412929,0.0233548121635964,0.0147550195212515,3.13577933441045,59.5851449255783,0.530301098831453,0.661839987402498,0.693514419768096,8.27534541045904,0.57970267408968
source/48kHz_DE_data/IR/0007/IR007_1.mat,IR,test,0.27815181961645,0.189127719869463,3.11587938461538,5.67666148484039,7.3760373343212,-0.098477451265389,0.38123096538914,6.31424772906804,3.15826403905846,5.4,0.636089863520086,0.0836462675447547,0.484097107555449,1,1,0.00410905500075508,0.00195009481921713,0.104628653943063,0.160029567258388,0.231414685882087,0.0411196765082249,0.0399213450773261,0.439365899309298,0.440390715182575,0.441190875421748,0.305938982075245,0.302677946351681,0.0083139651937803,0.0100464884574619,0.0150789770104574,0.00106714378426025,0.000578796305438274,0.0208655883940167,0.0322672167428865,0.0782608982271376,0.00878013922367356,0.00510296632178807,3.18797813467447,139.715425477992,0.474870917057839,0.182130005941433,0.652004593889288,4.46280265006127,0.359723775977767,0.295856298857611,1,1,0.00503030236775985,0.00490663491048627,0.102325543943504,0.186245891487844,0.231275146528425,0.0716157160930775,0.0698388842457655,0.635741520524758,0.636156172646074,0.636490167474854,0.534234327380837,0.530367139000768,0.0175031576623518,0.0185438395389915,0.0202352619207341,0.00197784151381673,0.0017990206137733,0.0241628452481286,0.0267205580012523,0.0369983902710742,0.000872727702239493,0.00063637346344152,5.83244392341382,218.12181062252,2.23550133230189,0.382530830120172,0.692449184997481,3.46353164965501,0.700410918788508,0.371971231327757,1,1,0.00165023538247407,0.00106799844931502,0.167110093575982,0.20803673235851,0.252640470736585,0.0281169098091061,0.0268236037550277,0.601072620964271,0.601909972897767,0.603583411361434,0.365688850428487,0.362991186197716,0.0120011732271969,0.0156994440625255,0.0216611333976462,0.00123143566915494,0.000595525998432383,0.0269875059483759,0.0343099530127867,0.111516953093663,0.00578268228637717,0.00517565413018288,4.23296255787502,78.6419998316108,0.534253295507383,0.313057960756367,0.8413253507278,8.80296407959262,0.585228663633487
source/48kHz_DE_data/IR/0007/IR007_2.mat,IR,train,0.280265335067511,0.193589259872429,3.16323507692308,5.71656132768767,7.45391369579826,-0.0788119814185423,0.414324775378637,6.37624000412634,3.45075152053815,5.4,0.592627816983949,0.10604332185247,0.474670826214372,1,1,0.00770608440468289,0.0037762151003138,0.134817190430817,0.193056359655708,0.301278904094861,0.0469278346037578,0.0458133431408489,0.418566573910328,0.420161165427919,0.421570021508315,0.261051949987844,0.260761537345824,0.00652307261871618,0.0121574942242564,0.0157997239289272,0.00133713421902394,0.000538016006521176,0.021551800857146,0.0321492353927224,0.0579758523362204,0.00852810500527374,0.00762105029771099,2.66565446657668,81.472986735151,1.03848309259789,0.218872306226314,0.611721012582482,4.06850395417409,0.401043126411449,0.340472887379329,1,1,0.00671683596491641,0.005896300228729,0.1228987637899,0.208510345465506,0.268169139547561,0.0726597129812999,0.0724579881314594,0.59227438941944,0.592960569535743,0.593842827071171,0.467109521863151,0.466856350675211,0.0113399000215376,0.0130045788902203,0.0146942552231299,0.0019014796957916,0.00155524637846561,0.0264639204104898,0.0280234851530271,0.0410584442266331,0.0107427138013539,0.0104410310237648,4.77735571730723,134.990488618039,1.71896059334262,0.319560208078699,0.626873826894743,3.61859104281652,0.675027638041442,0.389593297051167,1,1,0.00100121064552396,0.00048864386173603,0.191703344765232,0.241228696475827,0.273555212188106,0.0416005239932592,0.0410901806421592,0.616569004763423,0.617233758494806,0.617979123014574,0.352336647034912,0.351761981272808,0.0172724020073936,0.0187873996970147,0.0234101040570339,0.00418130863413554,0.0029561756230102,0.0354524049837542,0.0398230670359921,0.122119005006792,0.00649391278298357,0.00629038484107856,6.07495711684127,164.295986066947,0.970519297324989,0.369123909332716,0.882369298427411,8.8965270718989,0.586519345560316
source/48kHz_DE_data/IR/0007/IR007_3.mat,IR,test,0.279632115785626,0.196253730338787,2.99154461538462,5.43830350469376,6.79025633814529,-0.156363315577453,0.520331825863576,8.2348561571701,4.38564892875972,5.4,0.514558814260058,0.098554687375792,0.47041334340185,1,1,0.00520345800274059,0.00403268803413815,0.0933591160885993,0.140656636956554,0.230796481440664,0.0414152672195283,0.0398203650476009,0.312044833344703,0.316929178611703,0.31946687716671,0.220231737891059,0.21726489315156,0.0139475520526338,0.0215231385525815,0.0389787503410703,0.00187837982934623,0.00090713500922595,0.0249296270801966,0.0449950741035059,0.0778610305244778,0.00756917241352795,0.00583294292302077,2.1961076187388,36.2091128220458,0.737858241318744,0.240044632014733,0.548191735041422,3.78402112367996,0.448404566809566,0.483886017907215,1,1,0.00209137549399066,0.0011024083026856,0.227466476016595,0.265304950840669,0.3253633079005,0.0230034909318148,0.0212382453910474,0.507147754595542,0.5152510302003,0.516878482671516,0.286638010347701,0.283325079793368,0.0259437848719819,0.0286382994320446,0.0326005874165326,0.00158880752288836,0.000959094276667783,0.043739017286865,0.0487475770661303,0.0655523433417306,0.00290643499192732,0.00120812030457945,6.18674125043478,76.7970286135256,2.37374802164157,0.738511405109124,0.604359565086836,4.00378432623638,0.582643563792375,0.360383233945611,1,1,0.00255468623833879,0.0014769104161484,0.180638587389705,0.242016812954073,0.271743150018916,0.0531479888135053,0.0525718546854815,0.641287311320707,0.650443375731788,0.651866871130204,0.39804823724302,0.39400953449621,0.0113670526626127,0.0132041756982156,0.0158721996489906,0.00125410236511697,0.000579815158995924,0.0259040236345283,0.0295314245803873,0.105261376146215,0.00402675758678309,0.00344405016196362,6.87981378417529,140.113154499587,0.790852352996961,0.292132360087545,0.963486748377031,8.05259550330689,0.64788564226469
source/48kHz_DE_data/IR/0014/IR014_0.mat,IR,train,0.187954806180875,0.120268360440193,2.75147866666667,7.50888385493576,12.4734846011109,-0.0885179212061458,0.750659966173219,4.31221272461841,3.16984749631041,2.2,0.166445009494464,0.228148766905744,0.500534709750498,1,1,0.0312369358027484,0.012800635046315,0.0762851147628356,0.163375697972105,0.207015658741504,0.140943230064257,0.0733460143820514,0.056985060504777,0.082866770641376,0.104816482520609,0.0699178137836724,0.0275705560399021,0.0262975603736515,0.0809698601508038,0.109590082984726,0.0552771471054676,0.0320768543897877,0.0490580361338613,0.130292175065721,0.178549421843872,0.0210592539637024,0.00638202052289025,2.48853767345999,2.28853296569184,1.57012485324879,0.834209848595816,0.608079589672433,5.38370661990072,0.159099279068149,0.364704195682685,1,1,0.0456101818275736,0.0243724239595568,0.0396398264379013,0.0680266536190084,0.0851667774775953,0.028881152495092,0.0177387951839525,0.0241125776373013,0.0435006976643151,0.0596880868397026,0.033954124732928,0.0126083480461689,0.0173143974668983,0.0721634765040143,0.147805919654159,0.063187356266652,0.0379158475429926,0.0421409564022447,0.24086597683179,0.327737923980789,0.134263207830183,0.123820167018204,0.78336718710015,0.541023071998518,1.05036027990299,1.87592664635393,1.05207574199835,16.4701028897214,0.879820130258427,0.325771459598571,1,1,0.101497298523793,0.0744021491033765,0.0204502124417309,0.0440039702862239,0.0591674966994934,0.0229161365580756,0.013281381225924,0.0118389167146914,0.0191619315448907,0.023036861742079,0.0112679943879564,0.00436139101920091,0.0064732990302829,0.0611556122801956,0.104766235267881,0.0530043571650422,0.0460509839973023,0.0238528762557527,0.298645285477603,0.37132840833336,0.220018069040376,0.210137173715191,0.950938114106638,0.361886938368649,1.28571848235348,2.4387954545415,0.859097694538571,7.41583700322527,0.414388545909101
source/48kHz_DE_data/IR/0014/IR014_1.mat,IR,validation,0.25761962189561,0.149343597416891,5.188288,9.7787399968941,18.7568773405755,0.0920958248201672,0.606901152642652,3.51764848568827,2.74685060290924,1,0.373800825919483,0.383193189173792,0.470262906633483,1,1,0.038151451210895,0.0221276636718518,0.0425209718476641,0.096825491466967,0.1436643902579,0.0307478692704216,0.0137415362609688,0.0392795324075969,0.0663132648164438,0.0922267486961989,0.033863390957119,0.0114478918741772,0.0311787083787406,0.0611710969526596,0.0932350594694811,0.0142340700851105,0.0072392684662864,0.0705136279704737,0.139238730337389,0.205998245469905,0.0225704488443963,0.0100684192397192,1.09818370014527,1.33563489113516,0.850690219783197,0.886041600283284,0.527420111891481,4.01441608184935,0.132655360927662,0.432411446276433,1,1,0.0372835893244029,0.0349483873892667,0.0183940292153436,0.0864873055489877,0.106664651146672,0.0643986081165953,0.0600321357877355,0.0869574779944376,0.0878602309725453,0.0903645520975233,0.0703696762145333,0.0681538773319339,0.0118425678977104,0.0145921129573182,0.0248208031153546,0.00856974457125268,0.00741626620632682,0.120219915777599,0.129706216883851,0.144987816392702,0.110576379690277,0.104276896162705,1.128257598203,6.9521554389045,0.434901099491366,1.50114485396706,1.27001384278925,20.247376340531,0.958587018848876,0.417578795614405,1,1,0.0336177973644979,0.0160425949954408,0.0307388970498881,0.0746690077188994,0.0954924726261665,0.0401072827020979,0.0292169425250617,0.0905610676538201,0.0955814276797793,0.102463820748391,0.0799839619883682,0.0777334524191471,0.0124915648182785,0.0248236415594031,0.032281758018675,0.0102720619121105,0.00515163844198468,0.153616194209702,0.194441650459656,0.237949907380464,0.133318125287047,0.123682407381176,0.765137882996068,5.40996711824245,1.00938366331878,2.64538981354221,0.816027441893219,10.1534113519307,0.199761974804847
source/48kHz_DE_data/IR/0014/IR014_2.mat,IR,train,0.231114390084363,0.13423135347861,4.204216,9.52750454837335,19.8206391736315,0.120076553172308,0.604229671471708,3.43009303801029,2.72867106304843,1,0.379051524237206,0.385221169220511,0.486534258417635,1,1,0.0240278598825926,0.0130611332788458,0.024578758824603,0.054615545671853,0.0970208792769634,0.0136351647348331,0.00792640000146964,0.0154148203613986,0.045259801666731,0.0641917846222239,0.00547182914058322,0.00383167729819474,0.032003783139517,0.059222352566616,0.12121199675304,0.0135020569283085,0.00490860482034719,0.051881645626079,0.0975771916644087,0.191567172064839,0.0119835499337316,0.00599793496336248,0.562154750159969,0.692740224153981,0.906148166638184,0.587827445117312,0.532459603112814,3.91756507982139,0.179808375220516,0.423286337382443,1,1,0.0434935990682325,0.0230537613026962,0.0216667646283783,0.0889556211835044,0.104298046751982,0.0714502713620993,0.0622685512917165,0.0951742444566719,0.0967692207957697,0.0976141726881823,0.0809761303264172,0.076646047880296,0.0139717135572226,0.0174960247246947,0.029127078604491,0.0108482928500558,0.00880933235162428,0.115948077621756,0.131722187232762,0.155123364083516,0.106725240910824,0.10252706757768,1.3061821979821,5.61621332648111,0.382143114356572,1.3180890686862,1.33042067365962,20.8080353711661,0.944657533769083,0.398969665521385,1,1,0.0175462379550457,0.00958166618157684,0.0353782046499865,0.0838053962440577,0.0948058589279508,0.0449673301435268,0.0289855986591029,0.114611141641425,0.119681591840315,0.12557422236682,0.100393739579008,0.0962630074819748,0.016131766866081,0.0359249853450902,0.0486485953017861,0.00828358167613294,0.00339301459838206,0.135657222230461,0.180616233462469,0.214781752990375,0.12854642995328,0.114014077380628,1.13108371591966,6.59583020333214,0.974605825940176,2.14594558247864,0.848714353546141,11.9349489225508,0.231227311270948
source/48kHz_DE_data/IR/0014/IR014_3.mat,IR,test,0.256185786283131,0.157136284608428,4.80726266666667,9.55087033702459,14.5524629947986,0.102764731228325,0.601386308321855,3.3159701727081,2.7392781112026,1,0.392403322190796,0.414612537126485,0.469686447021076,1,1,0.0235232225623046,0.0118609246372094,0.0132117972447158,0.0330493527959658,0.0939619788631659,0.00470689223087221,0.00347639956816969,0.00589138423321298,0.0239954959846979,0.0409817650386581,0.00222885933383493,0.000952324079798644,0.0786947553407064,0.115611851485995,0.123040834437357,0.00649877194020109,0.00271708956368605,0.0861937919031377,0.134844492153026,0.240832945541081,0.00492263166159617,0.00219043197295385,0.489607051359393,0.425916474983395,3.16938622234028,0.969264828594309,0.395009561600402,3.34104467907988,0.293300299683217,0.431206829008729,1,1,0.0342526155644808,0.0275165542114014,0.0119030114906565,0.0927297657273989,0.109809917000355,0.0791374013926402,0.0689733185399456,0.0682934521910706,0.0732344733030156,0.0777853595661559,0.0638450088581655,0.0616700753076354,0.015312764809689,0.0193239592414749,0.032838895372049,0.0118344769684626,0.00866622712768226,0.129068484835763,0.140655492721889,0.161060147986119,0.114519925988709,0.107812880729626,1.38918921363646,5.32694543763706,0.53067015490318,1.56797149925597,1.25376063545727,20.01477673112,0.919115214617406,0.439727079399668,1,1,0.0269147434077292,0.0232488916770155,0.0286989163234925,0.094334914110728,0.112158961585297,0.0586742332391967,0.0470139644553864,0.110428137876361,0.114729326580153,0.120968503504414,0.0896669408955091,0.0845236304021351,0.0134834929995202,0.0253691825748353,0.0327415880510711,0.015163179423401,0.00758289308046141,0.140168126363329,0.16608109728654,0.19138484211541,0.117628942269364,0.115363301474344,1.20092642265657,7.19613345996884,0.743313344904119,1.84574206622518,0.889595860577745,13.7856491078206,0.226204928811197
source/48kHz_DE_data/IR/0021/IR021_0.mat,IR,test,0.584107033803322,0.438348855520448,5.31426830769231,4.82026128309764,4.20685031000637,-0.0375559459340708,0.639551404655861,5.74014679249822,3.84589744247424,5.4,0.269628229337631,0.212044463707334,0.510155347185896,1,1,0.0265489509661639,0.0218385127620546,0.0319837921246304,0.143394532197422,0.181369292863923,0.098939267637804,0.0851936102065393,0.134685099333321,0.138842445496228,0.142441006135858,0.0885910118010051,0.0869193124791251,0.00749457539995764,0.0190636378533044,0.0347567402673994,0.0103804706669566,0.00731327609637227,0.106997884937204,0.134867657484321,0.17793997142006,0.0892023007960072,0.0809394366981625,3.24605050737413,8.7308625153411,0.739417497390306,0.850614966659371,0.563327603074377,3.92115121409221,0.172732659087492,0.388469231452067,1,1,0.0150996640320033,0.00891103946780532,0.0262793835115662,0.0698260541351067,0.10173686241279,0.0183200125447885,0.0115848787267477,0.269187284681535,0.270572602188575,0.27289027713555,0.239366268540787,0.236570432729509,0.0403024080845266,0.0476731911940744,0.066330321511731,0.00740654354142901,0.00377232805895199,0.105233121098727,0.121357128128462,0.215134823156573,0.055559399148012,0.0494359454973871,0.952284114027065,15.1393362207816,1.91137930092748,1.05264797544684,0.645919928414807,4.35158652134134,0.927415309220348,0.249956435894275,1,1,0.0097406195959085,0.00583472374676212,0.0341572565625128,0.0655649981240334,0.0773845283796519,0.0345675046417919,0.0317793458339472,0.121550668728781,0.123188702863074,0.124281300902633,0.0897849372560669,0.0887532265957953,0.00316334719750825,0.00493096193230676,0.00738904241336915,0.00326196266630524,0.00142474669276254,0.0801127725741256,0.085336691968962,0.0945527030349672,0.0687714761587375,0.0660737995650838,1.43909378742918,17.5320085895897,0.230856313140226,1.51420646932914,0.714181985161778,4.53904910569644,0.27305192074209
source/48kHz_DE_data/IR/0021/IR021_1.mat,IR,train,0.596784697265484,0.462031937965887,5.82391569230769,4.82415757579931,3.92825562132569,0.0188840454504091,0.652154329524819,5.10889593883048,4.12744262536124,2,0.187660606281917,0.321900755437234,0.536964324683858,1,1,0.0592421697227979,0.055890239898669,0.0273011891086137,0.0594885470650041,0.0774272723109359,0.032227993151828,0.0218288199905462,0.0939654948461555,0.0997733954293658,0.103205612827957,0.0793264819872047,0.0776573611680163,0.00919570596629898,0.0128495305875861,0.0466581314941735,0.00625117919396996,0.00293222142985808,0.200580097985624,0.213661526672768,0.263909212714875,0.186298573087868,0.184617245692336,0.579396822466468,4.57366966720258,0.448891270635321,2.09776146848399,0.616471265709601,5.05069423285081,0.118837040837459,0.509591629051683,1,1,0.0285243111984118,0.0242401145701273,0.0635709267978171,0.117229781431579,0.148431335326588,0.0262435085559269,0.0234938188445575,0.188111505257842,0.190559710379233,0.192961654826553,0.128313335674223,0.12641663472924,0.0302723637155633,0.0326087320387007,0.0519189573970946,0.00592404351265435,0.00340793402180645,0.114866990670305,0.129451336237057,0.171656290826074,0.0718787376489683,0.0617367069247102,1.24575275358985,11.2465862482948,0.874850313409984,0.829995219020031,0.58871008244691,4.45829646896324,0.962013410038236,0.361003261575574,1,1,0.0168325474625618,0.0111999401713604,0.0423722175605483,0.070407033478449,0.0906113488467742,0.0260852659391272,0.0229837395683614,0.151099667895886,0.152876660451353,0.157310813758744,0.109143390160471,0.107141442143008,0.00399730429344621,0.0076637993258881,0.0125938029916424,0.00302383722482796,0.00145214991105197,0.163908528782603,0.173705830731923,0.188448903580482,0.155613152165304,0.153377306696086,1.27768789074596,17.6691056000367,0.22251537759217,2.53394559418701,0.74217973608984,5.65203935815885,0.201264432171443
source/48kHz_DE_data/IR/0021/IR021_2.mat,IR,train,0.767232175602193,0.582751935804395,6.45914953846154,4.22078613993219,3.63793910890609,0.0624784953891573,0.57849520703238,4.20160926215698,3.66539800405421,2,0.283884513233785,0.485123076870362,0.622146335614777,1,1,0.082578908544036,0.0764331815062842,0.0185247676543662,0.0322049307302987,0.0557061097053768,0.0105496131564713,0.00633279570065518,0.0708120847848479,0.0736869379672295,0.0799333135581227,0.0560344659204562,0.0549792666922431,0.0109597120442154,0.0164894421361602,0.0513629801557729,0.00739088493369987,0.00668743845931869,0.252253870249034,0.288561188920333,0.339992383059503,0.235105825223204,0.233076911752324,0.33198065061705,3.10093330015081,0.527679999219421,2.53659572736814,0.589284395680744,4.61507702944867,0.0944209871489166,0.56420264437475,1,1,0.0234838136759472,0.0210367906609329,0.0873371245428758,0.110170133027053,0.141279533916843,0.0159381418485146,0.0111197960147143,0.157537361087901,0.159399371040679,0.165368993173149,0.0740618232588586,0.0730942389473741,0.0135588140940881,0.014709619392953,0.0354246315260127,0.00387211012408968,0.00178583128236198,0.0727905655234354,0.07926399115125,0.109897307211925,0.0568899043275907,0.0519467675067407,1.73388445805228,10.6172146598888,0.59017740876649,0.419132592904516,0.617876130066924,3.48110447011277,0.977472457213961,0.330151419398237,1,1,0.0141697739147548,0.00840179379762927,0.0268934209255728,0.0860373885432746,0.0894547669876519,0.0551842533324689,0.0530813693828121,0.144634060909045,0.147065341261018,0.148017777016633,0.116016225695733,0.114657721079325,0.00964706001822983,0.0140026720224026,0.021610046336609,0.00617206305887858,0.00340892923175934,0.140245713254407,0.15297525080564,0.167685954577457,0.124270164402704,0.119039819209512,1.67040045139103,20.5939914719486,0.379511025920474,2.13048049119307,0.768850928065488,6.45830903672611,0.154450664463276
source/48kHz_DE_data/IR/0021/IR021_3.mat,IR,train,0.403941535664204,0.309320761144961,3.50327815384615,4.38737144271469,3.5896636265376,0.0436355873654285,0.599762423680937,4.41870094095842,3.70131036241345,2,0.241444968351838,0.387069263544137,0.59825306389837,1,1,0.0575614851866978,0.033713223307849,0.0182743328789749,0.047650364682179,0.0698703025560093,0.0179502838089462,0.0140354474583908,0.0700122426975274,0.077730086245296,0.0869001735145394,0.0619538343137101,0.0591215643099643,0.0103471303871024,0.022201834560557,0.0608315687494722,0.0110540008933503,0.0057951652136984,0.248007302441097,0.286900774562936,0.337086427602355,0.231574197514959,0.223581223893936,0.85418998881314,2.32485545266487,0.382993461388294,2.23031072928586,0.55718855076059,4.40834962404916,0.0994559006637844,0.561814419099609,1,1,0.016843590118128,0.00821947381327892,0.0844897294241158,0.120998993954207,0.147122698522266,0.029918040329136,0.0291462740670263,0.129174397968614,0.132027390037406,0.135074326928295,0.0594925663146954,0.0575487319820419,0.0176259718814323,0.0199381415415179,0.0378073328734668,0.00583801156613129,0.00312257476239026,0.127510752540184,0.141323005801604,0.169741978911875,0.0985212861097787,0.0887450872657446,1.64753314011336,10.448191746767,0.929547754983072,0.879060818102033,0.605297604469805,3.41638945174385,0.981835331066527,0.348772817293328,1,1,0.0438890712149177,0.0254395273504134,0.0251323430432525,0.0595320593578384,0.0658642157283534,0.0322584277436114,0.0280117858499702,0.149473674816992,0.154556320941405,0.156144543243608,0.135553717727915,0.130071871473821,0.00676195123708938,0.012559439361409,0.0163847905451416,0.00673778115393376,0.00378443686546413,0.115990266380734,0.129309563077868,0.142184380150524,0.108772533526506,0.105588999969777,0.839094666170106,14.0165600128283,0.593019030817487,1.88839797837893,0.781797428114099,5.91512147467878,0.132364713485951
source/48kHz_DE_data/OR/Centered/0007/OR007@6_0.mat,OR,validation,1.25130579866176,0.792726828724291,11.7233106666667,4.84555569545792,6.71385055392687,0.0784218799730463,0.312001573327426,4.51516470218199,2.46804259783017,3.6,0.823817111582396,0.100376714162019,0.5700634150671,1,1,0.0218510044542031,0.0115824869051926,0.323539404409002,0.349633678446289,0.36058738119762,0.200941269754223,0.184108780208762,0.0224013885376239,0.031180115774211,0.0650842248589872,0.00434296769956664,0.00284696047957301,0.0159794311946308,0.0775755642648594,0.106789297179433,0.0364774976840612,0.0279065766487389,0.0370348046680744,0.173922802044365,0.266603027090355,0.00735374766855126,0.00340658397605456,7.83239094337394,1.2430152676221,1.79965954545571,2.04468349704984,0.588459371357931,5.31753793222753,0.0376278396100514,0.895483871106875,1,1,0.00886506371274854,0.00711198074335359,0.820365174082608,0.824229868691921,0.82492609786302,0.586981972259612,0.584477911528582,0.0328080439243942,0.037057550070844,0.0386970702968873,0.00390853489969318,0.00357767940250428,0.000463328432412194,0.00839661985612883,0.0159137241995541,0.00788899930966128,0.00702163093372854,0.00387846310188739,0.214534702270577,0.243119218171571,0.00274524179648206,0.00143624307676923,143.502222504365,13.2113540059474,1.43890148049675,8.14880848449173,0.828240118792529,3.38506071558032,0.482579824833174,0.92087367198358,1,1,0.00897104659896119,0.00850763000589979,0.866288341949191,0.870201472331572,0.871015399827892,0.720303642823191,0.717444160628054,0.0469823085148406,0.0501206902174009,0.0534475376268645,0.0029540854951916,0.00281410564209123,0.000849318827907403,0.00873448587883288,0.0378081952747206,0.00808427504451555,0.00698258330869053,0.00462940083215469,0.0849716555356551,0.132210383614429,0.00371387229250608,0.00231627736165505,193.452790217221,19.1269175993903,0.495655404558706,2.45368972533031,0.905026344280774,2.63929072820038,0.86412032306621
source/48kHz_DE_data/OR/Centered/0007/OR007@6_1.mat,OR,train,1.05940746815846,0.672710801693761,10.3344253333333,4.92284081953493,6.87823105003918,0.0720494044636454,0.313810510822347,4.49863382849089,2.45078571628248,3.6,0.823559144008926,0.0981927148126991,0.545498804536186,1,1,0.0342423938221458,0.0155133073592413,0.195677027011535,0.246554097038071,0.265867127723854,0.0991628914954421,0.0946709688960238,0.040928487067842,0.0639970637156221,0.0869788662843799,0.0129799685186249,0.00382159913764235,0.0388883626628032,0.074894357662715,0.10092975093149,0.0215058353906437,0.017175192107612,0.0576588022368708,0.164483220113003,0.219903411087462,0.0113592292301061,0.00624560063120613,5.57566160197247,1.94191542729819,1.33844942558485,1.32351150492242,0.565721948532852,4.88368279484607,0.0398672827240981,0.907275689904129,1,1,0.0125982621733956,0.0109407990173416,0.82311091585971,0.823724993590782,0.824003873517234,0.596141389312061,0.593686741537622,0.0402259980389511,0.0458136210622141,0.0469239306514782,0.0050694800174776,0.00464021682803146,0.00119571510571286,0.0100058885246085,0.0176545058626773,0.00891138702175945,0.00767960663231308,0.00585651346227867,0.197366325477411,0.226113656041736,0.00352388713517184,0.00203600286607213,132.019195876309,21.2636194891567,1.72642782836638,6.09291956418378,0.718271830587492,3.53289272925109,0.540565894687243,0.890818940409388,1,1,0.00790616806639809,0.00557179006841536,0.841582483346704,0.843431469392219,0.844458309565667,0.716472767934458,0.712995058404572,0.0469962850365198,0.049619652460123,0.0507896744805762,0.00180839979032926,0.00157542765187467,0.00129575701563724,0.0161391071216785,0.0315585538700889,0.0149409150013911,0.0135504407899488,0.00522379315258283,0.0839348156810142,0.131966333977442,0.00357934026466455,0.00226307391984341,240.092361948935,25.4476567470456,1.6365493092337,2.60453759222194,0.917013873305587,2.84859905849502,0.83305160672041
source/48kHz_DE_data/OR/Centered/0007/OR007@6_2.mat,OR,train,1.02027333454287,0.641378558389132,9.87118533333333,4.88991481336467,6.99339588681718,0.0832489937501681,0.297046663595019,4.27608411403075,2.15476371140528,3.6,0.819691232487241,0.0987836068827324,0.522648538338325,1,1,0.0317121670089576,0.0176428303146864,0.153718365791278,0.201417147080012,0.230600760811777,0.0810811536484459,0.0688539504677135,0.0333687873540031,0.0666318272391704,0.10376230543309,0.0252372122818106,0.0150838459691774,0.0250273395548336,0.061288159060963,0.0793520621650611,0.021313657058485,0.0107493463444587,0.0466715678609644,0.151460466878461,0.197182324873258,0.0151426893192968,0.00861724814367986,2.72173782163959,1.491576171477,1.19785223818748,0.994908499409869,0.553439049476253,4.18376285549351,0.0458469218374113,0.915521024077613,1,1,0.0143607195694099,0.0120129061405777,0.815109799320341,0.820359427281374,0.821067020666681,0.635082626965035,0.631438784169064,0.0157253904129275,0.0249874764529333,0.026147070418166,0.00929587435977272,0.00841506946884582,0.000723141536356689,0.00776366310370739,0.0157638207203894,0.00717395777324752,0.00679320117451305,0.00341437323943669,0.178928036519247,0.209087001224924,0.00322950975486096,0.00206843350584822,130.811991094484,14.1295121887692,1.26575402722843,5.59144903733686,0.842000076805358,3.31920547146482,0.536840097927128,0.912046593516143,1,1,0.0107330123490277,0.00921844355833848,0.854832199405437,0.860377829563777,0.860847907922022,0.708602848087987,0.704226055447075,0.0732860355756029,0.0776494491002479,0.0791364695301507,0.00417684332187271,0.00385694843972152,0.000475321496192862,0.00816205096687158,0.026584503494712,0.00698048646010307,0.00645775556907474,0.00307310084248484,0.0715007488952904,0.111871353103919,0.00255295712652276,0.00128153703377836,176.033594380872,35.103704062725,0.642750836424128,2.46953082188138,0.84567466618368,2.86851500042446,0.829496941286218
source/48kHz_DE_data/OR/Centered/0007/OR007@6_3.mat,OR,train,0.994060191622308,0.622561125671007,10.0218426666667,5.04808713969015,7.37205100255977,0.07716465230809,0.308972830830375,4.50490469922153,2.44271447883408,3.6,0.825222595732575,0.103267702318697,0.524494466418302,1,1,0.0369732158399424,0.0211176740446258,0.135786084915902,0.193112061557944,0.227297959408991,0.0831576235659202,0.0701475509738401,0.0187841564269478,0.0386656104009043,0.0835478974212409,0.0130497421577661,0.00539139296082066,0.0231761000049693,0.0471277612484933,0.0884865520736889,0.0106877330914466,0.00687597923449976,0.0444329603112179,0.147277853765425,0.218806710635377,0.0447640825641425,0.0348528820205489,2.48829059016002,0.762001624704464,0.750878071124354,1.01833492155746,0.522214200706606,3.83842703389798,0.058175730168622,0.902301822826203,1,1,0.0130636065363052,0.00973305341958521,0.822032911923224,0.825607704557461,0.826267616274004,0.589506609089137,0.586879790884831,0.0296576878058986,0.0335394712885372,0.0358921150003862,0.00405971648764957,0.00362567264706239,0.00106160374841139,0.00735037130411967,0.0184812723323484,0.00678489466213662,0.00594753719844551,0.00399121279189114,0.21066504320416,0.245343299897345,0.00252401438063813,0.00142553235080663,142.883553933815,11.5258186504179,1.00870851353233,6.58222644468015,0.858678292139093,3.36962364948637,0.55062396235737,0.900582851975782,1,1,0.00895091544967604,0.00725510823733355,0.856646129526701,0.860684718029835,0.861141349577587,0.679826930110826,0.676496688740925,0.0792896596638982,0.0825936650646177,0.0839670523877022,0.0033968771181754,0.00251301746033094,0.00109333432332487,0.0132203308290694,0.027641163452369,0.0121345916912823,0.0111578333673672,0.00404492301728076,0.104861650165275,0.14121052140277,0.00262589914505998,0.00134982365527256,206.524995060754,39.6728814082537,1.29632032106145,3.80207192887324,0.860918613431357,3.07383983181108,0.816128786517968
source/48kHz_DE_data/OR/Centered/0014/OR014@6_0.mat,OR,test,0.137820667621148,0.109195350773777,1.14154338461538,4.18420365998236,3.14796151182491,-0.0163441621131929,0.804992047146775,5.37828127240484,3.81751666642252,3.6,0.188329078860409,0.227764440614308,0.625490659290334,1,1,0.0131093585219613,0.00907091138129805,0.0242066740103439,0.052847413692821,0.0882568226671184,0.0159608093500982,0.0101482330736549,0.00685808584879638,0.0208017588331609,0.0421643214480075,0.00375656034499782,0.001734756148862,0.0352089180806427,0.0923077793965459,0.154599884650329,0.0331117675347245,0.0226690810581928,0.0570267626373791,0.137938393954151,0.24236456210351,0.0109873114600312,0.0049478357167535,0.487638813713975,0.228697012870158,1.78268919989134,0.812126765955862,0.531311060735924,4.16425772715751,0.246532632545579,0.651966489323511,1,1,0.0278629101436929,0.0186717910927368,0.142848823813527,0.180519431679763,0.209125171908602,0.131748732416707,0.095137019011661,0.0235388830799889,0.0628286414996433,0.108671668856003,0.0470900987030343,0.0264758504272677,0.02671386903552,0.049487333484455,0.0604864667065903,0.0304303632783647,0.0158834167454961,0.0749353380476546,0.159838252495567,0.211652268026003,0.0599077979026217,0.032280348452893,2.81739126285831,1.2550855937583,0.987121791128693,1.11902906194684,0.548523188974875,4.13477995706573,0.831913849729503,0.497092371965715,1,1,0.0303313804116997,0.0123168911495967,0.0306955057237845,0.100222254160969,0.158162699883514,0.0510197547175603,0.0244489320189246,0.0445033240152089,0.0708556393790167,0.0867343749031466,0.0490389973592092,0.029438274961923,0.0547005408915158,0.0709581168695554,0.102529248380837,0.0419210339780234,0.0289877446363765,0.0875978248859738,0.139492265338782,0.211832690043668,0.0129632274363112,0.0058533950176223,0.87622471246713,1.48128917524402,1.1704324052887,0.926218703328848,0.52603541270781,3.13042036524156,0.421191223826366
source/48kHz_DE_data/OR/Centered/0014/OR014@6_1.mat,OR,validation,0.136032326036572,0.107898258371757,1.09460492307692,4.26269318353683,3.13011631857985,-0.0148621950939938,0.852622015934905,5.50987397093611,4.17734175974941,6.7,0.07893760338122,0.263478955545422,0.515140168687722,1,1,0.0411954449789121,0.0258635182542009,0.102159293922827,0.174545166895555,0.248364026445442,0.0335166491220252,0.0222742094615021,0.02821603141439,0.0854431170027707,0.106730550362473,0.0242555471724402,0.0104845311842849,0.0228626275721224,0.0471079891934755,0.0910872612490322,0.00887128279501264,0.00584949643310362,0.0572760494732683,0.141092088324327,0.224191115031659,0.0422343080441162,0.021327657331713,2.19065576745288,1.96108213084743,0.705074851997882,0.878313719242886,0.507257279153235,3.15269529998358,0.184794586779916,0.612287702903384,1,1,0.0422242594727955,0.0224058472409188,0.0574046817898627,0.0896563240430386,0.122607688782204,0.0307762029361952,0.0186599101198214,0.0210169398142947,0.0496199934443326,0.0775145893237465,0.0237297526750706,0.0144669911840301,0.0176989875985464,0.0509267601449007,0.0703142409519861,0.029242156182903,0.0112795448154999,0.0474545173533151,0.118996828241505,0.190512710875196,0.0435980324506429,0.0200777321878998,0.869725249999452,0.892442136502343,0.829800127741722,0.761348426914687,0.524371570775794,3.23279327809313,0.759466923775564,0.483525815253688,1,1,0.0349614660737808,0.0124219931727893,0.0513550906611306,0.0850242410713701,0.121772527891505,0.0243954640777963,0.0130069503787316,0.045385587406386,0.0654523736854109,0.0850220604469594,0.0271179779404417,0.0131692762519284,0.0236115275299276,0.0387296337291099,0.0625255004461057,0.0159949255445502,0.00816739429780646,0.0614112723812569,0.114104237308938,0.176332004868214,0.0309781157993638,0.0197933919824159,1.18375043352364,0.923014826664611,0.814768151470598,0.732087019378237,0.510715861948561,3.04563396080791,0.544681490014513
source/48kHz_DE_data/OR/Centered/0014/OR014@6_2.mat,OR,train,0.14414629348667,0.11467453776597,1.22019138461538,4.29217350068962,3.16239734129945,-0.00493037251673754,0.852091707279165,5.42390522320777,4.42871207730059,2,0.153123362196778,0.261058441798952,0.461737323385263,1,1,0.0182898020737423,0.00863927644496489,0.0547672341262456,0.128705713692371,0.209177542968495,0.0399368188992803,0.0174101609653227,0.0177106936942108,0.0801278800174158,0.0925375290126607,0.0165406610496643,0.00782117540541318,0.0291527904111423,0.0549216731084454,0.0736917631801817,0.020751918527367,0.0120510872542409,0.0590556047364225,0.124006554326035,0.184825850844877,0.0414764938074718,0.0201631374573954,1.15213910017157,1.70699912741925,0.718397113927963,0.944748130388253,0.49880988072172,2.96204864464143,0.192474391678495,0.55163185046404,1,1,0.0705083599995868,0.0412791414501915,0.0417549150596875,0.0847167073361023,0.148943288018287,0.0502859444630465,0.0323455377724181,0.0193483461600314,0.0353273593804077,0.0783551828881146,0.0178232989388835,0.00838304490016583,0.0148726731316384,0.0438608191657642,0.062750398465755,0.0272872897282179,0.0197207048092338,0.0444286703958009,0.122446540568038,0.184344597492488,0.0283368164890201,0.0132030702230332,0.890455447879256,0.501505915625179,0.684365968820743,0.735559729735349,0.544088769537991,3.58337720744408,0.763408251131905,0.51201618713519,1,1,0.0358131349581154,0.0176723855386712,0.0615000219405658,0.126965290277997,0.158798247846301,0.0539517730451482,0.0317247936456183,0.0268207156455557,0.0508379042165098,0.0655502702473123,0.0217658747049009,0.0127993096256287,0.0669884719267263,0.0837034867956916,0.156670351507764,0.0180233631020428,0.00801882957238397,0.0925315594941349,0.154047238043973,0.237436506076996,0.034136770157441,0.0241192080642175,1.14417102160706,1.06753653549333,1.2360944437395,0.928431752005379,0.516099152250615,3.38446638861198,0.5242206891821
source/48kHz_DE_data/OR/Centered/0014/OR014@6_3.mat,OR,validation,0.151952409152608,0.121295041492597,1.25169230769231,4.26201141752094,3.00657690818737,0.00871373107175313,0.842205749762449,5.82720503642415,4.50969383061299,1.6,0.17949633499602,0.286800052685932,0.371985547017273,1,1,0.0101740937894068,0.00678514680277979,0.0324690899707496,0.0768480571791123,0.150045486225593,0.0280380818741199,0.0134841636880113,0.0112078991313922,0.0404035124053304,0.0556782526623619,0.00508075999527019,0.0027110874595935,0.0378033992611406,0.0520349384677806,0.0596335629802378,0.00646521873404903,0.00389684973402403,0.0604668517751978,0.10133551093101,0.16527124200107,0.0077184708871532,0.00348170668426493,1.11382392500899,1.17829786568945,0.986384350855307,0.833686473642808,0.514448270033031,3.12722571522199,0.264512512297217,0.486705576506457,1,1,0.0351691150643946,0.016679590249404,0.0677847810012594,0.103941124195989,0.165299245089412,0.0499332768621304,0.0319199495768686,0.0304280287982987,0.0701896054778616,0.105915406589783,0.0370081822420703,0.0195324339232175,0.0169272881182468,0.034211196948988,0.0636307578340321,0.0223996603403059,0.00985634890624526,0.0549048206302983,0.124711834672167,0.162280124364677,0.0350297181727115,0.0174599651242152,0.964925281524884,1.00637159478898,0.692785615249226,0.886756007585507,0.513717508258205,3.10655010127009,0.795374214563457,0.525372125238201,1,1,0.0559425733876607,0.0380209989614004,0.103259640871113,0.155361896900362,0.194727739102859,0.0584886628610978,0.0248122039047143,0.0712079835912329,0.0988265197591763,0.114403150780217,0.033911640114213,0.0168364330538159,0.045365032320724,0.0594171074561039,0.114806670764425,0.0154375625003262,0.00613047905539743,0.0794775227920003,0.119179336685087,0.203360151422262,0.0270753840120287,0.0171370118655097,1.22159719810783,2.01649875016325,1.01597045336943,0.870590563296595,0.499512143191576,3.17089424774866,0.448399425064799
source/48kHz_DE_data/OR/Centered/0021/OR021@6_0.mat,OR,train,0.663947189381404,0.344263322462288,11.9732933333333,9.61073052449365,19.6417220685239,-0.18335801075504,0.529313815541227,3.03561392474566,2.37124538724757,1,0.297827769461832,0.456906568086848,0.55998510828369,1,1,0.0492939715613807,0.0485156565886824,0.121763922388165,0.12384163512212,0.125213801437725,0.107734018986744,0.106950382968227,0.00249289642720688,0.0298555405510029,0.0469290994520347,0.0266888294009819,0.0256690536421601,0.00204709519189301,0.0439140633277147,0.0526278415685512,0.0402978721710466,0.0388925396643618,0.00644095858188343,0.0564014477817357,0.105501007966228,0.00508702247513228,0.00312446163549593,7.92627534968021,2.4526142589397,2.81584606870473,0.450194252453471,0.816218234156509,8.82927135212817,0.240297254217052,0.493175746124818,1,1,0.0255872593726676,0.0224801095637761,0.213436025372776,0.217444126753491,0.219735204975915,0.178719680840284,0.176075385818296,0.00689952669989789,0.0265381110489819,0.0545661929099678,0.0183536455489934,0.0174063121914623,0.00128262750086471,0.0558542171876336,0.0638905838033303,0.0552375712190539,0.0547477827120735,0.0059115108589125,0.095326115154909,0.208483561448645,0.00595158901292772,0.0035546623909,9.34348058738011,1.51231156413443,2.25862054654757,0.800195251456444,1.55526612848835,16.2761697761265,0.793865107254568,0.428141887533487,1,1,0.0259339905143473,0.0191191816996352,0.222581444975344,0.226170568417687,0.23115761042531,0.189621616442394,0.187850359260211,0.00239441456651074,0.0123670883503184,0.0141397386062103,0.0100232275590273,0.00811769623227091,0.00605243121631491,0.0567730579524407,0.0616982666923105,0.0524176195251477,0.0460887833430838,0.0204449310653112,0.106597561831281,0.252312040005602,0.0143540972501926,0.011414782703006,12.0350721827949,2.2563396756893,4.88165640645043,1.08483652391599,1.25648442482763,9.01692601138647,0.517232536013135
source/48kHz_DE_data/OR/Centered/0021/OR021@6_1.mat,OR,train,0.624353686245521,0.317805767551337,12.304656,9.78571264428197,20.9013974257996,-0.310538359570741,0.522545087361542,3.07738135303261,2.2778680017493,1,0.305114719811986,0.44689784431946,0.641740058736868,1,1,0.0718592540130249,0.071099767628552,0.14798025827082,0.149556906572505,0.151098627264918,0.132356086350881,0.132046923912781,0.00279374731861444,0.028560255220481,0.0431019589100668,0.0248128213322369,0.0242577454260067,0.00274989449092943,0.0281955238333501,0.0370974323260002,0.0240865272653626,0.0229845420194031,0.00691714904177664,0.0401197592944435,0.0841870044922721,0.00455870262010274,0.00302110406290429,12.6065715038642,2.47953029548256,2.22105757726186,0.298212547966031,0.848994200348566,9.27772075408581,0.240974917896828,0.523980717322339,1,1,0.0152487130935853,0.0127238890374183,0.213332095449708,0.21449338313857,0.215140175739079,0.17506566442771,0.172395505686989,0.00453827021690882,0.0357776906965668,0.0632186472952501,0.0321839801681454,0.0318136625554075,0.00162914472985909,0.0607752010933521,0.0696406987396161,0.0598033078569678,0.0584139890058525,0.00754262295053306,0.104218272758786,0.20699300270002,0.00623439783728568,0.00230264490397921,12.4108820760472,2.00839837670468,2.3568205211203,0.837340923722552,1.55625168119739,15.6946595249438,0.760665518317245,0.457747642853702,1,1,0.0399346202416561,0.0295018940989908,0.238842824778441,0.250932206148476,0.255188648859019,0.195131185324958,0.192118480010054,0.00683655411197265,0.0146056469633919,0.0254199027644564,0.00722529667856899,0.00591807188881349,0.00516096545318951,0.0582968048290487,0.0639991429495654,0.0522640907026536,0.0499126372804603,0.01495470010888,0.115844643923641,0.242948008008565,0.00691001068884358,0.00499941709968226,11.7245961741372,1.40563513907523,4.17652364362274,1.15759841963549,1.32437534908107,10.2983378530092,0.566905372975885
source/48kHz_DE_data/OR/Centered/0021/OR021@6_2.mat,OR,train,0.618741354201222,0.317395881948422,13.2394826666667,10.9688652415432,21.9049202413125,-0.301862005850924,0.544901179285268,3.13284926981111,2.31538357199566,3.6,0.224953405065357,0.451945858896249,0.606552309440589,1,1,0.0476680380336733,0.0468606544260434,0.134090426444537,0.136917336589421,0.139514408857511,0.117260108965082,0.115963264267138,0.00366152215382068,0.0406566129357444,0.0549847911896479,0.0386682379151572,0.0359199383729469,0.00241414326430311,0.0264299336690871,0.0331432068207584,0.0203572712573246,0.0199947002069964,0.007541323463108,0.0438296111126707,0.0869695591918726,0.006247202321588,0.00326914752221985,11.8105283953236,2.72794208526259,1.75325767842776,0.384579933163941,0.814071809288064,9.49134353194195,0.247057307378014,0.545169387534139,1,1,0.0219504546322335,0.0203427073722296,0.216033442743745,0.217670546159439,0.219514510101158,0.175600979388531,0.173901641269285,0.00415401910971152,0.0376572626762787,0.0688771087909518,0.0333481778645677,0.0314389005739662,0.00311504354339067,0.0624594799687291,0.072855716547509,0.0607739696195076,0.0576006216767228,0.00826542670993084,0.107959364088843,0.196395446279818,0.00841434110601402,0.0045157087526618,8.34998689840113,1.75143880210293,2.01949842963873,0.921894740734587,1.56270874677348,19.055286363697,0.734818338500803,0.458206240637704,1,1,0.0436357427930192,0.0358253242307713,0.232536551561368,0.240958289287831,0.249357287976795,0.187221403491167,0.182324153905838,0.00587182575768602,0.0128435432443747,0.0214843509063806,0.00842539926957766,0.00605330793426068,0.00545523076016564,0.0504393433013164,0.0571242975659835,0.048164559371277,0.0452093131479058,0.0125122288577549,0.115967216781798,0.254623318995071,0.00565173557223857,0.00259538110132489,12.4734085016144,2.0125145019228,4.4478324779418,1.17324081283256,1.36513651379442,13.1400484724226,0.608630340862638
source/48kHz_DE_data/OR/Centered/0021/OR021@6_3.mat,OR,train,0.579484114505879,0.307128622887749,11.6945146666667,10.4326919843189,18.4931148537059,-0.24822594720377,0.57434403798241,3.14057820650024,2.54502116482348,3.6,0.237447599910001,0.453574241169924,0.532993670526278,1,1,0.0238499562358226,0.0214226250885873,0.134371574862417,0.137676513659828,0.141753506291292,0.106048330479581,0.104438728860371,0.00257363407593288,0.0323799279519158,0.0487126320780039,0.0298333039371393,0.026248394623084,0.00493568804967472,0.0303204355625384,0.0382300455638842,0.0249392170827218,0.0211337771838123,0.0070702054949019,0.0468041412138195,0.095332703379479,0.00338564183555806,0.00192637562842584,6.25346999396235,1.94956739893886,1.37672764695641,0.406996296534883,0.798726118323038,10.7376694980684,0.253308351938496,0.542390090918622,1,1,0.0418467224627618,0.0331242804257326,0.204611264581629,0.20921841692024,0.215486957089099,0.172441625194523,0.168180804045371,0.00578804140055658,0.0375543801872033,0.0690464937285859,0.0319073944283698,0.027897192311526,0.00420392862645204,0.0469574604929778,0.0545377221285814,0.0443222147421738,0.0395081560420618,0.00923828607393751,0.0923103776632578,0.183259143011031,0.0128703263091057,0.00845969932179047,6.4302359454936,1.44713853306171,1.39383988628663,0.782271807254942,1.52706497591138,22.4134621015163,0.684403137202505,0.458626335352285,1,1,0.0271975218366387,0.0166155847775806,0.234507613204144,0.246959397699319,0.255254103437115,0.204553363104673,0.194594265303598,0.00477795536048812,0.0126172242749442,0.0241188856009701,0.00800266349799051,0.00682295514610889,0.00480436459503392,0.0519974002208731,0.0543981100632487,0.0495086763565839,0.0473569040147187,0.0164046489363964,0.100072066373879,0.235991312459259,0.0120266217130185,0.00716726383421518,11.0951486946347,1.22613279239794,4.34782590338058,0.952857157466243,1.36355709571465,11.0169975188737,0.656445444133327
source/48kHz_DE_data/OR/Opposite/0007/OR007@12_0.mat,OR,train,0.20816417598296,0.156372976752621,2.56054523076923,6.30481756549249,5.16010365423108,0.0272772883710367,0.674894333643093,4.74852620807637,3.35974137867007,3.6,0.39682430860924,0.220528805796448,0.468264990579762,1,1,0.0408711740667439,0.0236125263101394,0.0913624729796083,0.148238306602657,0.179508525761557,0.0475658773354345,0.0318856410192793,0.0098361305855915,0.0339793303695976,0.0566678764601618,0.00494254151575199,0.00231996370140125,0.0173251330447202,0.0607570944339729,0.108883491349099,0.00591622183084309,0.00242707064974315,0.0752181578774926,0.148946272123731,0.233807217335239,0.0409066723720678,0.0165638888253477,2.86274957627148,0.915060792544626,1.33608900688468,1.12049089986498,0.559439597065807,3.95988682015472,0.163400163750906,0.739094355004172,1,1,0.0474791674308649,0.0363193642934691,0.391632390898017,0.399381850121654,0.414845375031826,0.246834967126983,0.243181366586035,0.0418698523058468,0.0603731425622564,0.0657827554261856,0.0229226303125108,0.0155003172983826,0.00714209010492979,0.0285929448209506,0.0647799553355458,0.022594310750119,0.00980233603689405,0.0237967659667253,0.152026311605681,0.221890527528036,0.0197733364264717,0.00931407321249037,7.55212924970899,4.27388274898345,0.721460209400113,1.55404363351651,0.679614106651405,9.50034244428474,0.85425617967229,0.680512984974265,1,1,0.0353093673215916,0.0266187628104235,0.342005742468475,0.356622594665091,0.369673024644914,0.235865565005611,0.21310856251967,0.0411142947502798,0.0461273680966525,0.051655028238972,0.00905311053038481,0.00469896482090381,0.00594696365451719,0.0176221061232707,0.0514093945648711,0.008878968955085,0.00601549641289692,0.0300744867731883,0.144838079690105,0.204239400873369,0.0585988504828547,0.0248841290593812,9.38522780635086,2.32061581267532,0.588402220088531,1.33697851109201,0.604250213005809,5.28239844515834,0.461615265582732
source/48kHz_DE_data/OR/Opposite/0007/OR007@12_1.mat,OR,validation,0.262900748981993,0.177428124739588,3.63720923076923,7.05212047159859,10.5077146095535,0.0187783832038045,0.643583902545569,3.90105221675065,3.06842688888915,3.6,0.276851427618023,0.330131870430687,0.535577367094737,1,1,0.0239925203805717,0.0143535982224274,0.127025030269671,0.171019884822666,0.195092628441313,0.0617504693973061,0.0546325927994022,0.0421651213467139,0.0677209144229127,0.105711308501421,0.0214882440005946,0.0101471988561341,0.0215549486531279,0.0611601802736119,0.0918025669886069,0.0261208449317139,0.0183254345155938,0.0563604587796126,0.148814900958735,0.219011274970787,0.017162084756955,0.00905985037182562,3.43826236482243,1.60087409578073,1.17590411853029,1.00194595057709,0.569442544875993,5.32076066158471,0.137493734129303,0.575281362112128,1,1,0.0391543298803948,0.029107166903873,0.274948552322112,0.282696162850434,0.293101677761477,0.178420510774883,0.173591942735946,0.0315191806407779,0.046928860401506,0.0742311975239543,0.0219014605869538,0.015360027448179,0.00603535834166938,0.051222129976806,0.0670971372161033,0.0457234496933789,0.0369434406933142,0.0171827521358692,0.132282901509102,0.213578283654598,0.0199537835900564,0.0136164782767916,5.81661645539681,1.95617004675118,1.21437724764654,1.34528054301564,0.935561639106965,15.4987048680389,0.891312391562424,0.699466890663773,1,1,0.0301547450005759,0.0263090948327615,0.373419850800191,0.39122280293141,0.402581272718367,0.290739375677219,0.278392795961767,0.0379250549013493,0.0502981746774165,0.0532263919424977,0.0129549350707914,0.00802416671958673,0.00938958199189725,0.0170921758789301,0.0390688489242846,0.00925472520185674,0.00419172660903683,0.0192554314462356,0.112504920724137,0.149011939080235,0.0373045148286785,0.0168540759265641,14.8379353502306,3.95807470840826,0.768379730835072,1.09528474922755,0.651107657565913,5.35023044831059,0.40536571218468
source/48kHz_DE_data/OR/Opposite/0007/OR007@12_2.mat,OR,train,0.258843527440423,0.174848857778385,3.79554830769231,7.51843046876048,10.6006646061881,0.0458527532799009,0.64422077836789,3.74813112911018,2.98501832460928,3.6,0.258166611579944,0.351354896314663,0.608538459414081,1,1,0.023623463135019,0.0112042782670492,0.089259326556934,0.147627141425,0.184797001096175,0.0430501347131486,0.037772314795534,0.0254319073634331,0.0733730572153874,0.087641692221829,0.0128152590112581,0.00650865742264972,0.0356974359196746,0.0610586842533136,0.0876200880852792,0.0138164397828421,0.00817416878504936,0.0647524061137091,0.124394746026133,0.179232177869025,0.0211358373316665,0.00811284791379678,2.05658504578519,1.60039652020292,1.14201120480977,0.776417514711368,0.549390474449375,4.65209313774748,0.170093466634786,0.5750875866062,1,1,0.0543100562163569,0.0457236032178533,0.255103838704514,0.259250397535174,0.266796544844845,0.18829468432614,0.183933333060278,0.0195618792351832,0.0458380680472937,0.0719940366755521,0.0301504008708534,0.0206707775114767,0.00582111141674481,0.0379493762306267,0.0501746826245904,0.0337414210707193,0.0231233659063225,0.0160585318259149,0.115064969109455,0.193965597398827,0.0176950327464143,0.0154406076560468,4.97579516718624,1.8857606027829,0.961025980192225,1.00534851226324,0.984663314131714,16.7415185630163,0.878597301088776,0.690441323562138,1,1,0.0377613027359779,0.0136391603974409,0.33972720597749,0.354930544595413,0.369576357658097,0.239629153068229,0.222447462808313,0.0395212818408701,0.0594547822936506,0.070646475912336,0.014679809534475,0.00907715854880394,0.0120526486653218,0.0250675329700541,0.0523544708347111,0.0171827227671119,0.00788746157226092,0.0270701893265817,0.117446641990223,0.176996474399787,0.025828948981671,0.010899794133221,12.4074520165204,2.41229564656349,0.713547978753155,1.00927553374514,0.6036505491623,4.89960372439533,0.419420739598915
source/48kHz_DE_data/OR/Opposite/0007/OR007@12_3.mat,OR,test,0.244476511410616,0.168989811870732,3.73901353846154,7.81064172668063,10.2875951591132,0.0192702997370094,0.682081487498293,3.82351503855219,3.15969014532582,3.6,0.233536498464685,0.357058901164117,0.486490900265372,1,1,0.03493565831465,0.0196565839365507,0.022633292127451,0.0605095137765393,0.11382032342802,0.0167177911009202,0.0102109232624315,0.0105626288598727,0.0355907689679,0.0606294502484956,0.00744095965737672,0.00357136350592747,0.0291234877669945,0.0440270088822629,0.0792382223125192,0.00960016560099755,0.00697941975919193,0.0396060554081044,0.103258840047203,0.169014514004595,0.0333858539960348,0.0265501232936377,1.00014364153716,0.542339350780254,0.507377364366108,0.548537646034154,0.469318925691464,3.18919311479132,0.251765559045073,0.594026660118173,1,1,0.0630930609702699,0.0550858643471658,0.232884827147119,0.240041442816078,0.251126644428199,0.174031577935302,0.171620690127161,0.018216692871367,0.0394825261882037,0.0565653794981908,0.0225664612118257,0.0169647612004391,0.0070688645621545,0.0364955631404014,0.0482691730103388,0.0303269537569463,0.0214457014381938,0.0207772220158008,0.113490219188431,0.191260260486049,0.0261469781807125,0.0156606020831131,4.07740474145538,1.92802908611746,1.03427360065323,0.941193085177588,0.940465108108004,18.5268230086121,0.866274321958598,0.710132692364985,1,1,0.0268325482918536,0.011399222566159,0.352539765252914,0.386049912376041,0.396577211068427,0.254437795675377,0.240984430835695,0.0408399957556765,0.0550312853474533,0.0704290952567237,0.00981389600506403,0.00766181485958759,0.0147564078921579,0.0284452891885482,0.0694159358951556,0.015431502487857,0.00624005085306821,0.0351243327475671,0.143093879094848,0.214587071072043,0.0270929054522964,0.0205833441688601,11.6462020918448,2.63634254052773,0.777938426631286,1.16434579195621,0.634186019181771,6.39513535321557,0.401449181847205
source/48kHz_DE_data/OR/Opposite/0021/OR021@12_0.mat,OR,test,0.609257411741615,0.269450001357907,10.874872,9.16232276873397,26.8637404027289,0.138509926992671,0.545482331032803,2.46522317437405,1.8439846775368,1,0.371075534693466,0.567459719473279,0.782412173287941,1,1,0.138356931135592,0.125690186455656,0.152453707428194,0.163734114684445,0.172055482181599,0.147396003447544,0.140594704077633,0.00596844299403866,0.0236545669250471,0.0452306279388315,0.0125772065849867,0.0121329872877864,0.00288332421202092,0.011377792996862,0.022916526002676,0.00474269516804719,0.00417387212820133,0.0130288949810266,0.0338040518495615,0.062644411052491,0.0123895691255312,0.00720228431321054,5.07215004541894,1.51387259266433,0.473128137631961,0.268739405240156,0.804815044264471,12.1308536702096,0.133741828005673,0.519469603252607,1,1,0.0507675039649583,0.0433599836050215,0.10378269996953,0.110021494418485,0.114619583704848,0.102413367334589,0.097708226591097,0.000303894429844036,0.0221870074694716,0.0397032992541121,0.0216865090081813,0.0211435967812949,0.00345376042719994,0.0429251695467856,0.050612931459979,0.0417577572022233,0.0386298518743537,0.0101697548045324,0.0646482628873644,0.163466610988112,0.0151432761568581,0.00967035811236185,2.52978695271822,1.5762074054934,1.9970871394642,0.457280497226433,1.83873613521038,20.1249172865922,0.964718863149661,0.459993326038143,1,1,0.029855628366036,0.0261550767069585,0.145441668251415,0.159342244868358,0.165038026107234,0.129840260061108,0.125211308939728,0.00658627844898676,0.022872680175384,0.0440789366975238,0.0203189640761934,0.0176299730148032,0.00394369585293138,0.0557541084182247,0.0729986930384341,0.0447534311240964,0.0429783117974403,0.0143022226535747,0.0939149062178029,0.203877881589193,0.0176424455006474,0.00988032062012816,4.21766820799721,1.22930254733756,2.35097365365301,0.75505050952537,1.189324562498,17.4471759054857,0.194221142141869
source/48kHz_DE_data/OR/Opposite/0021/OR021@12_1.mat,OR,test,0.550189759900774,0.263779461217697,9.37163733333333,9.07647029032746,23.173530010619,0.155069976974547,0.521114037655524,2.44397505450638,1.83297499408939,2,0.193294809965516,0.588208945530188,0.858529913782718,1,1,0.185043687793318,0.17354033833438,0.176471331254751,0.184037287730923,0.190803678235206,0.168073503879799,0.164002245854988,0.00992792515252732,0.0347228755012672,0.0655940686085228,0.0247520671221613,0.0216600943887543,0.00392789009905421,0.00942195051761912,0.0196168596697895,0.00311236542646711,0.00148763315200763,0.0150747152223879,0.0334909991020109,0.0487185034629068,0.0147956901185063,0.00927399320706861,6.4860843922714,1.64411679608213,0.37605254714771,0.263962529207508,0.796395645331675,10.2003480753094,0.158773618347368,0.572877749900909,1,1,0.0561966277458377,0.050207084034238,0.111216687730864,0.116645830363416,0.120256423148574,0.111398287714907,0.106341029155048,0.000922707679398243,0.0217514356993635,0.0409710700985019,0.0207699476338789,0.0196108492175186,0.00241788143186084,0.0346103958156797,0.0411643811576808,0.0339497298368836,0.0328875299898006,0.00766603614829671,0.0565391293922195,0.139264297418299,0.0129219256337293,0.00921689922783201,2.70523174530731,1.50081824775572,1.62971236073931,0.376044603357908,1.69883849857738,18.1770144056004,0.952113582541046,0.469177095212354,1,1,0.023344697119259,0.0166696036435599,0.137864000796496,0.146416746403624,0.151952272113082,0.116737250281225,0.111533510045245,0.00621526713202793,0.0279692694036368,0.0451111921466011,0.0215037802186531,0.0208477062654246,0.00289270008637134,0.0555584363065108,0.0685309767976488,0.0462288332654003,0.0448407063812525,0.0171417324275447,0.0893048492710297,0.203577938863727,0.0103158626736307,0.00632526289040701,4.23037107587983,1.82383958962325,2.23855983476908,0.637841208185052,1.34226941614261,18.1081910993634,0.216952951993822
source/48kHz_DE_data/OR/Opposite/0021/OR021@12_2.mat,OR,train,0.477758371473739,0.24163524507964,9.08117333333333,9.45407646919437,23.5610140758777,0.177529517636396,0.55875217719789,2.47262402417824,1.91730693642393,2,0.197918391479118,0.587588078963466,0.843128452813433,1,1,0.135475665617104,0.118498121074236,0.161392259485938,0.169211389586257,0.178634315235016,0.139965800320134,0.13760591318311,0.0155088758554087,0.0412099030607579,0.0797313695853017,0.0205624030039975,0.0183054434316868,0.00826963478488629,0.0132454214547356,0.0267361945178924,0.00593194578513905,0.00438457851666612,0.0120325225935208,0.0306527723644024,0.0500919778649815,0.0130563415472124,0.00741406490759967,4.02009992885939,1.46202782235172,0.355595466587828,0.21498393344951,0.749907602956235,9.46794888013822,0.18426708246886,0.593337100451511,1,1,0.0615971268374823,0.0473907875825302,0.115054062142426,0.121413265965658,0.129074832322156,0.116563612464489,0.109704332924959,0.00144110696156561,0.0258595994031544,0.042596210751291,0.02495043989876,0.0223051996332139,0.00264599382602823,0.0337688577158979,0.041707925062347,0.0322925735714643,0.0281427924798647,0.0119839406220219,0.0610634225091278,0.13159366292855,0.0199085252092017,0.0100876118534823,2.7996409422886,1.58618438847131,1.81207330883779,0.411488771120456,1.53466250640033,20.0824139409885,0.937503466233355,0.46218750846089,1,1,0.0224271207226994,0.0180108076834691,0.143166968810604,0.153544992585934,0.162128500345667,0.124400605524894,0.113711806366382,0.0101560123989471,0.0326134583984158,0.0448703753545977,0.0236842011579711,0.0205983960394434,0.00628696952342194,0.0513262365073464,0.0688223092003686,0.0441703554275002,0.0408939474065588,0.0198459866963222,0.0855542889755709,0.192500984317468,0.00977072255680305,0.00583325486083861,4.61092360958024,2.04285902646258,1.87126877717024,0.653079378350938,1.3703664404611,18.7517188598396,0.253596493730415
source/48kHz_DE_data/OR/Opposite/0021/OR021@12_3.mat,OR,validation,0.424663748813096,0.222713618525848,7.62384533333333,9.24256138061664,20.8932387791488,0.145613219389465,0.536809606076782,2.47207697906877,1.96024959440162,2,0.19316196773329,0.582711665515957,0.795774018295329,1,1,0.0921941030335455,0.0850678364282213,0.132995619193638,0.140918252474971,0.164764898770746,0.122656300031763,0.116496455638073,0.0102895926915771,0.0390173568307604,0.098181733751194,0.0238301106655804,0.0235863911107483,0.00868048251832401,0.0141685231383421,0.0237757708075403,0.00265879206393843,0.00121603308782011,0.0120045017838298,0.0352196021406428,0.0609627584700555,0.0094261797587165,0.00690180528188613,2.85182947170378,0.884047741205222,0.262769828113938,0.246563710133711,0.686801203777404,8.1941260918354,0.217139944424078,0.596280401164032,1,1,0.0565556779366298,0.0495207847839352,0.138293967576897,0.146389331219048,0.151721423583911,0.139162639289622,0.132728757023252,0.00134277367911714,0.0256553565068273,0.0449626736398086,0.0245434832189265,0.0221957533235016,0.00290101782734867,0.0276905607052328,0.0349154688477811,0.0265507260199281,0.0239050782673329,0.00984970244028371,0.0512892392590562,0.118576626933797,0.0167762016871038,0.0112715177791704,3.38994255522767,1.50248280132508,1.26075845677614,0.379037305878271,1.47654697267058,18.7951941707232,0.927638797205451,0.477570658305543,1,1,0.0214519595669323,0.0135782455183451,0.145073775350065,0.158153453256184,0.161381713015377,0.125018456769046,0.117692977825285,0.0108730645202246,0.0334062378195508,0.0539021863717086,0.0233508024526356,0.0211786187766929,0.00336350728167432,0.0517081527580974,0.0677557829071326,0.0479368882716038,0.0461089072218505,0.0189643598789305,0.0862194444040801,0.200711986554216,0.0106943205239646,0.00607116948643905,4.0008659923269,1.97637274143026,1.59438847990264,0.646732775551696,1.3942947607192,19.0806752504449,0.260311190463858
source/48kHz_DE_data/OR/Orthogonal/0007/OR007@3_0.mat,OR,train,0.394559410488811,0.299208752263394,3.55125969230769,4.68607416165208,4.12802890049875,0.0785912908006727,0.489407618408673,4.9029572801205,3.0929973419291,3.6,0.528608472318345,0.143428760579212,0.637114028877643,1,1,0.0211464319280359,0.019811303089623,0.382965337350105,0.408830395404504,0.416933355375637,0.20351035658946,0.17922222420605,0.0915142455615487,0.114690659814161,0.13111146758254,0.00736999025380501,0.00290356844969706,0.0109918683673174,0.0376181551730786,0.060973072047341,0.0112366255117399,0.0076672534765121,0.0351296490295261,0.110541800719514,0.197671125639348,0.00969356554911153,0.00325702485923967,11.6006115874162,3.40378481143057,0.817948114730267,1.12710996138763,0.507248482986425,3.34296598883719,0.141936247167009,0.902809656548175,1,1,0.0131672574987681,0.00955874115788633,0.528544079342006,0.529912738455555,0.531397453505968,0.410645872664247,0.407756158590368,0.0013377513491285,0.0191240952449353,0.0937120702218849,0.0178132137778137,0.0175264145031884,0.00217037789404971,0.00900670474942542,0.0660973214647321,0.00556390694690805,0.00482647244084667,0.00929049218005533,0.124345490284821,0.196727720301617,0.00395482168070681,0.00364207912528577,12.9583061698107,0.421790932515485,0.124047251843124,1.25171015476644,0.662618609673475,3.84979716031883,0.810750152321702,0.720842823364311,1,1,0.0928711231874529,0.0679027709516182,0.179619049778596,0.187451535996684,0.195947240916349,0.165071506936114,0.162016991941296,0.00426701160369767,0.0364961299488426,0.0578180015496484,0.0182416935123168,0.0153482785352129,0.00972308210960123,0.0268375244800696,0.050077520807742,0.00862890226400766,0.00408600042519293,0.033859469667555,0.0694684366859201,0.135328726078044,0.00991418098590714,0.00849023549488938,1.63324024276376,1.48872638042043,0.681681315862489,0.877225610065645,0.513703483171309,3.27087608944428,0.538994473431851
source/48kHz_DE_data/OR/Orthogonal/0007/OR007@3_1.mat,OR,test,0.456042213470499,0.345403182930492,4.19880184615385,4.65893310658958,4.13971981715388,0.0606697867592745,0.433591222744088,4.98641285883598,2.90853200811455,3.6,0.604807579599876,0.0893789996367595,0.630014601382299,1,1,0.0100501561254964,0.00479094911653596,0.455489486771274,0.487894304502164,0.504315565757729,0.22531319978125,0.220925300758572,0.11287910333148,0.121869657379074,0.133546150230168,0.00523560714975428,0.00294270890045363,0.00844625764759017,0.0402441403639766,0.0774687905526393,0.0062309411197615,0.0040648036198107,0.0327882747063482,0.141089166148832,0.203075075846876,0.00615591549229134,0.00311807073250141,19.254834693037,7.51129527139094,0.746037986401565,1.67603461970876,0.540744272392913,3.60747888680832,0.137664580425109,0.944359624047841,1,1,0.00268763224552162,0.00209600559375719,0.604679602566688,0.605299369048707,0.606223016454551,0.48551632936084,0.4830789200886,0.00415143838583768,0.0243063660451767,0.080215742394512,0.0190031527420953,0.0185936096420366,0.000914880278089015,0.00575685195122802,0.0501629774738632,0.00402415739418856,0.00329043162045485,0.00452717415482873,0.112655323815383,0.164773678058034,0.00163604716844338,0.00109406330092612,10.9912323233639,0.747020746019936,0.108162152794016,1.24577614911682,0.64738301943798,3.49182391409281,0.770146749125571,0.859722771018189,1,1,0.0852546249840901,0.0829618791060553,0.255148278283432,0.261081373997731,0.268410331047889,0.221787623606402,0.218013826028742,0.00456009515521543,0.0437580617403842,0.0592123955943727,0.0302640455042924,0.0273155493994594,0.00720790893875423,0.0125279470681983,0.0345239378306819,0.00798963580859053,0.00600572845981497,0.0293043485432464,0.0684382128254352,0.120412306287214,0.0144121696312107,0.00991265563317826,2.51196463399399,2.87788483900378,0.449603343864622,0.646118289383838,0.533145212773323,3.52478646227552,0.600754883458126
source/48kHz_DE_data/OR/Orthogonal/0007/OR007@3_2.mat,OR,train,0.445089867399309,0.330914554401162,3.94908923076923,4.54670387124691,4.35239276018726,0.0646326980897858,0.453810930890989,5.10053188663441,3.01913666846324,3.6,0.568972340544396,0.116536865580929,0.669096663690047,1,1,0.0171285973488884,0.00783163010088335,0.486998634160878,0.506871170876679,0.526909245387956,0.337911633076679,0.331668446589509,0.0462414595046707,0.0628735706118748,0.0781632832874244,0.00315379739986417,0.00119906545366513,0.0105832641880769,0.0353779525818323,0.0550210365898091,0.00983282901065809,0.00466059642567054,0.0314183190001663,0.147034129360035,0.17786867864642,0.0109880157560242,0.00385554596976795,12.8910121544594,2.86184675477281,0.870123918226715,1.78404456701386,0.53936979503181,3.47094822017802,0.152361967923554,0.95459950722222,1,1,0.0165741667968494,0.0162440966376375,0.565282453984277,0.569499312238068,0.57043248768629,0.441623271934777,0.439250985035446,0.0101629211546956,0.0297130523348508,0.0675127929364255,0.0177890195841097,0.0174166337871035,0.00296061128149762,0.00685022153111402,0.0540319776040786,0.00419056134892048,0.00251481753062311,0.00643011462672471,0.123039479815612,0.184035998315609,0.00295019839335533,0.00197852165465731,8.06406888369173,0.862957447810892,0.146558034848612,1.32387627536615,0.715211836558455,3.81859062459913,0.799227091304484,0.855500019326724,1,1,0.135032088184821,0.130595971820905,0.245722930311477,0.253903403946315,0.260448546055595,0.225814945883007,0.220632254437649,0.0096093333403438,0.0302214452483008,0.0509033761067846,0.0125749674023506,0.00930115104183316,0.0100046798590576,0.0196208762460623,0.0497351960385994,0.00702136960826603,0.00353377500169456,0.0322791505743422,0.0699513447527541,0.127004039558324,0.012774482655108,0.00883806569307192,3.06039146437013,1.42865891711446,0.452183799646246,0.702501827090846,0.518378553153736,3.21337730968601,0.551502210592675
source/48kHz_DE_data/OR/Orthogonal/0007/OR007@3_3.mat,OR,train,0.443012506753213,0.336053775160563,3.75507692307692,4.31544462559946,4.09445834160721,0.0456374947967193,0.475620940504995,5.33661559212232,3.31743343984205,3.6,0.535180768373248,0.106950219011875,0.481092123607034,1,1,0.0232964385560334,0.0189482238099551,0.208058613752035,0.239700520277996,0.252245722381979,0.138020239607449,0.129190812833545,0.0182186322233592,0.0298949729784168,0.0477272431802288,0.00350811331581341,0.00154839468399805,0.0134113145531014,0.0621838017549826,0.0863669686754393,0.00464475047423919,0.00273518820787256,0.0516569199163568,0.207953664696014,0.25579817133211,0.0728863410483532,0.0537633600932479,4.49661688186968,0.628596743511736,1.25527599758911,2.10696251914943,0.500280571309997,3.00661515312668,0.159482963090042,0.953114018916537,1,1,0.0172370985801845,0.0154560714233253,0.53407514950093,0.536269981846745,0.537632625629849,0.396316665280404,0.395596537484595,0.0103123453492184,0.022017161873289,0.11241637299324,0.0106505246163253,0.0104197706145223,0.00226138486810629,0.00698836547748078,0.0697050434250786,0.00230520259532051,0.00227309509144684,0.0110096207736462,0.120765068376484,0.196073846927567,0.00547914641211289,0.00521902585358746,9.86731092316476,0.402617497620097,0.0851418187652973,1.13568792835388,0.662849403227339,3.78632957879121,0.773245894903271,0.833080756892341,1,1,0.0940682203115924,0.0870025526409996,0.307968913836249,0.314548652260819,0.321068853630032,0.276316945941968,0.272911455836502,0.00687488866411798,0.0536469983238084,0.0811509206859144,0.0380544687258057,0.0353555330357512,0.00922420025474919,0.0133254776506395,0.0325646841377568,0.002696863673776,0.00165571850891598,0.0430003800000864,0.0692915403870552,0.121466957826541,0.0343420564264553,0.0221070642379249,3.98946181721392,1.62187300608154,0.459308041275471,0.692599428048197,0.508667213093113,3.35716310244775,0.59080810459239
source/48kHz_DE_data/OR/Orthogonal/0021/OR021@3_0.mat,OR,train,0.411846484358934,0.283893966879666,5.50713066666667,7.37139870378409,8.45312214045563,-0.222704317317089,0.571272243749335,4.02123469310127,4.59347302773029,1,0.404673392657023,0.520821099258572,0.503127343025954,1,1,0.0158302405449749,0.0115069537758722,0.156999690730995,0.167857580027206,0.176985206078362,0.104748805691962,0.102268741525913,0.0245920058734217,0.0437016338868404,0.0488277928153781,0.00761336673832478,0.00637849187905008,0.00604353033335929,0.0233203317000517,0.0632773839211805,0.0110118083246441,0.010284697733982,0.0580700909319637,0.105209164113188,0.176264680246585,0.008959145029073,0.00780011282604622,4.41344646995287,1.93892156844342,0.828127423532135,0.771798041108038,0.610388987564282,6.26405629779275,0.303881869983679,0.445779896832853,1,1,0.0205360730556926,0.0155578097308609,0.170009156500269,0.175759747278169,0.182866294636489,0.131524472043142,0.13019139293247,0.00616951691090961,0.0206974193723225,0.0367113205059919,0.0101779226731933,0.00878015780310419,0.00681719918462894,0.0417987438646967,0.0634767171483721,0.0340446982371499,0.0315491161599135,0.0191385019712038,0.079076005004786,0.174529920135487,0.00572075753041859,0.00358827706685707,10.5586366830558,1.5883864710977,1.32690064228647,0.815528879509784,0.842357885664014,7.75347186614993,0.722354574843731,0.362782498643862,1,1,0.0338974955381663,0.0256681844392467,0.0965360438571915,0.113473463489101,0.142491787685038,0.0620974939781734,0.0523445747228631,0.0131013807708592,0.0276660261402726,0.0367473348852491,0.0155725532730772,0.00960571175544968,0.00853334473607398,0.0451391720821384,0.0538130927981505,0.0344977963907029,0.0293444787636816,0.0300991077990454,0.100556153184823,0.200129799177434,0.0241746898286261,0.0222523375892909,4.05495147630467,0.993400998425817,2.0768173711575,0.999739686472408,0.645259272020273,5.43254294025778,0.548958070177117
source/48kHz_DE_data/OR/Orthogonal/0021/OR021@3_1.mat,OR,validation,0.768041268246938,0.523321533220093,9.77895466666667,6.90585358283163,7.35571971900103,0.0522631272822967,0.553816779282675,3.82950419001455,3.84451676252041,1,0.359200958366053,0.455057301875826,0.513000994705388,1,1,0.0200236682135405,0.0178608309339258,0.155222064546689,0.167211907682354,0.175465417414773,0.116039496890846,0.115116551708063,0.00955989866465046,0.0383485596461714,0.0627821197966816,0.0063255430733305,0.00502056514566906,0.00841104269101764,0.0302727662373463,0.0655999362508965,0.00541090077127932,0.00285196909686572,0.0443591144697006,0.0883753758806723,0.158694309450036,0.00526861688156177,0.00447998783869454,3.10375621805676,0.964547013278755,0.978816961987975,0.65331146267342,0.63161310939674,6.66570999838601,0.276152137136377,0.473289708502579,1,1,0.0237641424098076,0.0219845525207827,0.187311727383656,0.188875710675946,0.191858658128633,0.136244058042979,0.135000609119503,0.00166547269880112,0.00574083339965183,0.0409900406634255,0.00278111453709843,0.00127939731579787,0.00265982397304062,0.0315181909161423,0.0471454957288278,0.0250076679817992,0.0226636869073789,0.0108433205586549,0.0717270466771753,0.168764605117656,0.00208754639767311,0.00136396051198461,6.12010795057642,0.249835195570421,0.724916231838358,0.59879163063609,0.930471670016433,7.79051578053148,0.783260180406387,0.425820575756492,1,1,0.0634453105125989,0.0534796164958718,0.103218156602039,0.110404989383123,0.120901013075853,0.0673832467084215,0.063874539091055,0.00604192976002518,0.0367666116814341,0.0533777500014985,0.0148401548439603,0.012554520081211,0.00998587565901713,0.0331137286107021,0.0551598348960423,0.0267178916668521,0.0201812073573955,0.0564565029078661,0.122605902240014,0.187207972699223,0.0434738848756242,0.0304423362936184,2.33554835902699,1.56752345426924,1.13906439131198,1.23343987496059,0.652270547262341,4.29140636497698,0.474745012376264
source/48kHz_DE_data/OR/Orthogonal/0021/OR021@3_2.mat,OR,train,0.714472137302106,0.488953730972077,9.02775466666667,6.55025438566652,7.39992008346399,0.0601856094791798,0.573718761946214,3.9133638661548,4.02814010083839,1,0.369070208861764,0.460422323680281,0.500024058549387,1,1,0.0456341523015656,0.0353223016788561,0.189855043082895,0.214542299173144,0.228998236087111,0.143092307921107,0.13648711087133,0.00847377632586548,0.0295881177804353,0.0435727451665729,0.00241406933727974,0.00119758239844412,0.00647541531826921,0.0263683159076658,0.0529132936679851,0.00549218274887112,0.00398158918484692,0.0398864131128699,0.0699036757840885,0.129282712624962,0.00851174372526299,0.00576040427369081,3.08478633082397,1.26787827252735,0.726275612192963,0.580598274615103,0.62563782971604,4.55335254809852,0.27538163307166,0.451659875795552,1,1,0.0310095627135247,0.0229520300532638,0.191221130658729,0.194179922785058,0.198719261902167,0.130664723275099,0.12862468681999,0.00244119839478021,0.00571411716380946,0.0428923987919375,0.00177837613704925,0.00132580540845191,0.00304874916957583,0.0349630024272394,0.0620734724693297,0.027749684543682,0.0263958654235413,0.0111297024736033,0.0818477014239259,0.187518511239575,0.00238739216936655,0.00135943504914545,6.9458546560322,0.245711772548793,0.722371302351801,0.656864193384216,0.952633887484328,7.51531583636132,0.785062627876364,0.457664407377678,1,1,0.0401303926507681,0.0275874642255266,0.142627964883136,0.151942262419656,0.156719617969724,0.0950224194739318,0.0927205470199863,0.00842906631089686,0.0385648326320136,0.0476978887015194,0.00919867714670863,0.00803892348995058,0.0163784043759625,0.0383499456890385,0.0499394058208491,0.0235851161861606,0.0118645107855677,0.0593341541255118,0.13097400376282,0.186609786676504,0.0437409110511142,0.0210199530624837,4.01244350958414,1.91655594384622,1.33943604267723,1.49261685116916,0.686016171177125,5.03462777693129,0.468822987847587
source/48kHz_DE_data/OR/Orthogonal/0021/OR021@3_3.mat,OR,train,0.676337167874182,0.463840377737313,8.931768,6.94909174119693,7.3592295921537,-0.0934804855845391,0.569940447298007,3.84679249148856,4.01612407855755,1,0.368524369016226,0.453811052561537,0.599461431232642,1,1,0.053218663867314,0.0458942991551265,0.19832330200976,0.205766262139273,0.223855442741937,0.147285766745171,0.144680529884568,0.0184320166895901,0.0456667919798937,0.0533955388669547,0.0081255178357732,0.00505069875707641,0.0112911923556483,0.0316239041268138,0.0608389885661871,0.00612852061745327,0.003831731267991,0.040162374850074,0.0845206540795365,0.143861302995807,0.0110458810977214,0.00648269517640877,2.98533358133817,2.13391057108907,1.01511811751989,0.879465838332999,0.611047912138854,4.59093426459846,0.311644895713012,0.470117170982114,1,1,0.0424239617398583,0.0329419409851138,0.202924115479514,0.207306853627054,0.209275488626685,0.144307333340845,0.141295206337472,0.0028930602863267,0.0172544869739033,0.0477063219789323,0.0103159046543088,0.0091670857496791,0.00454672637924087,0.0280058152544156,0.0600626002316379,0.0213288182388199,0.0202989246419889,0.0203084562549635,0.0780216780715345,0.197398441152195,0.00551875509675309,0.00334442108502486,7.71355092143255,0.92446307825683,0.705374759625043,0.660569687621592,0.922477285587845,6.96834081102262,0.787698919960818,0.510140559001018,1,1,0.0664576109156118,0.0426574195421589,0.229332536963297,0.237115901462939,0.245975170398894,0.144620346676381,0.14089572991022,0.0141851647715598,0.0353098391765149,0.0480690288191185,0.020306318705422,0.0165139230731391,0.0111848481802086,0.0263650356806197,0.0555501555282156,0.0173683255139963,0.0145279743805428,0.0271653867046366,0.0948722540397365,0.174356365227133,0.0138100912146806,0.0116356273091304,3.8186279077885,1.67678274891105,0.905448680746218,0.877566409949113,0.673130752083223,5.62918295625937,0.44844819079503
source/48kHz_Normal_data/N_0.mat,N,test,0.0727350151203796,0.0586217109311827,0.516114461538462,3.59794470372924,2.7485938299706,-0.0338700031817772,0.890946471467354,7.33802921623538,5.04745117646167,3.1,0.11120171310419,0.16810211203547,0.505092461608705,1,1,0.0444087789617819,0.0193437253352327,0.0633493697026629,0.096055431517359,0.172759759507954,0.0234256718730442,0.0144635128299433,0.015471118714199,0.0438519308388132,0.0582263960947058,0.00778123431230866,0.00384742230414278,0.0307623112700096,0.0679672308487625,0.100575170667856,0.0268392111308132,0.0105219035055306,0.0647806268891917,0.141872956338521,0.202520737265492,0.0196968324541629,0.0100632738596955,0.891705604386236,0.705465061203295,1.23624022185496,1.1242212872768,0.513301737306877,3.33045247519293,0.384143863658293,0.450653459907595,1,1,0.0392992510182035,0.0162959804926291,0.0461049724903031,0.091774189317754,0.135815263903558,0.0308871842930301,0.0170764669050594,0.0620348985466496,0.0864087807899365,0.116913052802347,0.0470321163701963,0.0296357859505107,0.0268075975576954,0.0480364321928319,0.0943190291903614,0.0175317208813406,0.00742140783617142,0.0620489787728297,0.132449736605735,0.227334943208119,0.0208708078689724,0.00867887038656503,1.0838194111075,2.3872605986221,0.709884471185507,0.809741286664656,0.493475485341457,3.4809693867474,0.221056713111196,0.925838471255006,1,1,0.00146485110876079,0.000675304658112601,0.0060624828604861,0.0120976406182769,0.01823908369012,0.00381198035769495,0.00195849565389713,0.00346651939163935,0.00653167341224088,0.0124016131652915,0.00240112666166657,0.00135471027603398,0.00667165581144024,0.0119766889900671,0.0191801405094572,0.00322878397272523,0.00135010954331586,0.012136548011104,0.0285361905019289,0.0544489410403076,0.011299283623449,0.00700717295387855,0.0395952688410043,0.556609941266719,1.12987478365729,0.798169531758678,0.450909111131868,2.2472751588536,0.804909669130459
source/48kHz_Normal_data/N_1_(1772rpm).mat,N,validation,0.0652559620572386,0.0521708732172559,0.487742769230769,4.00952258397547,2.94108854268358,-0.162322004764644,0.878990977991431,6.62260581590286,4.90498351065955,5.4,0.111760509127922,0.219347808279093,0.490682463714978,1,1,0.0233528333937473,0.0139093819721716,0.110373186364609,0.203920911869473,0.284282100558282,0.0463823762974961,0.0272478646879624,0.0340483870942463,0.0879903981961627,0.0973529820650252,0.0160060076136405,0.00697889070148948,0.0434697772837971,0.0859209811485256,0.122664196908115,0.011410864376977,0.00508141059684788,0.0681824631106412,0.1540626211096,0.229090923793748,0.0176673521171068,0.00740753605351912,2.42822454175868,2.55002266324089,1.54469645595805,1.04558772538569,0.520146803300382,3.26522295593998,0.389711724467002,0.47749270365618,1,1,0.034852818904523,0.0164720441600892,0.0490361623104609,0.0838851771137511,0.143964153834857,0.0260310433001695,0.0169650388240904,0.0643956633252444,0.0993792266233565,0.124049405330918,0.0799881953677111,0.0419560884478467,0.021234374534551,0.051960858492517,0.0868076353407361,0.0242076576355918,0.0116989563043146,0.0620363391685058,0.128660321698793,0.200219891251898,0.023804208468202,0.0112169522731186,1.03879269515362,2.9949912170545,0.772783382341815,0.820323285139825,0.527703037829879,4.44183749301202,0.264577775673863,0.881436849786953,1,1,0.0115780733578922,0.00669769493576371,0.00833855508729511,0.0184859590362607,0.0276809290289154,0.00385840565198502,0.00212441101636325,0.00460727465724379,0.0100264589278377,0.0179026085599742,0.00440092323689081,0.00189586275213763,0.00675824924308248,0.0123192291080838,0.0201532280455944,0.00394535789548969,0.00198664742765231,0.0153484345196909,0.0303684571608976,0.0503661832462739,0.00694300875371726,0.00296660418266833,0.0580069939655832,0.772264063562267,0.706386247692736,0.647766269701567,0.506205261390374,2.53245105560752,0.592290177693123
source/48kHz_Normal_data/N_2_(1750rpm).mat,N,train,0.0631399498404226,0.0505617034472172,0.491497846153846,4.11189912334021,2.92339503318643,-0.17220776605647,0.894150321052351,7.33715726195371,5.12191395478754,2.5,0.110951862021194,0.205140577772247,0.471272124344679,1,1,0.0318694943951818,0.0145479333806277,0.0684852668119459,0.122651384227999,0.210438080126193,0.0356346902467797,0.015834728195852,0.0277002720720102,0.0794696498786122,0.117451776395207,0.0115834890753619,0.0067823858266207,0.0522678510307875,0.0684909590710627,0.0822554134517367,0.00924488279817121,0.00473878603216855,0.0734845078941686,0.137623237571806,0.192348013702739,0.017079226586666,0.00779005122333981,1.03416782958483,1.66322946048493,1.39856498252486,1.08061756686991,0.518270247688099,3.25430135024002,0.410328974862992,0.492908012422185,1,1,0.021823417274457,0.0130785507015134,0.0537862066738147,0.0989565517255566,0.139381058681447,0.0290190626861643,0.0125957664677592,0.0456986288227238,0.0650501204370968,0.086871859465324,0.0268930532030596,0.0114407816010567,0.0243180276465977,0.0595286167094599,0.10272648058056,0.0311895849437535,0.0173363620070538,0.0576891667300668,0.14901935526429,0.217951443398925,0.0302496583924962,0.0145990945829243,1.14521160302991,1.19794496810545,0.899311078893374,0.919479702599087,0.532074130109659,5.62157199281832,0.277428134303685,0.851693612035694,1,1,0.00729614255813887,0.00395790239904207,0.0138192449334924,0.026477134791027,0.0401949229290974,0.00886428145881825,0.00364052421114892,0.0072395405722807,0.0182187247553823,0.0234976064112431,0.00783855354739539,0.00375541008178735,0.0127535591498514,0.0223598074111873,0.0321506188718026,0.00876647621287792,0.00437058970673029,0.0249581167892264,0.0555706173571416,0.0810727724463945,0.00738367639099509,0.00345124892902316,0.0978428990647602,0.72223726771837,0.998098672491439,0.805102923565789,0.48692341254402,2.81359555202476,0.543606986996788
source/48kHz_Normal_data/N_3.mat,N,train,0.0646790449904843,0.0517007853934806,0.504223384615385,4.01913777721581,2.95653938125519,-0.13053987958999,0.897461481081788,7.78272459573252,5.4340608698434,2,0.180397012251934,0.188168702809592,0.489079918911671,1,1,0.0174565942528832,0.00901233567811702,0.107202290684207,0.182818885872158,0.267394118556888,0.0936927105391754,0.0780337217602668,0.0238689869214598,0.0589488784304595,0.105241731160743,0.0132972325550859,0.0052361573296223,0.0324821051314062,0.050355158983884,0.0670535172384746,0.0149372810968536,0.00682967525619172,0.0588290585077514,0.13303193620992,0.19520518430559,0.0192736856715454,0.00900249588253269,1.76108443366997,1.15833293480187,0.936876991686254,0.864862400289142,0.518546106596549,3.34219703494971,0.443936661235821,0.507842732514096,1,1,0.025716835279819,0.0115949630993566,0.0490412733391275,0.0991828936278753,0.140883255103954,0.0357395161466957,0.0196286721812064,0.0295597603969822,0.04781490142394,0.0800603231735946,0.0200030471209756,0.0124209070770847,0.0333568300984706,0.0677880387373517,0.112052560186508,0.022931543235928,0.0114573281956522,0.0758573690404216,0.143037926942038,0.217151978014836,0.0236963457693452,0.0154041546780426,1.15541085619734,0.885269341642908,0.803185527906625,0.801497804839525,0.517151981710931,4.25721701872028,0.304298591064457,0.773458290183001,1,1,0.0142253791004882,0.00538464235473598,0.0163148335923629,0.0402934847474509,0.0666799135115206,0.0175253378458192,0.00833893071938596,0.011932816575452,0.0219453413152524,0.036493283600622,0.00677717329218447,0.00372300980361969,0.0143642755741015,0.0282564631927542,0.0482468591961126,0.0132245264234301,0.00560017479654378,0.0312319050412193,0.0688417584197111,0.0978745164301763,0.00757780993315178,0.00421574589943292,0.15441139385324,0.844549975360825,0.964282454291927,1.06106434250256,0.493671226954862,2.96707008758951,0.506231557392869
