file_id,variable,channel,split,nominal_fs_hz,fs_status,affine_overlap_flag,primary_common_input,n_samples,raw_mean,raw_rms,ac_rms,min,max,kurtosis_pearson,outside_3sigma,extrema_count,extreme_plateau_points,max_extreme_run,block_ac_rms_ratio,dc_flag,energy_variation_flag,high_kurtosis_flag,suspected_clipping_flag
source/12kHz_DE_data/B/0007/B007_0.mat,X118_DE_time,DE,validation,12000,directory_nominal_not_channel_verified,False,True,96000,0.0001438011957519599,0.13779026189102755,0.13779018685383246,-0.6196271283792647,0.5794689993652463,2.9588349529277087,216,2,0,1,1.0223655213334222,False,False,False,False
source/12kHz_DE_data/B/0007/B007_0.mat,X118_FE_time,FE,validation,12000,directory_nominal_not_channel_verified,False,False,96000,-9.977111779737101e-06,0.10530407482777973,0.10530407435513534,-0.4190059387026888,0.40486678857003844,2.762754030734511,141,2,0,1,1.0210459690256721,False,False,False,False
source/12kHz_DE_data/B/0007/B007_0.mat,X118_BA_time,BA,validation,12000,directory_nominal_not_channel_verified,False,False,96000,-5.662768596487853e-06,0.03529578576865726,0.03529578531439696,-0.15994473402601492,0.15567734312532044,3.1240391176681808,348,2,0,1,1.032514201443982,False,False,False,False
source/12kHz_DE_data/B/0007/B007_1.mat,X119_DE_time,DE,test,12000,directory_nominal_not_channel_verified,False,True,96000,-7.31172759162077e-05,0.1388501196782883,0.13885010042682341,-0.6635408970738204,0.6357777057205909,2.971046121181166,261,2,0,1,1.040885417176858,False,False,False,False
source/12kHz_DE_data/B/0007/B007_1.mat,X119_FE_time,FE,test,12000,directory_nominal_not_channel_verified,False,False,96000,0.0005019912133052191,0.08175679383782149,0.08175525269645866,-0.3444506155101796,0.3516293844898204,2.8961259642602295,203,2,0,1,1.0332129437770823,False,False,False,False
source/12kHz_DE_data/B/0007/B007_1.mat,X119_BA_time,BA,test,12000,directory_nominal_not_channel_verified,False,False,96000,1.7030363959748774e-05,0.03485688640817125,0.034856882247826716,-0.13853958864939336,0.14078836387286184,3.009623076645091,260,2,0,1,1.0329364995858301,False,False,False,False
source/12kHz_DE_data/B/0007/B007_2.mat,X120_DE_time,DE,train,12000,directory_nominal_not_channel_verified,False,True,96000,-5.491240066071373e-05,0.14750609320886934,0.14750608298769208,-0.5594425181799354,0.6000194379078888,2.8493511784530905,185,2,0,1,1.0345561243233863,False,False,False,False
source/12kHz_DE_data/B/0007/B007_2.mat,X120_FE_time,FE,train,12000,directory_nominal_not_channel_verified,False,False,96000,0.000390857117386102,0.08542199456850398,0.08542110036036361,-0.35059695547731085,0.3534957717954164,2.9199777467757726,207,2,0,1,1.0234513140352648,False,False,False,False
source/12kHz_DE_data/B/0007/B007_2.mat,X120_BA_time,BA,train,12000,directory_nominal_not_channel_verified,False,False,96000,0.00010963489847592466,0.03707847297096085,0.037078310884495674,-0.15999137634039648,0.1564756859741436,3.143396674641938,352,2,0,1,1.0497873951508676,False,False,False,False
source/12kHz_DE_data/B/0007/B007_3.mat,X121_DE_time,DE,train,12000,directory_nominal_not_channel_verified,False,True,96000,-4.247563542849625e-05,0.15410752065133698,0.15410751479769783,-0.7247619405123412,0.6673071213639062,2.901263884238301,203,2,0,1,1.069050229552852,False,False,False,False
source/12kHz_DE_data/B/0007/B007_3.mat,X121_FE_time,FE,train,12000,directory_nominal_not_channel_verified,False,False,96000,0.00011566562903168324,0.12130453805304217,0.12130448290860571,-0.4692030439543017,0.44363150150024383,2.7152012494305344,116,2,0,1,1.0171567016448004,False,False,False,False
source/12kHz_DE_data/B/0007/B007_3.mat,X121_BA_time,BA,train,12000,directory_nominal_not_channel_verified,False,False,96000,-4.13077074514898e-05,0.04514922629351899,0.04514920739699304,-0.18910930059320818,0.2028431029676227,2.978623173982788,228,2,0,1,1.0070757771220582,False,False,False,False
source/12kHz_DE_data/B/0014/B014_0.mat,X185_DE_time,DE,train,12000,directory_nominal_not_channel_verified,False,True,96000,-5.6534574718572616e-05,0.14751521078966973,0.14751519995635212,-1.9682036960725562,2.2734648468416156,20.806158184177466,1616,2,0,1,2.0703058738938593,False,True,True,False
source/12kHz_DE_data/B/0014/B014_0.mat,X185_FE_time,FE,train,12000,directory_nominal_not_channel_verified,False,False,96000,0.00010978330723761301,0.08369972566658376,0.08369965366885836,-0.5178838496283684,0.6053361503716315,3.6791326750359277,530,2,0,1,1.2472092700651032,False,False,False,False
source/12kHz_DE_data/B/0014/B014_0.mat,X185_BA_time,BA,train,12000,directory_nominal_not_channel_verified,False,False,96000,0.000130564855849319,0.046187242445589916,0.04618705790095446,-0.30062069552990733,0.34929360714071583,3.806985184179573,546,2,0,1,1.3138192544290908,False,False,False,False
source/12kHz_DE_data/B/0014/B014_1.mat,X186_DE_time,DE,train,12000,directory_nominal_not_channel_verified,False,True,96000,-2.0499069393389362e-05,0.14130576381445076,0.1413057623275622,-1.3083916945538412,1.335240041973105,9.077104880116108,1667,2,0,1,1.4203312819796137,False,False,False,False
source/12kHz_DE_data/B/0014/B014_1.mat,X186_FE_time,FE,train,12000,directory_nominal_not_channel_verified,False,False,96000,0.00013030225447267622,0.0674208260996461,0.06742070018385452,-0.3400430465144667,0.32172604439462416,3.1714985089065357,369,2,0,1,1.064778068620334,False,False,False,False
source/12kHz_DE_data/B/0014/B014_1.mat,X186_BA_time,BA,train,12000,directory_nominal_not_channel_verified,False,False,96000,3.424180366333903e-05,0.04613163833221007,0.04613162562399807,-0.1707056968016779,0.1711109204090046,2.740825215383048,137,2,0,1,1.0179746640366558,False,False,False,False
source/12kHz_DE_data/B/0014/B014_2.mat,X187_DE_time,DE,train,12000,directory_nominal_not_channel_verified,False,True,96000,-4.450871810110668e-05,0.14755634234673057,0.14755633563395226,-1.3903134120335534,1.8345112187049695,9.955473333756352,1362,2,0,1,1.542051128285667,False,False,False,False
source/12kHz_DE_data/B/0014/B014_2.mat,X187_FE_time,FE,train,12000,directory_nominal_not_channel_verified,False,False,96000,-0.00020186917518738045,0.07899199787145444,0.07899173992614654,-0.46388327627746007,0.4362130873589035,3.4133742487951775,466,2,0,1,1.1652961602605432,False,False,False,False
source/12kHz_DE_data/B/0014/B014_2.mat,X187_BA_time,BA,train,12000,directory_nominal_not_channel_verified,False,False,96000,-6.150571397259319e-05,0.0479220123196496,0.04792197284974604,-0.2643816260366729,0.3070295312333568,3.5505045943674136,472,2,0,1,1.171729685381726,False,False,False,False
source/12kHz_DE_data/B/0014/B014_3.mat,X188_DE_time,DE,train,12000,directory_nominal_not_channel_verified,False,True,96000,1.2020254461359561e-05,0.13886220861947257,0.13886220809922117,-1.7174139110666464,1.9846451308495212,15.090396145034967,1508,2,0,1,1.5486925706574612,False,False,False,False
source/12kHz_DE_data/B/0014/B014_3.mat,X188_FE_time,FE,train,12000,directory_nominal_not_channel_verified,False,False,96000,-7.862712197878348e-05,0.12790269614688013,0.12790267197919217,-0.6772196088265242,0.6152949366280213,2.7856637600548715,158,2,0,1,1.0310533809486766,False,False,False,False
source/12kHz_DE_data/B/0014/B014_3.mat,X188_BA_time,BA,train,12000,directory_nominal_not_channel_verified,False,False,96000,0.0001249342468803073,0.051519372225608755,0.05151922074289151,-0.24607255162849062,0.3235681605376815,3.3963020608373324,495,2,0,1,1.0953627694296297,False,False,False,False
source/12kHz_DE_data/B/0021/B021_0.mat,X222_DE_time,DE,train,12000,directory_nominal_not_channel_verified,False,True,96000,0.0007516507848186015,0.13847169930458111,0.1384696592376684,-1.6392407790679757,1.6382128337064754,9.026365073602301,1023,2,0,1,1.4641814140725598,False,False,False,False
source/12kHz_DE_data/B/0021/B021_0.mat,X222_FE_time,FE,train,12000,directory_nominal_not_channel_verified,False,False,96000,0.00017430336036929474,0.09464262907588607,0.09464246856847257,-0.585232268192661,0.6078422772618844,3.0340365488433525,268,2,0,1,1.1421869231228023,False,False,False,False
source/12kHz_DE_data/B/0021/B021_0.mat,X222_BA_time,BA,train,12000,directory_nominal_not_channel_verified,False,False,96000,-4.194046439545411e-05,0.04211510101912875,0.04211508013584761,-0.1779368399784904,0.17981378316691018,2.9476766264935983,219,2,0,1,1.0341926834193085,False,False,False,False
source/12kHz_DE_data/B/0021/B021_1.mat,X223_DE_time,DE,validation,12000,directory_nominal_not_channel_verified,False,True,96000,6.023228024714816e-05,0.12340462397167605,0.12340460927235733,-1.4178104926049824,1.4704485493111852,8.942297613610535,932,2,0,1,1.3393100746375661,False,False,False,False
source/12kHz_DE_data/B/0021/B021_1.mat,X223_FE_time,FE,validation,12000,directory_nominal_not_channel_verified,False,False,96000,0.00014857936930236224,0.07852928665965808,0.07852914610159574,-0.6216379505360006,0.5648620494639993,3.512652189055756,402,2,0,1,1.1895413616135855,False,False,False,False
source/12kHz_DE_data/B/0021/B021_1.mat,X223_BA_time,BA,validation,12000,directory_nominal_not_channel_verified,False,False,96000,-7.644459625525859e-05,0.035178771795314465,0.03517868873694009,-0.18580229189224937,0.1468804380780771,2.983837929328785,262,2,0,1,1.0404438969629026,False,False,False,False
source/12kHz_DE_data/B/0021/B021_2.mat,X224_DE_time,DE,validation,12000,directory_nominal_not_channel_verified,False,True,96000,7.586666886883512e-06,0.10739659575585589,0.10739659548788877,-0.5353962979268423,0.6409589116539961,3.3003565337908882,451,2,0,1,1.0676862383490275,False,False,False,False
source/12kHz_DE_data/B/0021/B021_2.mat,X224_FE_time,FE,validation,12000,directory_nominal_not_channel_verified,False,False,96000,-2.406963182621624e-05,0.076979302465391,0.07697929870238476,-0.33166304417728076,0.3670878649136283,2.9634742185865544,216,2,0,1,1.0370075170777995,False,False,False,False
source/12kHz_DE_data/B/0021/B021_2.mat,X224_BA_time,BA,validation,12000,directory_nominal_not_channel_verified,False,False,96000,0.00010916601286929514,0.03584234742575352,0.03584218118042001,-0.1745408471288221,0.14953108165456072,3.0134768027897505,271,2,0,1,1.016927860115911,False,False,False,False
source/12kHz_DE_data/B/0021/B021_3.mat,X225_DE_time,DE,train,12000,directory_nominal_not_channel_verified,False,True,96000,-3.83960566413788e-06,0.11792775058309352,0.11792775052058671,-0.4976139527148624,0.5096462868060957,3.109525062390292,334,2,0,1,1.0410702501665876,False,False,False,False
source/12kHz_DE_data/B/0021/B021_3.mat,X225_FE_time,FE,train,12000,directory_nominal_not_channel_verified,False,False,96000,1.1746154934581902e-05,0.09304382377785886,0.09304382303642245,-0.37622210054961086,0.37039971763220736,2.9575840445610306,246,2,0,1,1.030560583613787,False,False,False,False
source/12kHz_DE_data/B/0021/B021_3.mat,X225_BA_time,BA,train,12000,directory_nominal_not_channel_verified,False,False,96000,-0.00015776131721966175,0.043005505367924066,0.04300521600128681,-0.1608884977489704,0.18177310462491686,2.9424041954739253,211,2,0,1,1.0227287397487312,False,False,False,False
source/12kHz_DE_data/B/0028/B028_0_(1797rpm).mat,X048_DE_time,DE,train,12000,directory_nominal_not_channel_verified,False,True,96000,0.0038460027474984185,2.0744896435386697,2.074486078384732,-9.288828902808751,10.735533897191248,3.7797283326658127,658,2,0,1,1.0893173152680193,False,False,False,False
source/12kHz_DE_data/B/0028/B028_1_(1772rpm).mat,X049_DE_time,DE,test,12000,directory_nominal_not_channel_verified,False,True,96000,0.0027797833466872736,2.0242909837368193,2.0242890751181575,-10.10114072268873,11.66475407731127,3.8852046204674298,670,2,0,1,1.0745197993086524,False,False,False,False
source/12kHz_DE_data/B/0028/B028_2_(1750rpm).mat,X050_DE_time,DE,train,12000,directory_nominal_not_channel_verified,False,True,96000,-0.0011089797048423366,2.1437917355036107,2.1437914486669634,-9.922082922427759,10.441634477572242,3.766835981593307,659,2,0,1,1.0435361944265404,False,False,False,False
source/12kHz_DE_data/B/0028/B028_3_(1730rpm).mat,X051_DE_time,DE,train,12000,directory_nominal_not_channel_verified,False,True,96000,0.001276372460312533,2.143511878942786,2.1435114989293096,-10.099497847141771,11.344945952858229,3.9073777227457236,695,2,0,1,1.0947788720080858,False,False,False,False
source/12kHz_DE_data/IR/0007/IR007_0.mat,X105_DE_time,DE,train,12000,directory_nominal_not_channel_verified,False,True,96000,-0.00011440172994735735,0.29137346921558516,0.29137344675685484,-1.3835838788045483,1.7255869395587253,5.358030315179909,1513,2,0,1,1.0148291531626654,False,False,False,False
source/12kHz_DE_data/IR/0007/IR007_0.mat,X105_FE_time,FE,train,12000,directory_nominal_not_channel_verified,False,False,96000,2.934967617173621e-05,0.24350009437883438,0.24350009261003938,-1.1726755140170102,0.8983063041648081,3.3231322623538837,478,2,0,1,1.0176910997652744,False,False,False,False
source/12kHz_DE_data/IR/0007/IR007_0.mat,X105_BA_time,BA,train,12000,directory_nominal_not_channel_verified,False,False,96000,-3.4834997614479705e-05,0.09033660676066115,0.09033660004424159,-0.3426430599605225,0.36593735546974465,3.0666548939215548,260,2,0,1,1.018750393814107,False,False,False,False
source/12kHz_DE_data/IR/0007/IR007_1.mat,X106_DE_time,DE,test,12000,directory_nominal_not_channel_verified,False,True,96000,0.00010538706167513466,0.2922843232870566,0.2922843042876915,-1.336632005720261,1.5730684733216551,5.556885751736127,1610,2,0,1,1.0142248842393302,False,False,False,False
source/12kHz_DE_data/IR/0007/IR007_1.mat,X106_FE_time,FE,test,12000,directory_nominal_not_channel_verified,False,False,96000,-0.00019135049743454458,0.23811667723691943,0.23811660035230303,-1.185927003944404,0.9335420869646867,3.3624221221374233,516,2,0,1,1.0191202384147628,False,False,False,False
source/12kHz_DE_data/IR/0007/IR007_1.mat,X106_BA_time,BA,test,12000,directory_nominal_not_channel_verified,False,False,96000,-0.00011512687877206505,0.09585898723334212,0.0958589180994853,-0.36721079008722907,0.3645865986368066,3.1017904650780688,243,2,0,1,1.0087418654703557,False,False,False,False
source/12kHz_DE_data/IR/0007/IR007_2.mat,X107_DE_time,DE,train,12000,directory_nominal_not_channel_verified,False,True,96000,4.5837695487301026e-05,0.2998520302338749,0.2998520267303229,-1.3941844557305771,1.635068278800361,5.556076977422937,1660,2,0,1,1.0255434370392489,False,False,False,False
source/12kHz_DE_data/IR/0007/IR007_2.mat,X107_FE_time,FE,train,12000,directory_nominal_not_channel_verified,False,False,96000,-0.00010093203045263549,0.23235143043602272,0.23235140851389546,-0.9297687514812102,0.9232257939733352,3.1203460477392495,316,2,0,1,1.0250046901595133,False,False,False,False
source/12kHz_DE_data/IR/0007/IR007_2.mat,X107_BA_time,BA,train,12000,directory_nominal_not_channel_verified,False,False,96000,2.77501468249447e-05,0.0962650319331536,0.09626502793341117,-0.36252801315807126,0.36653323313273006,3.3216394064723316,409,2,0,1,1.0113653560136093,False,False,False,False
source/12kHz_DE_data/IR/0007/IR007_3.mat,X108_DE_time,DE,train,12000,directory_nominal_not_channel_verified,False,True,96000,-6.996563824931103e-05,0.313075990343144,0.3130759825252487,-1.5113042254698361,1.5127505849094052,5.280439069557213,1592,2,0,1,1.0474798064251531,False,False,False,False
source/12kHz_DE_data/IR/0007/IR007_3.mat,X108_FE_time,FE,train,12000,directory_nominal_not_channel_verified,False,False,96000,-7.36512194074858e-05,0.22488722918229556,0.22488721712180132,-1.1155234116739527,0.8623874974169561,3.225562181662686,435,2,0,1,1.0136106456295153,False,False,False,False
source/12kHz_DE_data/IR/0007/IR007_3.mat,X108_BA_time,BA,train,12000,directory_nominal_not_channel_verified,False,False,96000,9.613853775541255e-05,0.09677993128577332,0.09677988353506406,-0.38692593083909926,0.36804819378998094,3.276264051629332,480,2,0,1,1.011726366372288,False,False,False,False
source/12kHz_DE_data/IR/0014/IR014_0.mat,X169_DE_time,DE,validation,12000,directory_nominal_not_channel_verified,False,True,96000,-0.0006124835980359998,0.1934070670057255,0.1934060971934425,-2.0452177083818017,1.8998442876261823,22.22096522014513,2242,2,0,1,1.0958730279728037,False,False,True,False
source/12kHz_DE_data/IR/0014/IR014_0.mat,X169_FE_time,FE,validation,12000,directory_nominal_not_channel_verified,False,False,96000,0.00045208856070834744,0.11567045904029137,0.11566957556127282,-0.724506737177928,0.5941005355493446,3.79591997905388,679,2,0,1,1.0587940481497347,False,False,False,False
source/12kHz_DE_data/IR/0014/IR014_0.mat,X169_BA_time,BA,validation,12000,directory_nominal_not_channel_verified,False,False,96000,-6.350276921027981e-05,0.056681710699508864,0.056681675127161865,-0.303724193770694,0.2907832246269322,3.422337296685457,548,2,0,1,1.0741759892343772,False,False,False,False
source/12kHz_DE_data/IR/0014/IR014_1.mat,X170_DE_time,DE,train,12000,directory_nominal_not_channel_verified,False,True,96000,5.5483820640026694e-05,0.16682919613790848,0.1668291869115425,-1.7923334443160033,1.8959186115722202,21.2513612548459,2026,2,0,1,1.0547567852095918,False,False,True,False
source/12kHz_DE_data/IR/0014/IR014_1.mat,X170_FE_time,FE,train,12000,directory_nominal_not_channel_verified,False,False,96000,0.0001436882539689911,0.09716146274016267,0.09716135649265963,-0.6990292201930007,0.592458052534272,3.832027332864964,654,2,0,1,1.0361019128079525,False,False,False,False
source/12kHz_DE_data/IR/0014/IR014_1.mat,X170_BA_time,BA,train,12000,directory_nominal_not_channel_verified,False,False,96000,-0.00016335991171116906,0.04457265542563234,0.04457235606551888,-0.235469244385005,0.251483633953274,3.1124538028562996,287,2,0,1,1.0147915799512206,False,False,False,False
source/12kHz_DE_data/IR/0014/IR014_2.mat,X171_DE_time,DE,validation,12000,directory_nominal_not_channel_verified,False,True,96000,8.43837871039101e-05,0.16245848105513755,0.16245845913992585,-1.8841918113077063,1.8389837974747287,22.15742210903653,1927,2,0,1,1.0889189719371082,False,False,True,False
source/12kHz_DE_data/IR/0014/IR014_2.mat,X171_FE_time,FE,validation,12000,directory_nominal_not_channel_verified,False,False,96000,-9.253320915211727e-05,0.09239865916511009,0.09239861283112093,-0.7131816484743035,0.5844692606166054,4.395643503617478,786,2,0,1,1.034008458206286,False,False,False,False
source/12kHz_DE_data/IR/0014/IR014_2.mat,X171_BA_time,BA,validation,12000,directory_nominal_not_channel_verified,False,False,96000,-1.0128747280094253e-05,0.04481241332827066,0.04481241218359316,-0.24374864702250268,0.22755188710212643,3.1709439824781183,373,2,0,1,1.019191466322823,False,False,False,False
source/12kHz_DE_data/IR/0014/IR014_3.mat,X172_DE_time,DE,test,12000,directory_nominal_not_channel_verified,False,True,96000,6.846920022605804e-05,0.18186934183307885,0.18186932894461866,-2.020619394224591,2.1239129411047504,18.415752588977277,1871,2,0,1,1.0542853284921132,False,False,False,False
source/12kHz_DE_data/IR/0014/IR014_3.mat,X172_FE_time,FE,test,12000,directory_nominal_not_channel_verified,False,False,96000,-0.00034221173815100704,0.09699142650120324,0.09699082279197646,-0.7239939613404236,0.6217333113868491,4.513167974201482,891,2,0,1,1.037843197177972,False,False,False,False
source/12kHz_DE_data/IR/0014/IR014_3.mat,X172_BA_time,BA,test,12000,directory_nominal_not_channel_verified,False,False,96000,4.913972866022561e-05,0.060219164785075954,0.060219144735700114,-0.2556355335873636,0.27952173644231004,3.015480093816222,239,2,0,1,1.0155323157144525,False,False,False,False
source/12kHz_DE_data/IR/0021/IR021_0.mat,X209_DE_time,DE,validation,12000,directory_nominal_not_channel_verified,False,True,96000,-1.3947936931977859e-05,0.5268951460993255,0.5268951459147111,-3.385892997122935,3.77384143401479,7.599021372004486,1730,2,0,1,1.0750387310970726,False,False,False,False
source/12kHz_DE_data/IR/0021/IR021_0.mat,X209_FE_time,FE,validation,12000,directory_nominal_not_channel_verified,False,False,96000,7.013213139078771e-05,0.22892987244106133,0.22892986169865379,-1.1598504851223972,1.1063131512412392,3.540469264520633,571,2,0,1,1.0853938099363756,False,False,False,False
source/12kHz_DE_data/IR/0021/IR021_0.mat,X209_BA_time,BA,validation,12000,directory_nominal_not_channel_verified,False,False,96000,8.712781278189122e-05,0.0928825077597491,0.0928824668949102,-0.4237448780811351,0.4405542317111499,3.8273982499273314,785,2,0,1,1.0335289158807588,False,False,False,False
source/12kHz_DE_data/IR/0021/IR021_1.mat,X210_DE_time,DE,validation,12000,directory_nominal_not_channel_verified,False,True,96000,5.312036895478193e-05,0.4416014080488179,0.4416014048538852,-3.2870744899905344,3.683016927175134,7.6748662770308025,1827,2,0,1,1.0623446302849808,False,False,False,False
source/12kHz_DE_data/IR/0021/IR021_1.mat,X210_FE_time,FE,validation,12000,directory_nominal_not_channel_verified,False,False,96000,0.000306858068727775,0.17197361791714952,0.17197334414856094,-0.8910538993176358,0.8538715552278185,3.769902868863781,674,2,0,1,1.034372455901592,False,False,False,False
source/12kHz_DE_data/IR/0021/IR021_1.mat,X210_BA_time,BA,validation,12000,directory_nominal_not_channel_verified,False,False,96000,-7.853042362983132e-05,0.07254825021892136,0.07254820771597179,-0.3213052759651729,0.3896491453998124,3.988998565070054,790,2,0,1,1.024010949275674,False,False,False,False
source/12kHz_DE_data/IR/0021/IR021_2.mat,X211_DE_time,DE,train,12000,directory_nominal_not_channel_verified,False,True,96000,6.303926762145506e-05,0.487476210972889,0.48747620689684473,-3.127462119660356,3.619687081936451,8.027690144583904,2056,2,0,1,1.124285976805447,False,False,False,False
source/12kHz_DE_data/IR/0021/IR021_2.mat,X211_FE_time,FE,train,12000,directory_nominal_not_channel_verified,False,False,96000,0.00016568463994198187,0.17023533384002523,0.17023525321220906,-0.8649547114017246,0.9785889249619115,3.9808992176689073,809,2,0,1,1.0329316089035616,False,False,False,False
source/12kHz_DE_data/IR/0021/IR021_2.mat,X211_BA_time,BA,train,12000,directory_nominal_not_channel_verified,False,False,96000,-2.4361795177886586e-05,0.07075960182132998,0.07075959762757346,-0.3356398521030414,0.4131377146625373,3.976049125381886,797,2,0,1,1.0264159155718058,False,False,False,False
source/12kHz_DE_data/IR/0021/IR021_3.mat,X212_DE_time,DE,train,12000,directory_nominal_not_channel_verified,False,True,96000,4.456129776007993e-06,0.4459992764278536,0.4459992764055922,-3.078554865592405,3.563823677321767,8.192370848146375,1903,2,0,1,1.053597172214163,False,False,False,False
source/12kHz_DE_data/IR/0021/IR021_3.mat,X212_FE_time,FE,train,12000,directory_nominal_not_channel_verified,False,False,96000,6.539783985974017e-05,0.16610857283767022,0.16610855996392881,-0.8096416430124129,0.8335838115330416,3.9469188132657407,811,2,0,1,1.0362156209169604,False,False,False,False
source/12kHz_DE_data/IR/0021/IR021_3.mat,X212_BA_time,BA,train,12000,directory_nominal_not_channel_verified,False,False,96000,7.199605070722349e-05,0.07341684627471244,0.07341681097332844,-0.35342569773267557,0.4527706227421019,3.887002072153721,739,2,0,1,1.024154856884189,False,False,False,False
source/12kHz_DE_data/IR/0028/IR028_0_(1797rpm).mat,X056_DE_time,DE,train,12000,directory_nominal_not_channel_verified,False,True,96000,-1.6708159148380198e-05,0.836380426695686,0.8363804265287987,-3.6108005273747734,4.424253772625226,3.3714832147224083,474,2,0,1,1.060927043356122,False,False,False,False
source/12kHz_DE_data/IR/0028/IR028_1_(1772rpm).mat,X057_DE_time,DE,train,12000,directory_nominal_not_channel_verified,False,True,96000,8.707862613545267e-05,0.8393320202580811,0.8393320157409848,-3.7252176435686564,3.9224678564313438,3.1912868724623293,379,2,0,1,1.0259966489067995,False,False,False,False
source/12kHz_DE_data/IR/0028/IR028_2_(1750rpm).mat,X058_DE_time,DE,validation,12000,directory_nominal_not_channel_verified,False,True,96000,0.0001274578662959487,0.838811021149205,0.8388110114655533,-4.198644544545163,3.807926755454838,3.28753191678455,451,2,0,1,1.0413920993110832,False,False,False,False
source/12kHz_DE_data/IR/0028/IR028_3_(1730rpm).mat,X059_DE_time,DE,validation,12000,directory_nominal_not_channel_verified,False,True,96000,1.0286240682368701e-05,0.823757534747939,0.8237575346837169,-3.8284720774311927,3.6959227225688074,3.304598212427333,454,2,0,1,1.0200626249551192,False,False,False,False
source/12kHz_DE_data/OR/Centered/0007/OR007@6_0.mat,X130_DE_time,DE,train,12000,directory_nominal_not_channel_verified,False,True,96000,0.0011247921226715076,0.671833120493486,0.6718321789217123,-3.431872673853709,3.6072536734516802,7.6146325686420955,2497,2,0,1,1.0686443695624954,False,False,False,False
source/12kHz_DE_data/OR/Centered/0007/OR007@6_0.mat,X130_FE_time,FE,train,12000,directory_nominal_not_channel_verified,False,False,96000,-0.00031008889000256695,0.2553520267994781,0.2553518385198777,-1.0676353237384875,1.0727901308069672,3.586758872516057,481,2,0,1,1.0171469498864607,False,False,False,False
source/12kHz_DE_data/OR/Centered/0007/OR007@6_0.mat,X130_BA_time,BA,train,12000,directory_nominal_not_channel_verified,False,False,96000,-8.22854646820855e-06,0.07670449663199885,0.07670449619063635,-0.3568715543995839,0.38977343076362087,4.044046495188171,815,2,0,1,1.0411781424108628,False,False,False,False
source/12kHz_DE_data/OR/Centered/0007/OR007@6_1.mat,X131_DE_time,DE,train,12000,directory_nominal_not_channel_verified,False,True,96000,2.1258021640350585e-05,0.5918076422928653,0.591807641911066,-2.9660656448632152,3.1081960317834914,7.557040168135796,2526,2,0,1,1.017627595145924,False,False,False,False
source/12kHz_DE_data/OR/Centered/0007/OR007@6_1.mat,X131_FE_time,FE,train,12000,directory_nominal_not_channel_verified,False,False,96000,-0.00015139149018065265,0.2569582556006959,0.2569582110032082,-1.0540881787439684,1.0339463667105768,3.4334669708797745,386,2,0,1,1.0368392326206515,False,False,False,False
source/12kHz_DE_data/OR/Centered/0007/OR007@6_1.mat,X131_BA_time,BA,train,12000,directory_nominal_not_channel_verified,False,False,96000,-8.187577415710952e-05,0.06862478809716022,0.06862473925442447,-0.28230457897148653,0.3556592192480981,4.0027217605337455,830,2,0,1,1.0192670285422636,False,False,False,False
source/12kHz_DE_data/OR/Centered/0007/OR007@6_2.mat,X132_DE_time,DE,train,12000,directory_nominal_not_channel_verified,False,True,96000,-6.290485740949287e-05,0.5708502274299562,0.5708502239640548,-3.0861188404715976,3.097380460925608,7.850127192209791,2497,2,0,1,1.0232221865946842,False,False,False,False
source/12kHz_DE_data/OR/Centered/0007/OR007@6_2.mat,X132_FE_time,FE,train,12000,directory_nominal_not_channel_verified,False,False,96000,0.0002478900889500995,0.22569171378653577,0.22569157765057912,-0.9120968196269589,1.017532271282132,3.6775749381720986,531,2,0,1,1.0454648466184842,False,False,False,False
source/12kHz_DE_data/OR/Centered/0007/OR007@6_2.mat,X132_BA_time,BA,train,12000,directory_nominal_not_channel_verified,False,False,96000,4.093621259180745e-05,0.07012111940936584,0.07012110746022943,-0.32794870424734884,0.3703711770582892,4.173509144271913,912,2,0,1,1.0175786895633487,False,False,False,False
source/12kHz_DE_data/OR/Centered/0007/OR007@6_3.mat,X133_DE_time,DE,validation,12000,directory_nominal_not_channel_verified,False,True,96000,2.6768803490117195e-05,0.5813199033654175,0.5813199027490883,-3.007548540814773,3.2315847925185603,7.958549842653348,2515,2,0,1,1.0255069313186393,False,False,False,False
source/12kHz_DE_data/OR/Centered/0007/OR007@6_3.mat,X133_FE_time,FE,validation,12000,directory_nominal_not_channel_verified,False,False,96000,0.00012468929506396367,0.2557776409993484,0.25577761060689275,-0.956866876860239,1.1944476685943064,3.676321907731908,518,2,0,1,1.033642977599118,False,False,False,False
source/12kHz_DE_data/OR/Centered/0007/OR007@6_3.mat,X133_BA_time,BA,validation,12000,directory_nominal_not_channel_verified,False,False,96000,-2.7065395146012363e-05,0.07321834498329051,0.07321833998088545,-0.3319099850538998,0.3726466915039638,4.0624948927338895,875,2,0,1,1.0188643059793177,False,False,False,False
source/12kHz_DE_data/OR/Centered/0014/OR014@6_0.mat,X197_DE_time,DE,train,12000,directory_nominal_not_channel_verified,False,True,96000,0.0001819870235729244,0.0995939218001932,0.09959375552847803,-0.47468469551385223,0.4186107535879442,3.0057575184542342,274,2,0,1,1.0464511240258754,False,False,False,False
source/12kHz_DE_data/OR/Centered/0014/OR014@6_0.mat,X197_FE_time,FE,train,12000,directory_nominal_not_channel_verified,False,False,96000,-0.00021567222941999557,0.14639868678076146,0.14639852791821698,-0.5145229733657837,0.5117224811796709,2.4508388292728363,40,2,0,1,1.0366960828765273,False,False,False,False
source/12kHz_DE_data/OR/Centered/0014/OR014@6_0.mat,X197_BA_time,BA,train,12000,directory_nominal_not_channel_verified,False,False,96000,-0.00013474407154241718,0.038394862332882924,0.03839462589472928,-0.18107231738014776,0.1758333206020481,2.9168762364943697,192,2,0,1,1.0413983462688585,False,False,False,False
source/12kHz_DE_data/OR/Centered/0014/OR014@6_1.mat,X198_DE_time,DE,train,12000,directory_nominal_not_channel_verified,False,True,96000,-6.555733940426238e-05,0.09378751430515346,0.09378749139290705,-0.40474331711111083,0.39273895833799094,2.9456088272247203,239,2,0,1,1.0442529884966127,False,False,False,False
source/12kHz_DE_data/OR/Centered/0014/OR014@6_1.mat,X198_FE_time,FE,train,12000,directory_nominal_not_channel_verified,False,False,96000,0.00036181108942266895,0.10156459514765517,0.10156395069237249,-0.39183774783103187,0.37635679762351354,2.795844456541749,158,2,0,1,1.0277005246655377,False,False,False,False
source/12kHz_DE_data/OR/Centered/0014/OR014@6_1.mat,X198_BA_time,BA,train,12000,directory_nominal_not_channel_verified,False,False,96000,9.332921063963647e-05,0.031020121837213224,0.031019981438646833,-0.1399639348323871,0.12994846872844382,2.900693592031965,195,2,0,1,1.0228649540211265,False,False,False,False
source/12kHz_DE_data/OR/Centered/0014/OR014@6_2.mat,X199_DE_time,DE,validation,12000,directory_nominal_not_channel_verified,False,True,96000,4.101563590589568e-05,0.0965646827657831,0.0965646740551323,-0.41308983558415396,0.4741969907631514,3.0191728190777174,264,2,0,1,1.0806546530101395,False,False,False,False
source/12kHz_DE_data/OR/Centered/0014/OR014@6_2.mat,X199_FE_time,FE,validation,12000,directory_nominal_not_channel_verified,False,False,96000,0.00020499589447080726,0.09300505433477291,0.09300482841496624,-0.38908748821537764,0.38527069360280414,2.8748653897025767,206,2,0,1,1.021684658690563,False,False,False,False
source/12kHz_DE_data/OR/Centered/0014/OR014@6_2.mat,X199_BA_time,BA,validation,12000,directory_nominal_not_channel_verified,False,False,96000,-0.0001134105569415326,0.030414137358882442,0.030413925911176653,-0.12047350125427092,0.12581955512555107,2.9545920362741604,240,2,0,1,1.015680572458265,False,False,False,False
source/12kHz_DE_data/OR/Centered/0014/OR014@6_3.mat,X200_DE_time,DE,train,12000,directory_nominal_not_channel_verified,False,True,96000,-6.884442733658336e-05,0.09486615727792803,0.09486613229770362,-0.6677062242551808,0.6625947338286515,3.897917951906684,441,6,0,1,1.1537179790161394,False,False,False,False
source/12kHz_DE_data/OR/Centered/0014/OR014@6_3.mat,X200_FE_time,FE,train,12000,directory_nominal_not_channel_verified,False,False,96000,1.4000971297899456e-05,0.09856573560073024,0.09856573460633195,-0.4576462653355202,0.4531337346644797,3.0655094646608876,296,2,0,1,1.0438524249691932,False,False,False,False
source/12kHz_DE_data/OR/Centered/0014/OR014@6_3.mat,X200_BA_time,BA,train,12000,directory_nominal_not_channel_verified,False,False,96000,-3.4659082221996025e-05,0.03720383439945647,0.037203818255257086,-0.14745112231293417,0.14793154831021127,2.877261316857993,176,2,0,1,1.012720552495335,False,False,False,False
source/12kHz_DE_data/OR/Centered/0021/OR021@6_0.mat,X234_DE_time,DE,train,12000,directory_nominal_not_channel_verified,False,True,96000,6.814887086873995e-05,0.5858758257647735,0.5858758218012471,-6.416451668410195,6.648205816619745,21.016752931840344,2709,2,0,1,1.1009727844245838,False,False,True,False
source/12kHz_DE_data/OR/Centered/0021/OR021@6_0.mat,X234_FE_time,FE,train,12000,directory_nominal_not_channel_verified,False,False,96000,-3.681391713683165e-05,0.20253687971693882,0.202536876371216,-1.972104664220167,1.7850426085071056,11.038067848943504,1834,2,0,1,1.0783230546318239,False,False,False,False
source/12kHz_DE_data/OR/Centered/0021/OR021@6_0.mat,X234_BA_time,BA,train,12000,directory_nominal_not_channel_verified,False,False,96000,-6.552903663283182e-05,0.10391594337156397,0.1039159227103693,-0.6786137038620944,0.8480461180963628,10.191883391023744,1696,2,0,1,1.038657353926957,False,False,False,False
source/12kHz_DE_data/OR/Centered/0021/OR021@6_1.mat,X235_DE_time,DE,train,12000,directory_nominal_not_channel_verified,False,True,96000,9.151649240861742e-05,0.569874211737477,0.5698742043891287,-6.11624763111758,6.203644784052081,22.21045913081356,2760,2,0,1,1.2023213175276608,False,False,True,False
source/12kHz_DE_data/OR/Centered/0021/OR021@6_1.mat,X235_FE_time,FE,train,12000,directory_nominal_not_channel_verified,False,False,96000,0.00014053814870502182,0.1896714629385845,0.1896714108723072,-1.6891786222679614,1.803137741368402,13.41585130781687,1987,2,0,1,1.1371236264943212,False,False,False,False
source/12kHz_DE_data/OR/Centered/0021/OR021@6_1.mat,X235_BA_time,BA,train,12000,directory_nominal_not_channel_verified,False,False,96000,-7.844366351784265e-06,0.09108683542869692,0.09108683509091989,-0.6167436672962068,0.8002020695979575,11.253175157665494,1796,2,0,1,1.047179211947505,False,False,False,False
source/12kHz_DE_data/OR/Centered/0021/OR021@6_2.mat,X236_DE_time,DE,validation,12000,directory_nominal_not_channel_verified,False,True,96000,4.523413290269229e-06,0.5652934469907286,0.5652934469726307,-6.656715869724393,6.649563870794569,23.892983639502802,2754,4,0,1,1.193035037488714,False,False,True,False
source/12kHz_DE_data/OR/Centered/0021/OR021@6_2.mat,X236_FE_time,FE,validation,12000,directory_nominal_not_channel_verified,False,False,96000,-0.00010797986587276354,0.19829662110889093,0.19829659170936756,-1.931400910168903,1.8970390898310967,13.41343345112274,2015,2,0,1,1.134833806697453,False,False,False,False
source/12kHz_DE_data/OR/Centered/0021/OR021@6_2.mat,X236_BA_time,BA,validation,12000,directory_nominal_not_channel_verified,False,False,96000,-8.28085351976163e-05,0.08937662079098296,0.08937658242941304,-0.6497992373262049,0.7663415539695421,11.12242262030113,1706,2,0,1,1.041980164992696,False,False,False,False
source/12kHz_DE_data/OR/Centered/0021/OR021@6_3.mat,X237_DE_time,DE,test,12000,directory_nominal_not_channel_verified,False,True,96000,-8.781084111170194e-05,0.5445676191398172,0.5445676120601235,-6.656892902900743,6.649386837618219,23.774599558213396,2751,3,0,1,1.1956437142341583,False,False,True,False
source/12kHz_DE_data/OR/Centered/0021/OR021@6_3.mat,X237_FE_time,FE,test,12000,directory_nominal_not_channel_verified,False,False,96000,3.640656802954508e-05,0.19435155091273137,0.19435154750283268,-1.888786513848637,2.0582007588786357,13.456882685059357,1899,2,0,1,1.1290711765951107,False,False,False,False
source/12kHz_DE_data/OR/Centered/0021/OR021@6_3.mat,X237_BA_time,BA,test,12000,directory_nominal_not_channel_verified,False,False,96000,-1.8291446506667233e-05,0.09423093296524729,0.09423093118994375,-0.6312779247289416,0.8562615411464294,9.818470143815158,1549,2,0,1,1.0468401356036454,False,False,False,False
source/12kHz_DE_data/OR/Opposite/0007/OR007@12_0.mat,X156_DE_time,DE,test,12000,directory_nominal_not_channel_verified,False,True,96000,-0.0006501753322089162,0.23793293768566012,0.23793204934973686,-1.7738020870250732,1.679893641517841,8.096760726018035,2116,2,0,1,1.1304094566526,False,False,False,False
source/12kHz_DE_data/OR/Opposite/0007/OR007@12_0.mat,X156_FE_time,FE,test,12000,directory_nominal_not_channel_verified,False,False,96000,-1.6622077073227603e-05,0.12906215198691576,0.12906215091652662,-0.9925867154861641,1.020662375422927,4.770128390657472,859,2,0,1,1.1006874609674822,False,False,False,False
source/12kHz_DE_data/OR/Opposite/0007/OR007@12_0.mat,X156_BA_time,BA,test,12000,directory_nominal_not_channel_verified,False,False,96000,1.3133899862963908e-05,0.039556750247852046,0.03955674806744884,-0.1802760964599293,0.18862028336202916,2.939954151702284,221,2,0,1,1.0440573641630126,False,False,False,False
source/12kHz_DE_data/OR/Opposite/0007/OR007@12_1.mat,X158_DE_time,DE,test,12000,directory_nominal_not_channel_verified,False,True,96000,-1.3519893613126305e-05,0.2345018198655402,0.23450181947580437,-2.0440201052350133,1.7881494756033096,7.976190409923028,2107,2,0,1,1.1289054327399843,False,False,False,False
source/12kHz_DE_data/OR/Opposite/0007/OR007@12_1.mat,X158_FE_time,FE,test,12000,directory_nominal_not_channel_verified,False,False,96000,8.066520005885178e-05,0.13608364247166377,0.1360836185640326,-1.0075831635120622,1.0993532001243012,5.046447276652823,939,2,0,1,1.101915061370706,False,False,False,False
source/12kHz_DE_data/OR/Opposite/0007/OR007@12_1.mat,X158_BA_time,BA,test,12000,directory_nominal_not_channel_verified,False,False,96000,-4.990667147506572e-05,0.0409083129815351,0.04090828253935107,-0.1809397571796353,0.16916576210819853,2.8822205870570494,190,2,0,1,1.0655770102334694,False,False,False,False
source/12kHz_DE_data/OR/Opposite/0007/OR007@12_2.mat,X159_DE_time,DE,test,12000,directory_nominal_not_channel_verified,False,True,96000,-6.680378320696531e-05,0.27082833694253106,0.2708283287034643,-2.309110012057076,2.2572663552083934,8.487161807416664,2307,2,0,1,1.0524960742926806,False,False,False,False
source/12kHz_DE_data/OR/Opposite/0007/OR007@12_2.mat,X159_FE_time,FE,test,12000,directory_nominal_not_channel_verified,False,False,96000,-0.00022099494665928006,0.14655882151914792,0.14655865490074277,-1.187874911139841,1.2471723615874315,7.027563023117381,1335,2,0,1,1.0567777005329755,False,False,False,False
source/12kHz_DE_data/OR/Opposite/0007/OR007@12_2.mat,X159_BA_time,BA,test,12000,directory_nominal_not_channel_verified,False,False,96000,-2.197654148437356e-05,0.04040868982060199,0.04040868384455558,-0.22687774616314613,0.20531204612172038,3.2506932566589253,411,2,0,1,1.015264157322085,False,False,False,False
source/12kHz_DE_data/OR/Opposite/0007/OR007@12_3.mat,X160_DE_time,DE,train,12000,directory_nominal_not_channel_verified,False,True,96000,8.553089677182642e-05,0.2556865907200188,0.25568657641435166,-1.9109413916772469,1.6104897859674636,8.227077735360483,2284,2,0,1,1.049707655623528,False,False,False,False
source/12kHz_DE_data/OR/Opposite/0007/OR007@12_3.mat,X160_FE_time,FE,train,12000,directory_nominal_not_channel_verified,False,False,96000,8.953739235545854e-05,0.14042263306004232,0.1404226045142685,-1.054986600183402,1.088315217998416,5.900471216730329,1076,2,0,1,1.0537505434976715,False,False,False,False
source/12kHz_DE_data/OR/Opposite/0007/OR007@12_3.mat,X160_BA_time,BA,train,12000,directory_nominal_not_channel_verified,False,False,96000,-6.46276719977867e-05,0.04474462436865395,0.04474457769558176,-0.21123348748653786,0.2194272840268153,3.1567868719854473,346,2,0,1,1.0146879670932736,False,False,False,False
source/12kHz_DE_data/OR/Opposite/0021/OR021@12_0.mat,X258_DE_time,DE,validation,12000,directory_nominal_not_channel_verified,False,True,96000,0.0034013899704348274,0.38371001781522723,0.3836949417415234,-4.30613939865128,4.6667771682149874,34.3608463314375,2622,2,0,1,1.102540090170364,False,False,True,False
source/12kHz_DE_data/OR/Opposite/0021/OR021@12_0.mat,X258_FE_time,FE,validation,12000,directory_nominal_not_channel_verified,False,False,96000,-9.962932565149796e-05,0.1374152778438807,0.13741524172706754,-0.8843431887195907,0.9926895385531362,7.646352924697547,1779,2,0,1,1.0599657119186896,False,False,False,False
source/12kHz_DE_data/OR/Opposite/0021/OR021@12_0.mat,X258_BA_time,BA,validation,12000,directory_nominal_not_channel_verified,False,False,96000,-7.939873031463445e-05,0.062462604193686454,0.06246255373020511,-0.45244788100034433,0.35225965609164384,6.03645741884649,1224,2,0,1,1.0642992745083515,False,False,False,False
source/12kHz_DE_data/OR/Opposite/0021/OR021@12_1.mat,X259_DE_time,DE,train,12000,directory_nominal_not_channel_verified,False,True,96000,5.310107076904602e-07,0.3515100597209441,0.35151005972054306,-3.994115114465008,4.277487779746569,33.24937483237342,2608,2,0,1,1.0674475099775016,False,False,True,False
source/12kHz_DE_data/OR/Opposite/0021/OR021@12_1.mat,X259_FE_time,FE,train,12000,directory_nominal_not_channel_verified,False,False,96000,-4.062675217152793e-07,0.1355602665253631,0.1355602665247543,-1.0624444926879764,1.0960609618574781,9.790891782798498,2003,2,0,1,1.0458866135639648,False,False,False,False
source/12kHz_DE_data/OR/Opposite/0021/OR021@12_1.mat,X259_BA_time,BA,train,12000,directory_nominal_not_channel_verified,False,False,96000,9.292209343441266e-05,0.05849234056545257,0.05849226675646482,-0.44580778722407305,0.3308945273159864,7.800991628105463,1360,2,0,1,1.024757054959942,False,False,False,False
source/12kHz_DE_data/OR/Opposite/0021/OR021@12_2.mat,X260_DE_time,DE,train,12000,directory_nominal_not_channel_verified,False,True,96000,0.00015303086615010278,0.3441240910786332,0.3441240570524668,-3.958918504392499,4.1047674237512135,33.24147812219364,2552,2,0,1,1.0905961087646228,False,False,True,False
source/12kHz_DE_data/OR/Opposite/0021/OR021@12_2.mat,X260_FE_time,FE,train,12000,directory_nominal_not_channel_verified,False,False,96000,0.00020521712396978715,0.13662965484364342,0.13662950072596022,-1.0228187722131514,1.1276739550595758,9.277480023983026,1921,2,0,1,1.0525549702102213,False,False,False,False
source/12kHz_DE_data/OR/Opposite/0021/OR021@12_2.mat,X260_BA_time,BA,train,12000,directory_nominal_not_channel_verified,False,False,96000,9.414200170925313e-06,0.05933598377579207,0.059335983028967296,-0.4851915403881081,0.34410104121426593,7.776286374552592,1333,2,0,1,1.05167940215161,False,False,False,False
source/12kHz_DE_data/OR/Opposite/0021/OR021@12_3.mat,X261_DE_time,DE,test,12000,directory_nominal_not_channel_verified,False,True,96000,-5.690335575774408e-05,0.3124935095662779,0.3124935043853832,-3.5419973562156626,3.679056336399108,33.160654958338256,2484,2,0,1,1.0687800790364193,False,False,True,False
source/12kHz_DE_data/OR/Opposite/0021/OR021@12_3.mat,X261_FE_time,FE,test,12000,directory_nominal_not_channel_verified,False,False,96000,6.399082098837624e-06,0.14121045423828021,0.14121045409329006,-1.0936207478686586,1.0330392521313412,6.568340235336607,1424,2,0,1,1.033780855866656,False,False,False,False
source/12kHz_DE_data/OR/Opposite/0021/OR021@12_3.mat,X261_BA_time,BA,test,12000,directory_nominal_not_channel_verified,False,False,96000,3.533287961945184e-05,0.06281619231925005,0.06281618238222239,-0.43414983989486133,0.34315603547605866,6.093104159608021,1126,2,0,1,1.0341710430215787,False,False,False,False
source/12kHz_DE_data/OR/Orthogonal/0007/OR007@3_0.mat,X144_DE_time,DE,train,12000,directory_nominal_not_channel_verified,False,True,96000,-1.0175912998783659e-06,0.7696560523612762,0.7696560523606036,-3.013865895804665,3.341814643117491,4.233958797469324,1012,2,0,1,1.0679061170626243,False,False,False,False
source/12kHz_DE_data/OR/Orthogonal/0007/OR007@3_0.mat,X144_FE_time,FE,train,12000,directory_nominal_not_channel_verified,False,False,96000,-0.00022149229833226395,0.16838709673421035,0.1683869510613518,-0.6884677394763624,0.7449886241600011,3.1137609321061053,359,2,0,1,1.0705762906737586,False,False,False,False
source/12kHz_DE_data/OR/Orthogonal/0007/OR007@3_0.mat,X144_BA_time,BA,train,12000,directory_nominal_not_channel_verified,False,False,96000,1.6250416148228855e-05,0.08618862145620074,0.08618861992423502,-0.40273645381604767,0.36974093490798804,3.165248931931708,357,2,0,1,1.0295399497554043,False,False,False,False
source/12kHz_DE_data/OR/Orthogonal/0007/OR007@3_1.mat,X145_DE_time,DE,train,12000,directory_nominal_not_channel_verified,False,True,96000,-6.015784709715862e-05,0.8489717376476019,0.8489717355162196,-3.3118995067233032,3.467330632997256,4.052296724679787,1095,2,0,1,1.0138337632297016,False,False,False,False
source/12kHz_DE_data/OR/Orthogonal/0007/OR007@3_1.mat,X145_FE_time,FE,train,12000,directory_nominal_not_channel_verified,False,False,96000,0.0001658571146271796,0.19038536176110432,0.1903852895166118,-0.8497270334535546,0.9334129665464453,3.3419752206724884,495,2,0,1,1.021103190023756,False,False,False,False
source/12kHz_DE_data/OR/Orthogonal/0007/OR007@3_1.mat,X145_BA_time,BA,train,12000,directory_nominal_not_channel_verified,False,False,96000,-4.1590422442876964e-05,0.09015674381511514,0.09015673422202616,-0.3555884323252619,0.38936658251153344,2.942216594148322,231,2,0,1,1.0105767192172819,False,False,False,False
source/12kHz_DE_data/OR/Orthogonal/0007/OR007@3_2.mat,X146_DE_time,DE,test,12000,directory_nominal_not_channel_verified,False,True,96000,-0.00017225416797749638,0.8530029686921903,0.8530029512998132,-3.35715177991856,3.631213589342917,3.949213210861095,863,2,0,1,1.0170387829223015,False,False,False,False
source/12kHz_DE_data/OR/Orthogonal/0007/OR007@3_2.mat,X146_FE_time,FE,test,12000,directory_nominal_not_channel_verified,False,False,96000,1.1159952580780323e-05,0.18448416433534778,0.1844841639977997,-0.8108342467519646,0.8430748441571262,3.293480897212241,451,2,0,1,1.013582986747933,False,False,False,False
source/12kHz_DE_data/OR/Orthogonal/0007/OR007@3_2.mat,X146_BA_time,BA,test,12000,directory_nominal_not_channel_verified,False,False,96000,0.0001370264263704563,0.09045807701402,0.09045797322974274,-0.3708903682546385,0.3059829848610886,2.855077132595001,184,2,0,1,1.0128153541944198,False,False,False,False
source/12kHz_DE_data/OR/Orthogonal/0007/OR007@3_3.mat,X147_DE_time,DE,train,12000,directory_nominal_not_channel_verified,False,True,96000,0.00011924026305178263,0.7961874566414193,0.7961874477124665,-3.322787017046288,3.612380847225169,4.088623711910362,982,2,0,1,1.0273779810886907,False,False,False,False
source/12kHz_DE_data/OR/Orthogonal/0007/OR007@3_3.mat,X147_FE_time,FE,train,12000,directory_nominal_not_channel_verified,False,False,96000,-7.562143634349112e-05,0.18009509837737292,0.18009508250075568,-0.814138088917404,0.9414710019916868,3.290802551593052,429,2,0,1,1.0235668863477168,False,False,False,False
source/12kHz_DE_data/OR/Orthogonal/0007/OR007@3_3.mat,X147_BA_time,BA,train,12000,directory_nominal_not_channel_verified,False,False,96000,6.839512538218245e-05,0.09499675349554697,0.09499672887421198,-0.40667973929969203,0.3543299936379935,3.1119640356758786,381,2,0,1,1.0076500747898087,False,False,False,False
source/12kHz_DE_data/OR/Orthogonal/0021/OR021@3_0.mat,X246_DE_time,DE,train,12000,directory_nominal_not_channel_verified,False,True,96000,0.00014085857158854836,0.31566292008189045,0.3156628886541602,-1.9872553632580854,2.653353858298801,6.999580366976964,1667,2,0,1,1.0293104760178913,False,False,False,False
source/12kHz_DE_data/OR/Orthogonal/0021/OR021@3_0.mat,X246_FE_time,FE,train,12000,directory_nominal_not_channel_verified,False,False,96000,5.741253339452545e-05,0.2226991242582729,0.2226991168577071,-1.2756395205537265,1.1855004794462733,4.606505440846746,1079,2,0,1,1.0196190131597291,False,False,False,False
source/12kHz_DE_data/OR/Orthogonal/0021/OR021@3_0.mat,X246_BA_time,BA,train,12000,directory_nominal_not_channel_verified,False,False,96000,3.5919639627482096e-05,0.14161088229890312,0.14161087774338976,-0.7180439921327515,0.6782951374419272,4.280453020569269,1028,2,0,1,1.0165720809646006,False,False,False,False
source/12kHz_DE_data/OR/Orthogonal/0021/OR021@3_1.mat,X247_DE_time,DE,train,12000,directory_nominal_not_channel_verified,False,True,96000,-3.9321867538611483e-05,0.2840359728566257,0.284035970134771,-1.8756361968163908,2.1860542223452857,7.098398393725952,1720,2,0,1,1.0306370946613839,False,False,False,False
source/12kHz_DE_data/OR/Orthogonal/0021/OR021@3_1.mat,X247_FE_time,FE,train,12000,directory_nominal_not_channel_verified,False,False,96000,0.0001294627766158112,0.2190184826897213,0.2190184444267131,-1.5646629464468689,1.2389697808258582,5.954567725760751,1465,2,0,1,1.052048805076024,False,False,False,False
source/12kHz_DE_data/OR/Orthogonal/0021/OR021@3_1.mat,X247_BA_time,BA,train,12000,directory_nominal_not_channel_verified,False,False,96000,-5.5261008508378746e-05,0.13087961443493165,0.13087960276856478,-0.7260308615166687,0.6428596231519763,4.71753018028769,1288,2,0,1,1.0240890158745095,False,False,False,False
source/12kHz_DE_data/OR/Orthogonal/0021/OR021@3_2.mat,X248_DE_time,DE,train,12000,directory_nominal_not_channel_verified,False,True,96000,3.183295486845734e-05,0.2794513184821682,0.2794513166690849,-1.6381639662251049,2.113762660521402,6.81784889169601,1767,2,0,1,1.0351106542481487,False,False,False,False
source/12kHz_DE_data/OR/Orthogonal/0021/OR021@3_2.mat,X248_FE_time,FE,train,12000,directory_nominal_not_channel_verified,False,False,96000,0.00013960862052563657,0.22400289159326603,0.22400284808809368,-1.6517840701484137,1.2693686571243135,5.845941290442635,1434,2,0,1,1.0541238530461945,False,False,False,False
source/12kHz_DE_data/OR/Orthogonal/0021/OR021@3_2.mat,X248_BA_time,BA,train,12000,directory_nominal_not_channel_verified,False,False,96000,-0.00011303937922135802,0.13022401037421513,0.13022396131297204,-0.6510799369031252,0.6621888069148769,4.83119572068511,1310,2,0,1,1.0328720230502,False,False,False,False
source/12kHz_DE_data/OR/Orthogonal/0021/OR021@3_3.mat,X249_DE_time,DE,train,12000,directory_nominal_not_channel_verified,False,True,96000,2.9346529652757007e-05,0.27943078376729347,0.27943078222626994,-1.6769128215691496,2.2936514898080955,6.405552338675608,1575,2,0,1,1.052137719049394,False,False,False,False
source/12kHz_DE_data/OR/Orthogonal/0021/OR021@3_3.mat,X249_FE_time,FE,train,12000,directory_nominal_not_channel_verified,False,False,96000,0.0002228556884687358,0.21774434250946142,0.2177442284659223,-1.6298683841410766,1.153629797677105,5.850276756924366,1329,2,0,1,1.0173892711114902,False,False,False,False
source/12kHz_DE_data/OR/Orthogonal/0021/OR021@3_3.mat,X249_BA_time,BA,train,12000,directory_nominal_not_channel_verified,False,False,96000,-3.32923365150035e-05,0.13239224649050707,0.13239224230453803,-0.646156477515587,0.6995515739186366,4.694031804058061,1235,2,0,1,1.0296227569431982,False,False,False,False
source/12kHz_FE_data/B/0007/B007_0.mat,X282_DE_time,DE,train,12000,directory_nominal_not_channel_verified,False,True,96000,-0.00010905050042301721,0.08487726265638716,0.08487719260219256,-0.696405293197113,0.5660405351462005,3.856022756646778,514,2,0,1,1.1575646044983563,False,False,False,False
source/12kHz_FE_data/B/0007/B007_0.mat,X282_FE_time,FE,train,12000,directory_nominal_not_channel_verified,False,False,96000,-0.00011950610134160234,0.1416118148559401,0.14161176443037776,-2.1205559917452814,2.185836216046927,16.55344928918523,1042,2,0,1,1.523263683418691,False,False,False,False
source/12kHz_FE_data/B/0007/B007_0.mat,X282_BA_time,BA,train,12000,directory_nominal_not_channel_verified,False,False,96000,-8.818907703245522e-05,0.11849220447814907,0.11849217166031764,-0.3336095059604812,0.311795874850597,2.114030210290356,0,2,0,1,1.0117508772631478,False,False,False,False
source/12kHz_FE_data/B/0007/B007_1.mat,X283_DE_time,DE,train,12000,directory_nominal_not_channel_verified,False,True,96000,-0.00026052381034459505,0.08334859073521808,0.08334818357283573,-0.7951837334932704,0.655686845349045,4.182468567710371,413,2,0,1,1.2422917441397656,False,False,False,False
source/12kHz_FE_data/B/0007/B007_1.mat,X283_FE_time,FE,train,12000,directory_nominal_not_channel_verified,False,False,96000,-0.001551117141587144,0.11411806670376147,0.11410752465905666,-1.9324837183510029,1.9921297881425037,20.555507307324365,610,2,0,1,1.7313571871470885,False,False,True,False
source/12kHz_FE_data/B/0007/B007_1.mat,X283_BA_time,BA,train,12000,directory_nominal_not_channel_verified,False,False,96000,-0.0003585956188096696,0.16144822238032663,0.1614478241381703,-0.38177316313745874,0.3730243244985453,1.7186108594117062,0,2,0,1,1.0314486451224945,False,False,False,False
source/12kHz_FE_data/B/0007/B007_2.mat,X284_DE_time,DE,test,12000,directory_nominal_not_channel_verified,False,True,96000,6.43604581029404e-05,0.08702047689310909,0.08702045309256648,-0.5552018989085803,0.484382931430741,3.3851768858464446,442,2,0,1,1.31892815722749,False,False,False,False
source/12kHz_FE_data/B/0007/B007_2.mat,X284_FE_time,FE,test,12000,directory_nominal_not_channel_verified,False,False,96000,3.1459636090439264e-05,0.1252792978737236,0.12527929392371456,-1.1654549846820916,1.2795221581750515,7.9605240939707675,1138,2,0,1,1.7757839638434354,False,False,False,False
source/12kHz_FE_data/B/0007/B007_2.mat,X284_BA_time,BA,test,12000,directory_nominal_not_channel_verified,False,False,96000,-5.3377341129721565e-05,0.20017726663358085,0.200177259517037,-0.4490535313495373,0.4254393667711354,1.6822844598604554,0,2,0,1,1.0081035388068005,False,False,False,False
source/12kHz_FE_data/B/0007/B007_3.mat,X285_DE_time,DE,test,12000,directory_nominal_not_channel_verified,False,True,96000,4.3354823322124295e-05,0.09209791700187013,0.09209790679729184,-0.9347549489516279,0.9509544722060567,5.868269259618024,665,2,0,1,1.1298535243603294,False,False,False,False
source/12kHz_FE_data/B/0007/B007_3.mat,X285_FE_time,FE,test,12000,directory_nominal_not_channel_verified,False,False,96000,3.3781676941834647e-05,0.11477348733930108,0.11477348236776215,-2.670773918063318,2.5237253027159032,16.272711746669014,317,2,0,1,1.2481245632452922,False,False,False,False
source/12kHz_FE_data/B/0007/B007_3.mat,X285_BA_time,BA,test,12000,directory_nominal_not_channel_verified,False,False,96000,1.0974974874432108e-05,0.23392467683679427,0.23392467657933944,-0.5118140501967792,0.5210921416924396,1.6738506607745682,0,2,0,1,1.0018008104232583,False,False,False,False
source/12kHz_FE_data/B/0014/B014_0.mat,X286_DE_time,DE,train,12000,directory_nominal_not_channel_verified,False,True,96000,-6.478068652249452e-05,0.14570610240015028,0.14570608799945778,-1.5072674056740474,1.546513033447709,11.505789628443162,1640,2,0,1,1.7486563585118389,False,False,False,False
source/12kHz_FE_data/B/0014/B014_0.mat,X286_FE_time,FE,train,12000,directory_nominal_not_channel_verified,False,False,96000,3.966676597193032e-05,0.228815292362414,0.22881528892415529,-3.0873146125224484,2.94057759526976,15.707413483463087,1807,2,0,1,1.8914926491382764,False,False,False,False
source/12kHz_FE_data/B/0014/B014_0.mat,X286_BA_time,BA,train,12000,directory_nominal_not_channel_verified,False,False,96000,0.00019073134285264151,0.29609938828799565,0.29609932685853924,-0.6879285510178463,0.6632531304856157,1.6795097770066398,0,2,0,1,1.0272623373943688,False,False,False,False
source/12kHz_FE_data/B/0014/B014_1.mat,X287_DE_time,DE,validation,12000,directory_nominal_not_channel_verified,False,True,96000,2.6114096273436232e-05,0.1257433319128249,0.12574332920116607,-1.4744453077184305,1.4473565884891544,13.449790365751586,1356,2,0,1,1.6550470305389737,False,False,False,False
source/12kHz_FE_data/B/0014/B014_1.mat,X287_FE_time,FE,validation,12000,directory_nominal_not_channel_verified,False,False,96000,-2.529120810868446e-05,0.18100717551460366,0.18100717374769798,-2.667048847201074,3.2661303735781475,27.53356456426602,1648,2,0,1,2.254196975053225,False,True,True,False
source/12kHz_FE_data/B/0014/B014_1.mat,X287_BA_time,BA,validation,12000,directory_nominal_not_channel_verified,False,False,96000,0.00013435322424025417,0.4489250577665292,0.4489250376620719,-0.8803866256862858,0.8881593485966027,1.5994666508439992,0,2,0,1,1.0203527235442744,False,False,False,False
source/12kHz_FE_data/B/0014/B014_2.mat,X288_DE_time,DE,train,12000,directory_nominal_not_channel_verified,False,True,96000,5.766379210124469e-05,0.21675707576371778,0.21675706809358067,-1.5894272164297467,1.7165337616141654,7.785244002380333,1998,2,0,1,1.4015931909929518,False,False,False,False
source/12kHz_FE_data/B/0014/B014_2.mat,X288_FE_time,FE,train,12000,directory_nominal_not_channel_verified,False,False,96000,-1.9010817358426692e-05,0.29589033113922686,0.29589033052850877,-2.6624082910121643,2.5358306700267974,8.840368324489658,2019,2,0,1,1.4949774178152713,False,False,False,False
source/12kHz_FE_data/B/0014/B014_2.mat,X288_BA_time,BA,train,12000,directory_nominal_not_channel_verified,False,False,96000,9.453286803414104e-05,0.5601801328395708,0.5601801248631515,-1.0763100127573781,1.076275506530456,1.5845481493640727,0,2,0,1,1.0170487079163704,False,False,False,False
source/12kHz_FE_data/B/0014/B014_3.mat,X289_DE_time,DE,test,12000,directory_nominal_not_channel_verified,False,True,96000,1.0703873532646124e-05,0.14953615096902248,0.14953615058592815,-1.56490793994508,1.4852177087575147,9.12793074465299,1411,2,0,1,1.808169612664862,False,False,False,False
source/12kHz_FE_data/B/0014/B014_3.mat,X289_FE_time,FE,test,12000,directory_nominal_not_channel_verified,False,False,96000,9.08360019654052e-06,0.213997273581256,0.21399727338846902,-2.595637591629782,2.6473156551234647,13.36075385337937,1893,2,0,1,1.605885812560117,False,False,False,False
source/12kHz_FE_data/B/0014/B014_3.mat,X289_BA_time,BA,test,12000,directory_nominal_not_channel_verified,False,False,96000,7.985496507965742e-06,0.6549683990078066,0.6549683989591263,-1.216801210173827,1.311049947096203,1.573601552627389,0,2,0,1,1.0132898508787629,False,False,False,False
source/12kHz_FE_data/B/0021/B021_0.mat,X290_DE_time,DE,train,12000,directory_nominal_not_channel_verified,False,True,96000,3.2212822681897936e-05,0.10079129797175422,0.10079129282415718,-0.5994603904509791,0.7735225436807575,3.5393356860882763,451,2,0,1,1.1109420598842876,False,False,False,False
source/12kHz_FE_data/B/0021/B021_0.mat,X290_FE_time,FE,train,12000,directory_nominal_not_channel_verified,False,False,96000,-5.469631036424551e-06,0.15111922262007219,0.15111922252108786,-2.3279654665060363,2.4654059620653923,23.26717400300978,899,2,0,1,1.4199098781354103,False,False,True,False
source/12kHz_FE_data/B/0021/B021_0.mat,X290_BA_time,BA,train,12000,directory_nominal_not_channel_verified,False,False,96000,3.55645887340326e-05,0.10313222098713085,0.10313221485500261,-0.3439007849189729,0.3304021428752903,2.24689403926525,4,2,0,1,1.00363799142425,False,False,False,False
source/12kHz_FE_data/B/0021/B021_1.mat,X291_DE_time,DE,train,12000,directory_nominal_not_channel_verified,False,True,96000,-6.224328663527382e-05,0.10339564871064122,0.1033956299756793,-0.7419680530057389,0.8523327453974548,4.122298223494764,552,2,0,1,1.2189429309849744,False,False,False,False
source/12kHz_FE_data/B/0021/B021_1.mat,X291_FE_time,FE,train,12000,directory_nominal_not_channel_verified,False,False,96000,2.477828062727329e-05,0.16840902746692565,0.16840902564409227,-3.1040591816354985,3.1315512079748915,28.358059288185594,1181,2,0,1,1.8501220796803728,False,False,True,False
source/12kHz_FE_data/B/0021/B021_1.mat,X291_BA_time,BA,train,12000,directory_nominal_not_channel_verified,False,False,96000,5.4943390062883e-06,0.1434203187158184,0.14342031861057614,-0.3618020066377494,0.3407545116609648,1.8244196494599723,0,2,0,1,1.011703482001834,False,False,False,False
source/12kHz_FE_data/B/0021/B021_2.mat,X292_DE_time,DE,validation,12000,directory_nominal_not_channel_verified,False,True,96000,-2.7261427558002856e-05,0.10743381007368001,0.10743380661487387,-0.7002126529029404,0.8084036145621294,3.4656558292368693,431,2,0,1,1.0771703189503048,False,False,False,False
source/12kHz_FE_data/B/0021/B021_2.mat,X292_FE_time,FE,validation,12000,directory_nominal_not_channel_verified,False,False,96000,-2.1076515469304068e-05,0.16787496335464633,0.16787496203157973,-3.0336658853764007,3.043818530208016,14.52539079655914,971,2,0,1,1.3431373957580468,False,False,False,False
source/12kHz_FE_data/B/0021/B021_2.mat,X292_BA_time,BA,validation,12000,directory_nominal_not_channel_verified,False,False,96000,-0.00017683376531042036,0.17898120913574742,0.1789811217796827,-0.42748583113280963,0.39186829349627056,1.7190285698835788,0,2,0,1,1.0090511431748832,False,False,False,False
source/12kHz_FE_data/B/0021/B021_3.mat,X293_DE_time,DE,validation,12000,directory_nominal_not_channel_verified,False,True,96000,2.153279713750971e-05,0.11314516801887929,0.11314516596991261,-0.6716626693277794,0.7045689673987675,3.285905698185564,366,2,0,1,1.0811229540360368,False,False,False,False
source/12kHz_FE_data/B/0021/B021_3.mat,X293_FE_time,FE,validation,12000,directory_nominal_not_channel_verified,False,False,96000,-4.471505440291401e-06,0.17311775106523716,0.1731177510074893,-1.9193954653230811,1.915057781430166,7.828301991776874,763,2,0,1,1.414840923999527,False,False,False,False
source/12kHz_FE_data/B/0021/B021_3.mat,X293_BA_time,BA,validation,12000,directory_nominal_not_channel_verified,False,False,96000,-5.159367882608263e-07,0.2092845034900936,0.20928450348945762,-0.4792019873141375,0.49268932821504163,1.700806933986428,0,2,0,1,1.0018541920878852,False,False,False,False
source/12kHz_FE_data/IR/0007/IR007_0.mat,X278_DE_time,DE,train,12000,directory_nominal_not_channel_verified,False,True,96000,-4.912688435037414e-05,0.12180266752641886,0.12180265761920207,-0.6569202519363297,0.6493830614369237,3.9998634757283824,820,2,0,1,1.022250155123902,False,False,False,False
source/12kHz_FE_data/IR/0007/IR007_0.mat,X278_FE_time,FE,train,12000,directory_nominal_not_channel_verified,False,False,96000,-0.0005369476764380574,0.2731171712152746,0.2731166433958693,-1.7893109895487327,1.987013685775943,7.253960523839858,2056,2,0,1,1.0793929668174016,False,False,False,False
source/12kHz_FE_data/IR/0007/IR007_0.mat,X278_BA_time,BA,train,12000,directory_nominal_not_channel_verified,False,False,96000,-0.00016838502119702702,0.08985775967669898,0.08985760190768517,-0.3712531707815828,0.3230929024132738,2.342299610330757,43,2,0,1,1.0100307973442983,False,False,False,False
source/12kHz_FE_data/IR/0007/IR007_1.mat,X279_DE_time,DE,train,12000,directory_nominal_not_channel_verified,False,True,96000,5.579317748043028e-06,0.12131081483631406,0.12131081470801229,-0.6533410249050563,0.5910745040370595,3.8926349295805656,760,2,0,1,1.033407176940441,False,False,False,False
source/12kHz_FE_data/IR/0007/IR007_1.mat,X279_FE_time,FE,train,12000,directory_nominal_not_channel_verified,False,False,96000,-6.966390428046794e-05,0.2376314802169119,0.23763147000559717,-1.3557710167018997,1.5649661261552434,6.09421171222314,1624,2,0,1,1.0181602210251357,False,False,False,False
source/12kHz_FE_data/IR/0007/IR007_1.mat,X279_BA_time,BA,train,12000,directory_nominal_not_channel_verified,False,False,96000,-4.7349229463591266e-05,0.19587560683897487,0.1958756011160837,-0.4736651745979107,0.5113467541854722,1.7409595263873958,0,2,0,1,1.0203441641296136,False,False,False,False
source/12kHz_FE_data/IR/0007/IR007_2.mat,X280_DE_time,DE,train,12000,directory_nominal_not_channel_verified,False,True,96000,-1.2045279193549382e-05,0.12516302074619276,0.12516302016659364,-0.6879848208983719,0.7078202489619076,3.8622246732506342,746,2,0,1,1.0284581177459782,False,False,False,False
source/12kHz_FE_data/IR/0007/IR007_2.mat,X280_FE_time,FE,train,12000,directory_nominal_not_channel_verified,False,False,96000,-1.7749987691330604e-05,0.23039754395462816,0.23039754327089243,-1.43281320631886,1.535564975499322,5.9287834721515225,1461,2,0,1,1.0370959391611714,False,False,False,False
source/12kHz_FE_data/IR/0007/IR007_2.mat,X280_BA_time,BA,train,12000,directory_nominal_not_channel_verified,False,False,96000,7.20833633703812e-05,0.24209138424095009,0.2420913735094418,-0.5072597338009472,0.5659742325689836,1.674482118721715,0,2,0,1,1.0178887977093067,False,False,False,False
source/12kHz_FE_data/IR/0007/IR007_3.mat,X281_DE_time,DE,train,12000,directory_nominal_not_channel_verified,False,True,96000,-5.526474406318077e-05,0.12701021890924727,0.12701020688583645,-0.6418718664390066,0.6464011475330492,3.6905792406586566,698,2,0,1,1.0414820810920409,False,False,False,False
source/12kHz_FE_data/IR/0007/IR007_3.mat,X281_FE_time,FE,train,12000,directory_nominal_not_channel_verified,False,False,96000,9.298511785665874e-07,0.24108268013299483,0.24108268013120165,-1.4041131271618084,1.5447533663446853,5.31811829126042,1330,2,0,1,1.0357834249535716,False,False,False,False
source/12kHz_FE_data/IR/0007/IR007_3.mat,X281_BA_time,BA,train,12000,directory_nominal_not_channel_verified,False,False,96000,2.1735098155239617e-05,0.2756192284501417,0.275619227593136,-0.632012860397641,0.6368228863877201,1.6732008459124963,0,2,0,1,1.006169035091682,False,False,False,False
source/12kHz_FE_data/IR/0014/IR014_0.mat,X274_DE_time,DE,train,12000,directory_nominal_not_channel_verified,False,True,96000,1.4668646466876117e-05,0.18361618424191153,0.18361618365599047,-1.1422293210478944,0.9689400601896304,3.7377414428315587,613,3,0,1,1.0523387734488614,False,False,False,False
source/12kHz_FE_data/IR/0014/IR014_0.mat,X274_FE_time,FE,train,12000,directory_nominal_not_channel_verified,False,False,96000,3.212178983340802e-05,0.17893978228630103,0.17893977940318198,-1.0568080761538896,1.1688251705993575,5.475014549217134,1395,2,0,1,1.020685570373799,False,False,False,False
source/12kHz_FE_data/IR/0014/IR014_0.mat,X274_BA_time,BA,train,12000,directory_nominal_not_channel_verified,False,False,96000,-4.2609566844849194e-05,0.22876984748148613,0.22876984351336002,-0.5767210048646112,0.5898866509217391,1.7703256234011162,0,2,0,1,1.0058644168007125,False,False,False,False
source/12kHz_FE_data/IR/0014/IR014_1.mat,X275_DE_time,DE,test,12000,directory_nominal_not_channel_verified,False,True,96000,-1.8029505553728878e-05,0.15756960002989054,0.1575695989984001,-1.3413572095130388,1.1216466627424502,4.3158175476844285,774,2,0,1,1.0491262045036105,False,False,False,False
source/12kHz_FE_data/IR/0014/IR014_1.mat,X275_FE_time,FE,test,12000,directory_nominal_not_channel_verified,False,False,96000,2.361166089085348e-06,0.1415098825104429,0.14150988249074425,-0.8727386502029587,0.9031501809658726,5.63770822760963,1519,2,0,1,1.0165871670683226,False,False,False,False
source/12kHz_FE_data/IR/0014/IR014_1.mat,X275_BA_time,BA,test,12000,directory_nominal_not_channel_verified,False,False,96000,-3.2217113424328387e-07,0.32259978807189077,0.3225997880717299,-0.729016198012092,0.7343748999107568,1.6304963475552865,0,2,0,1,1.0128454596816536,False,False,False,False
source/12kHz_FE_data/IR/0014/IR014_2.mat,X276_DE_time,DE,train,12000,directory_nominal_not_channel_verified,False,True,96000,2.279451879102272e-05,0.15201822300137616,0.15201822129240308,-0.9868276012367811,0.9984545544518417,4.343936128571692,864,2,0,1,1.0531195645294014,False,False,False,False
source/12kHz_FE_data/IR/0014/IR014_2.mat,X276_FE_time,FE,train,12000,directory_nominal_not_channel_verified,False,False,96000,3.6415996582316524e-05,0.1327549389630682,0.13275493396843357,-0.8394589717902142,0.7697675217162795,5.666973628792882,1549,2,0,1,1.01415048832787,False,False,False,False
source/12kHz_FE_data/IR/0014/IR014_2.mat,X276_BA_time,BA,train,12000,directory_nominal_not_channel_verified,False,False,96000,-1.3965645318858208e-05,0.38100088314785785,0.3810008828919015,-0.8225222343854277,0.8184398625483014,1.603585620056222,0,2,0,1,1.011285393729039,False,False,False,False
source/12kHz_FE_data/IR/0014/IR014_3.mat,X277_DE_time,DE,test,12000,directory_nominal_not_channel_verified,False,True,96000,-6.761014574255882e-05,0.15216909655677174,0.1521690815368625,-1.1074742407786435,1.2725252801794404,4.849090093003359,979,2,0,1,1.1000462321073805,False,False,False,False
source/12kHz_FE_data/IR/0014/IR014_3.mat,X277_FE_time,FE,test,12000,directory_nominal_not_channel_verified,False,False,96000,-2.4220490375640873e-05,0.1374744272537809,0.13747442512017624,-0.8592179668756571,0.8719565785788885,5.5213966229654385,1479,2,0,1,1.0223943670999391,False,False,False,False
source/12kHz_FE_data/IR/0014/IR014_3.mat,X277_BA_time,BA,test,12000,directory_nominal_not_channel_verified,False,False,96000,4.525314331333935e-05,0.4403720292902413,0.4403720269651084,-0.9169563566706086,0.9398921497586694,1.5901073195393673,0,2,0,1,1.003810936773002,False,False,False,False
source/12kHz_FE_data/IR/0021/IR021_0.mat,X270_DE_time,DE,train,12000,directory_nominal_not_channel_verified,False,True,96000,5.300322051519163e-05,0.2002814560933647,0.20028144907988105,-1.1477950729717925,1.004698465489746,4.630551597672785,1238,2,0,1,1.083551091506441,False,False,False,False
source/12kHz_FE_data/IR/0021/IR021_0.mat,X270_FE_time,FE,train,12000,directory_nominal_not_channel_verified,False,False,96000,1.9556474224114107e-05,0.3216216231353661,0.3216216225407922,-1.9999006344159274,2.225066638311345,7.115024690945327,1933,2,0,1,1.0758359605209495,False,False,False,False
source/12kHz_FE_data/IR/0021/IR021_0.mat,X270_BA_time,BA,train,12000,directory_nominal_not_channel_verified,False,False,96000,9.553967564469536e-05,0.08508105952592072,0.08508100588394359,-0.29442122988666986,0.32837307278395333,2.723522864641646,83,2,0,1,1.0166017405017644,False,False,False,False
source/12kHz_FE_data/IR/0021/IR021_1.mat,X271_DE_time,DE,train,12000,directory_nominal_not_channel_verified,False,True,96000,7.361348465448832e-05,0.1986577208143987,0.19865770717549938,-1.050123280957653,0.9056459498115775,3.9595002374667185,891,2,0,1,1.0568278787537126,False,False,False,False
source/12kHz_FE_data/IR/0021/IR021_1.mat,X271_FE_time,FE,train,12000,directory_nominal_not_channel_verified,False,False,96000,-0.00019703355962319823,0.29535101858266405,0.29535095286048013,-1.658663604942199,1.7360618496032554,6.447848785909857,1807,2,0,1,1.0520122155732996,False,False,False,False
source/12kHz_FE_data/IR/0021/IR021_1.mat,X271_BA_time,BA,train,12000,directory_nominal_not_channel_verified,False,False,96000,-0.00010088876428088114,0.08866295737227345,0.08866289997205606,-0.2968042544319367,0.320920137259458,2.446019733882744,26,2,0,1,1.0047643028663942,False,False,False,False
source/12kHz_FE_data/IR/0021/IR021_2.mat,X272_DE_time,DE,train,12000,directory_nominal_not_channel_verified,False,True,96000,0.00040704146070300533,0.19684972443403473,0.19684930359796723,-0.9558675604046816,0.9279293626722415,3.7569600758151833,731,2,0,1,1.0405938089709104,False,False,False,False
source/12kHz_FE_data/IR/0021/IR021_2.mat,X272_FE_time,FE,train,12000,directory_nominal_not_channel_verified,False,False,96000,-0.00034207578406687074,0.293779714487038,0.2937795153312149,-2.2794443255757333,2.023595674424266,6.035140519080982,1771,2,0,1,1.0708337963687662,False,False,False,False
source/12kHz_FE_data/IR/0021/IR021_2.mat,X272_BA_time,BA,train,12000,directory_nominal_not_channel_verified,False,False,96000,2.880715292097365e-05,0.10250419342918166,0.10250418938128836,-0.3068564130362482,0.33955723681538386,2.2103171872198395,10,2,0,1,1.0060610899937288,False,False,False,False
source/12kHz_FE_data/IR/0021/IR021_3.mat,X273_DE_time,DE,validation,12000,directory_nominal_not_channel_verified,False,True,96000,0.00014392334746671204,0.2062746825269027,0.2062746323173176,-0.9219658717102255,1.0139848975205437,3.642783535964422,643,2,0,1,1.0660190590878311,False,False,False,False
source/12kHz_FE_data/IR/0021/IR021_3.mat,X273_FE_time,FE,validation,12000,directory_nominal_not_channel_verified,False,False,96000,-0.00010098701331285081,0.28520122692578836,0.2852012090465224,-1.6797681197405856,1.5927118802594145,5.85960860938453,1760,2,0,1,1.0264849918160202,False,False,False,False
source/12kHz_FE_data/IR/0021/IR021_3.mat,X273_BA_time,BA,validation,12000,directory_nominal_not_channel_verified,False,False,96000,5.4285872664359325e-06,0.11855386614388566,0.11855386601959803,-0.3355485563570956,0.362288476283854,2.1074152677701936,1,3,0,1,1.0022018444581542,False,False,False,False
source/12kHz_FE_data/OR/Centered/0007/OR007@6_0.mat,X294_DE_time,DE,train,12000,directory_nominal_not_channel_verified,False,True,96000,1.5256593680622127e-05,0.15467321509843204,0.1546732143459952,-0.9990307247099621,1.0249109918569042,6.496718701988497,1753,2,0,1,1.041100177893093,False,False,False,False
source/12kHz_FE_data/OR/Centered/0007/OR007@6_0.mat,X294_FE_time,FE,train,12000,directory_nominal_not_channel_verified,False,False,96000,7.429693049340873e-05,0.4262435946840319,0.4262435882088215,-3.2516116937350916,3.431954540031143,12.488170476115425,2590,2,0,1,1.1163063551121133,False,False,False,False
source/12kHz_FE_data/OR/Centered/0007/OR007@6_0.mat,X294_BA_time,BA,train,12000,directory_nominal_not_channel_verified,False,False,96000,4.592344484651951e-05,0.08317363623250097,0.08317362355442746,-0.338598703710198,0.34443096988030647,2.859816968876502,177,2,0,1,1.0255170975896515,False,False,False,False
source/12kHz_FE_data/OR/Centered/0007/OR007@6_1.mat,X295_DE_time,DE,train,12000,directory_nominal_not_channel_verified,False,True,96000,-3.1365692894941525e-05,0.14589391369381707,0.14589391032216614,-0.9342041554716708,0.9729467028117624,7.7000890049711455,1942,2,0,1,1.0584314695652146,False,False,False,False
source/12kHz_FE_data/OR/Centered/0007/OR007@6_1.mat,X295_FE_time,FE,train,12000,directory_nominal_not_channel_verified,False,False,96000,-6.116155403488068e-05,0.3537279219627025,0.3537279166751135,-2.8945403948197277,2.902463501284169,15.215922465933696,2592,2,0,1,1.0422809228914087,False,False,False,False
source/12kHz_FE_data/OR/Centered/0007/OR007@6_1.mat,X295_BA_time,BA,train,12000,directory_nominal_not_channel_verified,False,False,96000,-1.051379623703308e-05,0.1035198276525347,0.10351982711862776,-0.318092802134516,0.29246933436400036,2.0806205076252446,2,2,0,1,1.0150534282599697,False,False,False,False
source/12kHz_FE_data/OR/Centered/0007/OR007@6_2.mat,X296_DE_time,DE,validation,12000,directory_nominal_not_channel_verified,False,True,96000,-3.2143733021761935e-05,0.14899252815331815,0.14899252468596447,-0.9925381804554103,1.0159721987861066,7.85884059155349,2061,3,0,1,1.059452561813434,False,False,False,False
source/12kHz_FE_data/OR/Centered/0007/OR007@6_2.mat,X296_FE_time,FE,validation,12000,directory_nominal_not_channel_verified,False,False,96000,-3.95949784828901e-06,0.3512817605824454,0.35128176056013055,-3.031658110377178,3.1226535779345115,15.888114744815637,2598,2,0,1,1.0800308843318511,False,False,False,False
source/12kHz_FE_data/OR/Centered/0007/OR007@6_2.mat,X296_BA_time,BA,validation,12000,directory_nominal_not_channel_verified,False,False,96000,4.9671919506222404e-05,0.1283085831353145,0.12830857352060435,-0.35591034341803096,0.3315454429321175,1.8924147835294383,0,2,0,1,1.0124952608351205,False,False,False,False
source/12kHz_FE_data/OR/Centered/0007/OR007@6_3.mat,X297_DE_time,DE,train,12000,directory_nominal_not_channel_verified,False,True,96000,0.00011107957417208729,0.15346497617808233,0.15346493597779126,-1.1793274651792378,0.9787856685532972,7.971656741102817,1937,2,0,1,1.0490990624432444,False,False,False,False
source/12kHz_FE_data/OR/Centered/0007/OR007@6_3.mat,X297_FE_time,FE,train,12000,directory_nominal_not_channel_verified,False,False,96000,3.057637402460396e-05,0.35492972435818104,0.3549297230411392,-3.2506203505604994,2.812636792296644,15.419728138478021,2535,2,0,1,1.051055722953297,False,False,False,False
source/12kHz_FE_data/OR/Centered/0007/OR007@6_3.mat,X297_BA_time,BA,train,12000,directory_nominal_not_channel_verified,False,False,96000,-1.143283005607057e-05,0.15133048362118517,0.1513304831893171,-0.4002216282603232,0.38424650230347507,1.861010876638865,0,2,0,1,1.0065973835310242,False,False,False,False
source/12kHz_FE_data/OR/Centered/0014/OR014@6_0.mat,X313_DE_time,DE,train,12000,directory_nominal_not_channel_verified,False,True,96000,5.183067998047125e-05,0.5402003355481168,0.5402003330616139,-2.1999263130962174,2.591585143989611,5.497771793131234,1617,2,0,1,1.011344992890171,False,False,False,False
source/12kHz_FE_data/OR/Centered/0014/OR014@6_0.mat,X313_FE_time,FE,train,12000,directory_nominal_not_channel_verified,False,False,96000,-0.008100260191368527,0.9181569807729156,0.9181212485978462,-4.573498236151867,4.959993971640342,7.79705242642028,2589,2,0,1,1.0419925874967635,False,False,False,False
source/12kHz_FE_data/OR/Centered/0014/OR014@6_0.mat,X313_BA_time,BA,train,12000,directory_nominal_not_channel_verified,False,False,96000,-7.278601573771208e-05,0.1265230118726292,0.1265229909364989,-0.432294748931168,0.4153058445406422,2.362902270600978,29,2,0,1,1.0045269456741375,False,False,False,False
source/12kHz_FE_data/OR/Centered/0021/OR021@6_0.mat,X315_DE_time,DE,train,12000,directory_nominal_not_channel_verified,False,True,96000,-0.00032803180451799904,0.3760138898363058,0.37601374674998883,-1.8864752325571792,1.9798869430915231,5.919780786586203,1745,2,0,1,1.0535510216073989,False,False,False,False
source/12kHz_FE_data/OR/Centered/0021/OR021@6_0.mat,X315_FE_time,FE,train,12000,directory_nominal_not_channel_verified,False,False,96000,2.96404215458555e-05,0.8242760028627052,0.8242760023297802,-4.636814163528671,5.401136485821979,8.827050406673271,2436,2,0,1,1.048180755408145,False,False,False,False
source/12kHz_FE_data/OR/Centered/0021/OR021@6_0.mat,X315_BA_time,BA,train,12000,directory_nominal_not_channel_verified,False,False,96000,-0.0004773045988429085,0.10955919090726089,0.10955815119183768,-0.49339190869379845,0.4929874384872106,3.327767118104234,559,2,0,1,1.0238138228900335,False,False,False,False
source/12kHz_FE_data/OR/Opposite/0007/OR007@12_0.mat,X302_DE_time,DE,validation,12000,directory_nominal_not_channel_verified,False,True,96000,0.00010884568100478871,0.09959758089055866,0.09959752141428573,-0.4828078617029773,0.47865297662037604,3.3432329290615894,461,2,0,1,1.0930468586812498,False,False,False,False
source/12kHz_FE_data/OR/Opposite/0007/OR007@12_0.mat,X302_FE_time,FE,validation,12000,directory_nominal_not_channel_verified,False,False,96000,-1.3679757735173922e-05,0.12670393343831174,0.12670393269983518,-0.6730818473913516,0.6585480826785787,3.2971900004097017,363,22,4,2,1.425984075752668,False,False,False,True
source/12kHz_FE_data/OR/Opposite/0007/OR007@12_0.mat,X302_BA_time,BA,validation,12000,directory_nominal_not_channel_verified,False,False,96000,-0.00019839808724556545,0.0855336765258644,0.08553344643021338,-0.28117062886617733,0.29748325837417877,2.6788356702268685,58,2,0,1,1.0066801618824344,False,False,False,False
source/12kHz_FE_data/OR/Opposite/0007/OR007@12_1.mat,X305_DE_time,DE,test,12000,directory_nominal_not_channel_verified,False,True,96000,-5.061454925391962e-05,0.10135523394253856,0.10135522130464776,-0.8876396300769485,0.8936240026575824,3.689397529293863,326,2,0,1,1.0685021095607052,False,False,False,False
source/12kHz_FE_data/OR/Opposite/0007/OR007@12_1.mat,X305_FE_time,FE,test,12000,directory_nominal_not_channel_verified,False,False,96000,-8.051849005901682e-06,0.16836667133868005,0.1683666711461471,-2.138263305685586,2.1060166943144147,7.273414919038695,667,2,0,1,1.2381605671254798,False,False,False,False
source/12kHz_FE_data/OR/Opposite/0007/OR007@12_1.mat,X305_BA_time,BA,test,12000,directory_nominal_not_channel_verified,False,False,96000,0.00012166910647159161,0.11828543896591236,0.11828537639111232,-0.3040299117503533,0.28001578557902357,1.8798107434956042,0,2,0,1,1.0164158220254587,False,False,False,False
source/12kHz_FE_data/OR/Opposite/0007/OR007@12_2.mat,X306_DE_time,DE,test,12000,directory_nominal_not_channel_verified,False,True,96000,-3.325654392566213e-05,0.10769798651650885,0.1076979813817901,-0.5424890169506122,0.6345159331491881,3.0494159909252097,273,2,0,1,1.071509870497369,False,False,False,False
source/12kHz_FE_data/OR/Opposite/0007/OR007@12_2.mat,X306_FE_time,FE,test,12000,directory_nominal_not_channel_verified,False,False,96000,-1.3110996637403746e-05,0.1704726907529236,0.17047269024874243,-1.657037350098369,1.6705184940574753,5.299727728299268,525,2,0,1,1.281374095051363,False,False,False,False
source/12kHz_FE_data/OR/Opposite/0007/OR007@12_2.mat,X306_BA_time,BA,test,12000,directory_nominal_not_channel_verified,False,False,96000,2.9169860374581182e-05,0.1502745434729418,0.15027454064185433,-0.3558901717642545,0.32685784010518176,1.7367742326968825,0,2,0,1,1.009913378511901,False,False,False,False
source/12kHz_FE_data/OR/Opposite/0007/OR007@12_3.mat,X307_DE_time,DE,train,12000,directory_nominal_not_channel_verified,False,True,96000,3.127623128078264e-05,0.11049617705771769,0.11049617263130818,-0.479010422040509,0.510057082949511,3.070540623046667,293,2,0,1,1.0467186028584154,False,False,False,False
source/12kHz_FE_data/OR/Opposite/0007/OR007@12_3.mat,X307_FE_time,FE,train,12000,directory_nominal_not_channel_verified,False,False,96000,5.021292269673646e-06,0.17140135440746188,0.17140135433391118,-0.8247749153906309,0.709006383310668,3.286758998088858,410,2,0,1,1.059994915488549,False,False,False,False
source/12kHz_FE_data/OR/Opposite/0007/OR007@12_3.mat,X307_BA_time,BA,train,12000,directory_nominal_not_channel_verified,False,False,96000,2.0450414496720257e-05,0.1801739383263199,0.18017393716572072,-0.41336585266413833,0.4225658980777015,1.7070028775763506,0,2,0,1,1.0043122433812195,False,False,False,False
source/12kHz_FE_data/OR/Orthogonal/0007/OR007@3_0.mat,X298_DE_time,DE,test,12000,directory_nominal_not_channel_verified,False,True,96000,1.3429707673276993e-05,0.08622052017901634,0.08622051913311074,-0.43000686290085965,0.4006852329075236,3.240973696393456,397,2,0,1,1.080229098673778,False,False,False,False
source/12kHz_FE_data/OR/Orthogonal/0007/OR007@3_0.mat,X298_FE_time,FE,test,12000,directory_nominal_not_channel_verified,False,False,96000,-1.2119254316404926e-05,0.09753708903943598,0.09753708828651046,-0.4842240629406302,0.5055882047916376,3.088109997814336,317,2,0,1,1.078109236820972,False,False,False,False
source/12kHz_FE_data/OR/Orthogonal/0007/OR007@3_0.mat,X298_BA_time,BA,test,12000,directory_nominal_not_channel_verified,False,False,96000,-4.990196140461356e-05,0.08434211728683613,0.08434210252430675,-0.277358726390188,0.27240471574631053,2.523532060612616,17,2,0,1,1.0157977491819667,False,False,False,False
source/12kHz_FE_data/OR/Orthogonal/0007/OR007@3_1.mat,X299_DE_time,DE,train,12000,directory_nominal_not_channel_verified,False,True,96000,1.008209015235852e-05,0.0940372007475924,0.09403720020712256,-0.4101267871875423,0.4630722547286254,3.1583645097233917,357,2,0,1,1.0507450284110027,False,False,False,False
source/12kHz_FE_data/OR/Orthogonal/0007/OR007@3_1.mat,X299_FE_time,FE,train,12000,directory_nominal_not_channel_verified,False,False,96000,5.925695206796444e-05,0.09676143385532103,0.09676141571076406,-0.6265585541106194,0.5960766107245455,3.1450850450981513,300,2,0,1,1.0510956267908613,False,False,False,False
source/12kHz_FE_data/OR/Orthogonal/0007/OR007@3_1.mat,X299_BA_time,BA,train,12000,directory_nominal_not_channel_verified,False,False,96000,-3.56299593751384e-05,0.11389759851431751,0.11389759294135525,-0.2952603734423128,0.28202544258142603,1.9053846632871574,0,2,0,1,1.0133888367613857,False,False,False,False
source/12kHz_FE_data/OR/Orthogonal/0007/OR007@3_2.mat,X300_DE_time,DE,train,12000,directory_nominal_not_channel_verified,False,True,96000,1.8677311445548277e-05,0.09168499152096901,0.09168498961857496,-0.41151195857927303,0.4367594186662359,3.130052106859659,327,2,0,1,1.0451763399860434,False,False,False,False
source/12kHz_FE_data/OR/Orthogonal/0007/OR007@3_2.mat,X300_FE_time,FE,train,12000,directory_nominal_not_channel_verified,False,False,96000,2.4533840553483696e-05,0.10540022646563701,0.10540022361028575,-0.47341041908527076,0.44694918131432976,3.049031240835326,303,2,0,1,1.0533098393363916,False,False,False,False
source/12kHz_FE_data/OR/Orthogonal/0007/OR007@3_2.mat,X300_BA_time,BA,train,12000,directory_nominal_not_channel_verified,False,False,96000,-2.360430051360022e-05,0.1415086711030685,0.14150866913441526,-0.34868312386653744,0.32348245476847753,1.7666576141848882,0,2,0,1,1.010833224614129,False,False,False,False
source/12kHz_FE_data/OR/Orthogonal/0007/OR007@3_3.mat,X301_DE_time,DE,test,12000,directory_nominal_not_channel_verified,False,True,96000,-1.0187611307373937e-05,0.0956132949208576,0.09561329437811182,-0.4156745745312176,0.41725045540890215,3.0770796663978213,299,2,0,1,1.0499064260202058,False,False,False,False
source/12kHz_FE_data/OR/Orthogonal/0007/OR007@3_3.mat,X301_FE_time,FE,test,12000,directory_nominal_not_channel_verified,False,False,96000,1.176771718705409e-05,0.14722344095778991,0.14722344048748717,-0.5779187714836121,0.5231234263185857,2.7870725552307625,133,2,0,1,1.0182149863877068,False,False,False,False
source/12kHz_FE_data/OR/Orthogonal/0007/OR007@3_3.mat,X301_BA_time,BA,test,12000,directory_nominal_not_channel_verified,False,False,96000,-2.3157734103259337e-05,0.16650170335239967,0.16650170174196374,-0.39480176003380657,0.37666969397212824,1.7383855704434463,0,2,0,1,1.0033843437848515,False,False,False,False
source/12kHz_FE_data/OR/Orthogonal/0014/OR014@3_0.mat,X310_DE_time,DE,train,12000,directory_nominal_not_channel_verified,False,True,96000,-5.74777564752299e-07,0.19955486162429256,0.1995548616234648,-1.1894380237541946,1.1705819762458052,6.32708735977472,1649,2,0,1,1.0559702665062927,False,False,False,False
source/12kHz_FE_data/OR/Orthogonal/0014/OR014@3_0.mat,X310_FE_time,FE,train,12000,directory_nominal_not_channel_verified,False,False,96000,1.787699882796347e-05,0.42004584179148563,0.4200458414110663,-2.9354635094053934,3.1412079191660363,10.378160610084521,2081,2,0,1,1.0761027036178472,False,False,False,False
source/12kHz_FE_data/OR/Orthogonal/0014/OR014@3_0.mat,X310_BA_time,BA,train,12000,directory_nominal_not_channel_verified,False,False,96000,-5.0678874634849286e-05,0.11294747975185437,0.11294746838219626,-0.3627038548019345,0.40743976537610704,2.198228905508151,19,2,0,1,1.0098574308309065,False,False,False,False
source/12kHz_FE_data/OR/Orthogonal/0014/OR014@3_1.mat,X309_DE_time,DE,train,12000,directory_nominal_not_channel_verified,False,True,121168,0.0028855038757161495,0.1167670455954544,0.11673138740062228,-0.6758925748502994,0.6495780838323354,3.8041483083333647,913,2,0,1,1.091687256954014,False,False,False,False
source/12kHz_FE_data/OR/Orthogonal/0014/OR014@3_1.mat,X309_FE_time,FE,train,12000,directory_nominal_not_channel_verified,False,False,121168,0.0061647567678920845,0.2878159654852108,0.2877499361636363,-1.9479168831168834,2.079214285714286,6.651626516101401,2070,2,0,1,1.0859205988518184,False,False,False,False
source/12kHz_FE_data/OR/Orthogonal/0014/OR014@3_1.mat,X309_BA_time,BA,train,12000,directory_nominal_not_channel_verified,False,False,121168,0.005160106715016373,0.1495346170943716,0.14944555867689738,-0.44985400593471814,0.4642992284866469,1.9211562699055773,2,2,0,1,1.01475618972692,False,False,False,False
source/12kHz_FE_data/OR/Orthogonal/0014/OR014@3_2.mat,X311_DE_time,DE,validation,12000,directory_nominal_not_channel_verified,False,True,96000,-7.923801427515782e-06,0.23367586619208655,0.233675866057741,-1.1113450869463877,1.130909443991736,4.882166549502439,1373,2,0,1,1.1199484695429311,False,False,False,False
source/12kHz_FE_data/OR/Orthogonal/0014/OR014@3_2.mat,X311_FE_time,FE,validation,12000,directory_nominal_not_channel_verified,False,False,96000,-7.044002124945715e-05,0.4251171841700992,0.42511717833430046,-2.7312622225564227,2.723067647573448,8.635482036009819,2477,2,0,1,1.1335007179999148,False,False,False,False
source/12kHz_FE_data/OR/Orthogonal/0014/OR014@3_2.mat,X311_BA_time,BA,validation,12000,directory_nominal_not_channel_verified,False,False,96000,9.063767086816181e-05,0.19803176869812952,0.1980317479560338,-0.5022844911458975,0.45781984119831626,1.7089179556841338,0,2,0,1,1.0131754624547593,False,False,False,False
source/12kHz_FE_data/OR/Orthogonal/0014/OR014@3_3.mat,X312_DE_time,DE,train,12000,directory_nominal_not_channel_verified,False,True,96000,-3.1160118609076635e-05,0.28744563043577803,0.2874456287468447,-1.243317896887571,1.454567172972708,4.752888121249592,1271,2,0,1,1.0514041765833038,False,False,False,False
source/12kHz_FE_data/OR/Orthogonal/0014/OR014@3_3.mat,X312_FE_time,FE,train,12000,directory_nominal_not_channel_verified,False,False,96000,2.956250434747519e-06,0.7345413204317913,0.7345413204258425,-4.0430950065201285,4.381076422051301,8.350852726174756,2835,2,0,1,1.0669413726736803,False,False,False,False
source/12kHz_FE_data/OR/Orthogonal/0014/OR014@3_3.mat,X312_BA_time,BA,train,12000,directory_nominal_not_channel_verified,False,False,96000,-0.00011776848701110376,0.2339122317138405,0.23391220206721342,-0.6316578423779607,0.5639156887793094,1.7113569104900421,0,2,0,1,1.0061111737142638,False,False,False,False
source/12kHz_FE_data/OR/Orthogonal/0021/OR021@3_1.mat,X316_DE_time,DE,validation,12000,directory_nominal_not_channel_verified,False,True,96000,-8.314913482804553e-06,0.10079756037555798,0.10079756003260432,-0.4896138185668012,0.4543779379202248,3.4116319048281687,493,2,0,1,1.0620538782692333,False,False,False,False
source/12kHz_FE_data/OR/Orthogonal/0021/OR021@3_1.mat,X316_FE_time,FE,validation,12000,directory_nominal_not_channel_verified,False,False,96000,-1.4817203272721113e-05,0.1647234436930982,0.16472344302667966,-0.8166676555339005,0.8273546821284373,3.971492322857876,853,2,0,1,1.0768180482220335,False,False,False,False
source/12kHz_FE_data/OR/Orthogonal/0021/OR021@3_1.mat,X316_BA_time,BA,validation,12000,directory_nominal_not_channel_verified,False,False,96000,7.617530942055745e-05,0.11346747548455716,0.1134674499147699,-0.3460751084887991,0.2930153366150586,1.8410499244698646,1,2,0,1,1.0167770573858594,False,False,False,False
source/12kHz_FE_data/OR/Orthogonal/0021/OR021@3_2.mat,X317_DE_time,DE,test,12000,directory_nominal_not_channel_verified,False,True,96000,-3.199992420544343e-05,0.08593573945718502,0.0859357334992728,-0.42732841571886615,0.373070686077541,3.315879416220419,484,2,0,1,1.0565782695477188,False,False,False,False
source/12kHz_FE_data/OR/Orthogonal/0021/OR021@3_2.mat,X317_FE_time,FE,test,12000,directory_nominal_not_channel_verified,False,False,96000,6.147655918267642e-05,0.12982521765895988,0.12982520310336115,-0.6467826898450383,0.6847274400250918,3.7606971846183788,700,2,0,1,1.044125571634354,False,False,False,False
source/12kHz_FE_data/OR/Orthogonal/0021/OR021@3_2.mat,X317_BA_time,BA,test,12000,directory_nominal_not_channel_verified,False,False,96000,-0.00028668548074639046,0.13985041603675216,0.13985012219189438,-0.3251400545311915,0.30912190392578187,1.7195613096664073,0,2,0,1,1.0102345654833875,False,False,False,False
source/12kHz_FE_data/OR/Orthogonal/0021/OR021@3_3.mat,X318_DE_time,DE,validation,12000,directory_nominal_not_channel_verified,False,True,96000,3.0936611662154516e-05,0.10803049704751527,0.10803049261786815,-0.6343915409900095,0.5885825508263578,3.7879564464025632,698,2,0,1,1.1479314156060287,False,False,False,False
source/12kHz_FE_data/OR/Orthogonal/0021/OR021@3_3.mat,X318_FE_time,FE,validation,12000,directory_nominal_not_channel_verified,False,False,96000,3.992630965368198e-05,0.1480335835793936,0.14803357819510785,-0.8412303992828789,0.7561264838340044,3.681813926244471,633,2,0,1,1.1177203770896693,False,False,False,False
source/12kHz_FE_data/OR/Orthogonal/0021/OR021@3_3.mat,X318_BA_time,BA,validation,12000,directory_nominal_not_channel_verified,False,False,96000,-1.392140824839668e-05,0.16612624727653677,0.16612624669322856,-0.38917172515453924,0.3693432896822561,1.7015849506131109,0,2,0,1,1.0024770403244643,False,False,False,False
source/48kHz_DE_data/B/0007/B007_0.mat,X122_DE_time,DE,test,48000,directory_nominal_not_channel_verified,False,True,192000,-6.318309743452671e-05,0.1454775479231935,0.1454775342025059,-0.6570133420878191,0.7000297348352578,3.1219913838506583,669,2,0,1,1.0388580779965368,False,False,False,False
source/48kHz_DE_data/B/0007/B007_0.mat,X122_FE_time,FE,test,48000,directory_nominal_not_channel_verified,False,False,192000,-0.00016835543608875666,0.10854771924786182,0.10854758868975288,-0.4025087687031342,0.4608112312968658,2.7296380667208955,226,2,0,1,1.0296529593290795,False,False,False,False
source/48kHz_DE_data/B/0007/B007_1.mat,X123_DE_time,DE,validation,48000,directory_nominal_not_channel_verified,False,True,192000,-0.0006389657037412607,0.14053664543769392,0.14053519286537994,-0.592931593847972,0.6564659446135664,3.0556645892457253,607,2,0,1,1.0377031352099642,False,False,False,False
source/48kHz_DE_data/B/0007/B007_1.mat,X123_FE_time,FE,validation,48000,directory_nominal_not_channel_verified,False,False,192000,0.0004261904348523433,0.0875762131109831,0.08757517607503607,-0.4047346878511325,0.3745544030579584,2.92144410704329,415,2,0,1,1.0304508662142038,False,False,False,False
source/48kHz_DE_data/B/0007/B007_2.mat,X124_DE_time,DE,validation,48000,directory_nominal_not_channel_verified,False,True,192000,0.00016175767018427172,0.13936030332632549,0.13936020944897284,-0.7563229595028927,0.675404425112492,3.1022282862612,649,2,0,1,1.0647094794802467,False,False,False,False
source/48kHz_DE_data/B/0007/B007_2.mat,X124_FE_time,FE,validation,48000,directory_nominal_not_channel_verified,False,False,192000,0.0003503712187157125,0.09650814594578673,0.09650750993524995,-0.4039286908077995,0.38953676373765506,2.95668052222737,460,2,0,1,1.0334529368415448,False,False,False,False
source/48kHz_DE_data/B/0007/B007_3.mat,X125_DE_time,DE,train,48000,directory_nominal_not_channel_verified,False,True,192000,0.0006314689537659688,0.14076810186862448,0.14076668551420776,-0.6165191154116186,0.6499848845883813,3.0320580423708026,537,2,0,1,1.0529610088200225,False,False,False,False
source/48kHz_DE_data/B/0007/B007_3.mat,X125_FE_time,FE,train,48000,directory_nominal_not_channel_verified,False,False,192000,-0.00024685293874288696,0.14110982589205895,0.1411096099736436,-0.5719872729766217,0.49986909065974194,2.6274231837565223,176,2,0,1,1.0240886630884298,False,False,False,False
source/48kHz_DE_data/B/0014/B014_0.mat,X189_DE_time,DE,train,48000,directory_nominal_not_channel_verified,True,True,192000,-0.0009308215735805818,0.1384814408222412,0.13847831246589498,-1.2645393139197345,1.2870354553110348,10.6244369923971,3282,2,0,1,1.4563072547658245,False,False,False,False
source/48kHz_DE_data/B/0014/B014_0.mat,X189_FE_time,FE,train,48000,directory_nominal_not_channel_verified,True,False,192000,-0.0008958517391323898,0.1362890658550663,0.13628612152859912,-1.245379627345193,1.2675349181093525,10.643702746975086,3278,2,0,1,1.4610745966694259,False,False,False,False
source/48kHz_DE_data/B/0014/B014_1.mat,X190_DE_time,DE,train,48000,directory_nominal_not_channel_verified,False,True,192000,0.0007273740129952764,0.14973075809458786,0.1497289913364316,-1.868673126323543,2.304677642907226,13.701614217028279,2920,2,0,1,1.7944748630586747,False,False,False,False
source/48kHz_DE_data/B/0014/B014_1.mat,X190_FE_time,FE,train,48000,directory_nominal_not_channel_verified,False,False,192000,0.00017801985543201392,0.08222850676539178,0.08222831406393515,-0.954674049671083,0.7290259503289168,5.2748118448176236,1727,2,0,1,1.4001228876247196,False,False,False,False
source/48kHz_DE_data/B/0014/B014_2.mat,X191_DE_time,DE,train,48000,directory_nominal_not_channel_verified,False,True,192000,-0.0007266894991581421,0.15752584024674007,0.15752416407590705,-2.3692959486337735,2.9103422052123804,24.7655075206708,2779,2,0,1,1.7457168512560224,False,False,True,False
source/48kHz_DE_data/B/0014/B014_2.mat,X191_FE_time,FE,train,48000,directory_nominal_not_channel_verified,False,False,192000,-0.0004914009824967219,0.10260197419645753,0.10260079743396217,-0.9387592737665876,1.0449043625970487,4.634057981650457,1743,2,0,1,1.4877961248163505,False,False,False,False
source/48kHz_DE_data/B/0014/B014_3.mat,X192_DE_time,DE,test,48000,directory_nominal_not_channel_verified,False,True,192000,-0.00030818661016177734,0.17033808980021753,0.1703378110044869,-1.8109298615813156,2.314439369187915,15.084947271613087,2830,2,0,1,1.5630717966526035,False,False,False,False
source/48kHz_DE_data/B/0014/B014_3.mat,X192_FE_time,FE,test,48000,directory_nominal_not_channel_verified,False,False,192000,-1.7460139486789556e-05,0.12304068062008526,0.12304067938124104,-0.8179625926394868,0.7525319528150586,3.9449460626519515,1451,2,0,1,1.149154496362735,False,False,False,False
source/48kHz_DE_data/B/0021/B021_0.mat,X226_DE_time,DE,train,48000,directory_nominal_not_channel_verified,True,True,192000,-0.00849119347903196,0.3541304282454283,0.3540286144404038,-1.9970078287706985,2.1387655045626346,3.2539436963643382,686,2,0,1,1.2350228229166256,False,False,False,False
source/48kHz_DE_data/B/0021/B021_0.mat,X226_FE_time,FE,train,48000,directory_nominal_not_channel_verified,True,False,192000,0.0075712950585291915,0.3473094772218128,0.34722694086033357,-1.9667501343953846,2.106359966614716,3.2829367322350045,753,2,0,1,1.204802332174187,False,False,False,False
source/48kHz_DE_data/B/0021/B021_1.mat,X227_DE_time,DE,train,48000,directory_nominal_not_channel_verified,False,True,192000,0.0011083577375455315,0.22934269682449945,0.2293400185965369,-2.453518460252839,2.5038089243625454,9.737591153395064,2804,2,0,1,1.7885653140768727,False,False,False,False
source/48kHz_DE_data/B/0021/B021_1.mat,X227_FE_time,FE,train,48000,directory_nominal_not_channel_verified,False,False,192000,3.155180644361603e-05,0.09325230788710821,0.09325230254935014,-0.6881250818772684,0.6674640090318222,3.7103218377726024,910,2,0,1,1.23016721080464,False,False,False,False
source/48kHz_DE_data/B/0021/B021_2.mat,X228_DE_time,DE,train,48000,directory_nominal_not_channel_verified,False,True,192000,0.0001048512144690212,0.33518781039956064,0.3351877940001316,-3.421039832843223,3.4056900133106227,15.970504325962569,3876,10,5,3,2.87388224819456,False,True,False,True
source/48kHz_DE_data/B/0021/B021_2.mat,X228_FE_time,FE,train,48000,directory_nominal_not_channel_verified,False,False,192000,0.0003182938243544427,0.10834699458254496,0.1083465270514538,-0.8332586112798122,1.1086977523565513,4.56803986424898,1638,2,0,1,1.2422723304222951,False,False,False,False
source/48kHz_DE_data/B/0021/B021_3.mat,X229_DE_time,DE,test,48000,directory_nominal_not_channel_verified,False,True,192000,-0.0015218843545103942,0.37530646060735573,0.37530337494037025,-3.4296368060852793,3.406063501607028,16.88208627321997,4165,61,56,4,2.4696298424316385,False,True,False,True
source/48kHz_DE_data/B/0021/B021_3.mat,X229_FE_time,FE,test,48000,directory_nominal_not_channel_verified,False,False,192000,-0.0006971239876392805,0.11731655051805467,0.11731447925810834,-0.8866186616865028,0.7874249746771335,3.6000426657296267,1037,2,0,1,1.1981312959201356,False,False,False,False
source/48kHz_DE_data/IR/0007/IR007_0.mat,X109_DE_time,DE,train,48000,directory_nominal_not_channel_verified,False,True,192000,-0.0018212906854926058,0.5827559453938338,0.5827530993414792,-2.9249953205049373,3.492756679495063,6.032214911482236,3827,2,0,1,1.0102573622237727,False,False,False,False
source/48kHz_DE_data/IR/0007/IR007_0.mat,X109_FE_time,FE,train,48000,directory_nominal_not_channel_verified,False,False,192000,0.00018395861828071167,0.49703379653662516,0.49703376249389547,-2.570153553501879,1.846560991952666,3.427582644650163,913,2,0,1,1.0166062170643082,False,False,False,False
source/48kHz_DE_data/IR/0007/IR007_1.mat,X110_DE_time,DE,test,48000,directory_nominal_not_channel_verified,False,True,192000,-0.0002780309509988466,0.27767221887651156,0.2776720796814034,-1.5949426037394603,1.6308770885682322,7.375234099373591,4682,2,0,1,1.0245625024280647,False,False,False,False
source/48kHz_DE_data/IR/0007/IR007_1.mat,X110_FE_time,FE,test,48000,directory_nominal_not_channel_verified,False,False,192000,0.0013373886292319937,0.23178081405628187,0.2317769556195074,-1.1701580968442529,0.8648691758830198,3.4518922299414636,1040,2,0,1,1.0088247791761176,False,False,False,False
source/48kHz_DE_data/IR/0007/IR007_2.mat,X111_DE_time,DE,train,48000,directory_nominal_not_channel_verified,False,True,192000,-0.0007638172105531105,0.28071649010801775,0.2807154509495936,-1.6793359891240147,1.6528775493375238,7.453853695528382,4504,2,0,1,1.0142792187325493,False,False,False,False
source/48kHz_DE_data/IR/0007/IR007_2.mat,X111_FE_time,FE,train,48000,directory_nominal_not_channel_verified,False,False,192000,0.0004787168984344887,0.23384135485548393,0.23384086484355018,-1.0049772223629292,0.9564973230916163,3.144234372258478,752,2,0,1,1.0175569525448824,False,False,False,False
source/48kHz_DE_data/IR/0007/IR007_3.mat,X112_DE_time,DE,test,48000,directory_nominal_not_channel_verified,False,True,192000,0.00025643195098387346,0.2793792232301855,0.2793791055454154,-1.5351486341163236,1.502917212037522,6.776071409595965,4307,2,0,1,1.0049987751155425,False,False,False,False
source/48kHz_DE_data/IR/0007/IR007_3.mat,X112_FE_time,FE,test,48000,directory_nominal_not_channel_verified,False,False,192000,-0.00022552574924735992,0.22331626681689054,0.2233161529383154,-1.0105733644897776,0.9700084536920405,3.304305506917778,927,2,0,1,1.0307199862724623,False,False,False,False
source/48kHz_DE_data/IR/0014/IR014_0.mat,X173_DE_time,DE,train,48000,directory_nominal_not_channel_verified,False,True,63788,-2.427216124069195e-16,0.1781690031909218,0.17816900319092183,-1.3567717073639767,1.41223495930269,11.669292029761314,1345,2,0,1,1.2551944166617524,False,False,False,False
source/48kHz_DE_data/IR/0014/IR014_0.mat,X173_FE_time,FE,train,48000,directory_nominal_not_channel_verified,False,False,63788,6.961955381107146e-18,0.09313288681654229,0.09313288681654229,-0.5147959056989916,0.5079568215737357,4.355122739600924,628,2,0,1,1.1588416687840057,False,False,False,False
source/48kHz_DE_data/IR/0014/IR014_1.mat,X175_DE_time,DE,validation,48000,directory_nominal_not_channel_verified,False,True,192000,0.0006468523011058283,0.2617012799024031,0.26170048048228056,-2.547663197018339,2.9056314696483274,19.255031938260007,4929,2,0,1,1.1563735615021866,False,False,False,False
source/48kHz_DE_data/IR/0014/IR014_1.mat,X175_FE_time,FE,validation,48000,directory_nominal_not_channel_verified,False,False,192000,0.00020458257048029145,0.09224036638241419,0.09224013950734172,-0.5163250668802772,0.5647767513015408,3.6482029053442693,1223,2,0,1,1.045453330758203,False,False,False,False
source/48kHz_DE_data/IR/0014/IR014_2.mat,X176_DE_time,DE,train,48000,directory_nominal_not_channel_verified,False,True,192000,-0.0001797117314189974,0.238714393297656,0.238714325651314,-2.5276356817661414,2.651053651567192,20.407426670465167,4722,2,0,1,1.131050409265209,False,False,True,False
source/48kHz_DE_data/IR/0014/IR014_2.mat,X176_FE_time,FE,train,48000,directory_nominal_not_channel_verified,False,False,192000,2.1888649984783683e-05,0.09518502182171573,0.09518501930496996,-0.6096929571928182,0.5568779518980909,3.806033041897339,1306,2,0,1,1.0369808880326714,False,False,False,False
source/48kHz_DE_data/IR/0014/IR014_3.mat,X177_DE_time,DE,test,48000,directory_nominal_not_channel_verified,False,True,192000,0.0033413889273588874,0.2880405332106426,0.28802115181407667,-2.529419975666391,2.6455133576669425,13.55298059724935,6088,2,0,1,1.850934619801175,False,False,False,False
source/48kHz_DE_data/IR/0014/IR014_3.mat,X177_FE_time,FE,test,48000,directory_nominal_not_channel_verified,False,False,192000,-0.00022731918101666511,0.09838835824627697,0.0983880956436686,-0.6034038095313954,0.5802198268322409,3.9028443930405254,1365,2,0,1,1.0522769714984974,False,False,False,False
source/48kHz_DE_data/IR/0021/IR021_0.mat,X213_DE_time,DE,test,48000,directory_nominal_not_channel_verified,True,True,192000,0.0001113449707848041,0.5838846976273949,0.5838846870108274,-3.0388017567119077,3.0638240894419386,4.229195090036135,2003,2,0,1,1.0563026159534334,False,False,False,False
source/48kHz_DE_data/IR/0021/IR021_0.mat,X213_FE_time,FE,test,48000,directory_nominal_not_channel_verified,True,False,192000,-0.00010644280339376159,0.5774005432444598,0.5774005334331852,-2.992759305852636,3.017402512329182,4.202409969652697,1964,2,0,1,1.060417520673125,False,False,False,False
source/48kHz_DE_data/IR/0021/IR021_1.mat,X214_DE_time,DE,train,48000,directory_nominal_not_channel_verified,False,True,192000,0.00047911319912127,0.604285709023777,0.6042855190892061,-3.1255186412816474,3.1757090510260446,3.8700569548307775,1611,2,0,1,1.0896709349304892,False,False,False,False
source/48kHz_DE_data/IR/0021/IR021_1.mat,X214_FE_time,FE,train,48000,directory_nominal_not_channel_verified,False,False,192000,0.0002788578167048728,0.1934750037726204,0.1934748028119774,-1.021229970592386,1.055710029407614,4.010966699725025,1638,2,0,1,1.0328906992202505,False,False,False,False
source/48kHz_DE_data/IR/0021/IR021_2.mat,X215_DE_time,DE,train,48000,directory_nominal_not_channel_verified,False,True,192000,0.0007087914499104464,0.7684000940340645,0.7683997671305216,-3.428610406050089,3.4070899016422183,3.6357992546480564,1370,7,6,2,1.0707366113308774,False,False,False,True
source/48kHz_DE_data/IR/0021/IR021_2.mat,X215_FE_time,FE,train,48000,directory_nominal_not_channel_verified,False,False,192000,-3.034892154494321e-05,0.18913246076031093,0.18913245832535863,-1.0741898922548783,0.9920664713814854,4.06130778131538,1635,2,0,1,1.0468855477327261,False,False,False,False
source/48kHz_DE_data/IR/0021/IR021_3.mat,X217_DE_time,DE,train,48000,directory_nominal_not_channel_verified,False,True,192000,7.443300881184512e-05,0.4045954098387301,0.4045954029920473,-1.8312379124719573,1.793871625989581,3.593212086289856,1310,2,0,1,1.050497981905266,False,False,False,False
source/48kHz_DE_data/IR/0021/IR021_3.mat,X217_FE_time,FE,train,48000,directory_nominal_not_channel_verified,False,False,192000,0.00013368280600213064,0.1928338214091706,0.1928337750710992,-1.1917891743530888,1.312290825646911,4.583141925456199,2042,2,0,1,1.0441231514475,False,False,False,False
source/48kHz_DE_data/OR/Centered/0007/OR007@6_0.mat,X135_DE_time,DE,validation,48000,directory_nominal_not_channel_verified,False,True,192000,-0.0001962044942114393,1.2500081028577703,1.2500080874593886,-6.161739526584489,6.52853247341551,6.736594494355777,4310,2,0,1,1.0800155217613099,False,False,False,False
source/48kHz_DE_data/OR/Centered/0007/OR007@6_0.mat,X135_FE_time,FE,validation,48000,directory_nominal_not_channel_verified,False,False,192000,0.00011402737291643295,0.23542745224967482,0.23542742463555758,-1.0624834940001895,1.0442474150907195,3.5644278223871395,1095,2,0,1,1.0337692584746403,False,False,False,False
source/48kHz_DE_data/OR/Centered/0007/OR007@6_1.mat,X136_DE_time,DE,train,48000,directory_nominal_not_channel_verified,False,True,192000,-0.0010189641126048686,1.0589122829049404,1.0589117926433202,-5.263834502932049,5.264650830401284,6.89974872681597,4501,2,0,1,1.0210679646733796,False,False,False,False
source/48kHz_DE_data/OR/Centered/0007/OR007@6_1.mat,X136_FE_time,FE,train,48000,directory_nominal_not_channel_verified,False,False,192000,0.00011517056448889585,0.21903619545375796,0.21903616517506402,-1.0383780543597534,0.9732274001857009,3.742346495732139,1349,2,0,1,1.0348744613190313,False,False,False,False
source/48kHz_DE_data/OR/Centered/0007/OR007@6_2.mat,X137_DE_time,DE,train,48000,directory_nominal_not_channel_verified,False,True,192000,-0.0002831252504740162,1.0214576168452005,1.0214575776072001,-5.10370680272964,5.45691319727036,6.956238467571372,4575,2,0,1,1.0219560439459066,False,False,False,False
source/48kHz_DE_data/OR/Centered/0007/OR007@6_2.mat,X137_FE_time,FE,train,48000,directory_nominal_not_channel_verified,False,False,192000,-0.00017506431963261086,0.20247737899524582,0.2024773033138984,-1.0278289001434961,1.052603827129231,4.02613218481836,1678,2,0,1,1.0234211648430764,False,False,False,False
source/48kHz_DE_data/OR/Centered/0007/OR007@6_3.mat,X138_DE_time,DE,train,48000,directory_nominal_not_channel_verified,False,True,192000,0.0001046884691849966,0.9984312593239103,0.9984312538354625,-5.262557636850259,5.1624290298164075,7.389603072309629,4810,2,0,1,1.0210976044454851,False,False,False,False
source/48kHz_DE_data/OR/Centered/0007/OR007@6_3.mat,X138_FE_time,FE,train,48000,directory_nominal_not_channel_verified,False,False,192000,-0.0006134775708538498,0.215485724154285,0.21548485088183497,-1.0302613161030507,1.098658683896949,4.030919641942246,1648,2,0,1,1.0144242356191893,False,False,False,False
source/48kHz_DE_data/OR/Centered/0014/OR014@6_0.mat,X201_DE_time,DE,test,48000,directory_nominal_not_channel_verified,True,True,192000,0.01737435963255689,0.15047811965123775,0.14947172348350976,-1.1063890073866738,1.115782069536403,4.078786133563603,978,2,0,1,1.227935051762746,True,False,False,False
source/48kHz_DE_data/OR/Centered/0014/OR014@6_0.mat,X201_FE_time,FE,test,48000,directory_nominal_not_channel_verified,True,False,192000,-0.01599643186755758,0.14614059893802625,0.14526248251173332,-1.0896255375777848,1.098876280604033,4.0862596721958955,954,2,0,1,1.2454967809372526,True,False,False,False
source/48kHz_DE_data/OR/Centered/0014/OR014@6_1.mat,X202_DE_time,DE,validation,48000,directory_nominal_not_channel_verified,False,True,192000,0.000297257102751543,0.13504862332707884,0.13504829617864153,-0.6131600254837869,0.623511974516213,3.1119552036401106,662,2,0,1,1.075563931678448,False,False,False,False
source/48kHz_DE_data/OR/Centered/0014/OR014@6_1.mat,X202_FE_time,FE,validation,48000,directory_nominal_not_channel_verified,False,False,192000,0.0006958207175714234,0.10186543106413362,0.10186305453603263,-0.544845988051368,0.49783583013045024,2.8033149817406393,317,2,0,1,1.0287380545234852,False,False,False,False
source/48kHz_DE_data/OR/Centered/0014/OR014@6_2.mat,X203_DE_time,DE,train,48000,directory_nominal_not_channel_verified,False,True,192000,0.00039719386120634436,0.15349265303981294,0.15349213912848117,-1.8747289415041783,1.8891098277265908,9.065182467503133,1004,2,0,1,1.5135235685133992,False,False,False,False
source/48kHz_DE_data/OR/Centered/0014/OR014@6_2.mat,X203_FE_time,FE,train,48000,directory_nominal_not_channel_verified,False,False,192000,-6.723337733181363e-05,0.09148219817248628,0.09148217346643564,-0.40255067190005905,0.4354984190090318,2.938573997249547,477,2,0,1,1.0356706604800774,False,False,False,False
source/48kHz_DE_data/OR/Centered/0014/OR014@6_3.mat,X204_DE_time,DE,validation,48000,directory_nominal_not_channel_verified,False,True,192000,-0.0009412005570532441,0.15217265009391834,0.15216973936403225,-0.684583720826284,0.6858107407121775,3.0089127801327886,541,2,0,1,1.0416093268827096,False,False,False,False
source/48kHz_DE_data/OR/Centered/0014/OR014@6_3.mat,X204_FE_time,FE,validation,48000,directory_nominal_not_channel_verified,False,False,192000,0.0011367634870102237,0.09572413671909921,0.09571738671417747,-0.4345995970148837,0.40858585753057075,3.0110298792653594,533,2,0,1,1.0317628972317667,False,False,False,False
source/48kHz_DE_data/OR/Centered/0021/OR021@6_0.mat,X238_DE_time,DE,train,48000,directory_nominal_not_channel_verified,True,True,192000,-8.312093210555979e-05,0.6685652917357859,0.6685652865686845,-7.276240051029328,7.676813282304005,20.764757469451954,5142,2,0,1,1.1094554816523285,False,False,True,False
source/48kHz_DE_data/OR/Centered/0021/OR021@6_0.mat,X238_FE_time,FE,train,48000,directory_nominal_not_channel_verified,True,False,192000,0.00019925654098188665,0.6594534785098793,0.659453448406793,-7.165993989650095,7.560497929541824,21.068781079575324,5120,2,0,1,1.131438336414766,False,False,True,False
source/48kHz_DE_data/OR/Centered/0021/OR021@6_1.mat,X239_DE_time,DE,train,48000,directory_nominal_not_channel_verified,False,True,192000,-0.0003288009462652911,0.6140720879304551,0.6140719999032739,-6.167739623210154,6.653575043456511,20.537148504091206,5117,2,0,1,1.1224382098941352,False,False,True,False
source/48kHz_DE_data/OR/Centered/0021/OR021@6_1.mat,X239_FE_time,FE,train,48000,directory_nominal_not_channel_verified,False,False,192000,-0.00013670081863065612,0.21962360521903906,0.21962356267553468,-2.0269502211027213,2.8357102839477837,15.742168825154767,4176,2,0,1,1.1196432937431955,False,False,False,False
source/48kHz_DE_data/OR/Centered/0021/OR021@6_2.mat,X240_DE_time,DE,train,48000,directory_nominal_not_channel_verified,False,True,192000,0.0004947513861973191,0.6126760834550856,0.6126758836929432,-6.94180948401658,7.177411849316753,21.37711582198211,5076,2,0,1,1.1427023377544794,False,False,True,False
source/48kHz_DE_data/OR/Centered/0021/OR021@6_2.mat,X240_FE_time,FE,train,48000,directory_nominal_not_channel_verified,False,False,192000,0.00015189222829953017,0.22246189692185528,0.22246184506746575,-2.066415704538851,2.605947123743977,14.566508184804913,4213,2,0,1,1.2026762243829674,False,False,False,False
source/48kHz_DE_data/OR/Centered/0021/OR021@6_3.mat,X241_DE_time,DE,train,48000,directory_nominal_not_channel_verified,False,True,192000,0.0003396454292777641,0.5908970405841159,0.5908969429706408,-6.128102520334611,6.630612146332055,20.03494869255275,5246,2,0,1,1.1611099164416452,False,False,True,False
source/48kHz_DE_data/OR/Centered/0021/OR021@6_3.mat,X241_FE_time,FE,train,48000,directory_nominal_not_channel_verified,False,False,192000,-0.0009660907374198792,0.2388824344645793,0.23888048091966638,-2.440123439809389,2.7649084793825294,13.934732414776901,4117,2,0,1,1.1364996922733301,False,False,False,False
source/48kHz_DE_data/OR/Opposite/0007/OR007@12_0.mat,X161_DE_time,DE,train,48000,directory_nominal_not_channel_verified,False,True,129969,1.0059311326536208e-17,0.21087566058012194,0.21087566058012194,-1.392106129080485,1.3580704863041304,5.493879625676441,1582,2,0,1,1.136507004204198,False,False,False,False
source/48kHz_DE_data/OR/Opposite/0007/OR007@12_0.mat,X161_FE_time,FE,train,48000,directory_nominal_not_channel_verified,False,False,129969,-5.029655663268104e-18,0.14632967176773043,0.14632967176773043,-0.8252924359025473,0.7680075640974526,3.7101188435552106,944,2,0,1,1.074446317032949,False,False,False,False
source/48kHz_DE_data/OR/Opposite/0007/OR007@12_1.mat,X162_DE_time,DE,validation,48000,directory_nominal_not_channel_verified,False,True,192000,-0.0006451102869514145,0.26633973353765744,0.26633895226501897,-2.198474472575413,2.241903988963048,10.882223096449666,3754,2,0,1,1.1102998606865508,False,False,False,False
source/48kHz_DE_data/OR/Opposite/0007/OR007@12_1.mat,X162_FE_time,FE,validation,48000,directory_nominal_not_channel_verified,False,False,192000,0.0006468744203703252,0.16556037798497533,0.16555911425231828,-1.164841841375084,1.2757527040794612,5.2153012448625296,2086,2,0,1,1.104239221954499,False,False,False,False
source/48kHz_DE_data/OR/Opposite/0007/OR007@12_2.mat,X163_DE_time,DE,train,48000,directory_nominal_not_channel_verified,False,True,192000,0.0015150069914979226,0.2613562654057979,0.26135187433933127,-2.064793451027733,2.1454822412799595,11.284678610079073,3807,2,0,1,1.1167899659249074,False,False,False,False
source/48kHz_DE_data/OR/Opposite/0007/OR007@12_2.mat,X163_FE_time,FE,train,48000,directory_nominal_not_channel_verified,False,False,192000,-0.000559311549220993,0.1560711821131139,0.15607017990883357,-1.005581928982933,0.952399889198885,4.5662190141345125,1955,2,0,1,1.054653628045778,False,False,False,False
source/48kHz_DE_data/OR/Opposite/0007/OR007@12_3.mat,X164_DE_time,DE,test,48000,directory_nominal_not_channel_verified,False,True,192000,-0.0002580547748482347,0.24174743553833483,0.24174729780722376,-2.0241478046113865,2.060541426157844,10.348362552914184,3320,2,0,1,1.057275989706078,False,False,False,False
source/48kHz_DE_data/OR/Opposite/0007/OR007@12_3.mat,X164_FE_time,FE,test,48000,directory_nominal_not_channel_verified,False,False,192000,0.00021860446996091525,0.15101132138916018,0.1510111631628137,-0.8844648587876148,0.9703787775760213,3.8637932523001255,1468,2,0,1,1.0600760683450727,False,False,False,False
source/48kHz_DE_data/OR/Opposite/0021/OR021@12_0.mat,X262_DE_time,DE,test,48000,directory_nominal_not_channel_verified,False,True,130549,-2.351258622037421e-17,0.5936276560000826,0.5936276560000826,-5.391619766371248,5.6768949002954185,25.641903406115535,3678,2,0,1,1.1668139544687,False,False,True,False
source/48kHz_DE_data/OR/Opposite/0021/OR021@12_0.mat,X262_FE_time,FE,test,48000,directory_nominal_not_channel_verified,False,False,130549,9.143783530145526e-18,0.13995872873932003,0.13995872873932003,-1.3290049418713559,1.3158114217650076,9.35077880228001,2362,2,0,1,1.070368711859578,False,False,False,False
source/48kHz_DE_data/OR/Opposite/0021/OR021@12_1.mat,X263_DE_time,DE,test,48000,directory_nominal_not_channel_verified,False,True,192000,-0.0009650066451804505,0.5425498479447803,0.5425489897392484,-4.755768682034069,5.145881984632598,22.6994868499062,5480,2,0,1,1.1883984673905297,False,False,True,False
source/48kHz_DE_data/OR/Opposite/0021/OR021@12_1.mat,X263_FE_time,FE,test,48000,directory_nominal_not_channel_verified,False,False,192000,-5.395259097596675e-05,0.1356520679160044,0.13565205718678283,-1.2286740337936273,1.177609602570009,9.17283073570554,3720,2,0,1,1.0785200151175836,False,False,False,False
source/48kHz_DE_data/OR/Opposite/0021/OR021@12_2.mat,X264_DE_time,DE,train,48000,directory_nominal_not_channel_verified,False,True,192000,0.0005199337528909759,0.47671610447770285,0.47671582094292686,-4.64010967960822,5.1822476537251125,22.56678720356373,5175,2,0,1,1.2390760842765234,False,False,True,False
source/48kHz_DE_data/OR/Opposite/0021/OR021@12_2.mat,X264_FE_time,FE,train,48000,directory_nominal_not_channel_verified,False,False,192000,-0.00012003018862898052,0.13453793568526973,0.134537882141825,-1.1612270372246138,1.34120932641175,8.704690810877803,3538,2,0,1,1.1045812174104253,False,False,False,False
source/48kHz_DE_data/OR/Opposite/0021/OR021@12_3.mat,X265_DE_time,DE,validation,48000,directory_nominal_not_channel_verified,False,True,192000,-7.391115192767947e-05,0.4181541595827727,0.41815415305066206,-4.103376315832484,4.067175684167516,21.137591318368393,5107,2,0,1,1.235678948252355,False,False,True,False
source/48kHz_DE_data/OR/Opposite/0021/OR021@12_3.mat,X265_FE_time,FE,validation,48000,directory_nominal_not_channel_verified,False,False,192000,0.0007095057393493436,0.1412423568636596,0.14124057481477198,-1.2360567101508022,1.1587214716673797,6.685049872204673,2599,2,0,1,1.0914837979536793,False,False,False,False
source/48kHz_DE_data/OR/Orthogonal/0007/OR007@3_0.mat,X148_DE_time,DE,train,48000,directory_nominal_not_channel_verified,False,True,124602,1.5966996196917228e-17,0.39897198525458,0.39897198525458,-1.9518746248745236,1.8912379905100916,4.1586143938353795,1267,2,0,1,1.0672109623756563,False,False,False,False
source/48kHz_DE_data/OR/Orthogonal/0007/OR007@3_0.mat,X148_FE_time,FE,train,48000,directory_nominal_not_channel_verified,False,False,124602,2.452074415955146e-18,0.17488567538092906,0.17488567538092906,-0.7712426389624565,0.7394646337648162,3.1053611134268024,420,2,0,1,1.0600056054321572,False,False,False,False
source/48kHz_DE_data/OR/Orthogonal/0007/OR007@3_1.mat,X149_DE_time,DE,test,48000,directory_nominal_not_channel_verified,False,True,192000,-0.0005032378850960709,0.45570919391775977,0.4557089160558584,-2.151137436317788,2.169287179066827,4.100695073623093,1832,2,0,1,1.0085655609288366,False,False,False,False
source/48kHz_DE_data/OR/Orthogonal/0007/OR007@3_1.mat,X149_FE_time,FE,test,48000,directory_nominal_not_channel_verified,False,False,192000,0.00029177293432731136,0.198572049999455,0.19857183564025602,-0.9966189618668091,1.0492974017695547,3.30500290378405,861,2,0,1,1.0267098525073157,False,False,False,False
source/48kHz_DE_data/OR/Orthogonal/0007/OR007@3_2.mat,X150_DE_time,DE,train,48000,directory_nominal_not_channel_verified,False,True,192000,0.000503115074871242,0.44435569640031425,0.44435541157797287,-2.014745717078975,2.050125052151794,4.351989726993902,2158,2,0,1,1.026126426586785,False,False,False,False
source/48kHz_DE_data/OR/Orthogonal/0007/OR007@3_2.mat,X150_FE_time,FE,train,48000,directory_nominal_not_channel_verified,False,False,192000,0.0006786084136003267,0.19584645282090832,0.19584527712751526,-0.9440799083951117,0.9639764552412519,3.28431024997467,915,2,0,1,1.0249334321527497,False,False,False,False
source/48kHz_DE_data/OR/Orthogonal/0007/OR007@3_3.mat,X151_DE_time,DE,train,48000,directory_nominal_not_channel_verified,False,True,192000,8.777241011930248e-05,0.4444439524145752,0.44444394374757,-1.9732510330129576,2.1552474285255037,4.116382105026206,1988,2,0,1,1.024608091742689,False,False,False,False
source/48kHz_DE_data/OR/Orthogonal/0007/OR007@3_3.mat,X151_FE_time,FE,train,48000,directory_nominal_not_channel_verified,False,False,192000,-0.00013078728693695425,0.19965794870062908,0.19965790586407695,-0.9126744091051188,1.0377055908948811,3.422881657043084,988,2,0,1,1.0224880553448017,False,False,False,False
source/48kHz_DE_data/OR/Orthogonal/0021/OR021@3_0.mat,X250_DE_time,DE,train,48000,directory_nominal_not_channel_verified,False,True,128663,3.948594825773312e-18,0.4130805742400648,0.4130805742400648,-3.255715248362,2.7092300849713333,8.355508346024408,2203,2,0,1,1.0580664337519934,False,False,False,False
source/48kHz_DE_data/OR/Orthogonal/0021/OR021@3_0.mat,X250_FE_time,FE,train,48000,directory_nominal_not_channel_verified,False,False,128663,1.877653483584512e-18,0.2286062111603134,0.2286062111603134,-1.3159157353785478,1.2849561838133714,4.532834268956351,1411,2,0,1,1.04306558513104,False,False,False,False
source/48kHz_DE_data/OR/Orthogonal/0021/OR021@3_1.mat,X251_DE_time,DE,validation,48000,directory_nominal_not_channel_verified,False,True,192000,-0.0003409369251326626,0.7620065102552556,0.7620064339842585,-5.821195998619577,4.986902668047089,7.377077923267514,3941,2,0,1,1.0516770521978756,False,False,False,False
source/48kHz_DE_data/OR/Orthogonal/0021/OR021@3_1.mat,X251_FE_time,FE,validation,48000,directory_nominal_not_channel_verified,False,False,192000,0.00010083868570297705,0.22827531991182498,0.228275297639507,-1.7127110405961785,1.2617690604139224,5.693797300055152,2708,2,0,1,1.0444516839871374,False,False,False,False
source/48kHz_DE_data/OR/Orthogonal/0021/OR021@3_2.mat,X252_DE_time,DE,train,48000,directory_nominal_not_channel_verified,False,True,192000,0.0003759355255226678,0.7154153874632794,0.7154152886902228,-5.060689119391144,4.730785547275523,7.312250326588447,3724,2,0,1,1.0600393028332527,False,False,False,False
source/48kHz_DE_data/OR/Orthogonal/0021/OR021@3_2.mat,X252_FE_time,FE,train,48000,directory_nominal_not_channel_verified,False,False,192000,0.000429804519773172,0.23470191884836927,0.2347015253022044,-1.7506596830843935,1.19422769065298,5.580616922635187,2696,2,0,1,1.0510191242060143,False,False,False,False
source/48kHz_DE_data/OR/Orthogonal/0021/OR021@3_3.mat,X253_DE_time,DE,train,48000,directory_nominal_not_channel_verified,False,True,192000,-0.00024112895381935768,0.6743123033563219,0.67431226024338,-4.8690660919399305,4.565171241393403,7.371029270850398,3418,2,0,1,1.0186874792224456,False,False,False,False
source/48kHz_DE_data/OR/Orthogonal/0021/OR021@3_3.mat,X253_FE_time,FE,train,48000,directory_nominal_not_channel_verified,False,False,192000,0.0007802349495462148,0.21911765478347117,0.21911626564733155,-1.6669710549673307,1.2224299551336792,5.962160987935357,2553,2,0,1,1.0316958963842005,False,False,False,False
source/48kHz_Normal_data/N_0.mat,X097_DE_time,DE,test,48000,directory_nominal_not_channel_verified,False,True,243938,-8.738401590897279e-20,0.0726870986839877,0.0726870986839877,-0.29919574966148393,0.29869594264620836,2.7642427904394915,297,2,0,1,1.042852607868435,False,False,False,False
source/48kHz_Normal_data/N_0.mat,X097_FE_time,FE,test,48000,directory_nominal_not_channel_verified,False,False,243938,2.155472392421329e-18,0.07864540858656546,0.07864540858656546,-0.2775103597709999,0.3261150947744546,2.7601035573819974,386,2,0,1,1.0627829503900106,False,False,False,False
source/48kHz_Normal_data/N_1_(1772rpm).mat,X098_DE_time,DE,validation,48000,directory_nominal_not_channel_verified,False,True,384000,-0.00018027381884835487,0.06525064176705161,0.06525039273722678,-0.32048041014577144,0.25154297446961316,2.926444553167882,864,2,0,1,1.0093112087302853,False,False,False,False
source/48kHz_Normal_data/N_1_(1772rpm).mat,X098_FE_time,FE,validation,48000,directory_nominal_not_channel_verified,False,False,384000,-3.065452950976631e-05,0.06736998311865029,0.06736997614447437,-0.2478970742596234,0.2895720166494675,2.8780402189901095,762,2,0,1,1.0176547750543645,False,False,False,False
source/48kHz_Normal_data/N_2_(1750rpm).mat,X099_DE_time,DE,train,48000,directory_nominal_not_channel_verified,False,True,384000,-8.675588695550858e-05,0.06308624633194383,0.06308618667878708,-0.33916090887734013,0.34697509112265984,2.9211052590117235,834,2,0,1,1.009362757969368,False,False,False,False
source/48kHz_Normal_data/N_2_(1750rpm).mat,X099_FE_time,FE,train,48000,directory_nominal_not_channel_verified,False,False,384000,-0.0002085454765834845,0.06504914672361513,0.0650488124277039,-0.276247949179235,0.279712050820765,2.867685105824171,779,2,0,1,1.0152104992361481,False,False,False,False
source/48kHz_Normal_data/N_3.mat,X100_DE_time,DE,train,48000,directory_nominal_not_channel_verified,False,True,384000,-0.0003880470835127681,0.06471727068421392,0.06471610730161997,-0.3189145142229359,0.2712584088539872,2.9563872258528487,955,2,0,1,1.0129161510680107,False,False,False,False
source/48kHz_Normal_data/N_3.mat,X100_FE_time,FE,train,48000,directory_nominal_not_channel_verified,False,False,384000,0.00019082755218093557,0.07532100210323583,0.07532076036977445,-0.33329828871675843,0.3529198931014234,2.9922107400273865,988,2,0,1,1.0114505874437625,False,False,False,False
target/A.mat,A,target_single,target,32000,problem_statement,False,True,256000,0.0002967651999559102,3.4342837710395897,3.4342837582174717,-15.193290144655506,16.01107032136012,3.156263521889814,935,2,0,1,1.030291108864938,False,False,False,False
target/B.mat,B,target_single,target,32000,problem_statement,False,True,256000,0.00032952429015330377,1.4680951962467763,1.468095159264754,-13.436784593724255,11.48736837229137,4.704747324771089,2084,2,0,1,1.104310688569427,False,False,False,False
target/C.mat,C,target_single,target,32000,problem_statement,False,True,256000,-0.0036744042409393883,31.52284565998338,31.52284544583319,-349.50128995367083,348.69461079789164,28.287748901226994,6440,2,0,1,1.0920984711088761,False,False,True,False
target/D.mat,D,target_single,target,32000,problem_statement,False,True,256000,-0.0017758880720991836,8.286112209740264,8.286112019435183,-34.16586926829083,37.8458216274123,3.0688565504078897,814,2,0,1,1.0262572000458197,False,False,False,False
target/E.mat,E,target_single,target,32000,problem_statement,False,True,256000,-0.011236112952930805,15.665018913172837,15.665014883485698,-179.9677218986726,179.8393840966399,40.93364091252254,5879,2,0,1,1.0983328331317785,False,False,True,False
target/F.mat,F,target_single,target,32000,problem_statement,False,True,256000,0.007290896963408494,5.7761885769578285,5.77618397554991,-24.864816628521947,26.654893634368676,3.0776418344570717,864,2,0,1,1.0190429917864072,False,False,False,False
target/G.mat,G,target_single,target,32000,problem_statement,False,True,256000,0.0013029888115971347,1.6040247719414733,1.604024242716441,-10.434613492110854,10.563148137576647,4.264569075447025,2111,2,0,1,1.0633825129428747,False,False,False,False
target/H.mat,H,target_single,target,32000,problem_statement,False,True,256000,0.001822049909939655,10.848931999210562,10.848931846206288,-69.89483931400075,59.39402618013986,4.874453081892858,2527,2,0,1,1.0136393933003796,False,False,False,False
target/I.mat,I,target_single,target,32000,problem_statement,False,True,256000,-0.019944719107369033,29.664839868920613,29.66483316415047,-298.9183983467076,299.755418628683,21.23199588782533,4961,2,0,1,1.0470237118838344,False,False,True,False
target/J.mat,J,target_single,target,32000,problem_statement,False,True,256000,0.007104060348336486,30.096131820031964,30.096130981590758,-409.9273243709422,432.438309436089,37.10627307725566,5394,2,0,1,1.0835371899505006,False,False,True,False
target/K.mat,K,target_single,target,32000,problem_statement,False,True,256000,-0.00450567506578429,10.298819381481788,10.298818395878097,-64.05570496516499,58.22974788405375,3.5315795858440366,1343,2,0,1,1.0165927678397377,False,False,False,False
target/L.mat,L,target_single,target,32000,problem_statement,False,True,256000,-0.00012226525398076248,1.835054413185248,1.8350544091121281,-10.299729282085003,9.998237797602496,3.624475074284871,1498,2,0,1,1.0509180026838874,False,False,False,False
target/M.mat,M,target_single,target,32000,problem_statement,False,True,256000,-0.0013473962639145177,9.98252694965934,9.982526858726617,-54.262974120250874,48.01356941412412,3.3053688980314986,1193,2,0,1,1.0186898726821394,False,False,False,False
target/N.mat,N,target_single,target,32000,problem_statement,False,True,256000,-0.0006263496720755486,9.266464934157096,9.266464912988617,-165.79699202657142,174.53404100897544,33.00679286361791,3412,2,0,1,1.1879901488458673,False,False,True,False
target/O.mat,O,target_single,target,32000,problem_statement,False,True,256000,0.0025634125808712146,1.4620291322476646,1.4620268849979468,-9.361548775943376,10.340078957650373,3.9107455485597526,1881,2,0,1,1.072037025250712,False,False,False,False
target/P.mat,P,target_single,target,32000,problem_statement,False,True,256000,0.004416910751424512,8.4484801370629,8.4484789824705,-36.35067040917474,36.92925792520026,3.08773237455871,849,2,0,1,1.0245135570503805,False,False,False,False
