window_id,ac_rms,mean_abs,peak_to_peak,crest_factor,kurtosis_pearson,skewness
source/12kHz_DE_data/B/0007/B007_0.mat::w0000,-0.584563212300998,-0.5070107072911556,-0.7816779761303023,-0.9644248550188729,-0.6942190561035296,-0.4454647291769296
source/12kHz_DE_data/B/0007/B007_0.mat::w0001,-0.5801799210133413,-0.5009599067276767,-0.7605693453466367,-0.8473735939835881,-0.7061559192886677,-0.10573890622381397
source/12kHz_DE_data/B/0007/B007_0.mat::w0002,-0.5806107048060167,-0.5027463875108776,-0.7745493578543926,-0.826229156563863,-0.6938603614102763,-0.14310807454169971
source/12kHz_DE_data/B/0007/B007_0.mat::w0003,-0.5852152576114876,-0.506131114465155,-0.7555397091186338,-0.6721380420630105,-0.6968548814385274,-0.32961682137591874
source/12kHz_DE_data/B/0007/B007_0.mat::w0004,-0.5856991998113437,-0.5080143336352273,-0.7825492516973579,-0.8516767240188254,-0.7013693802770384,-0.21514838626556937
source/12kHz_DE_data/B/0007/B007_0.mat::w0005,-0.5836137771143697,-0.5045424812669285,-0.7692028941474605,-0.771679256969737,-0.7031055528546274,-0.15396304470564376
source/12kHz_DE_data/B/0007/B007_0.mat::w0006,-0.581421626950992,-0.5031772712815985,-0.7810443211724436,-0.9793635170002017,-0.6934533791395278,-0.046019839023451206
source/12kHz_DE_data/B/0007/B007_0.mat::w0007,-0.5784024812461872,-0.49875032383663703,-0.7609257762604321,-0.8684174187734053,-0.6941075489581491,-0.06714893689837063
source/12kHz_DE_data/B/0007/B007_1.mat::w0000,-0.5793825956612377,-0.5016666912671045,-0.7347083023790314,-0.655832782421532,-0.6777942800803339,-0.09216239405166753
source/12kHz_DE_data/B/0007/B007_1.mat::w0001,-0.5894472104109736,-0.5112765317438612,-0.7780740635574812,-0.9421539987601685,-0.695837317498968,0.16173880789564166
source/12kHz_DE_data/B/0007/B007_1.mat::w0002,-0.578020093772226,-0.4995616015265976,-0.7298370798904932,-0.5798681142460698,-0.6947115537004903,0.06944696680306059
source/12kHz_DE_data/B/0007/B007_1.mat::w0003,-0.5766256035564935,-0.49781442941779325,-0.7837373547433428,-1.0347195501651605,-0.6922944639315957,-0.04370243348668833
source/12kHz_DE_data/B/0007/B007_1.mat::w0004,-0.5801975229741819,-0.5005761296399026,-0.7813215452165068,-0.9136517301580852,-0.697324765469804,-0.07349376462988186
source/12kHz_DE_data/B/0007/B007_1.mat::w0005,-0.5762616419391229,-0.4959796855972684,-0.7809255108678451,-1.014241860150486,-0.7046716602567322,-0.13976333863164897
source/12kHz_DE_data/B/0007/B007_1.mat::w0006,-0.5764921889781943,-0.49694071505135096,-0.7721335483275567,-0.8865643735370079,-0.6942888165611326,-0.2530826735002062
source/12kHz_DE_data/B/0007/B007_1.mat::w0007,-0.5830093833568684,-0.5021887021718042,-0.8045687614829452,-1.1445494338040934,-0.7137551123059087,-0.21335797752359434
source/12kHz_DE_data/B/0007/B007_2.mat::w0000,-0.5615114285945516,-0.47682384401369793,-0.7704306006283116,-1.0149221827267998,-0.7254916702997117,0.052445990237044694
source/12kHz_DE_data/B/0007/B007_2.mat::w0001,-0.5516213265054509,-0.46887747450395123,-0.7824700448276255,-1.1260101181817512,-0.7216109379665907,0.1061323613723296
source/12kHz_DE_data/B/0007/B007_2.mat::w0002,-0.5541755491700232,-0.47219910490888206,-0.7581535358198007,-0.89758036400697,-0.707165121712488,0.0859387729797319
source/12kHz_DE_data/B/0007/B007_2.mat::w0003,-0.561564506632098,-0.4810732851063599,-0.7791433562988677,-1.0534899684815333,-0.7110855885678635,0.1794358993559495
source/12kHz_DE_data/B/0007/B007_2.mat::w0004,-0.5593463152213207,-0.4770423009307829,-0.7791037528640016,-1.0251029911555156,-0.7152415759635985,0.1760493751089604
source/12kHz_DE_data/B/0007/B007_2.mat::w0005,-0.55840020902874,-0.47593641795466896,-0.7711038590210364,-0.9829868561121657,-0.7142187429512635,0.23913679320625084
source/12kHz_DE_data/B/0007/B007_2.mat::w0006,-0.5636569076236699,-0.48143875925606555,-0.7656781884443719,-0.9715329202680417,-0.7057017893283187,0.10005929354315679
source/12kHz_DE_data/B/0007/B007_2.mat::w0007,-0.5635402085031868,-0.4824663984965751,-0.7830244929157518,-1.0882681974166681,-0.7148450902684659,0.06609707409847837
source/12kHz_DE_data/B/0007/B007_3.mat::w0000,-0.5430722496484298,-0.45802640946651,-0.7498764179327724,-0.9118108774374157,-0.7136120276705266,-0.03868358166130498
source/12kHz_DE_data/B/0007/B007_3.mat::w0001,-0.5414906264647016,-0.4568480626395212,-0.7805294765191835,-1.1092563699652105,-0.7237224270929719,0.04779768243593511
source/12kHz_DE_data/B/0007/B007_3.mat::w0002,-0.542760177581541,-0.45820968840895854,-0.7487675217565197,-0.9779326428701426,-0.7141839624551404,0.0253676310767955
source/12kHz_DE_data/B/0007/B007_3.mat::w0003,-0.5391808896018803,-0.4573558902370216,-0.7505496763254972,-0.8841474320237835,-0.7054171585006412,-0.06101153970145515
source/12kHz_DE_data/B/0007/B007_3.mat::w0004,-0.5323599234246176,-0.44665802173333863,-0.762787137699142,-1.0531355243389635,-0.7221724490009767,-0.1428752607761398
source/12kHz_DE_data/B/0007/B007_3.mat::w0005,-0.5449895307997956,-0.46480304713635706,-0.6954612984266626,-0.591102852945812,-0.6750940068522656,0.13613341219896807
source/12kHz_DE_data/B/0007/B007_3.mat::w0006,-0.5470665827489034,-0.4670473531540689,-0.7484110908427243,-0.880748280790713,-0.6923019367292863,0.04700958913693559
source/12kHz_DE_data/B/0007/B007_3.mat::w0007,-0.5568775978739714,-0.4757234292005585,-0.7483318839729919,-0.9125821449720146,-0.7059990710242852,0.09123438604541478
source/12kHz_DE_data/B/0014/B014_0.mat::w0000,-0.44568861838248813,-0.45325338756647393,-0.10671663570626452,1.7054624567668792,1.2179096658629642,0.8172790266198614
source/12kHz_DE_data/B/0014/B014_0.mat::w0001,-0.5963644350948388,-0.5702721369779163,-0.3286938881311152,2.170683862413803,1.1825250478889522,0.6448225804896347
source/12kHz_DE_data/B/0014/B014_0.mat::w0002,-0.5781572677882251,-0.5667483792392778,-0.00485660123048994,4.315343895902853,3.862369653103196,4.715996043163467
source/12kHz_DE_data/B/0014/B014_0.mat::w0003,-0.6867350633321793,-0.630691430507588,-0.7062334327102593,0.7476257196153048,-0.18793710229397106,-0.36851465436444764
source/12kHz_DE_data/B/0014/B014_0.mat::w0004,-0.6859897483050822,-0.6292472669477244,-0.5143547907836935,2.3527171261229167,0.40933383874951745,0.29283872549271
source/12kHz_DE_data/B/0014/B014_0.mat::w0005,-0.5802114710283749,-0.5668467843108542,-0.0648954084875951,4.413656800493299,2.9932467076134475,3.2300343827534816
source/12kHz_DE_data/B/0014/B014_0.mat::w0006,-0.5141966194758795,-0.5052846284899414,-0.3031100692075732,1.57882186575108,0.6672440410896302,1.0917766490677119
source/12kHz_DE_data/B/0014/B014_0.mat::w0007,-0.4679768059558763,-0.4590550399062794,-0.04137096817709364,2.445297280138568,1.1262844122474038,2.5618165308977905
source/12kHz_DE_data/B/0014/B014_1.mat::w0000,-0.5710213718519102,-0.5370400192499258,-0.42231640815472754,1.252397897442235,0.23795092784071895,-0.09993820911721805
source/12kHz_DE_data/B/0014/B014_1.mat::w0001,-0.49348604326286316,-0.4776985022335783,-0.42786088903599057,0.5896162050543404,0.1255344821907217,-0.36682568914611036
source/12kHz_DE_data/B/0014/B014_1.mat::w0002,-0.6173251372947777,-0.5689143663617984,-0.6254820290181503,0.37885718736476554,-0.17917110666500932,0.25159287707029576
source/12kHz_DE_data/B/0014/B014_1.mat::w0003,-0.6032659238902872,-0.5595974597758602,-0.5417207642762129,0.853763929601516,-0.058078491132831325,0.5943081777050905
source/12kHz_DE_data/B/0014/B014_1.mat::w0004,-0.5131796892273288,-0.4900712004554059,-0.40188103576378686,0.8169058279425981,0.20685434392450872,0.09246016867923296
source/12kHz_DE_data/B/0014/B014_1.mat::w0005,-0.5922571449869826,-0.5595259179672638,-0.561997722927689,0.7047514459662452,0.11250720417883248,0.2745885241061218
source/12kHz_DE_data/B/0014/B014_1.mat::w0006,-0.6143017457354067,-0.570461309223125,-0.5787499758760766,0.6238937852195063,0.048075666564094226,-0.31540957115494317
source/12kHz_DE_data/B/0014/B014_1.mat::w0007,-0.6115046592573603,-0.5738570046575738,-0.5777994934392885,0.5937077988391888,0.19713827232653677,-0.06600119783031749
source/12kHz_DE_data/B/0014/B014_2.mat::w0000,-0.5704298581967538,-0.5491764484656795,-0.2735659067974146,2.8917691063895075,1.4774256384435798,2.9347470588279134
source/12kHz_DE_data/B/0014/B014_2.mat::w0001,-0.5456944819533689,-0.508804654132299,-0.3528123799646094,1.5045071893936768,0.21478431648035173,0.38511317042436544
source/12kHz_DE_data/B/0014/B014_2.mat::w0002,-0.4945959469801839,-0.46299520835026775,-0.4034651731584334,0.8462064491106559,0.000707616145988101,-0.0469351738880682
source/12kHz_DE_data/B/0014/B014_2.mat::w0003,-0.6298954452180593,-0.5919287740182367,-0.38247535267936644,3.0298996024227605,0.7240373848604923,2.149211936643365
source/12kHz_DE_data/B/0014/B014_2.mat::w0004,-0.6413005556861064,-0.5872155995160688,-0.7021542789190444,0.2742422308800263,-0.35928700115111367,0.15973511727268286
source/12kHz_DE_data/B/0014/B014_2.mat::w0005,-0.5146857937489409,-0.48266443918108093,-0.44279138398053447,0.9783660975723659,0.05610415978622122,1.6102921055380737
source/12kHz_DE_data/B/0014/B014_2.mat::w0006,-0.5354689730820803,-0.49967530180272773,-0.25515030958464824,2.30886223015597,0.39004102862197426,1.46415057842706
source/12kHz_DE_data/B/0014/B014_2.mat::w0007,-0.5672883760699522,-0.5197826177814223,-0.46045451593084386,0.9999240890613831,-0.15539787577066658,0.10065364649268789
source/12kHz_DE_data/B/0014/B014_3.mat::w0000,-0.5752312018457207,-0.5530239777506143,-0.13226085119494052,3.4283647791622456,2.2902458439459217,1.370298254650352
source/12kHz_DE_data/B/0014/B014_3.mat::w0001,-0.6305733328668353,-0.579516543123943,-0.594789366996873,0.6739470708256607,-0.14523678680984747,0.0566501022885608
source/12kHz_DE_data/B/0014/B014_3.mat::w0002,-0.5098570375963664,-0.5179179186085633,-0.26750658126289145,2.0819615278292924,1.5022941903472218,2.5103096384510186
source/12kHz_DE_data/B/0014/B014_3.mat::w0003,-0.5748282065702429,-0.5611605286836124,-0.3311889045276836,1.848000997324709,1.175355417214118,1.6405317643587476
source/12kHz_DE_data/B/0014/B014_3.mat::w0004,-0.5346900601238972,-0.5214252222260948,-0.31716928858506155,1.6818042031039264,0.8576063966541262,1.9038036877585771
source/12kHz_DE_data/B/0014/B014_3.mat::w0005,-0.5888412531029044,-0.5515216371067327,-0.4992658820996848,1.5481421416454684,0.32810755552158305,1.4544028534816533
source/12kHz_DE_data/B/0014/B014_3.mat::w0006,-0.6523153810822713,-0.5930228917644929,-0.7553812953791692,-0.303147820347567,-0.46343093139940855,-0.8184320925148968
source/12kHz_DE_data/B/0014/B014_3.mat::w0007,-0.5954392213834363,-0.5528483700434329,-0.5618393091882244,0.5885965794079351,-0.025091848691168154,-1.0050113176728133
source/12kHz_DE_data/B/0021/B021_0.mat::w0000,-0.6323569656172499,-0.5669063779008583,-0.7652029472259778,-0.43865062820030176,-0.5709759618659869,-0.043322524670235854
source/12kHz_DE_data/B/0021/B021_0.mat::w0001,-0.6187730605563189,-0.5509930909398659,-0.772965220459746,-0.5843990304394232,-0.6007964934830764,-0.06371198927816799
source/12kHz_DE_data/B/0021/B021_0.mat::w0002,-0.610539196934488,-0.5433047251805931,-0.6402145067883634,0.3504055809877987,-0.5232131342600522,-0.28430436790844144
source/12kHz_DE_data/B/0021/B021_0.mat::w0003,-0.5419833985510124,-0.5085319141091055,-0.31471387562335934,1.6993512413041456,0.549851215976224,0.2853814310413425
source/12kHz_DE_data/B/0021/B021_0.mat::w0004,-0.5728472407631043,-0.527645165923069,-0.2592294633758631,2.3140492433284687,0.5127378498526003,0.07964899681262948
source/12kHz_DE_data/B/0021/B021_0.mat::w0005,-0.5025761271020832,-0.48038891735827105,-0.26192249694676234,1.503107753445681,0.6578387551826125,-0.47207771348716804
source/12kHz_DE_data/B/0021/B021_0.mat::w0006,-0.567572707790955,-0.508858298320224,-0.6537984849474578,-0.08231892498799889,-0.44727759776432297,-0.17967086824908413
source/12kHz_DE_data/B/0021/B021_0.mat::w0007,-0.6315407936285671,-0.5645674372388771,-0.7811631314770421,-0.6718728930998041,-0.6047839740708908,-0.6458328332305316
source/12kHz_DE_data/B/0021/B021_1.mat::w0000,-0.6457851776144092,-0.5799488753226066,-0.7789057356896707,-0.48616496239559187,-0.5873391280951142,-0.4464631433347636
source/12kHz_DE_data/B/0021/B021_1.mat::w0001,-0.6567406168413453,-0.5876223324973693,-0.8242120651765626,-0.8664528653581418,-0.6373886745788081,0.03319453359473032
source/12kHz_DE_data/B/0021/B021_1.mat::w0002,-0.6118415933104593,-0.5589494865207456,-0.41332642844010825,1.873355855123589,0.3288319670009911,0.6705727041423108
source/12kHz_DE_data/B/0021/B021_1.mat::w0003,-0.6532895660789322,-0.584398989942641,-0.8222714968681206,-0.8600595009884484,-0.6356105025156367,-0.23565193135492005
source/12kHz_DE_data/B/0021/B021_1.mat::w0004,-0.651932111660468,-0.5816766191681526,-0.8070637778795134,-0.7627395392481088,-0.6441911186159064,-0.4578435725743532
source/12kHz_DE_data/B/0021/B021_1.mat::w0005,-0.5701462706614139,-0.5265112347682289,-0.33067405987442355,1.796026097869382,0.5690455706248397,-0.16014226998766123
source/12kHz_DE_data/B/0021/B021_1.mat::w0006,-0.587821254597916,-0.5460485154284225,-0.3690497882597367,2.0172113482681993,0.5627571158375887,-0.05715606994069345
source/12kHz_DE_data/B/0021/B021_1.mat::w0007,-0.5739019159762625,-0.5318524611485874,-0.4418409015437466,1.1962150811390446,0.22437222066432902,-0.3298307087850651
source/12kHz_DE_data/B/0021/B021_2.mat::w0000,-0.6618238844067528,-0.5911846122279654,-0.8367267505942705,-0.9250048321599522,-0.6620671868922754,-0.25136937989295266
source/12kHz_DE_data/B/0021/B021_2.mat::w0001,-0.654031811512072,-0.5844082660727957,-0.822350703737853,-0.8358370652819244,-0.6450968109661812,0.043533076767971954
source/12kHz_DE_data/B/0021/B021_2.mat::w0002,-0.6590044150881373,-0.5895465527136298,-0.8135983446324306,-0.5540749014300672,-0.6579736733965046,0.12694058922800525
source/12kHz_DE_data/B/0021/B021_2.mat::w0003,-0.6548553293510755,-0.5842274139248941,-0.8287268567513054,-0.9060541815127118,-0.6641772863289613,-0.01755426698808426
source/12kHz_DE_data/B/0021/B021_2.mat::w0004,-0.6539461196982322,-0.5838976136434155,-0.8172022572052515,-0.7401671822454652,-0.6551777111982193,-0.37283159993023246
source/12kHz_DE_data/B/0021/B021_2.mat::w0005,-0.6566900167291811,-0.5878989838240091,-0.8201329113853478,-0.8038759815096586,-0.6563562281572872,-0.5143009503099242
source/12kHz_DE_data/B/0021/B021_2.mat::w0006,-0.656059608016539,-0.5865687725698587,-0.8166082056822591,-0.6835523316932554,-0.6526647303972215,-0.2476426088988694
source/12kHz_DE_data/B/0021/B021_2.mat::w0007,-0.644893941864758,-0.5767971744650533,-0.7480546599289287,-0.15359548369210668,-0.5954927493171241,0.19127114553545407
source/12kHz_DE_data/B/0021/B021_3.mat::w0000,-0.6346988897825588,-0.5615674037749612,-0.8215982384753958,-0.9545841454622418,-0.6756868438860715,-0.0049515001205310645
source/12kHz_DE_data/B/0021/B021_3.mat::w0001,-0.6302012834787778,-0.5583596251048858,-0.7892818356246057,-0.7625935451786406,-0.6650198683383102,-0.11634738259104088
source/12kHz_DE_data/B/0021/B021_3.mat::w0002,-0.6292716956043444,-0.5557376913891268,-0.8092419667971527,-0.8813018638525796,-0.6837270420752536,0.11949692229784431
source/12kHz_DE_data/B/0021/B021_3.mat::w0003,-0.630738776133055,-0.5573953615167253,-0.8198952907761508,-0.9628612137045446,-0.6799234250627917,0.29948807665427785
source/12kHz_DE_data/B/0021/B021_3.mat::w0004,-0.6317310687422966,-0.5593772895976267,-0.812489448456178,-0.908890075656786,-0.6740417975277543,0.05213193703591966
source/12kHz_DE_data/B/0021/B021_3.mat::w0005,-0.6307128179771191,-0.5584637525682816,-0.8083310877952308,-0.816636211503692,-0.673121450882961,-0.06005662467858681
source/12kHz_DE_data/B/0021/B021_3.mat::w0006,-0.6233122103668792,-0.5508581200869436,-0.8105884835826022,-0.9622652236590639,-0.6654535571624836,-0.03862025944499717
source/12kHz_DE_data/B/0021/B021_3.mat::w0007,-0.6289558190919944,-0.5550218856959928,-0.8135983446324306,-0.9485640441182115,-0.6871917689561338,0.17756042779520675
source/12kHz_DE_data/B/0028/B028_0_(1797rpm).mat::w0000,3.9605947323322583,4.075375868217934,3.7738797903262595,-0.3569497144728086,-0.5519823198798083,0.2762099767063155
source/12kHz_DE_data/B/0028/B028_0_(1797rpm).mat::w0001,3.9813739771420544,4.141031913326315,3.6945145068544663,-0.4628218108920439,-0.5734787757917653,0.3107869033733766
source/12kHz_DE_data/B/0028/B028_0_(1797rpm).mat::w0002,3.7983521796090125,3.907955624509566,3.627252429112122,-0.3771772297608053,-0.5506274790969922,0.3037779364562557
source/12kHz_DE_data/B/0028/B028_0_(1797rpm).mat::w0003,4.002002623887715,4.197632083913334,3.3679263653680374,-0.6230135852735393,-0.5883786211553693,0.25464373366402854
source/12kHz_DE_data/B/0028/B028_0_(1797rpm).mat::w0004,4.186472258121501,4.3081952628724824,3.6744747727778377,-0.5523343086893884,-0.5661215699043739,0.30198774039624304
source/12kHz_DE_data/B/0028/B028_0_(1797rpm).mat::w0005,4.0320594713366695,4.186957924895366,3.0115762425796855,-0.8001439302566042,-0.5908396266516386,0.26489050280275156
source/12kHz_DE_data/B/0028/B028_0_(1797rpm).mat::w0006,4.2190635220547135,4.35716284979705,3.791340152690054,-0.5128390111123416,-0.5718756292371059,0.3286405372133805
source/12kHz_DE_data/B/0028/B028_0_(1797rpm).mat::w0007,4.195927184603014,4.376063797672226,2.9794333027736095,-0.9097011148992667,-0.6091040438329096,0.24241742280386377
source/12kHz_DE_data/B/0028/B028_1_(1772rpm).mat::w0000,4.046526479177781,4.134829893510575,3.6506651877363008,-0.5617128187418627,-0.525365042205358,0.262576450802968
source/12kHz_DE_data/B/0028/B028_1_(1772rpm).mat::w0001,3.7110644041740697,3.828307301852841,3.202648162538028,-0.5928037248746272,-0.5663876413875114,0.21971196875023793
source/12kHz_DE_data/B/0028/B028_1_(1772rpm).mat::w0002,3.7627175377971382,3.866696658906777,3.749673378867363,-0.2893484702905689,-0.5328703826912928,0.23282078251973162
source/12kHz_DE_data/B/0028/B028_1_(1772rpm).mat::w0003,4.055570340958121,4.18524137868072,3.760982931762093,-0.39443791974153963,-0.5331893550863878,0.32874517815693277
source/12kHz_DE_data/B/0028/B028_1_(1772rpm).mat::w0004,4.004287022543591,4.1386193041235915,3.0780446674873123,-0.8013241650519871,-0.5824693711230275,0.22169210541746462
source/12kHz_DE_data/B/0028/B028_1_(1772rpm).mat::w0005,3.99883280140302,4.17895683848095,2.885782268276893,-0.9114970656647118,-0.6097781857320074,0.19908454332637468
source/12kHz_DE_data/B/0028/B028_1_(1772rpm).mat::w0006,3.858607031962023,3.9904339359045196,3.4875695302017653,-0.5582079328492014,-0.5619287709428151,0.2608584672125153
source/12kHz_DE_data/B/0028/B028_1_(1772rpm).mat::w0007,3.9773274350382373,4.138246896020269,4.271896944111761,-0.17408077031004032,-0.5694525277118686,0.22001365024857913
source/12kHz_DE_data/B/0028/B028_2_(1750rpm).mat::w0000,4.25291598900055,4.437870695266509,3.3816168767669215,-0.7570587901428805,-0.5958065213323819,0.16871934269341515
source/12kHz_DE_data/B/0028/B028_2_(1750rpm).mat::w0001,4.078794831834166,4.296032896402102,2.967131683835481,-0.8709670257777186,-0.6268266029554725,0.1428999022133839
source/12kHz_DE_data/B/0028/B028_2_(1750rpm).mat::w0002,4.235592418984561,4.366342430311833,3.3490771105434862,-0.7702511141433125,-0.5606378817168208,0.20787315146605484
source/12kHz_DE_data/B/0028/B028_2_(1750rpm).mat::w0003,4.207486818445685,4.40082457871418,3.523879147390111,-0.733356634330707,-0.5755290385515537,0.2277719087050033
source/12kHz_DE_data/B/0028/B028_2_(1750rpm).mat::w0004,4.2467543171391355,4.388669490431662,3.37844226542805,-0.7576429919892874,-0.5459338680353641,0.2506434565140433
source/12kHz_DE_data/B/0028/B028_2_(1750rpm).mat::w0005,4.296072770539923,4.475229115598919,3.803840184836861,-0.5870092874146423,-0.5919134654030911,0.19162141945483877
source/12kHz_DE_data/B/0028/B028_2_(1750rpm).mat::w0006,4.192053358349433,4.407276076902766,3.7828083847168354,-0.5256804919106951,-0.5892192698994506,0.16774956113303174
source/12kHz_DE_data/B/0028/B028_2_(1750rpm).mat::w0007,4.203453505934403,4.322982570043663,3.903245202385283,-0.5435885676860219,-0.5335775298071878,0.25133656819408046
source/12kHz_DE_data/B/0028/B028_3_(1730rpm).mat::w0000,4.261782410827938,4.386626418283008,3.8595942964757954,-0.5649214247920742,-0.5422300550047703,0.23033507975290476
source/12kHz_DE_data/B/0028/B028_3_(1730rpm).mat::w0001,4.082391824211131,4.223400069201775,3.997689889716716,-0.3603036844176882,-0.5272892910120214,0.20346465819895593
source/12kHz_DE_data/B/0028/B028_3_(1730rpm).mat::w0002,4.267137397323038,4.397173380142496,3.4018550240522285,-0.7900785318928901,-0.5564532317722329,0.16909929069363397
source/12kHz_DE_data/B/0028/B028_3_(1730rpm).mat::w0003,4.113213916175824,4.2406256302532315,3.508402917113111,-0.6460191463671896,-0.5405225953512011,0.2197642908642177
source/12kHz_DE_data/B/0028/B028_3_(1730rpm).mat::w0004,4.158261384576342,4.334165270929247,3.416339188285831,-0.6771951375178463,-0.5797060148816716,0.12108174065035889
source/12kHz_DE_data/B/0028/B028_3_(1730rpm).mat::w0005,4.515866206129558,4.655508092114481,4.193523726683367,-0.4710298626389644,-0.5737507416677654,0.24251239848204248
source/12kHz_DE_data/B/0028/B028_3_(1730rpm).mat::w0006,4.045961190672003,4.182188101489465,3.090941526051479,-0.843680493287382,-0.5720402194307044,0.18310036473456923
source/12kHz_DE_data/B/0028/B028_3_(1730rpm).mat::w0007,4.251509951286091,4.3889948602077045,3.5250696266421873,-0.6571599496413839,-0.5611683606079358,0.19239555873330727
source/12kHz_DE_data/IR/0007/IR007_0.mat::w0000,-0.21595874844136673,-0.18194750666674292,-0.36683199590723153,-0.4213149023268832,-0.3754394096991852,0.9831303407138625
source/12kHz_DE_data/IR/0007/IR007_0.mat::w0001,-0.21135306139633497,-0.17786400516718803,-0.3472678990833464,-0.2393397205444953,-0.3424220008637722,0.9282258652457859
source/12kHz_DE_data/IR/0007/IR007_0.mat::w0002,-0.21401745549633205,-0.18661077435404302,-0.3041001550792272,-0.13611924051861776,-0.31120074658472585,1.1749707614213407
source/12kHz_DE_data/IR/0007/IR007_0.mat::w0003,-0.2183798167751708,-0.1913033678677206,-0.3391887983706488,-0.2854028613606304,-0.3324994748142063,0.938874537441346
source/12kHz_DE_data/IR/0007/IR007_0.mat::w0004,-0.21826400082334718,-0.18713828861716295,-0.3759407859264493,-0.41985363941839515,-0.3631187115487405,1.1709738459305545
source/12kHz_DE_data/IR/0007/IR007_0.mat::w0005,-0.20917396413343972,-0.1755882515146147,-0.3129713244892481,-0.0975427023583849,-0.3699663715083571,1.3992314984687027
source/12kHz_DE_data/IR/0007/IR007_0.mat::w0006,-0.214779806506463,-0.1882793054738053,-0.3388323674568534,-0.14014820964989916,-0.3033634854281272,1.4588652821025279
source/12kHz_DE_data/IR/0007/IR007_0.mat::w0007,-0.21944321965167324,-0.19379909065842757,-0.32334742442418307,-0.34268308916742474,-0.304472109288429,1.2903587957206775
source/12kHz_DE_data/IR/0007/IR007_1.mat::w0000,-0.21668728004022608,-0.19164706333134235,-0.37348537296474715,-0.5448337206359389,-0.3330079323035817,0.9777159752265084
source/12kHz_DE_data/IR/0007/IR007_1.mat::w0001,-0.2162399135172381,-0.19463499962930886,-0.3596637741964558,-0.3542457851759118,-0.31566351604286474,0.8205512446411352
source/12kHz_DE_data/IR/0007/IR007_1.mat::w0002,-0.21262945025386662,-0.193713890418572,-0.3388323674568534,-0.31381640297578645,-0.28670861218031146,0.9508721650279442
source/12kHz_DE_data/IR/0007/IR007_1.mat::w0003,-0.21531822800613476,-0.19479750776448246,-0.32964437056790324,-0.30168962537034194,-0.2672404929232402,0.9344250328987417
source/12kHz_DE_data/IR/0007/IR007_1.mat::w0004,-0.20679728055771102,-0.18707800609210318,-0.330555249569825,-0.360613653434265,-0.29361566995438715,0.7174471126393904
source/12kHz_DE_data/IR/0007/IR007_1.mat::w0005,-0.2097698218901824,-0.189550049874943,-0.3631884798995444,-0.44234053125436323,-0.31263907509191835,0.9188354070283129
source/12kHz_DE_data/IR/0007/IR007_1.mat::w0006,-0.21212281330996335,-0.1877981650894754,-0.351505466614026,-0.45330652680252403,-0.3364305532529191,0.8091107170755915
source/12kHz_DE_data/IR/0007/IR007_1.mat::w0007,-0.21434768192771847,-0.19173541236230862,-0.3520995181370184,-0.40983040866142356,-0.3206670884561606,0.8144367190481753
source/12kHz_DE_data/IR/0007/IR007_2.mat::w0000,-0.19282149568050236,-0.16422669341079527,-0.296298278410593,-0.2856620963821133,-0.3166071148311888,0.5444665608683235
source/12kHz_DE_data/IR/0007/IR007_2.mat::w0001,-0.205274816518034,-0.18019037815912567,-0.3308720770487542,-0.31828685041575405,-0.30594778767000447,0.5925919133665221
source/12kHz_DE_data/IR/0007/IR007_2.mat::w0002,-0.19382911327130628,-0.17086250453741555,-0.3258028373858853,-0.3600235773235043,-0.3018357835047856,0.5539753014197657
source/12kHz_DE_data/IR/0007/IR007_2.mat::w0003,-0.19077427491101964,-0.16454994523453695,-0.3353868686234971,-0.45974025257256623,-0.31459390415611727,0.4541613127598837
source/12kHz_DE_data/IR/0007/IR007_2.mat::w0004,-0.1955768317724635,-0.16995013617250618,-0.3557826375795716,-0.5135617670059022,-0.30384295532425476,0.6441064281337809
source/12kHz_DE_data/IR/0007/IR007_2.mat::w0005,-0.19912576650028843,-0.17568850594752408,-0.3627528421160166,-0.5108280590529046,-0.3061713605732288,0.5740683352777063
source/12kHz_DE_data/IR/0007/IR007_2.mat::w0006,-0.1872239613272733,-0.16497958783051073,-0.34184222850668183,-0.4903159391792977,-0.3043182331745395,0.5279710005978263
source/12kHz_DE_data/IR/0007/IR007_2.mat::w0007,-0.19459248592707765,-0.16977279470676704,-0.3548321551427837,-0.47159748554267095,-0.3136125319227612,0.6031516767353745
source/12kHz_DE_data/IR/0007/IR007_3.mat::w0000,-0.17759217681628653,-0.14926228062081298,-0.3665547718631683,-0.6609635793412565,-0.3604658135135789,-0.25887042427907603
source/12kHz_DE_data/IR/0007/IR007_3.mat::w0001,-0.17576402992633633,-0.14811934539828017,-0.3705151153497849,-0.674731243646892,-0.35624211597378047,-0.17035246805104123
source/12kHz_DE_data/IR/0007/IR007_3.mat::w0002,-0.15654695949169273,-0.12919155666943924,-0.31301092792411433,-0.6049759644938154,-0.3539560229029692,-0.19673668445179787
source/12kHz_DE_data/IR/0007/IR007_3.mat::w0003,-0.16598409383375945,-0.1423367380985688,-0.32825825034758743,-0.5517729986086539,-0.361597555133672,-0.2487931030736188
source/12kHz_DE_data/IR/0007/IR007_3.mat::w0004,-0.16163082717365923,-0.13698252537551722,-0.3260404579950823,-0.5607351939963967,-0.3553124089679816,-0.2711412688503721
source/12kHz_DE_data/IR/0007/IR007_3.mat::w0005,-0.16509336821961806,-0.1415695439849833,-0.33095128391848666,-0.553923132697481,-0.3414467755855799,-0.23545099992708543
source/12kHz_DE_data/IR/0007/IR007_3.mat::w0006,-0.16131265141560075,-0.13671693623356496,-0.3500005360891118,-0.5951692261876584,-0.34787738402991825,-0.1237988612632261
source/12kHz_DE_data/IR/0007/IR007_3.mat::w0007,-0.14272511708475216,-0.12296567500945019,-0.2975655883263102,-0.6001394025965072,-0.3281244934461268,-0.33518118528041524
source/12kHz_DE_data/IR/0014/IR014_0.mat::w0000,-0.46801722730595374,-0.5132724244832518,-0.07301411263515888,2.130933000633842,2.3567825053928093,-0.8545318533732714
source/12kHz_DE_data/IR/0014/IR014_0.mat::w0001,-0.4564766998542818,-0.5034391374509395,-0.17178507919137243,1.460827371786304,2.0966507659448124,-1.183767594946387
source/12kHz_DE_data/IR/0014/IR014_0.mat::w0002,-0.4254562653607002,-0.4815297472704115,-0.11178587536913356,1.4692631602846813,2.1592740486506337,0.23991319597528246
source/12kHz_DE_data/IR/0014/IR014_0.mat::w0003,-0.4437866279129565,-0.4905260886085913,-0.1564585498981669,1.4295837569671597,2.0646839377687707,-0.9484595397547978
source/12kHz_DE_data/IR/0014/IR014_0.mat::w0004,-0.45529306658242347,-0.5059156379250919,-0.11305318528485077,1.8363802804495157,2.2148134884458504,-1.248851604539266
source/12kHz_DE_data/IR/0014/IR014_0.mat::w0005,-0.4641509611954143,-0.5093274617213607,-0.18877495274895695,1.3873204209276127,2.3066744951489913,0.1860732340286646
source/12kHz_DE_data/IR/0014/IR014_0.mat::w0006,-0.43968415992744864,-0.49949002998804787,-0.17364644063008214,1.3734791574732472,2.2650522269575157,-1.3196809862170658
source/12kHz_DE_data/IR/0014/IR014_0.mat::w0007,-0.4462240751475164,-0.49887933875502,-0.1427161579996078,1.4872077558339423,2.079478424429955,-0.8787744416504351
source/12kHz_DE_data/IR/0014/IR014_1.mat::w0000,-0.5079107341041229,-0.5370101949242321,-0.17558700893852425,1.8620536886911596,2.1918660259956337,0.5580094029870032
source/12kHz_DE_data/IR/0014/IR014_1.mat::w0001,-0.519434935661229,-0.5392961313398903,-0.26584323699851253,1.5327974588951168,1.894168279896153,-0.854332574757252
source/12kHz_DE_data/IR/0014/IR014_1.mat::w0002,-0.5049111440291251,-0.5286963160259133,-0.25273450005781223,1.638398281891964,1.6760449201988055,0.0018909419725396145
source/12kHz_DE_data/IR/0014/IR014_1.mat::w0003,-0.5260420961838864,-0.5510333495283725,-0.13626079811642317,2.4216367575657327,2.604180177864345,0.6890683636651582
source/12kHz_DE_data/IR/0014/IR014_1.mat::w0004,-0.5126318478539185,-0.5328283329698059,-0.22283390673385822,1.7716609059126842,1.9176624100016177,-0.9969081326476085
source/12kHz_DE_data/IR/0014/IR014_1.mat::w0005,-0.5139321232160786,-0.5328402656629172,-0.2055668091322107,2.000063108107105,1.8989321176360865,0.7120449320406282
source/12kHz_DE_data/IR/0014/IR014_1.mat::w0006,-0.5093143384081676,-0.5285177893976465,-0.193606571802629,1.7908010832820167,1.9650642027301877,0.4692153439241728
source/12kHz_DE_data/IR/0014/IR014_1.mat::w0007,-0.5101933546192244,-0.5413891706433152,-0.17277516506302665,1.985476146278994,2.274555912823661,-0.8350375259669317
source/12kHz_DE_data/IR/0014/IR014_2.mat::w0000,-0.5141758555491919,-0.5369346551845053,-0.22501209565149724,1.7436863422496929,2.2716608590452774,0.4858862887759681
source/12kHz_DE_data/IR/0014/IR014_2.mat::w0001,-0.5392776569823905,-0.5565337129821969,-0.312218859226791,1.5174647529476457,2.2407817739060887,-0.6190830792233253
source/12kHz_DE_data/IR/0014/IR014_2.mat::w0002,-0.5177441593344779,-0.5391996964003246,-0.2331704032339271,1.709623571154014,2.1764882903999023,0.9421471084079789
source/12kHz_DE_data/IR/0014/IR014_2.mat::w0003,-0.5261656634047871,-0.5425880766403764,-0.27970443920167004,1.7073712428219814,1.991519774694959,0.7128993716220406
source/12kHz_DE_data/IR/0014/IR014_2.mat::w0004,-0.5061402168075465,-0.5306448054723604,-0.1271124046623392,2.14473042137309,2.3811452596796876,-0.7581515129371106
source/12kHz_DE_data/IR/0014/IR014_2.mat::w0005,-0.5350041775772951,-0.5511581456023285,-0.30406055164436113,1.6119341152940916,2.046071868967831,0.17429405978232368
source/12kHz_DE_data/IR/0014/IR014_2.mat::w0006,-0.5366756891239107,-0.5478945980470444,-0.3002982253320755,1.5497835046906006,1.917550148754223,-0.04070428506362334
source/12kHz_DE_data/IR/0014/IR014_2.mat::w0007,-0.5138219552037766,-0.5357718149089413,-0.15859713538093972,2.110021348729749,2.239262642085421,0.050052308522743796
source/12kHz_DE_data/IR/0014/IR014_3.mat::w0000,-0.47826450551285704,-0.48712768679754587,-0.1932105374539674,1.5594902347926092,1.5023559021445947,0.602648323392593
source/12kHz_DE_data/IR/0014/IR014_3.mat::w0001,-0.4730164051329693,-0.4759015738540869,-0.24358610660372837,1.327270003969302,1.3955145436602236,0.17470732052112872
source/12kHz_DE_data/IR/0014/IR014_3.mat::w0002,-0.4767050238388381,-0.4820043494384508,-0.1269539909228746,1.846057138195003,1.5100550536835362,-0.43100357094997116
source/12kHz_DE_data/IR/0014/IR014_3.mat::w0003,-0.48586955679216537,-0.4958899705489772,-0.06667756305657242,2.2472026566859515,1.8703192765635575,0.7176328399660542
source/12kHz_DE_data/IR/0014/IR014_3.mat::w0004,-0.48794796869450763,-0.4937443287963563,-0.17008213149212742,1.9883935147837604,1.676410170307708,0.22802282430243598
source/12kHz_DE_data/IR/0014/IR014_3.mat::w0005,-0.4649310021209163,-0.47483637896123837,-0.032182971288143354,2.25543123498534,1.6112479035547582,-0.3106454658855579
source/12kHz_DE_data/IR/0014/IR014_3.mat::w0006,-0.47718648283778736,-0.4847987158097891,-0.2222398552108657,1.5517980725161014,1.5128626317954144,0.5850026953064429
source/12kHz_DE_data/IR/0014/IR014_3.mat::w0007,-0.4727331707143841,-0.48404306808863606,-0.10093453421580459,1.92304651268752,1.887837137261296,0.32130598676354444
source/12kHz_DE_data/IR/0021/IR021_0.mat::w0000,0.2922361916973569,0.24699322751728822,0.536898586021204,0.36656043345984574,-0.034596546774491574,2.5017033120993006
source/12kHz_DE_data/IR/0021/IR021_0.mat::w0001,0.32327008081405256,0.27720641802579477,0.5000673915956713,0.2565706213731052,-0.003974255581230609,2.212981054410633
source/12kHz_DE_data/IR/0021/IR021_0.mat::w0002,0.38259662553535234,0.3253190618329169,0.7006587891927932,0.33864823545896533,0.14343180812856574,2.049814026389979
source/12kHz_DE_data/IR/0021/IR021_0.mat::w0003,0.3774040590532314,0.32075249134169537,0.5491756508297149,0.15387778006517566,0.04125089385804423,2.0304330485512496
source/12kHz_DE_data/IR/0021/IR021_0.mat::w0004,0.3300161980340851,0.30198107816124053,0.45175120105895095,0.20384931783674604,-0.07040565696637337,2.227497702474659
source/12kHz_DE_data/IR/0021/IR021_0.mat::w0005,0.35083586150616186,0.3093527907346927,0.6176895931481792,0.44932574865932146,-0.02866526357820974,2.30953436691016
source/12kHz_DE_data/IR/0021/IR021_0.mat::w0006,0.37524983038816184,0.32579994259549316,0.5100672588993778,0.2074450963898018,-0.013014592820411938,2.280092720375273
source/12kHz_DE_data/IR/0021/IR021_0.mat::w0007,0.3500590035858334,0.30845427654622043,0.45323632986643214,0.06240828532071439,-0.09576309734189968,1.9942359347001117
source/12kHz_DE_data/IR/0021/IR021_1.mat::w0000,0.13208042966341202,0.09287619506469284,0.2363085153870173,0.1679427053870614,-0.07017487520803846,1.8914035622035603
source/12kHz_DE_data/IR/0021/IR021_1.mat::w0001,0.14242920998184738,0.09997153219182706,0.6645206548774184,0.965583899609021,0.04978642506524874,2.1734807722384297
source/12kHz_DE_data/IR/0021/IR021_1.mat::w0002,0.11034933613154252,0.07945972057050887,0.18908141930911612,0.1427111097654917,-0.018863958209507835,2.05490518218203
source/12kHz_DE_data/IR/0021/IR021_1.mat::w0003,0.1474011966275846,0.10512519330499359,0.41452397228475646,0.5153684285498759,0.03825087021082701,2.1521697598768017
source/12kHz_DE_data/IR/0021/IR021_1.mat::w0004,0.1498748109767273,0.11786994637558529,0.20551684477857468,-0.07725429066278135,-0.06899718116652014,1.8127560254496333
source/12kHz_DE_data/IR/0021/IR021_1.mat::w0005,0.1476078859139462,0.11080201609561204,0.3384853773417213,0.3187236342833129,-0.02553702914024253,1.7870750736136571
source/12kHz_DE_data/IR/0021/IR021_1.mat::w0006,0.14785502609120685,0.10487473347213246,0.26739721175695635,0.08573553632499956,0.03415469293891853,1.514569013973998
source/12kHz_DE_data/IR/0021/IR021_1.mat::w0007,0.17408406904867554,0.12120663728828186,0.3832372587404868,0.33937357423501036,0.11153764111483336,1.8081626604614258
source/12kHz_DE_data/IR/0021/IR021_2.mat::w0000,0.23013497604671937,0.16555563420989594,0.4425434024525677,0.2832441232141646,0.05939901144175534,2.138639646479745
source/12kHz_DE_data/IR/0021/IR021_2.mat::w0001,0.2151926576671651,0.1565636072207148,0.31006991282524826,0.09393697421765922,0.036293499201959845,1.8137113009726202
source/12kHz_DE_data/IR/0021/IR021_2.mat::w0002,0.18783270263688043,0.13509407607044993,0.3644256271790587,0.1582066203971209,0.020298762281952897,1.563541401990347
source/12kHz_DE_data/IR/0021/IR021_2.mat::w0003,0.25850563124679493,0.19869029556828524,0.2869019034285421,-0.04637181897748019,-0.01970475199661268,1.369510590465405
source/12kHz_DE_data/IR/0021/IR021_2.mat::w0004,0.2869518016527588,0.21495444165598804,0.33472305102943545,-0.08096434777824013,0.09197972321560145,1.6160972624890684
source/12kHz_DE_data/IR/0021/IR021_2.mat::w0005,0.3245199885522938,0.24644733902881044,0.6101649405236081,0.3855089693242548,0.10813975898966094,1.8070870645144508
source/12kHz_DE_data/IR/0021/IR021_2.mat::w0006,0.26551902468995037,0.20622089565343857,0.37422747730843436,0.04787405895608935,0.005582634903377219,1.8814398584757663
source/12kHz_DE_data/IR/0021/IR021_2.mat::w0007,0.2562962185309467,0.1856140368230522,0.4234347451296435,0.15131573372877602,0.12838728104960515,2.033833843939687
source/12kHz_DE_data/IR/0021/IR021_3.mat::w0000,0.1443151717237115,0.0943480955351702,0.27947625939113646,0.17864109235142406,0.06296014054241496,2.5174670548098907
source/12kHz_DE_data/IR/0021/IR021_3.mat::w0001,0.1400262652209333,0.082302879667357,0.37294036567528394,0.373614877375422,0.28535411480669615,2.221630036373851
source/12kHz_DE_data/IR/0021/IR021_3.mat::w0002,0.161023666427145,0.11745747466405594,0.2983868995397298,0.2502580593172431,0.08662531185045466,1.6581058314653103
source/12kHz_DE_data/IR/0021/IR021_3.mat::w0003,0.17689716071305303,0.14582325827903805,0.4338306467820116,0.4188087347378481,-0.014622830809548201,1.835787009266996
source/12kHz_DE_data/IR/0021/IR021_3.mat::w0004,0.17863930443380366,0.13551131546195969,0.2242294677528372,0.00709169428750718,0.052600354825664816,2.195882002355162
source/12kHz_DE_data/IR/0021/IR021_3.mat::w0005,0.17668597001095251,0.13756066135835643,0.584620725034932,0.740362520601842,0.09313515467396842,2.496453730714868
source/12kHz_DE_data/IR/0021/IR021_3.mat::w0006,0.12316043367752426,0.08885891197371273,0.3277924499278568,0.3534121709769391,0.10747822773525476,2.62216948948552
source/12kHz_DE_data/IR/0021/IR021_3.mat::w0007,0.13458823924578658,0.09592065804594449,0.21700184088976215,0.07969171604729967,0.029233219222540678,2.274608849601266
source/12kHz_DE_data/IR/0028/IR028_0_(1797rpm).mat::w0000,1.0913655860536187,1.2536089653392797,0.6489709602287421,-0.7250508379408623,-0.6310383937981926,0.9350682406611199
source/12kHz_DE_data/IR/0028/IR028_0_(1797rpm).mat::w0001,1.1229434432393297,1.3001118696975311,0.8504595736427569,-0.387598195416492,-0.6448952865780766,0.79080868262765
source/12kHz_DE_data/IR/0028/IR028_0_(1797rpm).mat::w0002,1.0564333411114673,1.2231481439145395,0.7491696306118809,-0.5723376300693991,-0.6319263938042841,0.5496577109122351
source/12kHz_DE_data/IR/0028/IR028_0_(1797rpm).mat::w0003,1.0874617579879235,1.2615654773803566,0.7399434164082851,-0.5722469025727336,-0.6513620875052882,0.5655595105068831
source/12kHz_DE_data/IR/0028/IR028_0_(1797rpm).mat::w0004,1.0632236753557731,1.218674030545489,0.5927208155681085,-0.8662743660488498,-0.6345080268284853,0.5665043935349661
source/12kHz_DE_data/IR/0028/IR028_0_(1797rpm).mat::w0005,1.0348487871761212,1.1960552920688072,0.580319990025641,-0.8448248210371474,-0.6453508526887932,0.5824943902570232
source/12kHz_DE_data/IR/0028/IR028_0_(1797rpm).mat::w0006,1.1534613432648568,1.3184484995014225,0.7867689336566429,-0.6989940307738447,-0.6330658627288979,0.6768960967281887
source/12kHz_DE_data/IR/0028/IR028_0_(1797rpm).mat::w0007,1.0930887533977607,1.2535966896064188,0.7316100616437469,-0.7580602896366457,-0.6209293491562714,0.6318910342580637
source/12kHz_DE_data/IR/0028/IR028_1_(1772rpm).mat::w0000,1.0758281212442666,1.2729451723616554,0.533494472777283,-0.8807994420550097,-0.6820457815889998,0.4329524749230496
source/12kHz_DE_data/IR/0028/IR028_1_(1772rpm).mat::w0001,1.1067466317184749,1.2915118516372046,0.6705979999748058,-0.8140912313192149,-0.6657573864482644,0.8028551838300958
source/12kHz_DE_data/IR/0028/IR028_1_(1772rpm).mat::w0002,1.08502246195754,1.2632333675047582,0.7918284704779699,-0.6826590467375105,-0.6524591798485033,0.753990231664025
source/12kHz_DE_data/IR/0028/IR028_1_(1772rpm).mat::w0003,1.1275036322744618,1.31599226753566,0.6266494742523001,-0.8134748870209924,-0.6687101965081023,0.718799796294696
source/12kHz_DE_data/IR/0028/IR028_1_(1772rpm).mat::w0004,1.0950092389852888,1.2770742315598,0.5817088824863973,-0.7846291320744182,-0.6603317578881669,0.48463787242375844
source/12kHz_DE_data/IR/0028/IR028_1_(1772rpm).mat::w0005,1.0837617918399327,1.2553046054185661,0.7975824535296748,-0.601606621693602,-0.6393596052484409,0.7351816993643173
source/12kHz_DE_data/IR/0028/IR028_1_(1772rpm).mat::w0006,1.1049606392005353,1.2852315560470093,0.5755580730173332,-0.8970071634733809,-0.6658532611274328,0.4324965850870924
source/12kHz_DE_data/IR/0028/IR028_1_(1772rpm).mat::w0007,1.0824467482871365,1.2691081766154404,0.4689109733521114,-1.0295049207649725,-0.669701263966021,0.6294089111331224
source/12kHz_DE_data/IR/0028/IR028_2_(1750rpm).mat::w0000,1.1123093919411577,1.305312444638209,0.8952017521999805,-0.4897550073897912,-0.6621916456589207,0.9231101660046704
source/12kHz_DE_data/IR/0028/IR028_2_(1750rpm).mat::w0001,1.10943320305986,1.2883859709510663,0.5537326200625903,-0.819437027423783,-0.6562347396224686,1.2266846878925455
source/12kHz_DE_data/IR/0028/IR028_2_(1750rpm).mat::w0002,1.0559077421798906,1.2359667910878853,0.6010541703326469,-0.6670840819517126,-0.6532777061708931,0.9721230147659993
source/12kHz_DE_data/IR/0028/IR028_2_(1750rpm).mat::w0003,1.0981004798222531,1.2747381886948508,0.7544275806418872,-0.7382163437828424,-0.6478952311716561,1.0784151509076914
source/12kHz_DE_data/IR/0028/IR028_2_(1750rpm).mat::w0004,1.0656225845839105,1.2316765194540196,0.7118679473801381,-0.651080024714286,-0.6313988265288099,0.9660583851158042
source/12kHz_DE_data/IR/0028/IR028_2_(1750rpm).mat::w0005,1.0633319028940005,1.2410433451226417,0.7271457644484585,-0.6443806748235815,-0.6468439272022977,0.8432262237721515
source/12kHz_DE_data/IR/0028/IR028_2_(1750rpm).mat::w0006,1.137361411505258,1.311451465190285,0.7408362758473427,-0.7453995899935858,-0.6417282830214486,0.8973114891293639
source/12kHz_DE_data/IR/0028/IR028_2_(1750rpm).mat::w0007,1.1082880205326582,1.2849570888400708,0.6719868924355623,-0.6838457941183129,-0.650572359316352,1.006312036797188
source/12kHz_DE_data/IR/0028/IR028_3_(1730rpm).mat::w0000,1.056538299308697,1.2242497868195044,0.5669270984397758,-0.7735787947178393,-0.6503403869091842,0.9956545259013407
source/12kHz_DE_data/IR/0028/IR028_3_(1730rpm).mat::w0001,1.0682277519972883,1.2287388679869156,0.5703993295916668,-0.823788869753881,-0.6358455203102149,1.2812774408600462
source/12kHz_DE_data/IR/0028/IR028_3_(1730rpm).mat::w0002,1.0520221334048327,1.223183287931269,0.5804191966299808,-0.6873869639560812,-0.6534481038100849,1.2173245287690273
source/12kHz_DE_data/IR/0028/IR028_3_(1730rpm).mat::w0003,1.0656961929247502,1.243520546878998,0.602145442980384,-0.7933921747862173,-0.6595209733054558,0.9741656531545432
source/12kHz_DE_data/IR/0028/IR028_3_(1730rpm).mat::w0004,1.0609957374877141,1.2215878523910475,0.4944070706674248,-0.9147651678167111,-0.6393566309440126,1.220332126490325
source/12kHz_DE_data/IR/0028/IR028_3_(1730rpm).mat::w0005,1.0733702031860455,1.2431613736825546,0.794110222377784,-0.6398525155353905,-0.6361366979208389,1.1269587930216307
source/12kHz_DE_data/IR/0028/IR028_3_(1730rpm).mat::w0006,1.0343229052767309,1.200012978084897,0.531113514273129,-0.8969213798630438,-0.6399229743298733,1.2327897599781872
source/12kHz_DE_data/IR/0028/IR028_3_(1730rpm).mat::w0007,1.052393481142516,1.2247100298007418,0.611768483601339,-0.737296985042341,-0.65383636671425,0.8906302258830311
source/12kHz_DE_data/OR/Centered/0007/OR007@6_0.mat::w0000,0.6977012653919651,0.45968066466656576,0.5998680474584053,-0.4131120144324145,-0.010665693947302652,0.2251523496631371
source/12kHz_DE_data/OR/Centered/0007/OR007@6_0.mat::w0001,0.6324982187788556,0.4042061875981416,0.5617497413997222,-0.40102540987110774,-0.018007849048382252,0.3225459532814835
source/12kHz_DE_data/OR/Centered/0007/OR007@6_0.mat::w0002,0.7214002418063113,0.4666977027608175,0.6008581333300594,-0.482919640332348,0.009203444412863903,0.3192514606502477
source/12kHz_DE_data/OR/Centered/0007/OR007@6_0.mat::w0003,0.7332349624727522,0.48435462195198237,0.5988779615867513,-0.4733942124556079,-0.0012265719586072273,0.2216164645255296
source/12kHz_DE_data/OR/Centered/0007/OR007@6_0.mat::w0004,0.6643923002812546,0.4361751453946701,0.5802643471996539,-0.37692258946955837,-0.025190289303146512,0.38194530382538633
source/12kHz_DE_data/OR/Centered/0007/OR007@6_0.mat::w0005,0.6577827399493263,0.4199327921576031,0.6107589920466006,-0.3761154518272185,0.015350645138925211,0.22475835093971416
source/12kHz_DE_data/OR/Centered/0007/OR007@6_0.mat::w0006,0.7385157375729472,0.48155970812416543,0.6416496712422086,-0.37295150167734753,0.02070225600356231,0.41070341149971284
source/12kHz_DE_data/OR/Centered/0007/OR007@6_0.mat::w0007,0.7082134212690441,0.46154113722499895,0.5424430669024672,-0.5103231943649881,-0.009049303597830223,0.10097147768627768
source/12kHz_DE_data/OR/Centered/0007/OR007@6_1.mat::w0000,0.49546828216448296,0.31476619773658576,0.4182862985970421,-0.42548767552352956,0.0006835041304756903,0.2031662640353051
source/12kHz_DE_data/OR/Centered/0007/OR007@6_1.mat::w0001,0.4982365332050653,0.3193494164392022,0.41353388641310224,-0.42720795292091235,-0.0110315826075541,0.023968723776107786
source/12kHz_DE_data/OR/Centered/0007/OR007@6_1.mat::w0002,0.4931106946692737,0.3160740461502621,0.42571194263444795,-0.36022485407108434,-0.002756243146415605,0.19680558992029873
source/12kHz_DE_data/OR/Centered/0007/OR007@6_1.mat::w0003,0.5069212936622665,0.3247674577681535,0.3998707013842758,-0.48304083980558865,-0.019649355317722612,0.08613491916354972
source/12kHz_DE_data/OR/Centered/0007/OR007@6_1.mat::w0004,0.5082596397541916,0.3260057502666198,0.4084844484676662,-0.3956306528454287,-0.020198963234468806,0.20571065356680054
source/12kHz_DE_data/OR/Centered/0007/OR007@6_1.mat::w0005,0.5178784958170706,0.33386035863080776,0.36096032662826943,-0.5123935223268963,-0.020482152492517537,0.044350058120821996
source/12kHz_DE_data/OR/Centered/0007/OR007@6_1.mat::w0006,0.5052417558189521,0.31662140656539456,0.4192763844686963,-0.4408012062736098,-0.00879025531353862,0.040873092593671646
source/12kHz_DE_data/OR/Centered/0007/OR007@6_1.mat::w0007,0.501088637991573,0.3155778928217369,0.4461077115905225,-0.3616688341737774,0.01782776959322867,0.14424027005734727
source/12kHz_DE_data/OR/Centered/0007/OR007@6_2.mat::w0000,0.43462551445626413,0.25304138789614067,0.3943262205030129,-0.3464167775888933,0.02928382277733594,0.09417866909716796
source/12kHz_DE_data/OR/Centered/0007/OR007@6_2.mat::w0001,0.45497238900940656,0.2715815640611107,0.43303857808468843,-0.3019620631956053,0.02808976469926527,0.004260058152385938
source/12kHz_DE_data/OR/Centered/0007/OR007@6_2.mat::w0002,0.4517673166892248,0.2676435415267566,0.34244572082833774,-0.43043885064868365,0.04151241201752495,0.01906148178204812
source/12kHz_DE_data/OR/Centered/0007/OR007@6_2.mat::w0003,0.4433116181434424,0.2621665901971268,0.3922470401725391,-0.34261055762800546,0.033556728867160546,0.014288859677444733
source/12kHz_DE_data/OR/Centered/0007/OR007@6_2.mat::w0004,0.4533068872637547,0.2654815103788245,0.36086131804110383,-0.4274758763781073,0.044235235790266995,-0.051368364359295524
source/12kHz_DE_data/OR/Centered/0007/OR007@6_2.mat::w0005,0.4581453181092736,0.27167131357176,0.38501941330946404,-0.3703185716521921,0.046368635947113566,0.012297431019189923
source/12kHz_DE_data/OR/Centered/0007/OR007@6_2.mat::w0006,0.4631363189214151,0.27902080492848136,0.435612801350989,-0.3071891122549985,0.03022049394754976,0.11227423574101883
source/12kHz_DE_data/OR/Centered/0007/OR007@6_2.mat::w0007,0.46589588970961504,0.2784084824783792,0.4062072509628622,-0.3645908985441805,0.031748888817752785,-0.11172444435872217
source/12kHz_DE_data/OR/Centered/0007/OR007@6_3.mat::w0000,0.4575047847571586,0.2692869917036817,0.45798874205037177,-0.23621886428993377,0.07099986145351922,-0.21369089803582503
source/12kHz_DE_data/OR/Centered/0007/OR007@6_3.mat::w0001,0.47198649114644414,0.27882697896932335,0.45798874205037177,-0.2978754759335777,0.06038590126373775,-0.18378194278593551
source/12kHz_DE_data/OR/Centered/0007/OR007@6_3.mat::w0002,0.4899355942232454,0.30301239238980987,0.460463956729507,-0.33108217215032026,0.04013559395606689,-0.14763326783885136
source/12kHz_DE_data/OR/Centered/0007/OR007@6_3.mat::w0003,0.47770638128547077,0.29064606141526583,0.4731370558866795,-0.23207082641795687,0.058518912900835114,-0.15422611151358617
source/12kHz_DE_data/OR/Centered/0007/OR007@6_3.mat::w0004,0.4816016998187661,0.2910549586007195,0.4345237068921694,-0.3184177247148101,0.04581247934655594,-0.17269267936418212
source/12kHz_DE_data/OR/Centered/0007/OR007@6_3.mat::w0005,0.4776488563188537,0.290223914059187,0.4585827935733642,-0.28834560866009745,0.06049624690366226,-0.21461892670003987
source/12kHz_DE_data/OR/Centered/0007/OR007@6_3.mat::w0006,0.47660897887641873,0.28399451187116614,0.41571207533074145,-0.4188028193853769,0.03774955352888853,-0.08934085376721822
source/12kHz_DE_data/OR/Centered/0007/OR007@6_3.mat::w0007,0.49243531611293045,0.2978519866926687,0.41274181771577906,-0.4196003724046631,0.04309896156333232,-0.06699844299729876
source/12kHz_DE_data/OR/Centered/0014/OR014@6_0.mat::w0000,-0.6669793839507339,-0.5952056155692709,-0.8402299951093819,-0.8723721326300543,-0.6773158016120869,-0.05458215575338235
source/12kHz_DE_data/OR/Centered/0014/OR014@6_0.mat::w0001,-0.6778533320768141,-0.6064415870865068,-0.8635110918272257,-1.0079258092178738,-0.7033073968898511,0.0037351215212664424
source/12kHz_DE_data/OR/Centered/0014/OR014@6_0.mat::w0002,-0.6742134027614515,-0.6034589809209497,-0.8424373439903678,-0.9098795221405187,-0.6876297866238383,-0.1276274972821307
source/12kHz_DE_data/OR/Centered/0014/OR014@6_0.mat::w0003,-0.6769662550640727,-0.6069241769282007,-0.8305889286964652,-0.7271702398372356,-0.6825446736322299,-0.35725402976284465
source/12kHz_DE_data/OR/Centered/0014/OR014@6_0.mat::w0004,-0.6743622332824313,-0.6013282451885883,-0.8597892838485229,-1.0247616466884155,-0.7123868312277007,-0.1867835540754523
source/12kHz_DE_data/OR/Centered/0014/OR014@6_0.mat::w0005,-0.6744199000934066,-0.603952858498393,-0.8515735907040457,-0.9817656651442986,-0.6884821810477281,-0.056511895691014884
source/12kHz_DE_data/OR/Centered/0014/OR014@6_0.mat::w0006,-0.6702860133874532,-0.5991766303144603,-0.8170676794972411,-0.5939487487439954,-0.6735008215365955,-0.23107497138089766
source/12kHz_DE_data/OR/Centered/0014/OR014@6_0.mat::w0007,-0.6767196548378063,-0.6044805059970758,-0.8534740883952981,-0.9950021027634465,-0.7072960863788794,-0.008507635954251466
source/12kHz_DE_data/OR/Centered/0014/OR014@6_1.mat::w0000,-0.6863591799354839,-0.6164264210855388,-0.8556220467234326,-0.8315315705323761,-0.6865054938863202,0.20219651022318907
source/12kHz_DE_data/OR/Centered/0014/OR014@6_1.mat::w0001,-0.6858759550845598,-0.6141406533781437,-0.8562258506774243,-0.7843083124776367,-0.7044409313943895,-0.16576888034691992
source/12kHz_DE_data/OR/Centered/0014/OR014@6_1.mat::w0002,-0.6871113187497176,-0.6142790727446331,-0.8656590501553603,-0.994885104260014,-0.7185410925329186,-0.03863677154014661
source/12kHz_DE_data/OR/Centered/0014/OR014@6_1.mat::w0003,-0.6916048728370239,-0.6215778988284624,-0.8453474810800985,-0.7479769390773684,-0.6797250222595483,-0.4684444906791561
source/12kHz_DE_data/OR/Centered/0014/OR014@6_1.mat::w0004,-0.6818540427094375,-0.6105492261654647,-0.8502669985413095,-0.8342935286611451,-0.7002201565787084,-0.2108092375684946
source/12kHz_DE_data/OR/Centered/0014/OR014@6_1.mat::w0005,-0.6908055971834687,-0.6203296349717425,-0.8599080649542261,-0.8647492822406958,-0.7030864590729912,-0.07947290906417974
source/12kHz_DE_data/OR/Centered/0014/OR014@6_1.mat::w0006,-0.6885805724915673,-0.6179159267690684,-0.8746072267850077,-1.063891561569462,-0.7021249122645478,-0.4409794502776957
source/12kHz_DE_data/OR/Centered/0014/OR014@6_1.mat::w0007,-0.689282697825366,-0.6172830979813269,-0.8528603860158311,-0.7524715730201852,-0.7052014470188754,0.05843690668295067
source/12kHz_DE_data/OR/Centered/0014/OR014@6_2.mat::w0000,-0.6801590307970822,-0.6094812059349162,-0.860086236612781,-0.9914136438484298,-0.6899862318653428,-0.009301165976810731
source/12kHz_DE_data/OR/Centered/0014/OR014@6_2.mat::w0001,-0.6771139136725668,-0.6062171741810454,-0.8619174453257068,-1.0196587506664765,-0.6892049868481048,-0.1538922497721121
source/12kHz_DE_data/OR/Centered/0014/OR014@6_2.mat::w0002,-0.6789375476647431,-0.6078567775319005,-0.8620065311549842,-1.0161226164817314,-0.6976783158467965,-0.3540634754648247
source/12kHz_DE_data/OR/Centered/0014/OR014@6_2.mat::w0003,-0.6731851909144831,-0.6030011510274322,-0.8228384615493258,-0.5807222305536023,-0.6774056050447654,-0.03355448088441046
source/12kHz_DE_data/OR/Centered/0014/OR014@6_2.mat::w0004,-0.6771862502734171,-0.6064398045259046,-0.8462482377983483,-0.8691637462655021,-0.6884510442907829,-0.0085041641481449
source/12kHz_DE_data/OR/Centered/0014/OR014@6_2.mat::w0005,-0.6826612633382321,-0.6117387452114439,-0.8513756221945401,-0.8765598700024265,-0.6951615904464417,0.021947146559674027
source/12kHz_DE_data/OR/Centered/0014/OR014@6_2.mat::w0006,-0.6910052318131827,-0.6216940577628302,-0.8438033267059556,-0.6999977283257338,-0.6827073518654205,-0.18326411539458715
source/12kHz_DE_data/OR/Centered/0014/OR014@6_2.mat::w0007,-0.6884958196757628,-0.6175706507235097,-0.8422888676082388,-0.7311068184407926,-0.6998405615184994,-0.1471925601024887
source/12kHz_DE_data/OR/Centered/0014/OR014@6_3.mat::w0000,-0.6787595052458517,-0.6111983960233108,-0.7442449632756518,0.16629554428747562,-0.5457873265908466,-0.3438637399273483
source/12kHz_DE_data/OR/Centered/0014/OR014@6_3.mat::w0001,-0.6854222833088217,-0.6163475899498083,-0.863550685529127,-0.9956655938294751,-0.6825237985034607,-0.3763426671968265
source/12kHz_DE_data/OR/Centered/0014/OR014@6_3.mat::w0002,-0.6657182732329456,-0.601143987167367,-0.7635369945269604,-0.05010168685940975,-0.5552763967441965,0.09191602228434285
source/12kHz_DE_data/OR/Centered/0014/OR014@6_3.mat::w0003,-0.6985251600686793,-0.6292143104986957,-0.8660549871743711,-0.9060548926431284,-0.6915401616311698,-0.14606886890079487
source/12kHz_DE_data/OR/Centered/0014/OR014@6_3.mat::w0004,-0.6901818350296066,-0.625915224307803,-0.7105210276813941,0.4717923243416459,-0.31230883253834324,0.1486114083183662
source/12kHz_DE_data/OR/Centered/0014/OR014@6_3.mat::w0005,-0.6807946649002531,-0.6162346653923758,-0.725160798959324,0.22881049731181624,-0.45061298606878236,0.09422953902399978
source/12kHz_DE_data/OR/Centered/0014/OR014@6_3.mat::w0006,-0.694347024885661,-0.625517491665329,-0.8435954597709749,-0.7387208866030153,-0.6728208757261898,-0.17872405101892275
source/12kHz_DE_data/OR/Centered/0014/OR014@6_3.mat::w0007,-0.6885672059351912,-0.6213820660113865,-0.7888571668927108,-0.29319556543499936,-0.619620423752154,-0.06584024650867652
source/12kHz_DE_data/OR/Centered/0021/OR021@6_0.mat::w0000,0.5163688672241729,0.10245688516607292,1.7666842472027702,1.7327009506300588,2.0712593440011284,0.6654413249472085
source/12kHz_DE_data/OR/Centered/0021/OR021@6_0.mat::w0001,0.45722897843090404,0.09293641222885646,1.426094707353757,1.3140893372072802,1.6451183185739076,0.5795452225443646
source/12kHz_DE_data/OR/Centered/0021/OR021@6_0.mat::w0002,0.4978449091393373,0.09944440552862002,2.045096394311905,2.219009123572672,1.9249228813339339,0.6955302388112823
source/12kHz_DE_data/OR/Centered/0021/OR021@6_0.mat::w0003,0.49181196044528325,0.10162680588630339,1.513024246884988,1.3032130515441596,1.8296223408354029,0.6223697635735606
source/12kHz_DE_data/OR/Centered/0021/OR021@6_0.mat::w0004,0.5369829016098833,0.11127568807031407,1.7733178225428528,1.654385042510178,2.2717913728687114,1.9691798962081695
source/12kHz_DE_data/OR/Centered/0021/OR021@6_0.mat::w0005,0.4906786116944085,0.08321634326458828,2.021532350566537,1.9953404589441472,2.308865374017677,1.2637975477694487
source/12kHz_DE_data/OR/Centered/0021/OR021@6_0.mat::w0006,0.4040980902435347,0.06909493762428942,1.2616414440720103,1.3787265903126935,1.330126026154554,-0.17883021768461066
source/12kHz_DE_data/OR/Centered/0021/OR021@6_0.mat::w0007,0.513593711725146,0.09236876269919628,2.054898244441281,1.9993059243278328,2.381398176557307,1.1065666423379799
source/12kHz_DE_data/OR/Centered/0021/OR021@6_1.mat::w0000,0.35664536700112554,0.010792274965296953,1.709061249472501,2.06491871925331,2.0991297020047504,1.4914979082307331
source/12kHz_DE_data/OR/Centered/0021/OR021@6_1.mat::w0001,0.39579957564175655,0.04339690964723797,1.4555002577418847,1.7087562535206364,1.5541221757923491,0.9260696562945848
source/12kHz_DE_data/OR/Centered/0021/OR021@6_1.mat::w0002,0.5008066445325148,0.08957111801257248,1.883811405819451,1.8234273067966584,1.9667500459593417,0.8015004801734799
source/12kHz_DE_data/OR/Centered/0021/OR021@6_1.mat::w0003,0.47346642268932676,0.029726819361520978,1.724506589070305,1.6730870288640471,2.744343228637539,1.2096472304035477
source/12kHz_DE_data/OR/Centered/0021/OR021@6_1.mat::w0004,0.3602926243044115,0.015214651045231675,1.6044091728386622,1.8144931742007226,2.0751062621771896,0.47882110463979594
source/12kHz_DE_data/OR/Centered/0021/OR021@6_1.mat::w0005,0.36134557573261933,0.010590631592552377,1.8170796180699642,2.3798164118113303,1.8028161371117002,0.23821644717397128
source/12kHz_DE_data/OR/Centered/0021/OR021@6_1.mat::w0006,0.6133087947266699,0.14312005250239296,1.6738141924416152,1.1232808118199837,1.9248673841277644,0.664424844794339
source/12kHz_DE_data/OR/Centered/0021/OR021@6_1.mat::w0007,0.5221251193929072,0.0586510829095516,1.8943063160589844,1.697407043485329,2.68653119591324,1.0786012851659028
source/12kHz_DE_data/OR/Centered/0021/OR021@6_2.mat::w0000,0.5671951055311463,0.08832611549773448,2.11014503607958,1.9937234442366782,2.3277309788922276,0.7080818975147504
source/12kHz_DE_data/OR/Centered/0021/OR021@6_2.mat::w0001,0.3383170308424216,-0.00030336052897984834,1.713813661656441,2.052474106668656,2.4741515851612395,0.4924440491373039
source/12kHz_DE_data/OR/Centered/0021/OR021@6_2.mat::w0002,0.3278673535148602,-0.008983061292616766,1.6822299223506747,2.0366841995956033,2.015138814974692,0.9239228171396369
source/12kHz_DE_data/OR/Centered/0021/OR021@6_2.mat::w0003,0.4446486519212062,0.05090887213274408,1.5023313194711234,1.463384100055484,2.05047741981838,1.6246270609291205
source/12kHz_DE_data/OR/Centered/0021/OR021@6_2.mat::w0004,0.564492234507159,0.0947724663774806,1.8561880100003012,1.5272659107162476,2.3323015327731134,1.777744561924873
source/12kHz_DE_data/OR/Centered/0021/OR021@6_2.mat::w0005,0.48964468400173844,0.050107637186206935,2.207767503024675,2.2539566288620705,3.0083554430389023,1.5347424505116714
source/12kHz_DE_data/OR/Centered/0021/OR021@6_2.mat::w0006,0.38367497970223363,0.0031828422722612916,2.2093516404193214,2.652405813726278,2.696227703743144,0.8168379612256829
source/12kHz_DE_data/OR/Centered/0021/OR021@6_2.mat::w0007,0.37965249037292964,0.002250520677424959,1.4031247151313817,1.5113427650219056,1.9857102428164641,0.046919008706442666
source/12kHz_DE_data/OR/Centered/0021/OR021@6_3.mat::w0000,0.3650574390273653,-0.020178724071635935,1.8124262144731897,2.115219771182513,2.466165467727269,0.5114556892801353
source/12kHz_DE_data/OR/Centered/0021/OR021@6_3.mat::w0001,0.266576466956698,-0.03990196373957565,1.13263325499548,1.294672396924852,1.743700457335112,0.638150152664597
source/12kHz_DE_data/OR/Centered/0021/OR021@6_3.mat::w0002,0.3238241696335216,-0.015333821408146488,1.747872615641342,2.286977360421024,2.138014296613715,1.0503545431265098
source/12kHz_DE_data/OR/Centered/0021/OR021@6_3.mat::w0003,0.42631624988506406,0.017789441677722527,1.5369843249790172,1.5791027997295701,2.001595896236084,0.41477449945155676
source/12kHz_DE_data/OR/Centered/0021/OR021@6_3.mat::w0004,0.471195970144925,0.04979418634315658,2.2093516404193214,2.3191707939597697,2.792187706405183,1.8044887099435625
source/12kHz_DE_data/OR/Centered/0021/OR021@6_3.mat::w0005,0.49644881150198733,0.025956509783687968,2.2005398761615997,2.2303865233908913,2.9290756573872585,1.5738289016248046
source/12kHz_DE_data/OR/Centered/0021/OR021@6_3.mat::w0006,0.26599225649601144,-0.046232332888631836,1.1640189771269152,1.5713285985284733,1.6490906298435815,-1.0825929495923992
source/12kHz_DE_data/OR/Centered/0021/OR021@6_3.mat::w0007,0.48282522273035877,0.04173482172549978,1.7614367920830034,1.6297686363272788,2.3931631651551553,1.1771316866499821
source/12kHz_DE_data/OR/Opposite/0007/OR007@12_0.mat::w0000,-0.3144286475525576,-0.30591531137895256,-0.23934853907304873,0.3841191717331934,-0.05111969245103514,-0.44438154625041604
source/12kHz_DE_data/OR/Opposite/0007/OR007@12_0.mat::w0001,-0.32512486813858893,-0.319572560502281,-0.37059432221951716,-0.2083166262833714,-0.025782925940310942,-0.30317424510635554
source/12kHz_DE_data/OR/Opposite/0007/OR007@12_0.mat::w0002,-0.36599024786708617,-0.3490392385944583,-0.35914892954319566,0.11107755396750585,0.0053335408783531475,-0.2845078954256347
source/12kHz_DE_data/OR/Opposite/0007/OR007@12_0.mat::w0003,-0.3730878010082191,-0.35188596456714555,-0.21649735715527196,0.6779608678715207,0.059850505335684916,-0.4572890981749227
source/12kHz_DE_data/OR/Opposite/0007/OR007@12_0.mat::w0004,-0.3261363274396402,-0.3223020315532167,-0.24691279513248598,0.48484699543051346,0.072711406110454,-0.5042341218437015
source/12kHz_DE_data/OR/Opposite/0007/OR007@12_0.mat::w0005,-0.3069860139906448,-0.3134835491024529,-0.20465593013028888,0.30498615744143687,0.1268098577061509,-0.31868892033247925
source/12kHz_DE_data/OR/Opposite/0007/OR007@12_0.mat::w0006,-0.3600845899997777,-0.35083250406368344,-0.2708332697916493,0.5497877423448521,0.17876757774713728,-0.6933092135460995
source/12kHz_DE_data/OR/Opposite/0007/OR007@12_0.mat::w0007,-0.3767772996332009,-0.36329117100401576,-0.3002190184623432,0.33760475667525164,0.18027719357100402,-0.2954260452104011
source/12kHz_DE_data/OR/Opposite/0007/OR007@12_1.mat::w0000,-0.31496616932997507,-0.3035054286971205,-0.320892011462481,-0.08262093719653497,-0.10873513613394471,-0.3111012805238298
source/12kHz_DE_data/OR/Opposite/0007/OR007@12_1.mat::w0001,-0.3506024145628735,-0.3341187899892489,-0.3951088484016727,-0.1913284279887643,-0.07384823071861568,-0.5835472483382812
source/12kHz_DE_data/OR/Opposite/0007/OR007@12_1.mat::w0002,-0.3705370538465105,-0.3521657112348532,-0.2326159551458008,0.5056759274175172,0.07893096016221973,-0.4320932689594737
source/12kHz_DE_data/OR/Opposite/0007/OR007@12_1.mat::w0003,-0.35082034443827265,-0.34076020897913994,-0.1005384998671431,1.118499125830836,0.19874430377128233,-0.5949584008696557
source/12kHz_DE_data/OR/Opposite/0007/OR007@12_1.mat::w0004,-0.32930549965779676,-0.32737744911949407,-0.2648927545617246,0.20466117943592235,0.05579307783734991,-0.3799749955423808
source/12kHz_DE_data/OR/Opposite/0007/OR007@12_1.mat::w0005,-0.3698476307344517,-0.3617774539495814,-0.3419214353764141,0.07811748407342804,0.10220070863606903,-0.5299093397099284
source/12kHz_DE_data/OR/Opposite/0007/OR007@12_1.mat::w0006,-0.3831332316711723,-0.3616957830819837,-0.2500018630520469,0.7859095150996901,0.14314737053977844,-0.7832290181806463
source/12kHz_DE_data/OR/Opposite/0007/OR007@12_1.mat::w0007,-0.3432925332241164,-0.32651315945313236,-0.20227972403831895,0.5552026101466819,0.06083686868567606,-0.47171886811794406
source/12kHz_DE_data/OR/Opposite/0007/OR007@12_2.mat::w0000,-0.24851689051239245,-0.26987199069021484,-0.13467666072177653,0.33385878296298865,0.14132700561541556,-0.32712311568163494
source/12kHz_DE_data/OR/Opposite/0007/OR007@12_2.mat::w0001,-0.2787251516630203,-0.2838105983803876,-0.16505249526412458,0.42671455973644745,0.0650612092923982,-0.2017140896375617
source/12kHz_DE_data/OR/Opposite/0007/OR007@12_2.mat::w0002,-0.2816072893563876,-0.2956033007767095,-0.12374611269871526,0.4339766680410853,0.16428547235291716,-0.09015396208910141
source/12kHz_DE_data/OR/Opposite/0007/OR007@12_2.mat::w0003,-0.2654132952166219,-0.28292652184046296,0.0784690257279197,1.0457403773497806,0.18144333424900141,-0.33379465209662873
source/12kHz_DE_data/OR/Opposite/0007/OR007@12_2.mat::w0004,-0.2657035681019037,-0.2896855058480042,-0.22453685443310323,0.15214441997823086,0.153120701779168,-0.22872892883586105
source/12kHz_DE_data/OR/Opposite/0007/OR007@12_2.mat::w0005,-0.2506525532581859,-0.27626570049214866,-0.1804186279921963,0.239576827579962,0.14150572706240114,-0.35112232534188903
source/12kHz_DE_data/OR/Opposite/0007/OR007@12_2.mat::w0006,-0.26230861716759907,-0.28372572154087494,-0.18865614244435835,0.2880457693907243,0.12031328405793672,-0.4118911500124267
source/12kHz_DE_data/OR/Opposite/0007/OR007@12_2.mat::w0007,-0.26213991966635747,-0.27627395498177765,-0.21538846097901937,0.0661606314959026,0.07016827375041769,-0.24317471768053595
source/12kHz_DE_data/OR/Opposite/0007/OR007@12_3.mat::w0000,-0.28607457568194977,-0.2908578758583549,-0.17629987076611528,0.5142735228511881,0.07147535130757511,-0.31503561833686317
source/12kHz_DE_data/OR/Opposite/0007/OR007@12_3.mat::w0001,-0.29990101648519985,-0.3064166684582276,-0.27867474989514984,0.009019813940315296,0.08200031670365439,-0.35310663842681517
source/12kHz_DE_data/OR/Opposite/0007/OR007@12_3.mat::w0002,-0.29137147215727777,-0.29924749779382853,-0.27804109493729123,-0.0414437443331928,0.056160937913400724,-0.47240352739728203
source/12kHz_DE_data/OR/Opposite/0007/OR007@12_3.mat::w0003,-0.2999788111930848,-0.3058638835967977,-0.2192695975959034,0.3072032573203336,0.1423089687444225,-0.32898553166717487
source/12kHz_DE_data/OR/Opposite/0007/OR007@12_3.mat::w0004,-0.31118714369347,-0.31171712618830816,-0.2458038989562335,0.28274186629282816,0.06768554147637468,-0.35843234223266424
source/12kHz_DE_data/OR/Opposite/0007/OR007@12_3.mat::w0005,-0.29655827307233024,-0.3029880003424716,-0.2534869653202694,0.13226328960981557,0.045963541616865194,-0.5241002587598335
source/12kHz_DE_data/OR/Opposite/0007/OR007@12_3.mat::w0006,-0.31571205358506244,-0.3183942252014557,-0.2736055102322808,0.12645167115740083,0.1132754424677199,-0.4582180635728311
source/12kHz_DE_data/OR/Opposite/0007/OR007@12_3.mat::w0007,-0.30377077214136344,-0.3151311878821422,-0.2728530449698236,0.12178780181359086,0.15885251287292118,-0.4279347022022137
source/12kHz_DE_data/OR/Opposite/0021/OR021@12_0.mat::w0000,0.011804148653380612,-0.3157818019352085,1.0436245351337758,2.355148599340252,3.91821395245242,-2.767447513481417
source/12kHz_DE_data/OR/Opposite/0021/OR021@12_0.mat::w0001,0.017173830293616334,-0.3207258666590515,1.0746142229165496,2.176626967894694,4.355102010931103,-2.9554520656610945
source/12kHz_DE_data/OR/Opposite/0021/OR021@12_0.mat::w0002,5.7619900687206016e-05,-0.3212327623829205,0.9069926848455092,1.9545411308755904,3.694968709512725,-2.4497151573850537
source/12kHz_DE_data/OR/Opposite/0021/OR021@12_0.mat::w0003,-0.039876897918630014,-0.3358672930650984,0.8149146987816773,1.8793646488174236,3.470665708321935,-2.215456384700389
source/12kHz_DE_data/OR/Opposite/0021/OR021@12_0.mat::w0004,-0.029033809271377158,-0.34751608029104336,0.8377856824168871,1.9173331918575784,3.789020155960368,-3.2154642071635133
source/12kHz_DE_data/OR/Opposite/0021/OR021@12_0.mat::w0005,0.017894147417451305,-0.32599649367251443,1.022733723241874,2.07769281546487,4.120041533311734,-2.8469130351435887
source/12kHz_DE_data/OR/Opposite/0021/OR021@12_0.mat::w0006,0.01075484679910229,-0.32081376610431367,1.048376947317716,2.4261551162330486,4.242200971060665,-2.4928266825090306
source/12kHz_DE_data/OR/Opposite/0021/OR021@12_0.mat::w0007,0.04954532431119502,-0.3097806368209311,1.1528310067772238,2.3758222943636373,4.236001513753223,-2.670548160682841
source/12kHz_DE_data/OR/Opposite/0021/OR021@12_1.mat::w0000,-0.04404770919326865,-0.3403894819473234,0.8349144333890903,1.964535194585718,3.84657620636964,-3.4306633904461763
source/12kHz_DE_data/OR/Opposite/0021/OR021@12_1.mat::w0001,-0.07966166040526508,-0.3547629517927741,0.9116460884422837,2.3056427292352915,4.311339136160694,-3.260146251677145
source/12kHz_DE_data/OR/Opposite/0021/OR021@12_1.mat::w0002,-0.098886654506245,-0.3529006048355385,0.7589748470332203,2.167012086589215,3.4775741721919995,-2.7487854027326466
source/12kHz_DE_data/OR/Opposite/0021/OR021@12_1.mat::w0003,-0.058771913309111724,-0.3406448581280779,0.9535267208132524,2.525332396325986,3.9748400486804023,-3.4085868059064857
source/12kHz_DE_data/OR/Opposite/0021/OR021@12_1.mat::w0004,-0.056485690925121984,-0.34044018574414303,0.8243205145623914,2.0934195966788267,3.7410262923871587,-3.3119828505247484
source/12kHz_DE_data/OR/Opposite/0021/OR021@12_1.mat::w0005,-0.06294830606949918,-0.3379804657092728,0.9503584460239591,2.4098979864326973,3.7316534594567194,-3.5590889531946432
source/12kHz_DE_data/OR/Opposite/0021/OR021@12_1.mat::w0006,-0.07872793258914307,-0.35051225218531185,0.9004581180925922,2.4806618674887817,4.048441536286553,-2.834407610292399
source/12kHz_DE_data/OR/Opposite/0021/OR021@12_1.mat::w0007,-0.09277677351350423,-0.3452250996981279,0.7866972514395351,2.3881518277308906,3.51452722647829,-2.9130449120141098
source/12kHz_DE_data/OR/Opposite/0021/OR021@12_2.mat::w0000,-0.07345762351810803,-0.33809475493389296,0.7366979149210027,1.8617911962280993,3.4061867360091873,-3.2825357048870676
source/12kHz_DE_data/OR/Opposite/0021/OR021@12_2.mat::w0001,-0.0900084467242399,-0.34808962313435104,0.7340246830675367,2.072150130547667,3.516255773284735,-3.2943116565729365
source/12kHz_DE_data/OR/Opposite/0021/OR021@12_2.mat::w0002,-0.10107708502451658,-0.3607442827965412,0.7144209828087855,1.9876035002406038,3.8615370729006613,-3.3886568781524073
source/12kHz_DE_data/OR/Opposite/0021/OR021@12_2.mat::w0003,-0.052382334104566844,-0.3497167816814941,0.9311507801138694,2.280268114217515,4.287403990640165,-4.0408530544749555
source/12kHz_DE_data/OR/Opposite/0021/OR021@12_2.mat::w0004,-0.0669079957276337,-0.3442882103347471,0.8563992968039844,2.326629888129138,4.0591593580464345,-3.4187788457052735
source/12kHz_DE_data/OR/Opposite/0021/OR021@12_2.mat::w0005,-0.12378666049923152,-0.3621216343395183,0.6111550263952622,1.778018678914476,3.5076125530086593,-3.179460435643131
source/12kHz_DE_data/OR/Opposite/0021/OR021@12_2.mat::w0006,-0.11523810392889476,-0.36496298550534945,0.7357078290493487,2.2103951168933276,4.083524076162249,-3.273035116671796
source/12kHz_DE_data/OR/Opposite/0021/OR021@12_2.mat::w0007,-0.0917499671024296,-0.3564803375730298,0.8418450344906689,2.2530867724933885,3.814252107304369,-3.5112524948440624
source/12kHz_DE_data/OR/Opposite/0021/OR021@12_3.mat::w0000,-0.1572746856843137,-0.3868735226262531,0.716203137377763,2.3828142794572167,4.025504540174268,-3.5389979603320025
source/12kHz_DE_data/OR/Opposite/0021/OR021@12_3.mat::w0001,-0.1911930289747879,-0.3941375125132209,0.6328379069844872,2.3173986058614595,3.9063576077602042,-3.8401670335427416
source/12kHz_DE_data/OR/Opposite/0021/OR021@12_3.mat::w0002,-0.15272861539815688,-0.3722676642377032,0.6438278601598476,2.1567264521640492,3.6468693343105576,-3.6275330052837553
source/12kHz_DE_data/OR/Opposite/0021/OR021@12_3.mat::w0003,-0.1556686213115338,-0.38366971966968416,0.6554118648582007,2.3354263612267805,3.679793062200464,-3.964550067743647
source/12kHz_DE_data/OR/Opposite/0021/OR021@12_3.mat::w0004,-0.1920251799881992,-0.3930704908758691,0.5036317007336262,1.9333292857632185,3.43285905912173,-3.6609528649075362
source/12kHz_DE_data/OR/Opposite/0021/OR021@12_3.mat::w0005,-0.1425088497808438,-0.3794109943175834,0.7089755105146877,2.195419221578762,4.178531455463732,-3.319992604418021
source/12kHz_DE_data/OR/Opposite/0021/OR021@12_3.mat::w0006,-0.16128768093906884,-0.3729339026950395,0.6266003659930663,2.272949914763232,3.8569213521915944,-3.36142148765293
source/12kHz_DE_data/OR/Opposite/0021/OR021@12_3.mat::w0007,-0.16603839504295836,-0.38384458046259395,0.5243244954511971,1.923956646423639,3.7773934173139603,-3.185278733389708
source/12kHz_DE_data/OR/Orthogonal/0007/OR007@3_0.mat::w0000,0.8642719888788885,0.9292505134068206,0.40274195041207256,-0.8920914904869557,-0.5070036389738912,0.3605633517848285
source/12kHz_DE_data/OR/Orthogonal/0007/OR007@3_0.mat::w0001,0.9093999528271647,0.9727947606822721,0.42957327753389896,-0.9133466265328615,-0.5112277803582961,0.36763807887675676
source/12kHz_DE_data/OR/Orthogonal/0007/OR007@3_0.mat::w0002,0.9565377120876805,1.0078243382308172,0.47729541654762675,-0.8512013069021235,-0.49430677868115214,0.37966173677321285
source/12kHz_DE_data/OR/Orthogonal/0007/OR007@3_0.mat::w0003,0.926216430690395,0.987628036320777,0.4845230434107018,-0.7921943829800794,-0.5029283694635328,0.3635698834063053
source/12kHz_DE_data/OR/Orthogonal/0007/OR007@3_0.mat::w0004,0.8925702480529706,0.9609369556978354,0.3807620440613514,-0.9590237571679148,-0.5292754706815388,0.33479237864637473
source/12kHz_DE_data/OR/Orthogonal/0007/OR007@3_0.mat::w0005,0.9394793585116715,0.9972640683203459,0.4751172276299879,-0.855976898384175,-0.5156786106343348,0.36980037892603873
source/12kHz_DE_data/OR/Orthogonal/0007/OR007@3_0.mat::w0006,0.984888173351429,1.035867931459784,0.5008594602929948,-0.8103187810709317,-0.5007463478904741,0.3956768691672843
source/12kHz_DE_data/OR/Orthogonal/0007/OR007@3_0.mat::w0007,0.9526050732366399,1.0157046638394116,0.4464047373520189,-0.8892813156361231,-0.5024896853350024,0.3765297317034471
source/12kHz_DE_data/OR/Orthogonal/0007/OR007@3_1.mat::w0000,1.106027444794766,1.2120187312183985,0.5254135899100163,-0.9554944647626892,-0.5329525605376169,0.43225494335676873
source/12kHz_DE_data/OR/Orthogonal/0007/OR007@3_1.mat::w0001,1.114613735399263,1.2216532753956588,0.5550171574724742,-0.9193808638352016,-0.5282645223905118,0.4601895364607679
source/12kHz_DE_data/OR/Orthogonal/0007/OR007@3_1.mat::w0002,1.1225140269899574,1.22445752026259,0.5309580707912795,-0.9137257173348837,-0.5366092773181778,0.4276265730176754
source/12kHz_DE_data/OR/Orthogonal/0007/OR007@3_1.mat::w0003,1.130852295645077,1.250329843829555,0.5821455103557968,-0.8764878812585529,-0.5497416691265048,0.42025432733094537
source/12kHz_DE_data/OR/Orthogonal/0007/OR007@3_1.mat::w0004,1.1061503546419382,1.2174043641762695,0.5705615056574439,-0.8576213629158055,-0.5307900478951686,0.43997717727364183
source/12kHz_DE_data/OR/Orthogonal/0007/OR007@3_1.mat::w0005,1.1339436356301404,1.2386514755721483,0.5482845735452263,-0.934671430043035,-0.5334662083774185,0.42075933563562135
source/12kHz_DE_data/OR/Orthogonal/0007/OR007@3_1.mat::w0006,1.1164242506357194,1.2220038026697486,0.6080857601931343,-0.8844326904295121,-0.5249874958248877,0.44353962833939464
source/12kHz_DE_data/OR/Orthogonal/0007/OR007@3_1.mat::w0007,1.1154989972364238,1.2204314947253294,0.5472944876735722,-0.8888035429739838,-0.5334447445736847,0.4111704950491683
source/12kHz_DE_data/OR/Orthogonal/0007/OR007@3_2.mat::w0000,1.1425827020909303,1.2658842751592172,0.5633338787943688,-0.9162755494044359,-0.5445118349188601,0.43814935244242603
source/12kHz_DE_data/OR/Orthogonal/0007/OR007@3_2.mat::w0001,1.109197843820237,1.2241573293344186,0.5687793510884664,-0.9120931413590159,-0.5386664810436343,0.4315530898675632
source/12kHz_DE_data/OR/Orthogonal/0007/OR007@3_2.mat::w0002,1.1193817646156023,1.2384803997231248,0.6074917086701419,-0.8407280650550965,-0.5420875603877517,0.41941095406935597
source/12kHz_DE_data/OR/Orthogonal/0007/OR007@3_2.mat::w0003,1.137598598853757,1.252539632852385,0.59135330896218,-0.8865816169082918,-0.5365240527382689,0.46071599783661665
source/12kHz_DE_data/OR/Orthogonal/0007/OR007@3_2.mat::w0004,1.1230905806270464,1.2437068419179622,0.6309567438283443,-0.8549666831717165,-0.542793592046432,0.45068307702857996
source/12kHz_DE_data/OR/Orthogonal/0007/OR007@3_2.mat::w0005,1.1204576728893445,1.2560745121557764,0.6689760412998618,-0.7847029360843524,-0.5571906949661884,0.41488256464159445
source/12kHz_DE_data/OR/Orthogonal/0007/OR007@3_2.mat::w0006,1.1436357045855705,1.2802647082990484,0.6243231684882619,-0.8628257598435338,-0.5654892452923855,0.4195812017900163
source/12kHz_DE_data/OR/Orthogonal/0007/OR007@3_2.mat::w0007,1.1271253403396304,1.2631588490005445,0.6333329499203142,-0.8276078266434915,-0.5668885036027146,0.41461992403066705
source/12kHz_DE_data/OR/Orthogonal/0007/OR007@3_3.mat::w0000,0.9875436965277139,1.0884342527924955,0.5247205297998587,-0.8598465335636387,-0.53689490662239,0.4986045293211359
source/12kHz_DE_data/OR/Orthogonal/0007/OR007@3_3.mat::w0001,0.9640463021225438,1.0701678399787968,0.43640487004831224,-0.908024730275325,-0.5436749814166023,0.4881082670256425
source/12kHz_DE_data/OR/Orthogonal/0007/OR007@3_3.mat::w0002,0.9837735730605087,1.087999415170236,0.5457103502789257,-0.8280361064204889,-0.5251869176586778,0.52064828133309
source/12kHz_DE_data/OR/Orthogonal/0007/OR007@3_3.mat::w0003,0.9770860150945597,1.0811917881611783,0.5891751200445408,-0.7344274303551102,-0.5240781530360326,0.5134589495061278
source/12kHz_DE_data/OR/Orthogonal/0007/OR007@3_3.mat::w0004,1.01540723138285,1.1231600282868688,0.48967148994330323,-0.9153578324153067,-0.5263506266689919,0.5115638690689728
source/12kHz_DE_data/OR/Orthogonal/0007/OR007@3_3.mat::w0005,0.990123225472634,1.0935352900009623,0.6008581333300593,-0.7806940260736812,-0.5360483645807288,0.5003535258152818
source/12kHz_DE_data/OR/Orthogonal/0007/OR007@3_3.mat::w0006,1.007570860049086,1.1043186128245508,0.5789772355665035,-0.7851264781367754,-0.519353988545442,0.5109879919871786
source/12kHz_DE_data/OR/Orthogonal/0007/OR007@3_3.mat::w0007,1.0102507583314053,1.118588579499336,0.6560059163811931,-0.6896578170052152,-0.5183022445948595,0.506801779687422
source/12kHz_DE_data/OR/Orthogonal/0021/OR021@3_0.mat::w0000,-0.1551653672831343,-0.13896437652580904,-0.12426095735197526,-0.014069509239043553,-0.14611851580209848,0.22931104848547948
source/12kHz_DE_data/OR/Orthogonal/0021/OR021@3_0.mat::w0001,-0.15514259785963705,-0.1335332747615463,-0.07412300881141128,0.41468160077113253,-0.17190895853998278,0.45673749105869726
source/12kHz_DE_data/OR/Orthogonal/0021/OR021@3_0.mat::w0002,-0.15969233992191584,-0.14142318965919273,-0.032737419376269554,0.5550131569525022,-0.08375197328883469,0.7808487320799417
source/12kHz_DE_data/OR/Orthogonal/0021/OR021@3_0.mat::w0003,-0.14749075629044167,-0.140825995621783,0.09656779546175663,0.9408704924408141,0.08998840075174255,1.3647473316103602
source/12kHz_DE_data/OR/Orthogonal/0021/OR021@3_0.mat::w0004,-0.15331223303208974,-0.14184083186398982,0.010311514323250975,0.5271056989227213,-0.07328836260698496,0.40852577365406473
source/12kHz_DE_data/OR/Orthogonal/0021/OR021@3_0.mat::w0005,-0.16331246015438475,-0.1453131852284569,-0.09515243272534464,0.2917349065813133,-0.14488863335632376,0.4463181956148192
source/12kHz_DE_data/OR/Orthogonal/0021/OR021@3_0.mat::w0006,-0.16925930761869218,-0.15028264119063808,-0.12964702449377372,0.10829137149945954,-0.15683805449428767,0.25965380793443554
source/12kHz_DE_data/OR/Orthogonal/0021/OR021@3_0.mat::w0007,-0.1534641150983372,-0.13970666604032778,0.050746621321604686,0.8308758213390381,-0.06413819019394364,0.4825830776486458
source/12kHz_DE_data/OR/Orthogonal/0021/OR021@3_1.mat::w0000,-0.22116580872809571,-0.20609996541373837,-0.14109241717009519,0.36612400656960226,-0.08736950642356815,1.128360389832384
source/12kHz_DE_data/OR/Orthogonal/0021/OR021@3_1.mat::w0001,-0.23872506511251015,-0.21543856228705396,-0.12944900731944312,0.5747774739286197,-0.1239406910165608,0.9512859691769381
source/12kHz_DE_data/OR/Orthogonal/0021/OR021@3_1.mat::w0002,-0.23497306305136795,-0.2187660710354105,-0.044578846401252856,0.695357334907198,-0.05556315007342365,0.5490194132265361
source/12kHz_DE_data/OR/Orthogonal/0021/OR021@3_1.mat::w0003,-0.22748522784270814,-0.21456254273144548,-0.1411320206049613,0.33039269112311165,-0.04780766346991494,0.7265285129923987
source/12kHz_DE_data/OR/Orthogonal/0021/OR021@3_1.mat::w0004,-0.22661389673669802,-0.2143304057969485,-0.14022114160303958,0.6112124488818583,-0.051803194904165954,1.9235831821818052
source/12kHz_DE_data/OR/Orthogonal/0021/OR021@3_1.mat::w0005,-0.2390698843601905,-0.22247738632567926,-0.15190415488855807,0.29819277725987037,-0.058402857623993915,0.9441945226545256
source/12kHz_DE_data/OR/Orthogonal/0021/OR021@3_1.mat::w0006,-0.2321883318819852,-0.21122072052024388,-0.24687319169762,-0.11153963197853882,-0.14130433538136045,0.9053679259133462
source/12kHz_DE_data/OR/Orthogonal/0021/OR021@3_1.mat::w0007,-0.24170024452844288,-0.22453921139179683,-0.11546899481168679,0.4425279336737099,-0.05251743370456243,0.878105653893968
source/12kHz_DE_data/OR/Orthogonal/0021/OR021@3_2.mat::w0000,-0.24025310965125254,-0.22054111082379957,-0.1932105374539674,0.314168370812783,-0.10259896583783884,1.2706219264655525
source/12kHz_DE_data/OR/Orthogonal/0021/OR021@3_2.mat::w0001,-0.2580350067529981,-0.23646594770475288,-0.2711104938357124,0.04911229655665777,-0.10934513111843362,0.8764567759560409
source/12kHz_DE_data/OR/Orthogonal/0021/OR021@3_2.mat::w0002,-0.24328010135282338,-0.21789918618218754,-0.2634670309065427,-0.04779417184229391,-0.19314833174262344,0.8100015307782591
source/12kHz_DE_data/OR/Orthogonal/0021/OR021@3_2.mat::w0003,-0.24274562877876601,-0.22487394104616906,-0.21499242663035775,0.06694664190737559,-0.11093005722461548,0.6387442506604963
source/12kHz_DE_data/OR/Orthogonal/0021/OR021@3_2.mat::w0004,-0.23602233484287238,-0.21632967711037632,-0.1557852915054421,0.418220614920804,-0.10271604181466755,1.2261765893527048
source/12kHz_DE_data/OR/Orthogonal/0021/OR021@3_2.mat::w0005,-0.23507570305655978,-0.21852140648211105,-0.12010259669102813,0.5856849167447884,-0.07100249113621608,1.4999311184182993
source/12kHz_DE_data/OR/Orthogonal/0021/OR021@3_2.mat::w0006,-0.2477712071888459,-0.22582992535764182,-0.20180448281992505,0.43325285828708887,-0.15490495762840917,1.0667318684315548
source/12kHz_DE_data/OR/Orthogonal/0021/OR021@3_2.mat::w0007,-0.24646088869368904,-0.22561237340408016,-0.17412168184847615,0.30722879918818585,-0.11391338660488733,1.4003325720040756
source/12kHz_DE_data/OR/Orthogonal/0021/OR021@3_3.mat::w0000,-0.25630333961181373,-0.22440469563362037,-0.30528825812521226,-0.15460738190204734,-0.2225200687371489,1.1333371196185973
source/12kHz_DE_data/OR/Orthogonal/0021/OR021@3_3.mat::w0001,-0.22211953634881013,-0.19735909818152442,-0.13740929772754176,0.49972540239921026,-0.12948287287263038,1.1879136332846056
source/12kHz_DE_data/OR/Orthogonal/0021/OR021@3_3.mat::w0002,-0.23690568299535328,-0.21773329732452337,-0.1419240893022846,0.3996147834240546,-0.09001447757238354,1.0566012907296096
source/12kHz_DE_data/OR/Orthogonal/0021/OR021@3_3.mat::w0003,-0.24825579157858454,-0.21944972324681294,-0.25336815501567084,-0.07816867942466071,-0.2219523716851269,1.3542728330197353
source/12kHz_DE_data/OR/Orthogonal/0021/OR021@3_3.mat::w0004,-0.2532243845135726,-0.21777634287115555,-0.3222385282479306,-0.2967749546895193,-0.26683913344050564,0.5162134428522743
source/12kHz_DE_data/OR/Orthogonal/0021/OR021@3_3.mat::w0005,-0.24261197291999773,-0.2125841592071433,-0.2820014384239077,-0.08824153872489966,-0.22801294870028369,0.9483829763334783
source/12kHz_DE_data/OR/Orthogonal/0021/OR021@3_3.mat::w0006,-0.24641346138419967,-0.2147490497908498,-0.279902456376001,0.05815180879539627,-0.2637553409504897,0.7386713309323931
source/12kHz_DE_data/OR/Orthogonal/0021/OR021@3_3.mat::w0007,-0.24451270797863714,-0.22537584704809718,-0.11174627193426748,0.9072960471772438,-0.0509040761772494,1.506464032941345
source/12kHz_FE_data/B/0007/B007_0.mat::w0000,-0.6965066256564965,-0.6295286802711041,-0.8371227849429322,-0.6427288185200758,-0.6471902483109226,0.16154413280259908
source/12kHz_FE_data/B/0007/B007_0.mat::w0001,-0.7136098700808947,-0.6479663179356208,-0.8298753563624242,-0.44277083862555633,-0.624753357271637,-0.23047799189946946
source/12kHz_FE_data/B/0007/B007_0.mat::w0002,-0.7172522273022344,-0.6507604687793134,-0.8752212892841822,-0.7720206255290333,-0.6677757844125002,0.20311457273841002
source/12kHz_FE_data/B/0007/B007_0.mat::w0003,-0.6922001241945749,-0.6278277655092532,-0.7662722399673644,0.025719077684941444,-0.515162751876709,0.1757742442293595
source/12kHz_FE_data/B/0007/B007_0.mat::w0004,-0.7150490808306423,-0.6493366380833169,-0.8220338762589235,-0.13742879067866198,-0.6200119336133062,0.16347901918432395
source/12kHz_FE_data/B/0007/B007_0.mat::w0005,-0.7003291965067826,-0.6415868358325844,-0.7302331142391549,0.7571802655965605,-0.29440889904959233,-0.4980616728698756
source/12kHz_FE_data/B/0007/B007_0.mat::w0006,-0.7168871621226586,-0.6513595774083031,-0.8420732143012027,-0.46701940278720344,-0.6355503796225611,0.2008356426442366
source/12kHz_FE_data/B/0007/B007_0.mat::w0007,-0.7221115824327189,-0.6556050318129248,-0.8492018325771123,-0.12647552979311172,-0.6557151785837912,0.19669211926883123
source/12kHz_FE_data/B/0007/B007_1.mat::w0000,-0.7156848281431305,-0.6487002240315155,-0.8786667881175385,-0.8060955935095299,-0.672693670778997,-0.41523351948399284
source/12kHz_FE_data/B/0007/B007_1.mat::w0001,-0.7258082088801409,-0.6601183483944428,-0.8550235375024384,-0.529125429813667,-0.6500676345843321,0.582642747292908
source/12kHz_FE_data/B/0007/B007_1.mat::w0002,-0.7192076009508763,-0.6524587801814692,-0.8551027443721708,-0.6048501732464598,-0.6714795071471829,-0.29248740639002524
source/12kHz_FE_data/B/0007/B007_1.mat::w0003,-0.6807081385364112,-0.626581515272691,-0.6811248550051111,0.912415759224502,-0.07932617207998365,-0.2492211086828939
source/12kHz_FE_data/B/0007/B007_1.mat::w0004,-0.7094326731449926,-0.6432621659589757,-0.7345102852047005,0.7423208905071988,-0.5269849690369348,-0.3438578076875896
source/12kHz_FE_data/B/0007/B007_1.mat::w0005,-0.7159250392026567,-0.6470514162172176,-0.8621917592132142,-0.6555064236067991,-0.6997888913238165,-0.17506889911190657
source/12kHz_FE_data/B/0007/B007_1.mat::w0006,-0.722362917402504,-0.6544735149030494,-0.8930428349739561,-1.018123489183413,-0.6951679713141365,-0.19051174394369272
source/12kHz_FE_data/B/0007/B007_1.mat::w0007,-0.7164090038133932,-0.6488025379387198,-0.8493998497514432,-0.5610195125019181,-0.6755519299526266,-0.17756573598300804
source/12kHz_FE_data/B/0007/B007_2.mat::w0000,-0.7182900432385573,-0.6499450102420709,-0.878072736594546,-0.8896600906866227,-0.6915982947343196,-0.7190495792186719
source/12kHz_FE_data/B/0007/B007_2.mat::w0001,-0.7163769549201636,-0.648375187960555,-0.8902309910984585,-1.0135514379455077,-0.6888782725590581,-0.6275020455023088
source/12kHz_FE_data/B/0007/B007_2.mat::w0002,-0.7085946233267775,-0.641862669578247,-0.8162913782033299,-0.2678381618611077,-0.6385166554357508,-0.21371898365402814
source/12kHz_FE_data/B/0007/B007_2.mat::w0003,-0.6565271525948309,-0.5884476812087922,-0.7882521463180856,-0.38655350537950556,-0.6126340262163269,-0.2555053597420721
source/12kHz_FE_data/B/0007/B007_2.mat::w0004,-0.6930473165138522,-0.6265976419796212,-0.832251562454394,-0.6570471557202537,-0.6273765295175234,-0.5703586682740069
source/12kHz_FE_data/B/0007/B007_2.mat::w0005,-0.7141487983953928,-0.6455467685623391,-0.8235388067838378,-0.10677641771882816,-0.674724786092899,-0.3757437167737658
source/12kHz_FE_data/B/0007/B007_2.mat::w0006,-0.7157026074456994,-0.6476346667177602,-0.8900725773589938,-1.0546668029642776,-0.6987637936036406,-0.7541120941862126
source/12kHz_FE_data/B/0007/B007_2.mat::w0007,-0.7156193264247951,-0.646221958363154,-0.8813598216884376,-0.8980524459815034,-0.6984698903598383,-0.5495256116132128
source/12kHz_FE_data/B/0007/B007_3.mat::w0000,-0.7020854907177421,-0.6338154359392807,-0.8256377888317447,-0.36178427139544495,-0.6458872212730838,-0.11243314366828626
source/12kHz_FE_data/B/0007/B007_3.mat::w0001,-0.6972110059259824,-0.6338269912013427,-0.7375993531242614,0.3434232581949837,-0.416394564762803,-0.21521056363115243
source/12kHz_FE_data/B/0007/B007_3.mat::w0002,-0.6987042864928215,-0.6330332976683086,-0.8081330706208999,-0.33584948929966674,-0.603945824383909,-0.5096817528699737
source/12kHz_FE_data/B/0007/B007_3.mat::w0003,-0.7013467865358273,-0.6360886525584076,-0.8153012923316758,-0.37556527630927056,-0.5866171452974172,-0.04413392258078442
source/12kHz_FE_data/B/0007/B007_3.mat::w0004,-0.6877638317600517,-0.6277985952425347,-0.6303532515066885,1.2548311169577606,-0.13396057409123577,-0.1582400679646611
source/12kHz_FE_data/B/0007/B007_3.mat::w0005,-0.6946335983760125,-0.6323230182117229,-0.7354607676414885,0.358207418560919,-0.39321869461825126,-0.5007381258274749
source/12kHz_FE_data/B/0007/B007_3.mat::w0006,-0.6748341387174723,-0.6195564249991107,-0.6483728143707933,0.9916489278073183,-0.000810366648113892,-0.42536519819545515
source/12kHz_FE_data/B/0007/B007_3.mat::w0007,-0.6787863575246116,-0.6212348385049087,-0.5751064598683894,1.5656838222862315,0.22571614213675908,-0.2936313395681217
source/12kHz_FE_data/B/0014/B014_0.mat::w0000,-0.5251290536641833,-0.49535639973691015,-0.3925940302876713,1.1166643645522212,0.19594652870097334,-0.06131986513306942
source/12kHz_FE_data/B/0014/B014_0.mat::w0001,-0.5317000698056638,-0.5052826217580066,-0.2903181597458021,1.554959425542,0.5146038642347874,0.21128189612430415
source/12kHz_FE_data/B/0014/B014_0.mat::w0002,-0.5433439830777264,-0.5303318160569132,-0.4543753886788876,0.7637292388206722,0.7334075047392665,-0.558528077061934
source/12kHz_FE_data/B/0014/B014_0.mat::w0003,-0.5088226821828219,-0.49424554652373304,-0.3618023596792287,0.9043541580796441,0.5537632775630916,0.010413569389396946
source/12kHz_FE_data/B/0014/B014_0.mat::w0004,-0.5796227163158117,-0.5436115660265001,-0.4623950842392858,1.1242977348523078,0.36153516126774976,-0.010327741421773616
source/12kHz_FE_data/B/0014/B014_0.mat::w0005,-0.6814135587778462,-0.6187336256565972,-0.7661534296627658,0.005263499659174843,-0.49961149448927683,0.2221996492874584
source/12kHz_FE_data/B/0014/B014_0.mat::w0006,-0.6122410419983396,-0.5790769195671049,-0.36794089208348413,2.4088636953055196,1.322709495006561,0.6235542131079702
source/12kHz_FE_data/B/0014/B014_0.mat::w0007,-0.5580009057435765,-0.5175231827812422,-0.45021702801794033,1.0018215074496983,0.10270305456918466,0.45116094085272734
source/12kHz_FE_data/B/0014/B014_1.mat::w0000,-0.6630596950555765,-0.5984251650839184,-0.7722919620670213,-0.34739501393105904,-0.581371560215741,-0.31499640118942007
source/12kHz_FE_data/B/0014/B014_1.mat::w0001,-0.644876407849388,-0.6013106101401539,-0.3525945610728454,2.8647427757932715,1.6599596617478025,-0.06506704718663135
source/12kHz_FE_data/B/0014/B014_1.mat::w0002,-0.558826339155405,-0.5350294364876356,-0.405762172380671,1.5496450974643323,0.7405682655062231,0.663326549833994
source/12kHz_FE_data/B/0014/B014_1.mat::w0003,-0.6298710110311121,-0.588356614285953,-0.3583370591284393,2.5373333180034434,0.9300510084137419,-0.003445198710849583
source/12kHz_FE_data/B/0014/B014_1.mat::w0004,-0.6624979876187552,-0.6193156700072682,-0.3224959505745606,3.4446626984288575,1.884628080517466,0.17473110776894782
source/12kHz_FE_data/B/0014/B014_1.mat::w0005,-0.5306482236144663,-0.5114375996239257,-0.37021808958828856,1.115196760087395,0.3631852514746069,0.3218787954470157
source/12kHz_FE_data/B/0014/B014_1.mat::w0006,-0.5581904657321932,-0.5328036370393013,-0.45091008812809824,0.9422322146813109,0.6552026184008996,0.36975122241642977
source/12kHz_FE_data/B/0014/B014_1.mat::w0007,-0.6815618277709263,-0.6150925972275733,-0.798034194730028,-0.3432165844832793,-0.6070943754848157,-0.25514189545061655
source/12kHz_FE_data/B/0014/B014_2.mat::w0000,-0.45137948103371817,-0.4335313226163835,-0.3600202051102513,0.5921830539379429,0.06474082902647434,-0.14609006319623594
source/12kHz_FE_data/B/0014/B014_2.mat::w0001,-0.5087627800581354,-0.468338672192694,-0.4454646158340006,0.7382631149959437,-0.09693977192932998,-0.1150995764262854
source/12kHz_FE_data/B/0014/B014_2.mat::w0002,-0.36972647473903764,-0.35263010814999807,-0.46090995543180485,-0.3346700267114389,-0.1594640045525944,-0.13225683794532614
source/12kHz_FE_data/B/0014/B014_2.mat::w0003,-0.36977618707439475,-0.36075760643920146,-0.3502183549808756,0.049107545440425907,0.019284299337251763,0.01674890822378843
source/12kHz_FE_data/B/0014/B014_2.mat::w0004,-0.37370065378283823,-0.3667839031265137,-0.30823871402274144,0.30203068051704735,0.022891376425741194,0.3377602527322171
source/12kHz_FE_data/B/0014/B014_2.mat::w0005,-0.3468464475971603,-0.34121174161787376,-0.2562592057609009,0.2943198619394956,-0.025890102886870797,0.14568150655882472
source/12kHz_FE_data/B/0014/B014_2.mat::w0006,-0.35068776725285006,-0.3471889125330666,-0.26229872957799094,0.5199663127191851,0.02994783713749341,-0.1501549822097018
source/12kHz_FE_data/B/0014/B014_2.mat::w0007,-0.39930517394134907,-0.3886599668567087,-0.3500203378065448,0.32431538411348415,0.010459462719875214,0.1250462755643324
source/12kHz_FE_data/B/0014/B014_3.mat::w0000,-0.6029510869637406,-0.545225143189126,-0.6730853577272798,-0.08734352905369629,-0.3907387744158566,-0.02635356974760665
source/12kHz_FE_data/B/0014/B014_3.mat::w0001,-0.4402193710015113,-0.4170873318313489,-0.29120923703029084,0.784695953002214,0.041300373771036965,-0.10175252077555208
source/12kHz_FE_data/B/0014/B014_3.mat::w0002,-0.5058285630396908,-0.47601104799120936,-0.4287321646030462,0.6244280701932897,0.22923377048268592,0.235738916891535
source/12kHz_FE_data/B/0014/B014_3.mat::w0003,-0.6130011641131686,-0.5564453439401267,-0.5279387689427878,1.0954573582178466,-0.056898339677084964,-0.04462587917358775
source/12kHz_FE_data/B/0014/B014_3.mat::w0004,-0.519932990046001,-0.48554673762369227,-0.43447466265864004,0.6348912003200463,0.18881595894860112,-0.05458837250992497
source/12kHz_FE_data/B/0014/B014_3.mat::w0005,-0.5343690699618433,-0.4971772380249714,-0.3898217898470399,1.1863397143918222,0.25235703457687836,0.0369890500611004
source/12kHz_FE_data/B/0014/B014_3.mat::w0006,-0.6179992350965682,-0.5555685924078062,-0.6817981133978359,0.01676352912825186,-0.5034384196452755,-0.027484337425776304
source/12kHz_FE_data/B/0014/B014_3.mat::w0007,-0.6510605035117256,-0.5876679671484161,-0.7103125865014742,0.17479524951207867,-0.4457563890320209,-0.3088306859440759
source/12kHz_FE_data/B/0021/B021_0.mat::w0000,-0.6785647930124757,-0.60945483659081,-0.8297169426229595,-0.7588209778226266,-0.668102769927443,-0.2219434183651048
source/12kHz_FE_data/B/0021/B021_0.mat::w0001,-0.6755068989569236,-0.6065001522622396,-0.8224893157598845,-0.6609926878065971,-0.6635754591528542,-0.31910531976332424
source/12kHz_FE_data/B/0021/B021_0.mat::w0002,-0.671048204736729,-0.6029424391606366,-0.7040750455100533,0.6763852519194339,-0.5514142751829353,-0.1537922037160742
source/12kHz_FE_data/B/0021/B021_0.mat::w0003,-0.6739974867109558,-0.606130838775027,-0.7602129144328412,-0.13277086151138018,-0.5799582742946846,-0.1819700539410396
source/12kHz_FE_data/B/0021/B021_0.mat::w0004,-0.664641914549223,-0.5954890101883374,-0.8180339293374411,-0.669696303866018,-0.6417657070363757,-0.5050904567539727
source/12kHz_FE_data/B/0021/B021_0.mat::w0005,-0.6526728087291999,-0.5864861585129565,-0.7291242180629023,-0.030324754598695255,-0.5197395086815484,-0.47289152208286284
source/12kHz_FE_data/B/0021/B021_0.mat::w0006,-0.6736906050057009,-0.605489013991466,-0.8401128442753276,-0.8325973241581304,-0.6531007663923053,-0.2773808970762489
source/12kHz_FE_data/B/0021/B021_0.mat::w0007,-0.678300934949389,-0.6083217153086438,-0.8530829691939964,-0.9322731978514333,-0.6740691835964231,-0.34829283197936617
source/12kHz_FE_data/B/0021/B021_1.mat::w0000,-0.6713246526277608,-0.6004901697235523,-0.8355584492657187,-0.8503624077294087,-0.6698167288353605,-0.5226257470213319
source/12kHz_FE_data/B/0021/B021_1.mat::w0001,-0.6306377595795202,-0.5695965274302249,-0.7189263335848649,-0.23798291574869226,-0.4548141074068507,-0.23468080060182478
source/12kHz_FE_data/B/0021/B021_1.mat::w0002,-0.6729509479997191,-0.602425990856515,-0.8404098700368239,-0.9026787286385684,-0.6771931476127016,-0.2977441887182005
source/12kHz_FE_data/B/0021/B021_1.mat::w0003,-0.6771128020983622,-0.6071314231663786,-0.8582314157265978,-0.8454125266378306,-0.6802869196793168,0.43881465423592364
source/12kHz_FE_data/B/0021/B021_1.mat::w0004,-0.6441811559707055,-0.5836773594141907,-0.680610010351851,0.19624086971963667,-0.3191506129156584,-0.340302666311945
source/12kHz_FE_data/B/0021/B021_1.mat::w0005,-0.6649386921947553,-0.5991272691444547,-0.646155022018288,0.9220692552666199,-0.37977380820305323,0.554215310921057
source/12kHz_FE_data/B/0021/B021_1.mat::w0006,-0.6811658268778662,-0.6107744299329092,-0.8424890503672975,-0.686483007626266,-0.6803164474724948,-0.38936943391533
source/12kHz_FE_data/B/0021/B021_1.mat::w0007,-0.6799490223719092,-0.6090262442910884,-0.8549641323501392,-0.94099295743093,-0.6876102634543678,0.011577817855750417
source/12kHz_FE_data/B/0021/B021_2.mat::w0000,-0.6459010708920896,-0.5750250885790754,-0.7660544210756004,-0.1666116657572419,-0.6098139027333256,0.5418343512318989
source/12kHz_FE_data/B/0021/B021_2.mat::w0001,-0.6649611076699269,-0.5934259394291878,-0.8309050456689445,-0.8128497425561141,-0.6776207412467188,-0.2684835861234224
source/12kHz_FE_data/B/0021/B021_2.mat::w0002,-0.6514703422813608,-0.582031090353554,-0.7912026022156148,-0.6415578701459048,-0.6072228696658847,-0.05727035952641398
source/12kHz_FE_data/B/0021/B021_2.mat::w0003,-0.65602892213111,-0.5866132152501025,-0.6670458339101898,0.6229611342456148,-0.4816275373541039,0.012368624127860842
source/12kHz_FE_data/B/0021/B021_2.mat::w0004,-0.6587915758686876,-0.5867970587205262,-0.7485299011473228,-0.055547115354860864,-0.6365886887719586,-0.22799022219861315
source/12kHz_FE_data/B/0021/B021_2.mat::w0005,-0.6590291615141208,-0.5889000086447328,-0.8008064351706596,-0.4101349420805818,-0.6573855137010446,0.038985032720470755
source/12kHz_FE_data/B/0021/B021_2.mat::w0006,-0.6475695805716309,-0.5776938030914741,-0.7766483399022993,-0.5064771309917612,-0.6304291401776033,-0.0960626232298904
source/12kHz_FE_data/B/0021/B021_2.mat::w0007,-0.6570572253132568,-0.5841150144503585,-0.8255585819620123,-0.8849973245165744,-0.6955983005966182,-0.2439097946228037
source/12kHz_FE_data/B/0021/B021_3.mat::w0000,-0.6459728606135525,-0.5726208793064966,-0.803578675611291,-0.46678910027277165,-0.6814178833845571,-0.1561276525518787
source/12kHz_FE_data/B/0021/B021_3.mat::w0001,-0.6292120411627613,-0.56098304525662,-0.7471437809270071,-0.47596784960051824,-0.5963788176953415,-0.13455608043037426
source/12kHz_FE_data/B/0021/B021_3.mat::w0002,-0.6452338535186649,-0.5728297810956695,-0.7908065678669531,-0.5074210897665132,-0.6647380978887978,-0.33906717540706194
source/12kHz_FE_data/B/0021/B021_3.mat::w0003,-0.645431685092379,-0.5741568050934043,-0.7612030003044954,-0.3972704823750554,-0.6410864314981426,-0.471601283487457
source/12kHz_FE_data/B/0021/B021_3.mat::w0004,-0.6371637489603929,-0.56363602749931,-0.8050638044187722,-0.7441375155135869,-0.6800768995057743,-0.33772979107771656
source/12kHz_FE_data/B/0021/B021_3.mat::w0005,-0.6435391844056136,-0.5707311116932041,-0.8001133750605017,-0.747054435912383,-0.6807955302997241,-0.17647204456476476
source/12kHz_FE_data/B/0021/B021_3.mat::w0006,-0.6504273475057397,-0.5792273826181848,-0.7866482072060058,-0.4396551743481809,-0.6770816035688625,-0.32165531784298884
source/12kHz_FE_data/B/0021/B021_3.mat::w0007,-0.6346544547949392,-0.5647560413088202,-0.6993226333261137,-0.010929632682690486,-0.5985785807596337,-0.15443316545931232
source/12kHz_FE_data/IR/0007/IR007_0.mat::w0000,-0.6196156841202746,-0.5546172873993819,-0.7298370798904932,-0.3143565235756573,-0.5305953246387032,-1.1478683042427162
source/12kHz_FE_data/IR/0007/IR007_0.mat::w0001,-0.6212911249731997,-0.5554623965133862,-0.7385102321261832,-0.41462635244348717,-0.5370777950017659,-1.1586996538949883
source/12kHz_FE_data/IR/0007/IR007_0.mat::w0002,-0.6177755529295736,-0.5538182048913107,-0.7235401337467731,-0.35223976701135734,-0.523702507255359,-1.0692920113781794
source/12kHz_FE_data/IR/0007/IR007_0.mat::w0003,-0.6198444720830787,-0.5553283943880597,-0.7598564835190458,-0.6301825955950783,-0.5364156787696961,-1.2018685529767907
source/12kHz_FE_data/IR/0007/IR007_0.mat::w0004,-0.6241784638441252,-0.5587323346368379,-0.7517773828063483,-0.30228664997465116,-0.5513811664023668,-1.4136326771579422
source/12kHz_FE_data/IR/0007/IR007_0.mat::w0005,-0.6203953852764793,-0.5537068621511301,-0.7593020354309195,-0.5324364965303909,-0.5536361821502892,-1.4961254995349096
source/12kHz_FE_data/IR/0007/IR007_0.mat::w0006,-0.6216455011196852,-0.5551608800582576,-0.7499160213676386,-0.46970340942884753,-0.553023520904371,-1.573860331632909
source/12kHz_FE_data/IR/0007/IR007_0.mat::w0007,-0.6206605916715171,-0.5553255271750281,-0.7455992469672266,-0.45789778762954747,-0.5494471598384415,-1.3433014155971559
source/12kHz_FE_data/IR/0007/IR007_1.mat::w0000,-0.6273961359249333,-0.5626024767522504,-0.7538763648542549,-0.40430240271157564,-0.5418546501855921,-1.6125530875624756
source/12kHz_FE_data/IR/0007/IR007_1.mat::w0001,-0.6210154394341076,-0.5549374792226669,-0.7728464101551477,-0.5774350036223123,-0.5706485552146637,-1.5465028968625785
source/12kHz_FE_data/IR/0007/IR007_1.mat::w0002,-0.6261586125210787,-0.5607598013924252,-0.7766087364674332,-0.4622131236650601,-0.5522544015357311,-1.7040650008371592
source/12kHz_FE_data/IR/0007/IR007_1.mat::w0003,-0.6178900703187976,-0.5536402384505622,-0.7469457637526762,-0.3388350411078654,-0.5364495599915787,-1.6817549663945772
source/12kHz_FE_data/IR/0007/IR007_1.mat::w0004,-0.6193126672765651,-0.553213736008335,-0.7830244929157519,-0.5834628996897043,-0.575727667136979,-1.3672300001852975
source/12kHz_FE_data/IR/0007/IR007_1.mat::w0005,-0.6225031331407807,-0.555879360220548,-0.7728068067202815,-0.5281009110210245,-0.5744055889540849,-1.2520242099944028
source/12kHz_FE_data/IR/0007/IR007_1.mat::w0006,-0.6199305307500352,-0.5538288783655674,-0.7455992469672266,-0.3242902903556025,-0.5625206693055185,-1.254549548733862
source/12kHz_FE_data/IR/0007/IR007_1.mat::w0007,-0.6206961357182986,-0.5562754946984629,-0.7357379916855518,-0.3785741670034285,-0.5493241702342623,-1.0821837604417863
source/12kHz_FE_data/IR/0007/IR007_2.mat::w0000,-0.6139019165401702,-0.5473595731165357,-0.768133601406074,-0.6386500776944747,-0.5683181910327925,-1.4194626805859856
source/12kHz_FE_data/IR/0007/IR007_2.mat::w0001,-0.6073331803895287,-0.5427185031581419,-0.6945504194247408,-0.2339920616559479,-0.5270099543840208,-1.2794369177855318
source/12kHz_FE_data/IR/0007/IR007_2.mat::w0002,-0.6148553028069418,-0.5478266929608062,-0.7792621666034661,-0.556875435756408,-0.5809074666331268,-1.5924151772272763
source/12kHz_FE_data/IR/0007/IR007_2.mat::w0003,-0.6117091870837799,-0.5460742740958873,-0.7718167208486273,-0.6353788110032915,-0.5569139190032838,-1.5789518642734255
source/12kHz_FE_data/IR/0007/IR007_2.mat::w0004,-0.6156905602989191,-0.5500573134520647,-0.7665494640114274,-0.6582307278530622,-0.5620488647370132,-1.6076696723514647
source/12kHz_FE_data/IR/0007/IR007_2.mat::w0005,-0.6107502750484984,-0.5437339237289375,-0.7611237934347629,-0.6738485928103982,-0.579226519670958,-1.4073921854605564
source/12kHz_FE_data/IR/0007/IR007_2.mat::w0006,-0.611170211565191,-0.5458844460787472,-0.742312161873335,-0.4237037580440218,-0.5602184625308949,-1.4749659511680657
source/12kHz_FE_data/IR/0007/IR007_2.mat::w0007,-0.6157620669933852,-0.5490872701025653,-0.7355003710763548,-0.32952436651899814,-0.5685064080272675,-1.2747829071944383
source/12kHz_FE_data/IR/0007/IR007_3.mat::w0000,-0.6092757105945626,-0.5423460882401566,-0.7669454983600892,-0.6661019341474048,-0.5983268192822544,-0.9222447272233961
source/12kHz_FE_data/IR/0007/IR007_3.mat::w0001,-0.6139480941656296,-0.5463442311312394,-0.7589060010822578,-0.5935779102342335,-0.5865894558404822,-0.7561839571647037
source/12kHz_FE_data/IR/0007/IR007_3.mat::w0002,-0.6148485792920407,-0.5482968197111463,-0.7242529955743641,-0.386736607069554,-0.5637272985051218,-0.5120977344488787
source/12kHz_FE_data/IR/0007/IR007_3.mat::w0003,-0.6028944783892842,-0.535579118764225,-0.7491239526703153,-0.6127867285493067,-0.5930231875119438,-0.9456208002961713
source/12kHz_FE_data/IR/0007/IR007_3.mat::w0004,-0.6055344545134149,-0.5362870294853209,-0.771262272760501,-0.6773229318390722,-0.6052806228962557,-0.6818513154402991
source/12kHz_FE_data/IR/0007/IR007_3.mat::w0005,-0.6025242880385429,-0.5343765929275868,-0.7575990877316743,-0.6199701512989887,-0.5946670814005772,-0.846568586374223
source/12kHz_FE_data/IR/0007/IR007_3.mat::w0006,-0.6083996872860146,-0.5404664852079338,-0.7545100198121136,-0.6491265244677872,-0.5891317507583094,-1.0180523770061343
source/12kHz_FE_data/IR/0007/IR007_3.mat::w0007,-0.6085499575395527,-0.540789994715466,-0.7433418511798552,-0.4479616754570446,-0.5737622655710184,-1.1437682234971478
source/12kHz_FE_data/IR/0014/IR014_0.mat::w0000,-0.47055915622687833,-0.402870917882784,-0.5857597838473876,-0.39032927154248054,-0.5590194719214421,-0.22251105816226113
source/12kHz_FE_data/IR/0014/IR014_0.mat::w0001,-0.47344292057363385,-0.39971598308712675,-0.6533232437290638,-0.781419855404289,-0.6132985051325615,0.04052408433047002
source/12kHz_FE_data/IR/0014/IR014_0.mat::w0002,-0.46184417506145603,-0.3866181862100373,-0.6040961741904216,-0.41693030338694087,-0.5958435314531454,0.19982247371999598
source/12kHz_FE_data/IR/0014/IR014_0.mat::w0003,-0.4842303769447239,-0.4153597575394434,-0.6006110719221992,-0.43246846582374593,-0.5794022516452428,0.14880087664945932
source/12kHz_FE_data/IR/0014/IR014_0.mat::w0004,-0.4733945955084878,-0.40140930816059195,-0.6185118244817055,-0.5733724550699559,-0.5900258196004917,-0.11658041772132684
source/12kHz_FE_data/IR/0014/IR014_0.mat::w0005,-0.467141150439211,-0.3953881852400359,-0.6286107003725773,-0.616548108712201,-0.5813697318753775,-0.34566868385751287
source/12kHz_FE_data/IR/0014/IR014_0.mat::w0006,-0.4774509389688746,-0.4088229447987506,-0.5681362553319445,-0.32971542410398635,-0.5507080407502165,-0.0984152601351521
source/12kHz_FE_data/IR/0014/IR014_0.mat::w0007,-0.47509491125446807,-0.40358646460741016,-0.5201368922741535,0.06341379870525561,-0.5795431248088654,-0.23752962358821952
source/12kHz_FE_data/IR/0014/IR014_1.mat::w0000,-0.5366739296290625,-0.46672289896565394,-0.6729269439878152,-0.5289467115310046,-0.5803960496379482,0.2385248565701693
source/12kHz_FE_data/IR/0014/IR014_1.mat::w0001,-0.5405298820765163,-0.4719276514755525,-0.5770866316116975,0.02284786070618584,-0.479811243066778,0.3157096410578634
source/12kHz_FE_data/IR/0014/IR014_1.mat::w0002,-0.5350775814457895,-0.46520114503962334,-0.5961358837823226,-0.05797591005945232,-0.5449669358186401,-0.23530336542344876
source/12kHz_FE_data/IR/0014/IR014_1.mat::w0003,-0.5313962935540879,-0.46650351124553524,-0.4438606767219209,0.9984417126732772,-0.34847985105806767,-0.293442728385016
source/12kHz_FE_data/IR/0014/IR014_1.mat::w0004,-0.524989635541414,-0.45827533674785403,-0.5664333076326995,-0.023891492168878835,-0.4827695962733887,0.16515338666087523
source/12kHz_FE_data/IR/0014/IR014_1.mat::w0005,-0.5375527888074281,-0.4707732844326855,-0.5172062380940573,0.45581146211402984,-0.46448668514181707,0.15407213688374716
source/12kHz_FE_data/IR/0014/IR014_1.mat::w0006,-0.5431092694118007,-0.4766321183458253,-0.5985912967440249,0.05147338032679977,-0.5157096901226687,-0.08198522454275786
source/12kHz_FE_data/IR/0014/IR014_1.mat::w0007,-0.5320698649592499,-0.4628899951048429,-0.6119376542939222,-0.22982781245157197,-0.5486248814779883,0.13551547667829617
source/12kHz_FE_data/IR/0014/IR014_2.mat::w0000,-0.5512030939020164,-0.48692924131823984,-0.6069080180659193,-0.06562009999189967,-0.47772103317821407,0.09646608981951461
source/12kHz_FE_data/IR/0014/IR014_2.mat::w0001,-0.5499090882171817,-0.48337093517447166,-0.6596597933076501,-0.40794073280187265,-0.5226531410308346,-0.18149759648051902
source/12kHz_FE_data/IR/0014/IR014_2.mat::w0002,-0.538561504505433,-0.4738915121426185,-0.5508295542954307,0.125316284073855,-0.45602572559243476,-0.11411229857599682
source/12kHz_FE_data/IR/0014/IR014_2.mat::w0003,-0.5449248026535853,-0.4805884050698699,-0.6325710438591937,-0.23197858367702082,-0.47622162092779174,0.23521477342579716
source/12kHz_FE_data/IR/0014/IR014_2.mat::w0004,-0.5436658128841676,-0.4773617918355764,-0.6297988034185622,-0.08925436018582318,-0.524936213446668,-0.1043823264065235
source/12kHz_FE_data/IR/0014/IR014_2.mat::w0005,-0.5486657487140433,-0.48121877574651917,-0.6245711500162285,-0.098308931592243,-0.4879675890842128,0.013150047822484788
source/12kHz_FE_data/IR/0014/IR014_2.mat::w0006,-0.5573951817181207,-0.4926746050212489,-0.5726906503415534,0.2688510801847705,-0.4271251601003056,0.43097312170876545
source/12kHz_FE_data/IR/0014/IR014_2.mat::w0007,-0.5533156167151537,-0.4861420807029451,-0.6879366458020914,-0.5744224494495453,-0.5526837181300436,-0.366650779030893
source/12kHz_FE_data/IR/0014/IR014_3.mat::w0000,-0.5334593985567602,-0.4766993054420753,-0.5743935980407985,-0.010784659915914863,-0.3383402384122029,0.0750454225129872
source/12kHz_FE_data/IR/0014/IR014_3.mat::w0001,-0.564170573249371,-0.4995822621820727,-0.6895603866316042,-0.5267499692822745,-0.5084056950491069,-0.07488246312528005
source/12kHz_FE_data/IR/0014/IR014_3.mat::w0002,-0.5534568458361919,-0.4898521453536577,-0.5732450984296797,0.21503553860133975,-0.47745127546925215,-0.14126114417092284
source/12kHz_FE_data/IR/0014/IR014_3.mat::w0003,-0.5466622827434042,-0.4839019287058773,-0.6045318119739495,-0.09450547482690023,-0.4608201903654215,0.028970919001041175
source/12kHz_FE_data/IR/0014/IR014_3.mat::w0004,-0.5293767786417056,-0.47481777989222046,-0.45459320757065147,0.7941650281930108,-0.23467961530569564,0.7256473553245816
source/12kHz_FE_data/IR/0014/IR014_3.mat::w0005,-0.5584280055195537,-0.49197214431740416,-0.6389471968726462,-0.2583437394421098,-0.514804063029311,-0.10903843360530552
source/12kHz_FE_data/IR/0014/IR014_3.mat::w0006,-0.5378168554839002,-0.4775374020904174,-0.5284932170309139,0.32187905130558225,-0.38912999971781204,-0.36123892667129964
source/12kHz_FE_data/IR/0014/IR014_3.mat::w0007,-0.5628085556069952,-0.4979028215992902,-0.6644914123613223,-0.3566219454576333,-0.5203805961164091,0.24126179629845795
source/12kHz_FE_data/IR/0021/IR021_0.mat::w0000,-0.43837418065268263,-0.3775956623229941,-0.5733856523279804,-0.5228720415133545,-0.4984432568483318,-0.379759888332971
source/12kHz_FE_data/IR/0021/IR021_0.mat::w0001,-0.45084568347119086,-0.39092417109021155,-0.600088558590892,-0.44993664735785244,-0.48109063143602504,-0.29364837112299585
source/12kHz_FE_data/IR/0021/IR021_0.mat::w0002,-0.45723152245463783,-0.39890966521243854,-0.5980540514470514,-0.5714628730526512,-0.47497567679342956,-0.2839051820959078
source/12kHz_FE_data/IR/0021/IR021_0.mat::w0003,-0.4232013839842008,-0.36887182862552825,-0.5619415496438753,-0.46667682531953664,-0.4082908773605451,-0.4281987799232208
source/12kHz_FE_data/IR/0021/IR021_0.mat::w0004,-0.41994117470263037,-0.3670063582098088,-0.5485138024945255,-0.4393091802368605,-0.41718033125854637,-0.5116037025926065
source/12kHz_FE_data/IR/0021/IR021_0.mat::w0005,-0.43368843009175834,-0.37706820668285856,-0.547293098208221,-0.39205732125123566,-0.44624437837924724,-0.322315110799549
source/12kHz_FE_data/IR/0021/IR021_0.mat::w0006,-0.419239486602937,-0.3655331005956126,-0.5245574808757991,-0.32920340307349216,-0.41631117201840345,-0.40333552073713347
source/12kHz_FE_data/IR/0021/IR021_0.mat::w0007,-0.4230578894315912,-0.363890825058812,-0.5100616174759328,-0.21123130489324257,-0.47201575031980153,-0.3974915200823197
source/12kHz_FE_data/IR/0021/IR021_1.mat::w0000,-0.4365068004893395,-0.3690169524148905,-0.606395530736799,-0.67401453354814,-0.5383554209182669,-0.42946891868235976
source/12kHz_FE_data/IR/0021/IR021_1.mat::w0001,-0.4309327321010448,-0.36349250507706277,-0.6451528918269679,-0.9031303540353052,-0.5666774851466644,-0.24681675242192472
source/12kHz_FE_data/IR/0021/IR021_1.mat::w0002,-0.4305791689590495,-0.35827027335867284,-0.5956126428744422,-0.5130398621720447,-0.570098862963438,-0.3787508874900472
source/12kHz_FE_data/IR/0021/IR021_1.mat::w0003,-0.45451814110072614,-0.38152710838163095,-0.5580251233919818,-0.26123826072937295,-0.5781881627853006,-0.3349642991351812
source/12kHz_FE_data/IR/0021/IR021_1.mat::w0004,-0.444975254662307,-0.38142446693545706,-0.6033437700210376,-0.6443053822447878,-0.522938851413756,-0.36400825141376913
source/12kHz_FE_data/IR/0021/IR021_1.mat::w0005,-0.4338342490949855,-0.3700426110822093,-0.6425080325399747,-0.8672525306593898,-0.5336642357237988,-0.584241961293702
source/12kHz_FE_data/IR/0021/IR021_1.mat::w0006,-0.42852338762211767,-0.35694354781828336,-0.6023265164491172,-0.7017840850774499,-0.5727856633893773,-0.376401639505086
source/12kHz_FE_data/IR/0021/IR021_1.mat::w0007,-0.4358260669877356,-0.37498981335197906,-0.5912893151937803,-0.5427253516529406,-0.503839304212685,-0.3385252516050341
source/12kHz_FE_data/IR/0021/IR021_2.mat::w0000,-0.4387381348494115,-0.36789338133461946,-0.5831512866184168,-0.6088446957904973,-0.5757504058824009,-0.36164445405220524
source/12kHz_FE_data/IR/0021/IR021_2.mat::w0001,-0.43324711416606493,-0.36480086416425217,-0.6014109882343888,-0.6700944969486102,-0.5620906020610001,-0.2626422449767138
source/12kHz_FE_data/IR/0021/IR021_2.mat::w0002,-0.4360137119699945,-0.3677434796284182,-0.6066498441297791,-0.7116883114698923,-0.5712508935154443,-0.2890929480621232
source/12kHz_FE_data/IR/0021/IR021_2.mat::w0003,-0.442351153788883,-0.37296512107992374,-0.6083791752020438,-0.5311902643346047,-0.5731346479714059,-0.35261645114131945
source/12kHz_FE_data/IR/0021/IR021_2.mat::w0004,-0.4428290683175835,-0.36952999755797555,-0.6484589659357094,-0.8716551444759892,-0.5903954310711919,-0.31301616749518507
source/12kHz_FE_data/IR/0021/IR021_2.mat::w0005,-0.4373715925386545,-0.3651076877824168,-0.6445425396838156,-0.8084957360605369,-0.5937460956898438,-0.31993922505206684
source/12kHz_FE_data/IR/0021/IR021_2.mat::w0006,-0.44752364732948824,-0.3735815318719587,-0.6012584001986007,-0.506929235605992,-0.5871432576826627,-0.5329630257910679
source/12kHz_FE_data/IR/0021/IR021_2.mat::w0007,-0.451921337838404,-0.3811008483362954,-0.6637686321931121,-0.8851412621742415,-0.57509586376679,-0.2752039943266704
source/12kHz_FE_data/IR/0021/IR021_3.mat::w0000,-0.41244161597272616,-0.33980344773621574,-0.6303518523555254,-0.8847636440713914,-0.587490815964032,-0.25059027747393553
source/12kHz_FE_data/IR/0021/IR021_3.mat::w0001,-0.4085037972874255,-0.32940955773892333,-0.6162120277058312,-0.8438907393743245,-0.6279595446886005,0.01886385441133886
source/12kHz_FE_data/IR/0021/IR021_3.mat::w0002,-0.424828374807083,-0.34873844747498517,-0.6574616600472052,-0.979640629481934,-0.609404795672659,-0.3541232016758465
source/12kHz_FE_data/IR/0021/IR021_3.mat::w0003,-0.4109722665824634,-0.33953859635267425,-0.567536444289438,-0.5406464309430196,-0.5707608715173619,-0.16209760927922878
source/12kHz_FE_data/IR/0021/IR021_3.mat::w0004,-0.41774449039430356,-0.34408422348955625,-0.5977488753754752,-0.7069206428208776,-0.5803932896574068,-0.3388373863394088
source/12kHz_FE_data/IR/0021/IR021_3.mat::w0005,-0.41520107310204546,-0.34083318326367323,-0.5988169916259917,-0.7163433292444117,-0.5829059429806098,-0.165175204492184
source/12kHz_FE_data/IR/0021/IR021_3.mat::w0006,-0.43968231587254525,-0.3652332732168143,-0.5968842098393428,-0.6131570067980906,-0.5972486634051857,-0.20221729103484115
source/12kHz_FE_data/IR/0021/IR021_3.mat::w0007,-0.4206718674675347,-0.3429163254086735,-0.6113800732392091,-0.7717161067910607,-0.6128018256808591,-0.04929149363913798
source/12kHz_FE_data/OR/Centered/0007/OR007@6_0.mat::w0000,-0.5509441104021505,-0.5099523539355229,-0.6269473561081985,-0.18923006156681038,-0.19985060256171666,-0.22086611618388993
source/12kHz_FE_data/OR/Centered/0007/OR007@6_0.mat::w0001,-0.5403053568473087,-0.5069057971010884,-0.6047694325831464,-0.13458365447703147,-0.10195216007129097,0.1657411438098575
source/12kHz_FE_data/OR/Centered/0007/OR007@6_0.mat::w0002,-0.5387637190840674,-0.5015222038822238,-0.5414039367972837,0.1989731117473732,-0.15879787779407764,-0.43853172525348566
source/12kHz_FE_data/OR/Centered/0007/OR007@6_0.mat::w0003,-0.5382759794927207,-0.5020872102658753,-0.5921359368608401,-0.10925474395232918,-0.16213618246839004,-0.4101344297993003
source/12kHz_FE_data/OR/Centered/0007/OR007@6_0.mat::w0004,-0.5510445673009341,-0.5113907203141529,-0.5943141257784791,-0.031415463579614424,-0.1620044717642659,-0.27737025921320163
source/12kHz_FE_data/OR/Centered/0007/OR007@6_0.mat::w0005,-0.5437242787786933,-0.5069902407223394,-0.5979972452210324,-0.02139635960362938,-0.15717730870431057,-0.2757663090022914
source/12kHz_FE_data/OR/Centered/0007/OR007@6_0.mat::w0006,-0.5375703058363782,-0.4982428625069367,-0.6052842772364065,-0.16942305638266886,-0.23154271164198745,-0.4033756313761352
source/12kHz_FE_data/OR/Centered/0007/OR007@6_0.mat::w0007,-0.5362113829221313,-0.49885182808165796,-0.5912250578589182,-0.1291664089743686,-0.17116966763930733,-0.16007340286366495
source/12kHz_FE_data/OR/Centered/0007/OR007@6_1.mat::w0000,-0.5650744899117038,-0.5295296650416702,-0.6187890485257687,-0.034751104125347855,-0.05180947546739322,0.10603614798779523
source/12kHz_FE_data/OR/Centered/0007/OR007@6_1.mat::w0001,-0.5596204884491977,-0.5281606042870275,-0.5771658384814299,0.216047713080657,0.06459553790660713,0.3552784993086873
source/12kHz_FE_data/OR/Centered/0007/OR007@6_1.mat::w0002,-0.5549389770483383,-0.5220957060569058,-0.6094426378973538,-0.03461449246184045,-0.01416304713847139,0.23281566890974606
source/12kHz_FE_data/OR/Centered/0007/OR007@6_1.mat::w0003,-0.5591151973582026,-0.528329302567223,-0.605403087541005,0.008738536186101896,0.05318975210220475,0.18060582820916385
source/12kHz_FE_data/OR/Centered/0007/OR007@6_1.mat::w0004,-0.568692027341392,-0.535816715296915,-0.5989477276578203,0.11446251983133765,0.008812694215840302,0.3246711194296087
source/12kHz_FE_data/OR/Centered/0007/OR007@6_1.mat::w0005,-0.5581039299717098,-0.5253980941849861,-0.5991061413972849,0.09095522916064537,-0.013444868421758566,0.15908272185710487
source/12kHz_FE_data/OR/Centered/0007/OR007@6_1.mat::w0006,-0.5646909405820476,-0.5358662384894126,-0.5981556589604969,0.04091779195080357,0.07096145797331062,0.3774372909657359
source/12kHz_FE_data/OR/Centered/0007/OR007@6_1.mat::w0007,-0.5746479019547949,-0.5400142661382541,-0.6150663256483491,0.06824047391614542,-0.027560154602737127,-0.10401945712246409
source/12kHz_FE_data/OR/Centered/0007/OR007@6_2.mat::w0000,-0.5584889621964991,-0.5252565762388851,-0.5739579602572707,0.33056860371910013,-0.0031609452524941992,0.2565176282527703
source/12kHz_FE_data/OR/Centered/0007/OR007@6_2.mat::w0001,-0.5533740191098472,-0.5279129912423717,-0.5790271999201397,0.10326706456602588,0.11000299551480514,0.023336425950368805
source/12kHz_FE_data/OR/Centered/0007/OR007@6_2.mat::w0002,-0.5697655968798281,-0.5358523556608781,-0.6170464973916574,0.0360492404416827,-0.017747382597989768,0.14268255790523363
source/12kHz_FE_data/OR/Centered/0007/OR007@6_2.mat::w0003,-0.5494219921846547,-0.5202742509303776,-0.55403743251959,0.2576422350862741,0.08171669992208064,0.07176354133618511
source/12kHz_FE_data/OR/Centered/0007/OR007@6_2.mat::w0004,-0.5497197378094343,-0.5228477457840102,-0.5826311124929605,0.025789876886970344,0.09336467902294536,-0.10946120341732425
source/12kHz_FE_data/OR/Centered/0007/OR007@6_2.mat::w0005,-0.5546483079641091,-0.5216745313587863,-0.5859181975868522,0.08811547349492162,-0.005826332317501525,0.2689890522877914
source/12kHz_FE_data/OR/Centered/0007/OR007@6_2.mat::w0006,-0.5577272356161909,-0.5257095159115373,-0.5873835246769004,0.25602238736002697,-0.02299097732391975,0.039675520933382134
source/12kHz_FE_data/OR/Centered/0007/OR007@6_2.mat::w0007,-0.5524669692592159,-0.5230438849926649,-0.5782351312228163,0.2136019647974983,0.0321481994595626,0.2848967085719474
source/12kHz_FE_data/OR/Centered/0007/OR007@6_3.mat::w0000,-0.5349349478774541,-0.5061776586597058,-0.5166913934407971,0.5910600130205668,0.17132768907746024,-0.012199515070824974
source/12kHz_FE_data/OR/Centered/0007/OR007@6_3.mat::w0001,-0.5424668670045364,-0.5101501759713184,-0.5553839493050395,0.12566562692091918,0.06185284767596663,0.23574099118174952
source/12kHz_FE_data/OR/Centered/0007/OR007@6_3.mat::w0002,-0.5466075806040049,-0.5121038567350656,-0.5984328830045602,-0.07504049237128056,-0.0021615750116384595,0.4885898654791499
source/12kHz_FE_data/OR/Centered/0007/OR007@6_3.mat::w0003,-0.5495107309783441,-0.5175160000941769,-0.5831855605810868,0.04352755921387733,0.06847501196610262,0.159286128249774
source/12kHz_FE_data/OR/Centered/0007/OR007@6_3.mat::w0004,-0.5525795869974574,-0.5187390315419702,-0.5698788064660557,0.12460182755603758,0.047734447055034414,0.0006196276520411006
source/12kHz_FE_data/OR/Centered/0007/OR007@6_3.mat::w0005,-0.5444203610164573,-0.5112274716737775,-0.5577205519621433,0.15752311470598243,0.03960792995719611,0.47792687773801834
source/12kHz_FE_data/OR/Centered/0007/OR007@6_3.mat::w0006,-0.5484887118736615,-0.5123667972691466,-0.5667897385464948,0.12428921087077292,-0.009078191620562925,0.18489407570274247
source/12kHz_FE_data/OR/Centered/0007/OR007@6_3.mat::w0007,-0.540912508627421,-0.5081494555404105,-0.582710319362693,-0.0412761891760144,0.03172607490036451,0.3453971010523366
source/12kHz_FE_data/OR/Centered/0014/OR014@6_0.mat::w0000,0.37541602762767934,0.2810781290966748,0.10219148321275208,-0.604362550779,-0.33128117030718857,0.24421071523213952
source/12kHz_FE_data/OR/Centered/0014/OR014@6_0.mat::w0001,0.3792552187017587,0.27653601443900233,0.11530022015345237,-0.5700857690975433,-0.3098065441629637,0.2816213838933318
source/12kHz_FE_data/OR/Centered/0014/OR014@6_0.mat::w0002,0.38425721957435377,0.2800518667536659,0.0800927665574323,-0.643258206347711,-0.304956375916343,0.33597407421385284
source/12kHz_FE_data/OR/Centered/0014/OR014@6_0.mat::w0003,0.38104593950655885,0.2793651732536769,0.09240943480080939,-0.5615368782500751,-0.3158692987114402,0.30660496615466953
source/12kHz_FE_data/OR/Centered/0014/OR014@6_0.mat::w0004,0.38101052831315496,0.2798743603650747,0.08654812644061693,-0.6202555029855606,-0.31327801458912996,0.2919987980187348
source/12kHz_FE_data/OR/Centered/0014/OR014@6_0.mat::w0005,0.3723175387303554,0.2708412990431903,0.07213247614933324,-0.6828533983691605,-0.30791314029367106,0.28819651558953796
source/12kHz_FE_data/OR/Centered/0014/OR014@6_0.mat::w0006,0.3788120179416983,0.28138850909901325,0.12278526934315721,-0.5865985905102072,-0.325886057703044,0.24339331982457682
source/12kHz_FE_data/OR/Centered/0014/OR014@6_0.mat::w0007,0.38688751912555586,0.28862292661728783,0.10096377673190107,-0.6763694651909148,-0.3270690336990348,0.28999682497292695
source/12kHz_FE_data/OR/Centered/0021/OR021@6_0.mat::w0000,-0.0009537652234885947,-0.01446800093225738,-0.17695332744140688,-0.5841603691001553,-0.30322752468976477,0.0669509727825668
source/12kHz_FE_data/OR/Centered/0021/OR021@6_0.mat::w0001,0.010463753731810974,-0.02103935595934187,-0.16299311665108396,-0.6166467040036782,-0.2533617312716537,0.027948236256279176
source/12kHz_FE_data/OR/Centered/0021/OR021@6_0.mat::w0002,-0.0006356678602950783,-0.006936983840231778,-0.09774645770907847,-0.41481292863521263,-0.2990486196203611,0.04430382647119424
source/12kHz_FE_data/OR/Centered/0021/OR021@6_0.mat::w0003,-0.0017039317339692013,-0.026246347027310084,-0.16121096208210653,-0.5693849707123502,-0.26825533728929807,0.07413277502717035
source/12kHz_FE_data/OR/Centered/0021/OR021@6_0.mat::w0004,-0.02300420503730651,-0.05671976434065365,-0.1410132103003628,-0.47055300190738114,-0.19507751563459721,0.09399557679391203
source/12kHz_FE_data/OR/Centered/0021/OR021@6_0.mat::w0005,-0.036421566988611,-0.05345758281721107,-0.17695332744140688,-0.462755912723212,-0.2702849024841327,0.04390191317538195
source/12kHz_FE_data/OR/Centered/0021/OR021@6_0.mat::w0006,-0.023378279164464867,-0.04916384723317112,-0.10814235936144655,-0.33051854238788847,-0.24880208984460403,0.11385851017511314
source/12kHz_FE_data/OR/Centered/0021/OR021@6_0.mat::w0007,-0.02747819538588181,-0.0638050465231798,-0.10715227348979232,-0.3631768369647447,-0.1886171752438447,0.14870759908547676
source/12kHz_FE_data/OR/Opposite/0007/OR007@12_0.mat::w0000,-0.6825341607892744,-0.6160657859619392,-0.8146227684048486,-0.5938448783765099,-0.6326927735354911,-0.006029592386742994
source/12kHz_FE_data/OR/Opposite/0007/OR007@12_0.mat::w0001,-0.6677300763031717,-0.6004486135691071,-0.8373495532960771,-0.8402876262941207,-0.6366361369685849,-0.33470343736039515
source/12kHz_FE_data/OR/Opposite/0007/OR007@12_0.mat::w0002,-0.6688296382864414,-0.6020963776623603,-0.8154542361447715,-0.6965889358935395,-0.6301423317264669,-0.381910482814115
source/12kHz_FE_data/OR/Opposite/0007/OR007@12_0.mat::w0003,-0.6662787936587496,-0.597667276937942,-0.840744713234096,-0.9307897688765683,-0.6540788795213274,-0.021157911022105496
source/12kHz_FE_data/OR/Opposite/0007/OR007@12_0.mat::w0004,-0.6871916420421564,-0.619857170007146,-0.8436251550474008,-0.7080342319566869,-0.6461570250054618,0.10165444030070882
source/12kHz_FE_data/OR/Opposite/0007/OR007@12_0.mat::w0005,-0.6750003343632215,-0.6067690425257762,-0.8106436013637884,-0.5649140560053126,-0.6477234816220657,0.10112397780252283
source/12kHz_FE_data/OR/Opposite/0007/OR007@12_0.mat::w0006,-0.6695859142482827,-0.6021136035581043,-0.8177902645569363,-0.5725108513485576,-0.633823001685435,-0.3011335250384612
source/12kHz_FE_data/OR/Opposite/0007/OR007@12_0.mat::w0007,-0.673850338116965,-0.6050880568926685,-0.8277876742869626,-0.5560628149185908,-0.6537163155329532,-0.091729006878018
source/12kHz_FE_data/OR/Opposite/0007/OR007@12_1.mat::w0000,-0.666935931037963,-0.5948095106003585,-0.8480929364008597,-0.8705996057027907,-0.696569209247445,-0.020253343565678306
source/12kHz_FE_data/OR/Opposite/0007/OR007@12_1.mat::w0001,-0.6699362032333579,-0.598867449565945,-0.6983919526067588,0.4558348067356361,-0.6113863099266675,-0.20491253681446978
source/12kHz_FE_data/OR/Opposite/0007/OR007@12_1.mat::w0002,-0.6596390285159824,-0.597255613721385,-0.6005714684873331,1.017223485228401,-0.09625662298679201,0.17650260339745222
source/12kHz_FE_data/OR/Opposite/0007/OR007@12_1.mat::w0003,-0.6758146434012388,-0.60502901225726,-0.8302713907110859,-0.6999733294823639,-0.6730960964719381,-0.14507680458393338
source/12kHz_FE_data/OR/Opposite/0007/OR007@12_1.mat::w0004,-0.6733065035472469,-0.6025344650191057,-0.8493998497514432,-0.9279595215517964,-0.6894984378418666,-0.1965737831380615
source/12kHz_FE_data/OR/Opposite/0007/OR007@12_1.mat::w0005,-0.6714412459562956,-0.5999777244313637,-0.8519344695828777,-1.0080399837752567,-0.692727687390086,-0.031197617786032153
source/12kHz_FE_data/OR/Opposite/0007/OR007@12_1.mat::w0006,-0.6715585770889831,-0.6009973894393147,-0.8533997966729258,-1.0121843135637747,-0.6785710181835926,0.15826000518392425
source/12kHz_FE_data/OR/Opposite/0007/OR007@12_1.mat::w0007,-0.6682712131597216,-0.597300468120837,-0.8366079402896721,-0.8728972411997138,-0.6740188595637484,0.031491930406220295
source/12kHz_FE_data/OR/Opposite/0007/OR007@12_2.mat::w0000,-0.6604961889696785,-0.5872962460067658,-0.8390237498165082,-0.910639880187488,-0.703072685382652,-0.3978346870610887
source/12kHz_FE_data/OR/Opposite/0007/OR007@12_2.mat::w0001,-0.6556433229451568,-0.583396521368313,-0.820924980082671,-0.8047815679197653,-0.6917958086714872,-0.21932980984965605
source/12kHz_FE_data/OR/Opposite/0007/OR007@12_2.mat::w0002,-0.6560355108547936,-0.5834878177656009,-0.8316575109314016,-0.9380225597646795,-0.6951181587333357,-0.07614402776806145
source/12kHz_FE_data/OR/Opposite/0007/OR007@12_2.mat::w0003,-0.6537969220178633,-0.5808556466753877,-0.8243308754811612,-0.8559348935272696,-0.6864802275350109,-0.2674740010939946
source/12kHz_FE_data/OR/Opposite/0007/OR007@12_2.mat::w0004,-0.6526055161074195,-0.5787339253268231,-0.8308654422340783,-0.8802663189182346,-0.7000638935201247,-0.3595831059507717
source/12kHz_FE_data/OR/Opposite/0007/OR007@12_2.mat::w0005,-0.6425149215041942,-0.5715204735662189,-0.7478962461894642,-0.20205476986122148,-0.6192040015666643,-0.20782020652460614
source/12kHz_FE_data/OR/Opposite/0007/OR007@12_2.mat::w0006,-0.6556412594871912,-0.5818113341228237,-0.8409247146900839,-0.881319761324553,-0.7056872353141199,-0.04050443367794482
source/12kHz_FE_data/OR/Opposite/0007/OR007@12_2.mat::w0007,-0.6588700161033196,-0.5865946181335643,-0.8569641058108804,-1.1022371830684619,-0.6939204133674135,-0.22262175238141454
source/12kHz_FE_data/OR/Opposite/0007/OR007@12_3.mat::w0000,-0.6509585330168058,-0.5784721673568022,-0.7937174203296162,-0.6127699502924856,-0.6745501399789585,-0.16855472638203042
source/12kHz_FE_data/OR/Opposite/0007/OR007@12_3.mat::w0001,-0.6512622686268448,-0.5787286004787727,-0.8196576701669538,-0.8160297766477697,-0.6878019104819462,-0.22365929422089748
source/12kHz_FE_data/OR/Opposite/0007/OR007@12_3.mat::w0002,-0.6466657413336019,-0.5738798239791268,-0.8052024164408039,-0.7752974945645614,-0.6807961488177339,-0.07134952085770871
source/12kHz_FE_data/OR/Opposite/0007/OR007@12_3.mat::w0003,-0.6496062106386676,-0.5770305725854011,-0.8248853235692875,-0.9303834221733244,-0.6844620624803772,-0.24764439073779146
source/12kHz_FE_data/OR/Opposite/0007/OR007@12_3.mat::w0004,-0.6547875528594418,-0.5818841219764793,-0.8381128708145863,-1.0062058158990361,-0.6864269821825574,-0.27893992006949314
source/12kHz_FE_data/OR/Opposite/0007/OR007@12_3.mat::w0005,-0.6427733884569903,-0.5694882675613707,-0.8301921838413535,-0.9327348386770347,-0.6902749651028637,0.17742167012592308
source/12kHz_FE_data/OR/Opposite/0007/OR007@12_3.mat::w0006,-0.6429834325886358,-0.5696940598957321,-0.8348257857206947,-0.9922496876504759,-0.686471357212541,-0.23995904522027733
source/12kHz_FE_data/OR/Opposite/0007/OR007@12_3.mat::w0007,-0.6429097096972504,-0.5723651143899073,-0.8110241213661299,-0.8256291417433582,-0.6625701245521157,0.034298709261762095
source/12kHz_FE_data/OR/Orthogonal/0007/OR007@3_0.mat::w0000,-0.7018711582212178,-0.6336931763766576,-0.8540382986473887,-0.7597049700099265,-0.6764284210404052,-0.07427735125646942
source/12kHz_FE_data/OR/Orthogonal/0007/OR007@3_0.mat::w0001,-0.7051444319465412,-0.6378630405825935,-0.8655600659006075,-0.8247871097939777,-0.6583605837311616,-0.4073350217774861
source/12kHz_FE_data/OR/Orthogonal/0007/OR007@3_0.mat::w0002,-0.7153472185950582,-0.6492842601769062,-0.8647780902880609,-0.6534928866573013,-0.6598252942585767,-0.0014572451811554691
source/12kHz_FE_data/OR/Orthogonal/0007/OR007@3_0.mat::w0003,-0.6995741363959516,-0.6324171673868567,-0.8543748451135481,-0.8239424874105743,-0.644068972198595,-0.08780633041430203
source/12kHz_FE_data/OR/Orthogonal/0007/OR007@3_0.mat::w0004,-0.7052949536234014,-0.638600421625577,-0.855889304211265,-0.7380287728637782,-0.6586446230814759,-0.11590251381552592
source/12kHz_FE_data/OR/Orthogonal/0007/OR007@3_0.mat::w0005,-0.7050345123084472,-0.6379000310262852,-0.8511776536850346,-0.6317730369734879,-0.6583538207886988,-0.19920872369668013
source/12kHz_FE_data/OR/Orthogonal/0007/OR007@3_0.mat::w0006,-0.7075280336401992,-0.6422058194619567,-0.8379929509519699,-0.4593064670692809,-0.6219503070543975,-0.18638265290798275
source/12kHz_FE_data/OR/Orthogonal/0007/OR007@3_0.mat::w0007,-0.7066573206631332,-0.6389569091827357,-0.8642930674397724,-0.8684999786946829,-0.672753802855786,0.12588530975175868
source/12kHz_FE_data/OR/Orthogonal/0007/OR007@3_1.mat::w0000,-0.6875495725733536,-0.6194887224062501,-0.8453771763565242,-0.8386763701897256,-0.6472103513387583,0.1804808482725683
source/12kHz_FE_data/OR/Orthogonal/0007/OR007@3_1.mat::w0001,-0.6855005906956338,-0.6166309616277064,-0.8424472424158432,-0.7666708255560766,-0.6597328694803622,-0.18663186400484205
source/12kHz_FE_data/OR/Orthogonal/0007/OR007@3_1.mat::w0002,-0.6933088109838428,-0.6242754363169767,-0.8378939666972172,-0.4447383797611272,-0.6849271332860501,-0.2872329377828308
source/12kHz_FE_data/OR/Orthogonal/0007/OR007@3_1.mat::w0003,-0.6906899539255884,-0.6210490935670088,-0.8458720976302878,-0.7906785334470846,-0.6738993909103519,0.11185600570542248
source/12kHz_FE_data/OR/Orthogonal/0007/OR007@3_1.mat::w0004,-0.6822139725924115,-0.6113198491281986,-0.8557012341272348,-0.9533150778606531,-0.6916175421554858,-0.16584884636053945
source/12kHz_FE_data/OR/Orthogonal/0007/OR007@3_1.mat::w0005,-0.6856567875158991,-0.6167891979504412,-0.8450406298903649,-0.757501613358329,-0.6666265584966903,-0.0651291408738631
source/12kHz_FE_data/OR/Orthogonal/0007/OR007@3_1.mat::w0006,-0.6835791291944529,-0.6154114151016628,-0.8394579179223105,-0.6600261276976703,-0.6516403371041511,-0.06001870812811987
source/12kHz_FE_data/OR/Orthogonal/0007/OR007@3_1.mat::w0007,-0.6882565897046901,-0.6194059718359161,-0.8465748858390323,-0.809624253878884,-0.6722022591072732,0.05572348343322409
source/12kHz_FE_data/OR/Orthogonal/0007/OR007@3_2.mat::w0000,-0.6942221579908336,-0.6256228544940166,-0.8589578161085999,-0.9055795754330977,-0.6722917885705139,-0.016130257517367283
source/12kHz_FE_data/OR/Orthogonal/0007/OR007@3_2.mat::w0001,-0.6920018836953222,-0.622218366505187,-0.8637882477405334,-0.887164766198338,-0.6937306219711582,0.037196227995971165
source/12kHz_FE_data/OR/Orthogonal/0007/OR007@3_2.mat::w0002,-0.6942984053451327,-0.6259408382886373,-0.8505045607527161,-0.7749430988846892,-0.6680804421341637,-0.15311797610668032
source/12kHz_FE_data/OR/Orthogonal/0007/OR007@3_2.mat::w0003,-0.6916510410293905,-0.6225907323887161,-0.843130233773637,-0.7539561154854538,-0.6735167794061462,-0.0029623320177605437
source/12kHz_FE_data/OR/Orthogonal/0007/OR007@3_2.mat::w0004,-0.6873481538320323,-0.6196773413877867,-0.8550380396203915,-0.8417731844259542,-0.6537626556268314,-0.0417120446043661
source/12kHz_FE_data/OR/Orthogonal/0007/OR007@3_2.mat::w0005,-0.6896210411016305,-0.6201923584413915,-0.840269588811283,-0.7189121497927418,-0.6694016690899249,0.2191161116789661
source/12kHz_FE_data/OR/Orthogonal/0007/OR007@3_2.mat::w0006,-0.6955140967421011,-0.6266330884093229,-0.856107069571721,-0.7093892855806311,-0.680778516767669,0.0206788470443417
source/12kHz_FE_data/OR/Orthogonal/0007/OR007@3_2.mat::w0007,-0.697056168292372,-0.6282090642010159,-0.8412396345078598,-0.532459193887997,-0.6702446306727519,0.012933796243822347
source/12kHz_FE_data/OR/Orthogonal/0007/OR007@3_3.mat::w0000,-0.6782524372786555,-0.6073214636293792,-0.8373990454234536,-0.8255574971802999,-0.6798697357506386,0.023269493916647167
source/12kHz_FE_data/OR/Orthogonal/0007/OR007@3_3.mat::w0001,-0.6825412098165433,-0.6129024493185509,-0.8349640327565362,-0.7520431210702186,-0.6717865756110221,0.0020826545414458233
source/12kHz_FE_data/OR/Orthogonal/0007/OR007@3_3.mat::w0002,-0.6766942307733484,-0.6063400894355303,-0.8486337583378892,-0.9045957186924216,-0.6799416253968235,0.22607076802840975
source/12kHz_FE_data/OR/Orthogonal/0007/OR007@3_3.mat::w0003,-0.6866480329435126,-0.6173556088984142,-0.8601753224420585,-0.9127757532535323,-0.6849262697011181,0.10252625111757
source/12kHz_FE_data/OR/Orthogonal/0007/OR007@3_3.mat::w0004,-0.6870298426404629,-0.6170752577319041,-0.863699161911256,-1.004942641867845,-0.696552109733277,0.18874718572043575
source/12kHz_FE_data/OR/Orthogonal/0007/OR007@3_3.mat::w0005,-0.6799176738845123,-0.6101768132053553,-0.8389926919249726,-0.8369859868934811,-0.6708005028661111,-0.16045287000311778
source/12kHz_FE_data/OR/Orthogonal/0007/OR007@3_3.mat::w0006,-0.6877527761150652,-0.6179180587993522,-0.8635803808055527,-0.8727519424353115,-0.6918883582685551,-0.13206877172016587
source/12kHz_FE_data/OR/Orthogonal/0007/OR007@3_3.mat::w0007,-0.6878768098056426,-0.6186125705043446,-0.8413584156135631,-0.714483020860472,-0.6724684828791363,-0.2579799889889046
source/12kHz_FE_data/OR/Orthogonal/0014/OR014@3_0.mat::w0000,-0.4439153650668083,-0.4121751991170528,-0.5147112216974888,-0.21746862880756157,-0.14540541767510942,-0.19789876908640397
source/12kHz_FE_data/OR/Orthogonal/0014/OR014@3_0.mat::w0001,-0.4400834033001146,-0.4066988840962514,-0.5355030250022252,-0.35730351595714965,-0.20590608704026303,-0.10065542089886906
source/12kHz_FE_data/OR/Orthogonal/0014/OR014@3_0.mat::w0002,-0.4296748099312149,-0.4001494569130981,-0.45946443005918985,-0.08791445346342712,-0.17260817171159654,-0.12432976897304243
source/12kHz_FE_data/OR/Orthogonal/0014/OR014@3_0.mat::w0003,-0.43981926099445384,-0.40550183934234296,-0.4849690421129995,-0.15441546969918643,-0.1785517275140748,-0.2797110548333851
source/12kHz_FE_data/OR/Orthogonal/0014/OR014@3_0.mat::w0004,-0.4451028853162119,-0.41290073029378055,-0.5147904285672212,-0.19696478400809087,-0.1960813271263877,-0.17237815758576147
source/12kHz_FE_data/OR/Orthogonal/0014/OR014@3_0.mat::w0005,-0.42908404217136636,-0.3938227589560166,-0.5059588625920666,-0.2359947961306659,-0.23923912225961835,-0.17259763696599997
source/12kHz_FE_data/OR/Orthogonal/0014/OR014@3_0.mat::w0006,-0.41897345468384983,-0.3857428962939714,-0.4863551623333152,-0.14890957419839812,-0.21700084703565647,-0.14454752354140504
source/12kHz_FE_data/OR/Orthogonal/0014/OR014@3_0.mat::w0007,-0.4318085843730092,-0.3962159884073466,-0.47609787270297876,-0.13372855280739682,-0.18735211693642112,-0.08943528765504877
source/12kHz_FE_data/OR/Orthogonal/0014/OR014@3_1.mat::w0000,-0.6401536986695655,-0.5761386053630874,-0.7315400275897384,-0.17678099845396447,-0.5367381286891884,-0.32658194789237055
source/12kHz_FE_data/OR/Orthogonal/0014/OR014@3_1.mat::w0001,-0.6452043307840071,-0.5777215788230489,-0.7945490924618056,-0.5021703147956149,-0.6218226074941158,-0.2600072836570558
source/12kHz_FE_data/OR/Orthogonal/0014/OR014@3_1.mat::w0002,-0.6369293205083174,-0.5717302406487343,-0.790034300887063,-0.6085490592930698,-0.5804812725604412,-0.24459729794339338
source/12kHz_FE_data/OR/Orthogonal/0014/OR014@3_1.mat::w0003,-0.638875825184953,-0.5732533880719735,-0.7899946974521967,-0.7252714116101671,-0.5889536864751478,-0.2541615963823157
source/12kHz_FE_data/OR/Orthogonal/0014/OR014@3_1.mat::w0004,-0.6302982720161554,-0.5628693764219049,-0.776569133032567,-0.4983122855032895,-0.6034629979715891,-0.3905243874888636
source/12kHz_FE_data/OR/Orthogonal/0014/OR014@3_1.mat::w0005,-0.6337528678634577,-0.5668013536032231,-0.7896382665384013,-0.7600537321385692,-0.6018059085158443,-0.3872516570042598
source/12kHz_FE_data/OR/Orthogonal/0014/OR014@3_1.mat::w0006,-0.6278043822324468,-0.5627983681338715,-0.7235797371816393,-0.1672923896901945,-0.5511376750147868,-0.13170736699017033
source/12kHz_FE_data/OR/Orthogonal/0014/OR014@3_1.mat::w0007,-0.6231445618173059,-0.5601555832978652,-0.7398171454767666,-0.38478232061873724,-0.5268246714073685,-0.6947891251122449
source/12kHz_FE_data/OR/Orthogonal/0014/OR014@3_1.mat::w0008,-0.6257114129968157,-0.5627174693450347,-0.7338766302468419,-0.342957186382215,-0.5501041798374872,0.08316527305144442
source/12kHz_FE_data/OR/Orthogonal/0014/OR014@3_1.mat::w0009,-0.6267670832236735,-0.5601976701405992,-0.7641336544845915,-0.47252307856049625,-0.5794540432576097,-0.1959741518217264
source/12kHz_FE_data/OR/Orthogonal/0014/OR014@3_2.mat::w0000,-0.3762856746892117,-0.33981350764964713,-0.5337208704332478,-0.5802966550257335,-0.3937438988847309,-0.0572171406121939
source/12kHz_FE_data/OR/Orthogonal/0014/OR014@3_2.mat::w0001,-0.3780446658470246,-0.3425578089246006,-0.553562191301196,-0.6510217498769572,-0.39623468205516194,0.010955225508291972
source/12kHz_FE_data/OR/Orthogonal/0014/OR014@3_2.mat::w0002,-0.37849944151567233,-0.3387118694227948,-0.5604927924027748,-0.7205517794799273,-0.438777920526286,-0.11691538762696783
source/12kHz_FE_data/OR/Orthogonal/0014/OR014@3_2.mat::w0003,-0.3674265965123993,-0.327558734906638,-0.5564532420464261,-0.7480347867740467,-0.4327721288899245,-0.0287572182726585
source/12kHz_FE_data/OR/Orthogonal/0014/OR014@3_2.mat::w0004,-0.349919203615541,-0.3125952085570248,-0.5111865159944002,-0.589539199736306,-0.4313051683851438,-0.04477288254344013
source/12kHz_FE_data/OR/Orthogonal/0014/OR014@3_2.mat::w0005,-0.33855482325803415,-0.30551806239795715,-0.5277011483335907,-0.7406575744465527,-0.4150719073277111,-0.11670493434184581
source/12kHz_FE_data/OR/Orthogonal/0014/OR014@3_2.mat::w0006,-0.32584803942728047,-0.2929106487052875,-0.5222754777569263,-0.7538057667988614,-0.4125544545336098,-0.06446193687542628
source/12kHz_FE_data/OR/Orthogonal/0014/OR014@3_2.mat::w0007,-0.3145131351780786,-0.28739176561716434,-0.4888897821647499,-0.6759517565291076,-0.40021956923644725,-0.048609077509785756
source/12kHz_FE_data/OR/Orthogonal/0014/OR014@3_3.mat::w0000,-0.23243355608326238,-0.21051818425760663,-0.43898945423338287,-0.6907825805031087,-0.41157325716116694,0.05367258775689134
source/12kHz_FE_data/OR/Orthogonal/0014/OR014@3_3.mat::w0001,-0.23384226708776457,-0.2087678322631795,-0.43384100770078143,-0.738290098094826,-0.43080208226023997,0.09916609190257089
source/12kHz_FE_data/OR/Orthogonal/0014/OR014@3_3.mat::w0002,-0.21763501926706053,-0.19439548695902334,-0.42817771651491987,-0.6690095737634956,-0.43864548400937003,0.0515500852437196
source/12kHz_FE_data/OR/Orthogonal/0014/OR014@3_3.mat::w0003,-0.22281027808524664,-0.1959002393074683,-0.46366239415500327,-0.8417466040045666,-0.4528212338087361,0.08133805243061003
source/12kHz_FE_data/OR/Orthogonal/0014/OR014@3_3.mat::w0004,-0.20462092261789572,-0.18844741527367048,-0.3770892855375681,-0.5074467630895546,-0.40858091200284885,0.10225021015030161
source/12kHz_FE_data/OR/Orthogonal/0014/OR014@3_3.mat::w0005,-0.20839941726031047,-0.1879085067373478,-0.4038612075070951,-0.6158066826941151,-0.41592441643328837,0.12219609614510722
source/12kHz_FE_data/OR/Orthogonal/0014/OR014@3_3.mat::w0006,-0.2384030972211514,-0.21697665170470942,-0.455424879702841,-0.7504102143601947,-0.40806295409001064,0.12948695787639414
source/12kHz_FE_data/OR/Orthogonal/0014/OR014@3_3.mat::w0007,-0.23920282095520082,-0.2074352614843083,-0.4565733793139598,-0.8031419478144639,-0.4755274026159849,-0.009208481824472705
source/12kHz_FE_data/OR/Orthogonal/0021/OR021@3_1.mat::w0000,-0.6657756593176567,-0.6006408213522493,-0.8110043196486969,-0.5781421679022394,-0.6043789443438061,-0.2707061196126072
source/12kHz_FE_data/OR/Orthogonal/0021/OR021@3_1.mat::w0001,-0.6644188234195224,-0.5976772821283499,-0.8158161369849358,-0.6276909674967825,-0.6269944112242456,-0.30337032293593286
source/12kHz_FE_data/OR/Orthogonal/0021/OR021@3_1.mat::w0002,-0.6681383420593481,-0.6018002941553299,-0.8262318403547371,-0.6409398191725012,-0.6228800483271844,-0.3368249438688373
source/12kHz_FE_data/OR/Orthogonal/0021/OR021@3_1.mat::w0003,-0.6690445149466964,-0.6016978259913298,-0.8261526334850048,-0.7455142018002598,-0.6396014099365943,-0.10206778033886907
source/12kHz_FE_data/OR/Orthogonal/0021/OR021@3_1.mat::w0004,-0.6708597170030939,-0.6035848489224034,-0.8231229707177432,-0.6458663887710897,-0.6471222720584324,-0.20557011125718108
source/12kHz_FE_data/OR/Orthogonal/0021/OR021@3_1.mat::w0005,-0.6733599219990133,-0.6071022751172839,-0.8253605647876814,-0.6641996543395897,-0.6393724118624327,-0.22382326235363476
source/12kHz_FE_data/OR/Orthogonal/0021/OR021@3_1.mat::w0006,-0.6771226893908595,-0.6099448714281461,-0.829103089382534,-0.49567998192007834,-0.6491645890518459,-0.37009341036328725
source/12kHz_FE_data/OR/Orthogonal/0021/OR021@3_1.mat::w0007,-0.6788814879205856,-0.6128174627470069,-0.8299545632321564,-0.6049928107434244,-0.6198682658543873,-0.5708064573585004
source/12kHz_FE_data/OR/Orthogonal/0021/OR021@3_2.mat::w0000,-0.7080408964586388,-0.6427032621708593,-0.842607860671896,-0.5233173141955616,-0.6327074859707053,-0.6059751965430423
source/12kHz_FE_data/OR/Orthogonal/0021/OR021@3_2.mat::w0001,-0.7052044224759177,-0.6373592125772196,-0.8564492611576203,-0.7671599245336689,-0.6704461377115191,-0.35326942549596957
source/12kHz_FE_data/OR/Orthogonal/0021/OR021@3_2.mat::w0002,-0.708427805479946,-0.6426640347058336,-0.8584294329009285,-0.6998943208413868,-0.6280696540110209,-0.7676484238358202
source/12kHz_FE_data/OR/Orthogonal/0021/OR021@3_2.mat::w0003,-0.7112952343358087,-0.6449699330613662,-0.8469246350723079,-0.5850048505971714,-0.6416287215923411,-0.5077365019717064
source/12kHz_FE_data/OR/Orthogonal/0021/OR021@3_2.mat::w0004,-0.7118523555561217,-0.6443263790048702,-0.874171798260229,-0.8824091210467329,-0.6782902557699695,-0.10274626889996646
source/12kHz_FE_data/OR/Orthogonal/0021/OR021@3_2.mat::w0005,-0.702527390579589,-0.6353325204407944,-0.8570631143980458,-0.7687832121388108,-0.6576865170089563,-0.06792666747872485
source/12kHz_FE_data/OR/Orthogonal/0021/OR021@3_2.mat::w0006,-0.7039410058661666,-0.6381194412225666,-0.848409763879789,-0.6829958604639194,-0.6236330803531692,-0.5748511893324141
source/12kHz_FE_data/OR/Orthogonal/0021/OR021@3_2.mat::w0007,-0.7005313052644565,-0.6347643840250808,-0.8485285741843875,-0.5434948646004967,-0.630423991621176,-0.5317298713303255
source/12kHz_FE_data/OR/Orthogonal/0021/OR021@3_3.mat::w0000,-0.6613880017123018,-0.5953149990507858,-0.8003113922348325,-0.6189072516028153,-0.5929619376092995,-0.05719727989246868
source/12kHz_FE_data/OR/Orthogonal/0021/OR021@3_3.mat::w0001,-0.665770253553136,-0.600943907274555,-0.801380684976219,-0.5820867050741887,-0.5872610091362573,-0.3227599818795894
source/12kHz_FE_data/OR/Orthogonal/0021/OR021@3_3.mat::w0002,-0.6570604994988621,-0.5890737202036475,-0.7969649019886416,-0.5478738126711296,-0.6181057449078887,-0.24921929132770781
source/12kHz_FE_data/OR/Orthogonal/0021/OR021@3_3.mat::w0003,-0.6565869849588072,-0.5911792709108563,-0.8110241213661299,-0.6949697452086572,-0.5952979831605892,-0.3878799297040084
source/12kHz_FE_data/OR/Orthogonal/0021/OR021@3_3.mat::w0004,-0.6518037511132798,-0.5901894321593041,-0.7366884741223396,-0.1160524766312399,-0.4623158114963184,-0.16939696672055932
source/12kHz_FE_data/OR/Orthogonal/0021/OR021@3_3.mat::w0005,-0.6547525958516831,-0.5868386189525888,-0.8061330971601587,-0.6682329165384,-0.6272325356900773,-0.28363480349210896
source/12kHz_FE_data/OR/Orthogonal/0021/OR021@3_3.mat::w0006,-0.653714240847024,-0.5885117024714677,-0.7661930330976321,-0.37094079217255077,-0.5752043108258081,-0.06635239086806995
source/12kHz_FE_data/OR/Orthogonal/0021/OR021@3_3.mat::w0007,-0.6293528702892782,-0.5647006710379786,-0.765697990161805,-0.5831727012228815,-0.5716655317040502,-0.25525989671110505
source/48kHz_DE_data/B/0007/B007_0.mat::w0000,-0.5602987124877918,-0.4827464366956331,-0.7692164582407164,-1.0060505718728099,-0.6737164261412124,-0.3267782562500837
source/48kHz_DE_data/B/0007/B007_0.mat::w0001,-0.5613661418059946,-0.4862921908053762,-0.733530582521274,-0.565790498961682,-0.6603816350665336,-0.27382942529188725
source/48kHz_DE_data/B/0007/B007_0.mat::w0002,-0.5660618130751078,-0.488212860532531,-0.7388062190260476,-0.7312973614339695,-0.676172393321944,-0.2959082799598839
source/48kHz_DE_data/B/0007/B007_0.mat::w0003,-0.5690561294317621,-0.4936382108379363,-0.7622853576638389,-0.8200030325834776,-0.660201319716293,-0.3356717394322284
source/48kHz_DE_data/B/0007/B007_1.mat::w0000,-0.5804393733058715,-0.504308695872903,-0.767829962685171,-0.8861970489022408,-0.6862403437063771,-0.3039901947336408
source/48kHz_DE_data/B/0007/B007_1.mat::w0001,-0.5741653499497648,-0.4959728454165632,-0.7832190238552866,-1.0386412348624046,-0.695816854505699,-0.16215310808944075
source/48kHz_DE_data/B/0007/B007_1.mat::w0002,-0.5764464098672453,-0.500786666278035,-0.7648780946388816,-0.8735673543705192,-0.6704386487423112,-0.09343477356060173
source/48kHz_DE_data/B/0007/B007_1.mat::w0003,-0.5742461844621332,-0.4962988256387737,-0.7559614780124623,-0.8255522844545564,-0.6799945153668582,0.10462124820338886
source/48kHz_DE_data/B/0007/B007_2.mat::w0000,-0.5866657287782603,-0.5086499874589083,-0.7929576730646479,-1.047460877157993,-0.6863827400183455,0.11579032791515019
source/48kHz_DE_data/B/0007/B007_2.mat::w0001,-0.5879696276350238,-0.5114388854908433,-0.7687785612874699,-0.8665997044754162,-0.6795809490718238,-0.19967709672667577
source/48kHz_DE_data/B/0007/B007_2.mat::w0002,-0.5692066065116227,-0.49057115253173667,-0.7577868142463441,-0.8577465947982795,-0.6844238071842141,-0.19753260522371938
source/48kHz_DE_data/B/0007/B007_2.mat::w0003,-0.574061664261674,-0.49619239732859743,-0.7144964132521341,-0.5129132107965737,-0.6576176732649588,-0.2290385448700243
source/48kHz_DE_data/B/0007/B007_3.mat::w0000,-0.5689811771499861,-0.490799925172714,-0.7729493860779617,-0.9931732925219784,-0.689928813793541,0.1169277147937692
source/48kHz_DE_data/B/0007/B007_3.mat::w0001,-0.5740097755261097,-0.49441239842920226,-0.7688956230219518,-0.8588007208682124,-0.7001049765360922,0.03840168445426293
source/48kHz_DE_data/B/0007/B007_3.mat::w0002,-0.5829365173138307,-0.5066415149278203,-0.7618176195873803,-0.735341686079233,-0.6722295514829126,0.024987536388275118
source/48kHz_DE_data/B/0007/B007_3.mat::w0003,-0.579406566071014,-0.5015254778301107,-0.7482745377557463,-0.6386493012537541,-0.6928781428498759,-0.2520404657559368
source/48kHz_DE_data/B/0014/B014_0.mat::w0000,-0.610735112386697,-0.5683074267818535,-0.5350567369060213,0.9038717980122077,0.08053203605116627,-0.5200082667449408
source/48kHz_DE_data/B/0014/B014_0.mat::w0001,-0.5641893245251809,-0.5471682831897217,-0.41929441764183206,1.1287589236188666,0.9805983952087282,-0.3330356541044558
source/48kHz_DE_data/B/0014/B014_0.mat::w0002,-0.5982610768393768,-0.5639375505628967,-0.5162692258153035,0.8984422787462544,0.43635874566375726,0.3866912535058204
source/48kHz_DE_data/B/0014/B014_0.mat::w0003,-0.5540338180687817,-0.5266307029515375,-0.5073794413972812,0.5480501211887433,0.2402064615372109,-0.26235622790092206
source/48kHz_DE_data/B/0014/B014_1.mat::w0000,-0.5110822624207109,-0.4928525150460012,-0.0797281335315221,2.8761564258767462,1.1074312575421146,1.2103161974625232
source/48kHz_DE_data/B/0014/B014_1.mat::w0001,-0.5819754541866152,-0.5515916109629089,-0.19140176241873127,3.1625446147965883,1.5136755675533828,-0.5797879465400704
source/48kHz_DE_data/B/0014/B014_1.mat::w0002,-0.5849383368282831,-0.5490221980047786,-0.5381786844616054,0.8631982660068795,0.1750215092257674,0.22596984331560518
source/48kHz_DE_data/B/0014/B014_1.mat::w0003,-0.5447702409497902,-0.507776100062038,-0.3880389419198014,1.713360114170548,0.2806138594034711,2.178948037483271
source/48kHz_DE_data/B/0014/B014_2.mat::w0000,-0.5858681636235794,-0.5606054301611118,-0.1756230986590077,3.152275882036296,1.7759137458609675,1.696340377564579
source/48kHz_DE_data/B/0014/B014_2.mat::w0001,-0.48980087790689736,-0.48645025949020787,0.2607235170558381,4.500022689172795,3.0038024076797947,2.7813363876321375
source/48kHz_DE_data/B/0014/B014_2.mat::w0002,-0.4838194694307686,-0.49626065776814227,0.03976140237465673,2.8620704009332,2.9056993502675255,0.6150421224629082
source/48kHz_DE_data/B/0014/B014_2.mat::w0003,-0.5997791626823706,-0.5588375450612056,-0.5213593002121856,0.8591012924656993,0.06658392918503116,0.021900213367501996
source/48kHz_DE_data/B/0014/B014_3.mat::w0000,-0.506886198441143,-0.47724597466626134,-0.3060532795353925,1.5865811647370616,0.3197084815276475,1.5509559453574195
source/48kHz_DE_data/B/0014/B014_3.mat::w0001,-0.49352824927917505,-0.4797297516429942,-0.11066457084151506,2.443667321432763,1.716897472241481,1.8225208711976033
source/48kHz_DE_data/B/0014/B014_3.mat::w0002,-0.47677400492077143,-0.473078241040157,-0.14829397723754462,2.2838047936427914,1.4859094847256447,3.44019931790068
source/48kHz_DE_data/B/0014/B014_3.mat::w0003,-0.5477553589621771,-0.503381750931411,-0.46593732428868845,0.6809286242123563,0.04283332556790484,-0.11952021191360195
source/48kHz_DE_data/B/0021/B021_0.mat::w0000,-0.09323137409357665,0.022309103591017492,-0.3684279373987271,-0.8909551067250865,-0.6909374289601375,0.03551269192174372
source/48kHz_DE_data/B/0021/B021_0.mat::w0001,-0.021244455548846825,0.07385663705191173,-0.09007855934537023,-0.2569491453177035,-0.5604979997530031,-0.20583033328168357
source/48kHz_DE_data/B/0021/B021_0.mat::w0002,-0.08101945588246351,0.03503348029115486,-0.3796802447728135,-0.893490928734539,-0.7022527249260176,-0.25707845715308913
source/48kHz_DE_data/B/0021/B021_0.mat::w0003,-0.07531136212414576,0.03886849474670932,-0.36327704944302874,-0.8140705269512288,-0.6964166543642408,-0.17946196825558408
source/48kHz_DE_data/B/0021/B021_1.mat::w0000,-0.3790145481319193,-0.33913810464641003,-0.22010735983703067,0.6315065589568598,0.09485868970503303,-0.2957416870236131
source/48kHz_DE_data/B/0021/B021_1.mat::w0001,-0.31458736589952907,-0.303537816707231,0.16903117241952714,1.6318930398939606,0.828705285898142,-0.07402130134869343
source/48kHz_DE_data/B/0021/B021_1.mat::w0002,-0.4061844084694984,-0.34607814166744866,-0.3783648731147012,0.1321437039014995,-0.22229560459791703,-0.10717523149744017
source/48kHz_DE_data/B/0021/B021_1.mat::w0003,-0.357877956815522,-0.3139884057442769,-0.14709577803953358,0.896950796379699,0.07911307525132552,0.1131799203611173
source/48kHz_DE_data/B/0021/B021_2.mat::w0000,-0.12591068805821393,-0.17543086301741384,0.6013364511123234,1.9125598570599753,1.6084035991852772,0.35132149532412976
source/48kHz_DE_data/B/0021/B021_2.mat::w0001,-0.12013426897117044,-0.17929858737466672,0.6389060464650672,1.870139612460736,1.4471741440851627,0.16394959200803483
source/48kHz_DE_data/B/0021/B021_2.mat::w0002,0.016029083665669894,-0.0559394303636229,0.5511409745672323,0.9889268596370738,0.5457761072227038,0.0912640677687864
source/48kHz_DE_data/B/0021/B021_2.mat::w0003,-0.22930420187856781,-0.26280381817479964,0.5883455408309111,2.4496086075030603,1.8614223229754159,0.2726208893211774
source/48kHz_DE_data/B/0021/B021_3.mat::w0000,-0.13622241945850294,-0.1782827331898015,0.6317994900780017,1.924109683300101,1.358507276562285,0.15184911443994592
source/48kHz_DE_data/B/0021/B021_3.mat::w0001,0.024051486442607253,-0.057930787406260134,0.6585934911191378,1.2598657779036724,0.9914767754706357,0.35213880906059747
source/48kHz_DE_data/B/0021/B021_3.mat::w0002,0.08404586119692915,-0.023106471758219116,0.8041423150684686,1.3710484891982342,1.3158681174208005,0.1845565778288073
source/48kHz_DE_data/B/0021/B021_3.mat::w0003,-0.0435599214649116,-0.1387474698666361,0.8004924209802475,1.842834463920474,1.78921572659229,0.3291756827586727
source/48kHz_DE_data/IR/0007/IR007_0.mat::w0000,0.47019681339438285,0.4681853179964391,0.3837298266582349,-0.24643666253913665,-0.24392814300206767,-0.07675424012677808
source/48kHz_DE_data/IR/0007/IR007_0.mat::w0001,0.47848920447749665,0.46947031520842153,0.43928589687026937,-0.3240632138985803,-0.20437087604903492,-0.17014219684143017
source/48kHz_DE_data/IR/0007/IR007_0.mat::w0002,0.4775112893649373,0.46830523280897,0.39913917806466986,-0.28637459744112037,-0.2034172524121394,-0.17613227426604325
source/48kHz_DE_data/IR/0007/IR007_0.mat::w0003,0.475429758368471,0.47005963583376137,0.47670130543017825,-0.23796582632261196,-0.21555725309582113,-0.06606915299985036
source/48kHz_DE_data/IR/0007/IR007_1.mat::w0000,-0.24663626745150763,-0.25355448350072857,-0.30944390889506557,-0.20267375662187206,-0.0048298040161259366,-0.7854839866669374
source/48kHz_DE_data/IR/0007/IR007_1.mat::w0001,-0.254906842638292,-0.2578948224981747,-0.31833840735393343,-0.30788467429082716,-0.0336206808191327,-0.8078057839968554
source/48kHz_DE_data/IR/0007/IR007_1.mat::w0002,-0.2558216913810102,-0.26111348405643414,-0.2890044413875618,-0.18876178553225026,0.016156988567961373,-1.4082209687463676
source/48kHz_DE_data/IR/0007/IR007_1.mat::w0003,-0.24911360114312123,-0.25505342269179854,-0.27224213951094284,-0.17805216883657665,0.01644680769536276,-1.2008062254333802
source/48kHz_DE_data/IR/0007/IR007_2.mat::w0000,-0.24684928974699977,-0.24407585477137636,-0.2943633931619329,-0.2557474270224995,-0.028984426456218466,-0.8274514845884959
source/48kHz_DE_data/IR/0007/IR007_2.mat::w0001,-0.24381703158065973,-0.24086301749654526,-0.2689940385010522,-0.20014744766874115,0.0194419286802152,-0.9862927207188681
source/48kHz_DE_data/IR/0007/IR007_2.mat::w0002,-0.2457431971454561,-0.24467532166383466,-0.2791356570853685,-0.1571109028838297,0.027470241833654742,-0.749060831209734
source/48kHz_DE_data/IR/0007/IR007_2.mat::w0003,-0.24407049353125837,-0.2419770630738113,-0.26483876990327804,-0.11980961200846499,0.02298518651341852,-0.9994089209487361
source/48kHz_DE_data/IR/0007/IR007_3.mat::w0000,-0.2494981567951771,-0.23469101924009195,-0.3464669339777192,-0.37678083302093013,-0.11840169527210022,-1.1811930334221266
source/48kHz_DE_data/IR/0007/IR007_3.mat::w0001,-0.24914424238789404,-0.2366490794359567,-0.306264189101079,-0.22933843410027693,-0.09655209279406812,-1.5002604968648212
source/48kHz_DE_data/IR/0007/IR007_3.mat::w0002,-0.24797205614477277,-0.23532084123000593,-0.3135075570024599,-0.31931270919321314,-0.06789318575470255,-1.1721976648830623
source/48kHz_DE_data/IR/0007/IR007_3.mat::w0003,-0.24806106868144814,-0.23296959922071045,-0.3006135140844621,-0.26964442876345707,-0.08901146178281898,-1.4084629855531727
source/48kHz_DE_data/IR/0014/IR014_0.mat::w0000,-0.4808940634348185,-0.4804109517030896,-0.3807920899304525,0.6615447973491734,0.6197033747941008,-0.9571215632578953
source/48kHz_DE_data/IR/0014/IR014_1.mat::w0000,-0.30554595904220383,-0.3904544542985212,0.23588453905955015,1.948984825100885,1.9683176704697052,0.3025788603579861
source/48kHz_DE_data/IR/0014/IR014_1.mat::w0001,-0.30454306409102894,-0.3849603340105412,-0.040171153885537075,1.044426334093367,1.5832718923095046,1.0223873048528116
source/48kHz_DE_data/IR/0014/IR014_1.mat::w0002,-0.2619135467894396,-0.3609635367196085,0.16136213094676677,1.596386624151492,1.583216149216161,1.1207352192281221
source/48kHz_DE_data/IR/0014/IR014_1.mat::w0003,-0.2735332433148718,-0.36647885048501433,0.20253788334540865,1.7622127221961943,1.7574622565604994,0.3689497817400827
source/48kHz_DE_data/IR/0014/IR014_2.mat::w0000,-0.34833535811820615,-0.42406063634423646,0.021658118576399005,1.6176185650430692,1.698038519772126,0.2668264057775491
source/48kHz_DE_data/IR/0014/IR014_2.mat::w0001,-0.33937459690258975,-0.4176952386561187,0.18160624368739378,2.093650276836803,1.999198114827436,1.1798061059251594
source/48kHz_DE_data/IR/0014/IR014_2.mat::w0002,-0.34708766677657005,-0.42730601957569964,0.06745164787879529,1.7365922497204709,1.9494876460154411,0.8474040229308405
source/48kHz_DE_data/IR/0014/IR014_2.mat::w0003,-0.3297506720588576,-0.4090543665118413,0.07636126992960245,1.4596479028751048,1.960030336695833,0.15800001171788336
source/48kHz_DE_data/IR/0014/IR014_3.mat::w0000,-0.29513318971384833,-0.31954561682032945,0.12699045472360004,1.444875597674955,0.5588867452240852,1.7693297788499132
source/48kHz_DE_data/IR/0014/IR014_3.mat::w0001,-0.2771553119216702,-0.3437885209663299,0.0946058483052772,1.1551184193312158,1.4823739636266342,1.153536045313562
source/48kHz_DE_data/IR/0014/IR014_3.mat::w0002,-0.3115086695130312,-0.35221679705919284,-0.04662011794916431,0.9107912358263056,1.0399761104459413,0.28054592939586975
source/48kHz_DE_data/IR/0014/IR014_3.mat::w0003,-0.2897137337077966,-0.3488412165530458,0.17631112487535205,1.5198809167051082,1.3811934594038702,0.33816489808334554
source/48kHz_DE_data/IR/0021/IR021_0.mat::w0000,0.4803841162350202,0.549959983130512,0.21569502586262843,-0.65272273600594,-0.5120599542716269,-0.13364505507634133
source/48kHz_DE_data/IR/0021/IR021_0.mat::w0001,0.45565673597630546,0.5298111312368975,0.18840470461019296,-0.6767228339746199,-0.5439715295217319,-0.3938737998230887
source/48kHz_DE_data/IR/0021/IR021_0.mat::w0002,0.4982687314061866,0.560068280888408,0.41667850164070336,-0.4353923389527443,-0.4651406580571866,-0.5524526201311795
source/48kHz_DE_data/IR/0021/IR021_0.mat::w0003,0.5052369200546561,0.5670364995070283,0.2530285708582191,-0.605766299825213,-0.5077466320803942,-0.47880522179209467
source/48kHz_DE_data/IR/0021/IR021_1.mat::w0000,0.4896068793895686,0.5904089488637768,0.23181107813036708,-0.7031318287288308,-0.5738783469097577,-0.034860607465636025
source/48kHz_DE_data/IR/0021/IR021_1.mat::w0001,0.505080024381795,0.6215472217303939,0.39321152276933075,-0.39074374576743176,-0.5764735031587089,0.0030525534078647883
source/48kHz_DE_data/IR/0021/IR021_1.mat::w0002,0.5517200690640617,0.653843627394096,0.3939168150970758,-0.5139436963610714,-0.5426747356071805,0.06500029606170891
source/48kHz_DE_data/IR/0021/IR021_1.mat::w0003,0.5868353335689193,0.6912315634729634,0.3479343103121941,-0.6532603219321387,-0.5642531959413946,0.12281188454822278
source/48kHz_DE_data/IR/0021/IR021_2.mat::w0000,0.9259502159916267,1.0208192966422447,0.6384204820269113,-0.6535233054895025,-0.5748906069707491,0.269117458037703
source/48kHz_DE_data/IR/0021/IR021_2.mat::w0001,0.9476249272160302,1.0512141446262384,0.4840385272424107,-0.8933809140269607,-0.600835136492222,0.3581552109516809
source/48kHz_DE_data/IR/0021/IR021_2.mat::w0002,0.9276790657417655,1.0243166561164043,0.5654034543261963,-0.7211575473618359,-0.5974465855502451,0.3219266642030746
source/48kHz_DE_data/IR/0021/IR021_2.mat::w0003,0.9045471228967206,1.0120948853998648,0.5729760459343302,-0.7474492994140571,-0.6179671819849448,0.24547498018060446
source/48kHz_DE_data/IR/0021/IR021_3.mat::w0000,0.0452201928817507,0.12538510770579278,-0.18908778078569669,-0.7584362900671716,-0.6031612031264593,0.2523337298795908
source/48kHz_DE_data/IR/0021/IR021_3.mat::w0001,0.04942304574162219,0.13124496218952547,-0.23019142124245393,-0.8276953048402764,-0.5953410938195792,0.20571117260437186
source/48kHz_DE_data/IR/0021/IR021_3.mat::w0002,0.062120139442973815,0.1497778799895783,-0.18883513802436294,-0.7835666734900563,-0.6049785878280755,0.187571012604945
source/48kHz_DE_data/IR/0021/IR021_3.mat::w0003,0.0669813903059874,0.15899125939711262,-0.19864165869330438,-0.7973617119211565,-0.6131681028363807,0.12160528407811536
source/48kHz_DE_data/OR/Centered/0007/OR007@6_0.mat::w0000,2.1682757781189377,1.7529470729532903,1.9667685571910714,-0.5673244089975245,-0.13653164128735712,0.13009490344895494
source/48kHz_DE_data/OR/Centered/0007/OR007@6_0.mat::w0001,2.0885908946544345,1.6910769427758001,1.79976968629024,-0.5890199717594702,-0.13482342868654282,0.11079242073927155
source/48kHz_DE_data/OR/Centered/0007/OR007@6_0.mat::w0002,1.9438157628333674,1.5588904259981524,1.6967325884885902,-0.6023001543344432,-0.1338013605492485,0.07396206839912503
source/48kHz_DE_data/OR/Centered/0007/OR007@6_0.mat::w0003,2.1035668416388456,1.6832516352231959,1.84824279604169,-0.5915475551615639,-0.1111718220405683,0.09062805589361837
source/48kHz_DE_data/OR/Centered/0007/OR007@6_1.mat::w0000,1.601737242219184,1.2911198784030855,1.408876878896202,-0.5535477547347049,-0.13159192986127494,0.057709025701640715
source/48kHz_DE_data/OR/Centered/0007/OR007@6_1.mat::w0001,1.6294500619534054,1.3223486420487336,1.3943776849532055,-0.5843095706433888,-0.12064802521946905,0.08724006565216119
source/48kHz_DE_data/OR/Centered/0007/OR007@6_1.mat::w0002,1.631528330453977,1.3281633685221181,1.4998266525506627,-0.4854595337751793,-0.10240813722874732,0.1525613465987676
source/48kHz_DE_data/OR/Centered/0007/OR007@6_1.mat::w0003,1.6178565565202896,1.3125704245624108,1.4549723855568395,-0.5155878531938171,-0.08518161258105328,0.10349099131573936
source/48kHz_DE_data/OR/Centered/0007/OR007@6_2.mat::w0000,1.5388930355247061,1.2202446096194137,1.323040640024079,-0.5607889034928593,-0.11720749997514757,0.0963540275107609
source/48kHz_DE_data/OR/Centered/0007/OR007@6_2.mat::w0001,1.5355703814317967,1.2127734570197293,1.4066380022729519,-0.5035484983008608,-0.0882052929092816,0.24375409811857474
source/48kHz_DE_data/OR/Centered/0007/OR007@6_2.mat::w0002,1.5280240264609237,1.2072466027809212,1.3424488405706037,-0.5660440179793917,-0.1078539401388939,0.1343756323605918
source/48kHz_DE_data/OR/Centered/0007/OR007@6_2.mat::w0003,1.5201345351138775,1.2105640147731278,1.2835558515963597,-0.5967299610902694,-0.1200691136171185,0.07297340391794899
source/48kHz_DE_data/OR/Centered/0007/OR007@6_3.mat::w0000,1.4840084828863616,1.1657940997515508,1.2901756248658953,-0.5717962625955872,-0.07171891374429616,0.05875681279518906
source/48kHz_DE_data/OR/Centered/0007/OR007@6_3.mat::w0001,1.4571605607473235,1.1312624500142936,1.3767717518993852,-0.45946492408040335,0.0026222149496903735,0.24554003399881066
source/48kHz_DE_data/OR/Centered/0007/OR007@6_3.mat::w0002,1.4779512950165439,1.154600077639461,1.3615824543886037,-0.49887863876865646,-0.05224189501013864,0.16027551816087363
source/48kHz_DE_data/OR/Centered/0007/OR007@6_3.mat::w0003,1.4832034633098563,1.1643067010603185,1.4005432914088376,-0.4557965290671734,-0.06387844424896766,0.04695882432173137
source/48kHz_DE_data/OR/Centered/0014/OR014@6_0.mat::w0000,-0.5811485642861642,-0.5082267721119517,-0.7739938022972561,-0.9238161334035823,-0.6514091339860582,-0.13433366706057132
source/48kHz_DE_data/OR/Centered/0014/OR014@6_0.mat::w0001,-0.5882243291061201,-0.5113996719881434,-0.7659402065600432,-0.8494377636925791,-0.6716571535117526,-0.23114096267624173
source/48kHz_DE_data/OR/Centered/0014/OR014@6_0.mat::w0002,-0.5341965743240246,-0.47352872994807627,-0.5116424075642241,0.3078317686720931,-0.252079568376236,-0.014699646891531637
source/48kHz_DE_data/OR/Centered/0014/OR014@6_0.mat::w0003,-0.5786111737883407,-0.5032192068136911,-0.6685887541224028,-0.2975189270594725,-0.6209062413890203,-0.1565368548389881
source/48kHz_DE_data/OR/Centered/0014/OR014@6_1.mat::w0000,-0.5946509778185793,-0.5198753364850883,-0.743925524424034,-0.6296961829405844,-0.6622468884004397,-0.39852566987875254
source/48kHz_DE_data/OR/Centered/0014/OR014@6_1.mat::w0001,-0.5832415268350292,-0.5062704252120658,-0.742879653553567,-0.6508559592100867,-0.6770653864632692,-0.05966513748987652
source/48kHz_DE_data/OR/Centered/0014/OR014@6_1.mat::w0002,-0.5873427112174459,-0.5109972167816295,-0.7582038783104296,-0.7288895779064456,-0.6693377060062277,-0.11859490327398177
source/48kHz_DE_data/OR/Centered/0014/OR014@6_1.mat::w0003,-0.5927225359396047,-0.5169005066089548,-0.7823623684538861,-0.82533242053129,-0.6822553348052784,-0.2955550375256164
source/48kHz_DE_data/OR/Centered/0014/OR014@6_2.mat::w0000,-0.4782166655051985,-0.44545966370808493,-0.2202708172404804,1.4208508427467392,1.067617939783468,-0.3419420717064392
source/48kHz_DE_data/OR/Centered/0014/OR014@6_2.mat::w0001,-0.5658122756456294,-0.4895519819008748,-0.7517547906527569,-0.8954016241821894,-0.6596180098253661,-0.2126886911953397
source/48kHz_DE_data/OR/Centered/0014/OR014@6_2.mat::w0002,-0.5772207492807789,-0.49985198421205274,-0.7630014408664416,-0.9061143723366051,-0.6765365067292207,-0.03806120004398089
source/48kHz_DE_data/OR/Centered/0014/OR014@6_2.mat::w0003,-0.5694737336709361,-0.4921976712063533,-0.7639971707870115,-0.9055249664970412,-0.6756975678314299,-0.23600160886813493
source/48kHz_DE_data/OR/Centered/0014/OR014@6_3.mat::w0000,-0.5497232941585253,-0.4675712606009394,-0.7124116064304471,-0.7341168265207241,-0.7003382413904112,-0.06328970420382671
source/48kHz_DE_data/OR/Centered/0014/OR014@6_3.mat::w0001,-0.5433932025532793,-0.46240365399115274,-0.7400972020842858,-0.863040126951275,-0.694854870772394,-0.035343711214205924
source/48kHz_DE_data/OR/Centered/0014/OR014@6_3.mat::w0002,-0.5497054366757765,-0.47028310456839933,-0.7278406243107568,-0.7072668041635352,-0.6830772786899926,-0.116981173283649
source/48kHz_DE_data/OR/Centered/0014/OR014@6_3.mat::w0003,-0.5526320397237325,-0.4718217390030408,-0.7540754100339409,-0.886976112773784,-0.6947098751708426,-0.05855932438323557
source/48kHz_DE_data/OR/Centered/0021/OR021@6_0.mat::w0000,0.6246957916761146,0.2143865164285652,1.6820235271990842,1.4363545893284848,1.6122368194686418,-3.0135556301838995
source/48kHz_DE_data/OR/Centered/0021/OR021@6_0.mat::w0001,0.6781630617454374,0.24276763050447994,1.832233929643257,1.289183163422917,1.9013120219353594,-1.96405456719453
source/48kHz_DE_data/OR/Centered/0021/OR021@6_0.mat::w0002,0.756984525565592,0.28262342838453813,2.220225318202063,1.6000950503769515,2.085319226892126,-1.1493351378692698
source/48kHz_DE_data/OR/Centered/0021/OR021@6_0.mat::w0003,0.6827472964155169,0.2320694552623216,2.070073983987475,1.612488603228741,2.216845219942959,-1.718312558633962
source/48kHz_DE_data/OR/Centered/0021/OR021@6_1.mat::w0000,0.6305054681559333,0.18519275804103344,2.1232757298284684,1.819180978524681,2.234657359450358,-2.2868667961903957
source/48kHz_DE_data/OR/Centered/0021/OR021@6_1.mat::w0001,0.5750928307257855,0.1664577676818347,2.125754914113505,1.9768143446792839,2.039555014386318,-2.5070332389959935
source/48kHz_DE_data/OR/Centered/0021/OR021@6_1.mat::w0002,0.5224431357481344,0.13804571043933084,1.3266024544500352,0.8788032460207874,1.652127695672105,-3.9568389430399304
source/48kHz_DE_data/OR/Centered/0021/OR021@6_1.mat::w0003,0.4908861633338107,0.12065251377253187,1.3393171422452013,1.1182358806211254,1.6660317980264303,-2.7907482861384842
source/48kHz_DE_data/OR/Centered/0021/OR021@6_2.mat::w0000,0.593402954178843,0.19524411460751898,2.142207899173102,1.8429318837825157,1.8809469737310438,-2.991085437638381
source/48kHz_DE_data/OR/Centered/0021/OR021@6_2.mat::w0001,0.549761726600091,0.14147379249109482,2.1461848521190228,2.0059148370377433,2.531997086199019,-3.7114495807238184
source/48kHz_DE_data/OR/Centered/0021/OR021@6_2.mat::w0002,0.5295824951233976,0.14926792016716633,1.5762026868612127,1.2368305532747101,1.7734294152055632,-2.884042882312164
source/48kHz_DE_data/OR/Centered/0021/OR021@6_2.mat::w0003,0.5340562293746527,0.13867513829255146,1.444548817564867,1.1267116297194648,1.869268751485572,-3.067976852182169
source/48kHz_DE_data/OR/Centered/0021/OR021@6_3.mat::w0000,0.4267592012872194,0.09578478243163835,1.9654789425575567,2.194475514082563,1.9908197292548084,-3.6771442747866803
source/48kHz_DE_data/OR/Centered/0021/OR021@6_3.mat::w0001,0.4454042105482796,0.11159322954517412,1.0956414649208592,0.7830275479561798,1.5395189813378665,-3.0168064851259255
source/48kHz_DE_data/OR/Centered/0021/OR021@6_3.mat::w0002,0.5375794999767681,0.15133910530839967,1.7071827085486913,1.3667629669236807,1.859490933831928,-1.5194612755751626
source/48kHz_DE_data/OR/Centered/0021/OR021@6_3.mat::w0003,0.5841015165367177,0.17770737686006763,2.019189607203958,1.7339660982495304,2.09771183176632,-1.4395891646418417
source/48kHz_DE_data/OR/Opposite/0007/OR007@12_0.mat::w0000,-0.3837090304241889,-0.3302062694333285,-0.40098495807417056,-0.010989087888032153,-0.2804420973200175,0.003299452185990058
source/48kHz_DE_data/OR/Opposite/0007/OR007@12_0.mat::w0001,-0.4329795272521197,-0.37434592673199024,-0.5263927271120095,-0.2636370532824188,-0.4140980815388481,0.2031861217088414
source/48kHz_DE_data/OR/Opposite/0007/OR007@12_1.mat::w0000,-0.24641910058051636,-0.2647324251792405,0.049134722910022605,0.8592781062275017,0.7930575718010875,0.13364876117902041
source/48kHz_DE_data/OR/Opposite/0007/OR007@12_1.mat::w0001,-0.28264184030060746,-0.284970832942031,-0.15556331710307386,0.37662627590251785,0.3560328458559064,-0.13622641521645712
source/48kHz_DE_data/OR/Opposite/0007/OR007@12_1.mat::w0002,-0.2974018872610372,-0.2902197634772076,-0.2179752512021548,0.19787775094839902,0.16944226948154534,0.03167643817059316
source/48kHz_DE_data/OR/Opposite/0007/OR007@12_1.mat::w0003,-0.2757517463207217,-0.28458752955776934,-0.0631250131329451,0.633603988286923,0.6231499849795848,0.3964723316047704
source/48kHz_DE_data/OR/Opposite/0007/OR007@12_2.mat::w0000,-0.27422774172493974,-0.28507064432375423,-0.041039855439273,0.7049348425792203,0.5145724580351269,0.20142180014576216
source/48kHz_DE_data/OR/Opposite/0007/OR007@12_2.mat::w0001,-0.28700608471167277,-0.2973707593770532,-0.10294981481098456,0.6462977656736507,0.6861688147196024,0.22523271236715997
source/48kHz_DE_data/OR/Opposite/0007/OR007@12_2.mat::w0002,-0.29472282250430787,-0.30242283958396404,-0.10719690880271136,0.5793769952416042,0.4710804526395072,0.07396761887428717
source/48kHz_DE_data/OR/Opposite/0007/OR007@12_2.mat::w0003,-0.2932281281389432,-0.2998800558384232,-0.14443197301696575,0.46131886397501803,0.5221580591871299,0.07965290580952454
source/48kHz_DE_data/OR/Opposite/0007/OR007@12_3.mat::w0000,-0.3307564677873567,-0.3175163676542704,-0.05613494293906516,0.9643257200589217,0.5016542740214092,0.02743663500629058
source/48kHz_DE_data/OR/Opposite/0007/OR007@12_3.mat::w0001,-0.33752603663297287,-0.3233587083792133,-0.16586529337766137,0.6783085999623899,0.35976652476208415,0.1285870077040586
source/48kHz_DE_data/OR/Opposite/0007/OR007@12_3.mat::w0002,-0.330851414355111,-0.3179226719643587,-0.16781198508835374,0.5332369985192879,0.3787987383762932,-0.04644434952824044
source/48kHz_DE_data/OR/Opposite/0007/OR007@12_3.mat::w0003,-0.33774922861830936,-0.32487830938497003,-0.10473473090161581,0.7969531827990493,0.4419827894394074,-0.024150382829488136
source/48kHz_DE_data/OR/Opposite/0021/OR021@12_0.mat::w0000,0.5952364234900683,0.05493056526430743,1.4887259567068176,0.9986830943414693,2.5069657946494948,0.6611620433571033
source/48kHz_DE_data/OR/Opposite/0021/OR021@12_0.mat::w0001,0.49651315518647565,0.005669490402353911,1.3935035159275917,1.133346367906863,2.5972103829963786,0.9174497207219231
source/48kHz_DE_data/OR/Opposite/0021/OR021@12_1.mat::w0000,0.3382274417865181,-0.034119920297461734,1.2504034104810013,1.4171087362055999,2.157062561865541,0.9906513288660749
source/48kHz_DE_data/OR/Opposite/0021/OR021@12_1.mat::w0001,0.46750662202359955,0.015958847224677632,1.2935123731859544,1.059182814837207,2.2074365365645208,0.7948041120719774
source/48kHz_DE_data/OR/Opposite/0021/OR021@12_1.mat::w0002,0.3291065851504369,-0.049341556288862526,1.261228858495169,1.3552799079336875,2.2852764306905553,0.8816294408872429
source/48kHz_DE_data/OR/Opposite/0021/OR021@12_1.mat::w0003,0.4072882311272134,0.006527048491069008,1.2805942678308646,1.2116222625086404,2.2305190156563417,1.0020182018813462
source/48kHz_DE_data/OR/Opposite/0021/OR021@12_2.mat::w0000,0.23571636360762774,-0.06529401747324885,1.1018522495790968,1.5201169114854927,2.08268465926969,0.8682026208656033
source/48kHz_DE_data/OR/Opposite/0021/OR021@12_2.mat::w0001,0.23048706059668156,-0.0686232408499587,1.0486183020295927,1.2398002240575487,2.1513044416400495,1.074622140926379
source/48kHz_DE_data/OR/Opposite/0021/OR021@12_2.mat::w0002,0.24560215058908433,-0.07485592283813798,1.3630577758184859,1.9496634986557158,2.689750423133455,1.1011477127554858
source/48kHz_DE_data/OR/Opposite/0021/OR021@12_2.mat::w0003,0.20398816591707455,-0.08782405073984839,0.9836590984435434,1.3617524863822759,2.078845132561276,1.239860958658107
source/48kHz_DE_data/OR/Opposite/0021/OR021@12_3.mat::w0000,0.1304196692232625,-0.1142441011541918,0.8610469160140962,1.2519215059652529,2.060770890286942,0.6990327965185636
source/48kHz_DE_data/OR/Opposite/0021/OR021@12_3.mat::w0001,0.12905494069089926,-0.13269861362708765,0.7992961145423009,1.209887290901253,2.122939926633275,0.9529933271833706
source/48kHz_DE_data/OR/Opposite/0021/OR021@12_3.mat::w0002,0.04230129153150042,-0.1738597614399389,0.7964540530028998,1.6437552980403562,2.1156098278824085,1.122657764558825
source/48kHz_DE_data/OR/Opposite/0021/OR021@12_3.mat::w0003,0.049719916604490426,-0.16169801986588722,0.6299113901736114,1.1771358962643714,1.6855775978644711,1.0932790459909478
source/48kHz_DE_data/OR/Orthogonal/0007/OR007@3_0.mat::w0000,0.059304098491611994,0.1288644461371325,-0.15353795657553518,-0.6908929258724926,-0.4939735670429275,0.4161943959214231
source/48kHz_DE_data/OR/Orthogonal/0007/OR007@3_0.mat::w0001,0.03142964975861659,0.1037847893355751,-0.1723113631396771,-0.6076778700947338,-0.5278544926232074,0.43965072964188706
source/48kHz_DE_data/OR/Orthogonal/0007/OR007@3_1.mat::w0000,0.17890481527815622,0.26226483918652743,-0.03176560092155398,-0.6242182683290717,-0.5354705400048047,0.19193759164557572
source/48kHz_DE_data/OR/Orthogonal/0007/OR007@3_1.mat::w0001,0.17785551432368885,0.2553427383287885,-0.052743695111874385,-0.7030834365859415,-0.5329536859011711,0.269715963184285
source/48kHz_DE_data/OR/Orthogonal/0007/OR007@3_1.mat::w0002,0.1763491999215477,0.25256703515213313,-0.04437523180644375,-0.6797185896374129,-0.5134408692904557,0.2995865209571192
source/48kHz_DE_data/OR/Orthogonal/0007/OR007@3_1.mat::w0003,0.17779705851856287,0.25357490671322386,-0.05862512677317268,-0.686556540619113,-0.5295264478407472,0.2659017143944453
source/48kHz_DE_data/OR/Orthogonal/0007/OR007@3_2.mat::w0000,0.150244673891595,0.20511012470348403,-0.13523174863413837,-0.8162589996340849,-0.49803743090447194,0.30781304160283696
source/48kHz_DE_data/OR/Orthogonal/0007/OR007@3_2.mat::w0001,0.1638715248617019,0.21640116088060124,-0.0656598018238559,-0.6905957280901998,-0.4863365851327295,0.25182391844088403
source/48kHz_DE_data/OR/Orthogonal/0007/OR007@3_2.mat::w0002,0.1466744178335617,0.20306574336197497,-0.129661931791583,-0.7907109981965416,-0.4999311535774532,0.35682747793988223
source/48kHz_DE_data/OR/Orthogonal/0007/OR007@3_2.mat::w0003,0.14137461610260965,0.1923877653929233,-0.12292750490202362,-0.7900795989522993,-0.4869476398598372,0.32649702158944705
source/48kHz_DE_data/OR/Orthogonal/0007/OR007@3_3.mat::w0000,0.14937734977532552,0.22551723218224884,-0.14402542144225133,-0.8501871267151294,-0.5298711098770197,0.21726851312431797
source/48kHz_DE_data/OR/Orthogonal/0007/OR007@3_3.mat::w0001,0.15301804186716345,0.2255272275476904,-0.07376288721037182,-0.6889711830764115,-0.5107517298810792,0.15258321764020605
source/48kHz_DE_data/OR/Orthogonal/0007/OR007@3_3.mat::w0002,0.14296789807102772,0.21538189445106884,-0.10437598049903259,-0.720162483130986,-0.5131627462167407,0.19980434897591617
source/48kHz_DE_data/OR/Orthogonal/0007/OR007@3_3.mat::w0003,0.15707654164718923,0.22756486754448466,-0.05582269666469973,-0.6206292733380682,-0.4912320067143295,0.19916416762051709
source/48kHz_DE_data/OR/Orthogonal/0021/OR021@3_0.mat::w0000,0.07793109771337518,0.06479420738701863,0.27733574175052345,0.47090829002849677,0.09885652695962008,-2.2072790918982936
source/48kHz_DE_data/OR/Orthogonal/0021/OR021@3_0.mat::w0001,0.07687932453734858,0.06341327671051157,0.34938317048800227,0.618706527529812,0.15439588674321642,-2.020925811667369
source/48kHz_DE_data/OR/Orthogonal/0021/OR021@3_1.mat::w0000,0.9352215890914545,0.844973760826544,1.2622891955221587,0.12696715162712713,-0.08160603590006678,0.5352941590555
source/48kHz_DE_data/OR/Orthogonal/0021/OR021@3_1.mat::w0001,0.889966141722097,0.7930097399470217,1.365495208427375,0.5045540772573804,-0.014081381301169808,0.15867424934767746
source/48kHz_DE_data/OR/Orthogonal/0021/OR021@3_1.mat::w0002,0.9276920565293917,0.8272947337059243,1.2692706714334367,0.21419908440450955,-0.017150590830814313,-0.3802469602010705
source/48kHz_DE_data/OR/Orthogonal/0021/OR021@3_1.mat::w0003,0.8909578436567235,0.7985937959894928,1.2131615948438113,0.2695776701319148,-0.03990496765600177,0.1205371244501766
source/48kHz_DE_data/OR/Orthogonal/0021/OR021@3_2.mat::w0000,0.7958195123040607,0.7120231600170666,0.908882337854449,-0.21680931050878072,-0.14366123957482266,0.3792730580160695
source/48kHz_DE_data/OR/Orthogonal/0021/OR021@3_2.mat::w0001,0.8366634877344998,0.7437504917211575,1.0253826110301107,-0.08576679232939789,-0.062308544112469014,0.07925404961821038
source/48kHz_DE_data/OR/Orthogonal/0021/OR021@3_2.mat::w0002,0.792987449086248,0.6945324089777709,1.1112216205272154,0.08631527661010069,-0.0021072812431653597,-0.023784964803313186
source/48kHz_DE_data/OR/Orthogonal/0021/OR021@3_2.mat::w0003,0.7716600735288793,0.7012529621207175,1.2692692349142751,0.2938295727308867,-0.022013637472649613,-0.260220464033772
source/48kHz_DE_data/OR/Orthogonal/0021/OR021@3_3.mat::w0000,0.6864724419048677,0.6240679588848494,1.0965090451599153,0.4176709171823364,-0.022563791039591604,-1.0799184522935548
source/48kHz_DE_data/OR/Orthogonal/0021/OR021@3_3.mat::w0001,0.710795808390998,0.6456461583157643,1.017593957819787,0.2857573213026171,0.01648873078592436,-1.1541808179724131
source/48kHz_DE_data/OR/Orthogonal/0021/OR021@3_3.mat::w0002,0.7020501522030735,0.6376827924914278,1.0415717075931856,0.3142804630017959,-0.0594080050789807,-1.0289099864940692
source/48kHz_DE_data/OR/Orthogonal/0021/OR021@3_3.mat::w0003,0.7041331964061663,0.6444326609218552,0.8859352212372423,0.10568197097720121,-0.12108494131906186,-0.5618923877076923
source/48kHz_Normal_data/N_0.mat::w0000,-0.7433907951114602,-0.6752826116196508,-0.9061716443113572,-0.9395646714841497,-0.7223362197825425,-0.23278752085557575
source/48kHz_Normal_data/N_0.mat::w0001,-0.7452856401138649,-0.6774266661443283,-0.9092891178776453,-0.9591181037885742,-0.723460077683163,0.169298949324925
source/48kHz_Normal_data/N_0.mat::w0002,-0.7449668923952462,-0.6764163683535187,-0.9172331079530797,-1.1311889548502791,-0.7323503114732575,-0.051520717619105434
source/48kHz_Normal_data/N_0.mat::w0003,-0.7398480425592485,-0.6718493816114258,-0.9153442161414199,-1.1000223026946918,-0.7193898288727955,-0.3077400407510662
source/48kHz_Normal_data/N_0.mat::w0004,-0.7416727041706764,-0.6731814176608831,-0.9147752896362076,-1.0487737141449835,-0.7225529954343508,0.33228491738989707
source/48kHz_Normal_data/N_1_(1772rpm).mat::w0000,-0.768050157537729,-0.7029947266152109,-0.9301479029753469,-1.034301357357634,-0.704400352914674,-0.07102025900821066
source/48kHz_Normal_data/N_1_(1772rpm).mat::w0001,-0.7676900052028747,-0.7021332161245356,-0.9273987341114676,-1.038382712189789,-0.7062410848565953,-0.000896449785185544
source/48kHz_Normal_data/N_1_(1772rpm).mat::w0002,-0.7679457801156886,-0.7031167609088855,-0.9279958768147087,-1.035098162084599,-0.7093089659357336,0.24601775506683068
source/48kHz_Normal_data/N_1_(1772rpm).mat::w0003,-0.766462391694024,-0.7016031704342316,-0.9111761793108168,-0.8072065400838163,-0.6928435402160039,-0.0032188893279864973
source/48kHz_Normal_data/N_1_(1772rpm).mat::w0004,-0.7677884573647128,-0.7032425116586586,-0.9080489531355074,-0.7513105289117404,-0.689385052788237,0.3086153489942768
source/48kHz_Normal_data/N_1_(1772rpm).mat::w0005,-0.7676725994684387,-0.7033252314690888,-0.936589689856638,-1.1379533310056131,-0.6975718806159347,0.2733775449303532
source/48kHz_Normal_data/N_1_(1772rpm).mat::w0006,-0.7676090766368895,-0.7034111195937027,-0.9238541748322503,-0.8655594896572162,-0.6917275505581771,0.043726832655385184
source/48kHz_Normal_data/N_1_(1772rpm).mat::w0007,-0.7675213482856053,-0.7026444192722265,-0.9244682654803247,-0.9326456941556726,-0.697847870096872,0.04231867298810344
source/48kHz_Normal_data/N_2_(1750rpm).mat::w0000,-0.777715035258303,-0.714121737630824,-0.9248256894216399,-0.7587940038029726,-0.6898289714617847,-0.1973381898840273
source/48kHz_Normal_data/N_2_(1750rpm).mat::w0001,-0.7777432692834839,-0.7135135468861605,-0.9104823282633966,-0.4187988389774516,-0.6932994019785313,0.15432063385548267
source/48kHz_Normal_data/N_2_(1750rpm).mat::w0002,-0.7777489909780009,-0.7136828445024279,-0.9229246476686825,-0.8083372114479686,-0.6979739413586731,-0.039900971366755765
source/48kHz_Normal_data/N_2_(1750rpm).mat::w0003,-0.777804336952322,-0.7143451096201924,-0.9146385259394694,-0.667818739210739,-0.6872918078826218,0.03459069474216768
source/48kHz_Normal_data/N_2_(1750rpm).mat::w0004,-0.7778333825292051,-0.7139294091079476,-0.906356430631518,-0.28104749161679726,-0.6894141104030258,-0.04797781013521091
source/48kHz_Normal_data/N_2_(1750rpm).mat::w0005,-0.7785271099939615,-0.7145935215676165,-0.9259108505570476,-0.8599440050935002,-0.6995044509856995,0.0016954298710671273
source/48kHz_Normal_data/N_2_(1750rpm).mat::w0006,-0.779091759653327,-0.7149031452628611,-0.9336497419907501,-0.9574267649196717,-0.7003627042016222,-0.14566590972832075
source/48kHz_Normal_data/N_2_(1750rpm).mat::w0007,-0.7788243885696425,-0.7149420966229869,-0.9360173148091212,-1.0112797722829157,-0.7013650329251359,0.34369896621948853
source/48kHz_Normal_data/N_3.mat::w0000,-0.7764676423570586,-0.7128262655931275,-0.9268384197480038,-0.872786771795982,-0.6904926094997564,0.23852014022172877
source/48kHz_Normal_data/N_3.mat::w0001,-0.7778348714470156,-0.7143154436668833,-0.9357397891385626,-1.0517410344024174,-0.689938130620947,0.05629391156156296
source/48kHz_Normal_data/N_3.mat::w0002,-0.7780174134812794,-0.7144767437356544,-0.9330488586563627,-0.8987226988015317,-0.6896302114807288,0.023305900934662192
source/48kHz_Normal_data/N_3.mat::w0003,-0.7760218497472942,-0.712469831586584,-0.9318085557483745,-0.9040413766961163,-0.6835108073705952,0.08031861705630867
source/48kHz_Normal_data/N_3.mat::w0004,-0.7756606987291638,-0.712105233751034,-0.9249896128663235,-0.911315389085683,-0.6845895691472551,-0.12778994842459096
source/48kHz_Normal_data/N_3.mat::w0005,-0.7760778677592306,-0.7121969748965464,-0.9209935995483958,-0.6386534916797811,-0.6895392348526799,-0.0500199209781745
source/48kHz_Normal_data/N_3.mat::w0006,-0.77589994644786,-0.7128406418316443,-0.909049535979939,-0.6505416685130501,-0.6747431589185604,0.21997287007372734
source/48kHz_Normal_data/N_3.mat::w0007,-0.7768279958244841,-0.7136448240317906,-0.9208856263543403,-0.8295378988524117,-0.6693923942565358,0.10015828730729688
target/A.mat::w0000,5.821365555168024,6.3359977141035175,4.643432196145361,-0.8290520035724245,-0.6704104759721226,-0.06235280525506159
target/A.mat::w0001,5.856176990045034,6.374664742218432,5.186089573423218,-0.5714365374148037,-0.6608076772061514,-0.022960394475085875
target/A.mat::w0002,5.988218303655563,6.537975750084011,4.97295898669634,-0.7559771829673829,-0.684586216295643,-0.1241109685446414
target/A.mat::w0003,5.828324097917135,6.358301392951887,4.731623535488163,-0.6260062536874634,-0.6804358534622402,-0.14698446478707675
target/A.mat::w0004,5.9205275686700025,6.462715702061371,4.540622643929948,-0.8147554959583699,-0.6791617662467475,-0.19117415239370528
target/A.mat::w0005,5.854570429003982,6.387586128581218,4.580872945824754,-0.8030347655021087,-0.6773679291373439,-0.12636725414231184
target/A.mat::w0006,5.809810148227566,6.310191146838184,4.407533605755462,-0.8936076870077824,-0.6661775494215917,-0.29199913004390965
target/A.mat::w0007,5.816638879142957,6.335613154339956,4.711946062591363,-0.8075525625379967,-0.6751818997231154,0.04783411746604379
target/B.mat::w0000,1.7272917782262738,1.9401372028551622,1.719103597369604,-0.17937492633671168,-0.6233770692686279,-0.19271382596556955
target/B.mat::w0001,1.6506084035328394,1.8680036636750117,1.082886244343284,-0.694031575870689,-0.663470186193187,0.3117142655757004
target/B.mat::w0002,1.6089194003250111,1.826497740952674,1.3869136942392433,-0.37822385601151925,-0.6432286228299867,-0.06145084282746738
target/B.mat::w0003,1.6827898107756345,1.8908905094068074,1.3117131226056742,-0.47436891520541197,-0.6332605068447261,0.21316986170816327
target/B.mat::w0004,1.5827485043070975,1.7936039711188918,1.0047817486761697,-0.8967341087735526,-0.6601311467717615,-0.21404657695662763
target/B.mat::w0005,1.5432399237785623,1.7369087197966864,1.3551330930357413,-0.25136046331929573,-0.6352116819181957,0.4935280310244146
target/B.mat::w0006,1.69964129442098,1.9054754763831785,1.4059419519322411,-0.5968630681367765,-0.633863941471805,-0.10275497968572427
target/B.mat::w0007,1.5738254000222007,1.8000178414973704,0.852637591080824,-0.9537899458404154,-0.6835103106256438,-0.15916629542275026
target/C.mat::w0000,22.892751264965057,20.61399328619207,54.837746822220566,2.3561717957875463,1.6148278182145404,-0.301803039504929
target/C.mat::w0001,23.769538047510224,20.848038889403433,58.39303888102381,2.9577098169850022,2.11265581771436,2.1257560809933573
target/C.mat::w0002,23.394217303925846,20.877480403277467,64.5361098344951,3.13302451587492,2.091724021095107,1.979581346753265
target/C.mat::w0003,23.275818702267607,20.86586159856918,58.74168955231461,2.9539595184891545,1.600077369645965,1.2772639651968254
target/C.mat::w0004,21.95596932808622,19.82360710819477,52.57692375599915,2.4405524072197475,1.3820024902005794,-2.286865605891572
target/C.mat::w0005,23.084895851360535,20.671324161518672,63.11819389085208,3.5563953449484647,2.1751945405654185,6.177420222610139
target/C.mat::w0006,21.925498504697796,20.159432610369898,49.95263172961191,2.8671108555929514,1.1561923650097377,-2.413537899379642
target/C.mat::w0007,20.654344416358516,19.51501274274778,50.598784769553774,3.4475769682921644,0.7899703758196986,-0.8076982479137202
target/D.mat::w0000,11.185029048626003,12.082439135163787,9.694876599814283,-0.5987379770293118,-0.6746493518314701,0.0493082027212509
target/D.mat::w0001,11.14810435644063,12.063804557773176,7.822515349021547,-1.0464151094493575,-0.6836941267134837,-0.09487106416225838
target/D.mat::w0002,11.17849049504444,12.049067130600426,9.633668307602845,-0.6836051441504017,-0.6754273765462088,-0.05660971054720013
target/D.mat::w0003,11.060130530874185,11.979287349782448,8.19146949081345,-0.7944333660573476,-0.6907506815810395,-0.3024490580689832
target/D.mat::w0004,11.169835899457375,12.117235045176688,8.949113097895916,-0.8074860815941559,-0.6858570496654501,-0.00027678690503072495
target/D.mat::w0005,11.141777968673424,12.069318729265737,8.510501519198266,-0.7752016026779545,-0.6875740385568272,-0.2332663164450723
target/D.mat::w0006,10.878525173019584,11.807103991370456,8.112683424944755,-0.9371764956634394,-0.6922539523870365,-0.21693348624796388
target/D.mat::w0007,11.062396247361493,11.92436380595817,9.229216834334704,-0.645335833539483,-0.6735468615108021,-0.10921175374282778
target/E.mat::w0000,15.38825911362172,12.44794079345415,42.5450571806033,3.7224399019138668,4.063394542746159,3.0157245741360654
target/E.mat::w0001,14.028747707602378,11.57060960874712,39.92516843229794,3.2627547389472467,2.8629348797372876,-2.8994349226260865
target/E.mat::w0002,13.52910932565916,11.534546655923151,40.47431991847608,3.503858572162236,2.6878440585420607,-0.5720071823826544
target/E.mat::w0003,14.359921178967326,12.372644027146972,37.987328828875576,2.8999146804150198,2.2534612963328335,0.26893377853695155
target/E.mat::w0004,14.472586212834694,11.841902198278394,45.32536999817451,4.6941845662535755,4.650109454317358,-0.6857604904090474
target/E.mat::w0005,13.22456767514162,11.600459368905868,32.53713678865494,3.250007924846841,2.1124087028318974,-2.789368260179526
target/E.mat::w0006,14.886290483504665,12.304396515859583,41.762477145577535,3.4135552028076073,3.0381714617825173,0.1644208695024715
target/E.mat::w0007,14.287403938153044,12.17940056513725,39.291503133924685,3.0652781006227006,2.701293284976656,-3.804707302517259
target/F.mat::w0000,7.925976226150741,8.623970665004768,7.07234471102523,-0.624218671759981,-0.6767109392937561,0.059150276704436476
target/F.mat::w0001,8.008575046747954,8.679692064845725,6.223497624395121,-0.8399047272132905,-0.6836040277891983,-0.45083746358822063
target/F.mat::w0002,8.115775062599509,8.810111205592808,6.870675732687174,-0.6346096164764355,-0.6777597581529097,-0.14657846820344067
target/F.mat::w0003,8.03342880882299,8.705374300593496,5.799248682159862,-0.9385651086322319,-0.6818344993670435,0.1583450417925324
target/F.mat::w0004,7.905644206510691,8.604486024055428,6.904244369082022,-0.6184106569664031,-0.6835066494948315,-0.10601188260475572
target/F.mat::w0005,7.994003580234997,8.629288216673473,6.43947250793159,-0.839744803534543,-0.6667948031669416,-0.274563515315267
target/F.mat::w0006,8.083441666535416,8.786268474773175,5.792049202067265,-0.9758188018343913,-0.6881773407884848,-0.1484367256759683
target/F.mat::w0007,8.104983024862547,8.826444507345999,6.138723379477424,-0.8964485413032268,-0.6908857392092763,-0.4058520999732058
target/G.mat::w0000,1.9300264766485367,2.1534040436301276,1.7497959189052386,-0.3387301351032137,-0.6206267270582475,-0.2640340279698493
target/G.mat::w0001,1.8885843836141865,2.0984451597223117,1.6115074937213245,-0.5659399734566272,-0.6118530066060223,-0.4176697928227374
target/G.mat::w0002,1.935226661220463,2.132370602698044,1.6416227332020585,-0.6107647159132603,-0.6033668139657969,-0.3759864252999578
target/G.mat::w0003,1.8824282007376563,2.0899352968599345,2.2490292515895125,-0.08804877074216634,-0.6025119153359669,-0.4090445436881061
target/G.mat::w0004,1.9609957369984174,2.1749580680309304,1.793762085442049,-0.4949609060977877,-0.605849254645418,-0.6126146954928819
target/G.mat::w0005,1.9404011536361307,2.157388804102478,1.824203324568282,-0.19008120788924557,-0.6273054138330639,-0.5082238840074174
target/G.mat::w0006,1.8841544141460378,2.0995950727912156,2.112923089533751,-0.09968639594578477,-0.6121481169360499,-0.5631024281646165
target/G.mat::w0007,1.955099752972741,2.1782816900388386,1.7412319926537978,-0.5243570024452392,-0.6287065294469301,-0.17076728370611374
target/H.mat::w0000,15.325847531270938,16.36609476248287,11.417488738536385,-0.9426542510663047,-0.6676042499789211,-0.05254528280867858
target/H.mat::w0001,15.255149902081001,16.359644830562964,12.258803609673102,-0.7745333031427264,-0.6639460018757669,-0.16645054651801763
target/H.mat::w0002,15.36385079415542,16.412882279777694,12.38731100079446,-0.8183436949212267,-0.6529787399520853,-0.11918879302419012
target/H.mat::w0003,15.389758495452222,16.46351434820501,13.766354179411213,-0.4768730381610907,-0.6603266842185851,-0.04592773755076402
target/H.mat::w0004,15.38637822306491,16.415571422540168,13.593460678301586,-0.36836102541476606,-0.6379308739694944,-0.45925611902286967
target/H.mat::w0005,15.308868776875029,16.30696216388778,12.091193495711794,-0.7586953443907235,-0.6554984272686332,-0.40035760785243496
target/H.mat::w0006,15.387315316607921,16.4864161906562,13.343423432799202,-0.5465955122949011,-0.6681766769508141,-0.05291971120754016
target/H.mat::w0007,15.535964652655133,16.579803808643067,14.146797619095492,-0.2669884949750612,-0.6476401357767454,-0.29486629837964545
target/I.mat::w0000,26.522295523970666,25.59224334161759,43.686168988483054,0.884967715550271,0.20671222975832076,1.1561611753999073
target/I.mat::w0001,28.39922472974269,26.346367910759472,59.20794331717808,3.141720128204984,0.9845318133710311,-3.5175424396638895
target/I.mat::w0002,27.18166040755782,26.12033110331368,68.02532134572147,3.3480623733088515,0.9403920244733806,3.207920771773402
target/I.mat::w0003,26.697363188605937,25.55064337812892,51.25345047104189,1.651667574630241,0.5244917194223934,-0.40727882721936093
target/I.mat::w0004,28.319207478547064,26.507180142171546,63.245006897474354,3.12984976427086,0.9394887094032348,-1.038609128192866
target/I.mat::w0005,26.7259167780367,25.690445794340437,56.38104419326348,2.1473125914613016,0.5170410152469842,1.665350774441291
target/I.mat::w0006,27.587431090276834,26.54485952919873,51.186213055408714,1.2728285855719264,0.43431504346619837,2.515921761904686
target/I.mat::w0007,28.074494333604488,26.401498863484928,64.50545553785186,2.4554172996700365,1.0181130298993246,-1.5842148019039313
target/J.mat::w0000,21.918566977942834,20.12575759407803,66.31182923447776,4.552237998663324,2.2974413103517266,6.857110219666679
target/J.mat::w0001,21.83419629341851,19.99505338310683,75.86967029726759,4.659376269407501,2.865442358067929,4.516085951590924
target/J.mat::w0002,22.027423176892942,20.310784583071744,58.24052464190267,3.8443964387510676,1.3193220892700934,2.860385974536448
target/J.mat::w0003,20.824993360818503,19.60684825986829,47.6825375826238,2.6927242576867303,0.6711025636616461,0.6861338111856248
target/J.mat::w0004,21.821444797560222,20.19762685978606,65.70572446719098,4.680209978142237,2.140188888758857,6.3377616261889385
target/J.mat::w0005,21.748036387609403,20.07591532319752,53.44796356319089,2.5222943180620896,0.9777420406790173,2.2086968958064395
target/J.mat::w0006,21.004035363114017,19.453697263106992,55.45935209091297,3.833861429998182,1.7459247740508401,5.381863229231874
target/J.mat::w0007,21.442279825514962,19.93933882595003,69.32732052462484,4.727884403739983,1.9489381932860705,2.8912940458358736
target/K.mat::w0000,17.633478467940957,18.563949892406942,14.853867854838658,-0.6071775133005403,-0.6400459484741943,-0.6382796119987254
target/K.mat::w0001,17.21147354521529,18.162762224278122,13.319006183575535,-0.87303149355065,-0.6406444349793343,-0.26249509388555975
target/K.mat::w0002,17.46000787580132,18.422091227125247,13.33146850100072,-0.9638921324068294,-0.6282414891906776,-0.4551009198488287
target/K.mat::w0003,17.677419803340502,18.714990587483225,14.620303335829053,-0.8320698098616621,-0.643970504586731,-0.289280210661523
target/K.mat::w0004,17.0869605304604,18.105584172111783,12.357689375759238,-0.9622626144963683,-0.6544815161049884,-0.2472470285107711
target/K.mat::w0005,17.271821075107905,18.23693719615309,13.327225738914418,-0.9109941678754936,-0.6453546024176738,-0.45065603117748576
target/K.mat::w0006,17.33723495504415,18.32900993145506,14.104277888641349,-0.8593746719765878,-0.6423357332779696,-0.26045318332607487
target/K.mat::w0007,17.414134438889402,18.40627301593088,13.221260054888415,-0.9177446568287769,-0.6488996996432067,-0.4594900891253032
target/L.mat::w0000,1.7765553011360147,1.99313463918639,1.2448785197286776,-0.7744410947345264,-0.6401251425909933,0.17446849686742993
target/L.mat::w0001,1.7989098725707207,2.0259998562330503,1.4238332443719919,-0.6359797598311187,-0.6450466374324494,0.07486952306323429
target/L.mat::w0002,1.7799708375317373,2.0113467137284533,1.384712447764223,-0.6899680065058493,-0.6521563626158631,0.25129814253219507
target/L.mat::w0003,1.8963775700076004,2.117225377739354,1.8405664392631758,-0.36224974145828065,-0.627861185041428,0.12262210596163733
target/L.mat::w0004,1.839546147917959,2.051874164834671,1.3407300404522016,-0.7722265686849497,-0.6341065433769076,-0.182278627919073
target/L.mat::w0005,1.765336253574248,1.9884343767601902,1.3305631631576247,-0.6959130895063225,-0.6462467306834992,0.15229357389248382
target/L.mat::w0006,1.7997134088917641,2.0454545241280875,1.3644223327277811,-0.6671673278160193,-0.6718602704224971,0.020650590425429303
target/L.mat::w0007,1.799066113839567,2.010725001056702,1.994370968859926,-0.1376330098764226,-0.6064771413629825,0.2477380660847091
target/M.mat::w0000,17.45237161457378,18.25215935561615,14.282871382930951,-0.8285833805006496,-0.6016780342609074,-2.041251164214125
target/M.mat::w0001,17.632518123545108,18.469254728522014,14.151757638211802,-0.8051655784272266,-0.6142042017382456,-1.5774976244340384
target/M.mat::w0002,17.812281084087537,18.802202151757946,13.41269434624259,-0.9797271649367887,-0.6346578291217184,-1.64796421824587
target/M.mat::w0003,17.454265453641213,18.28659894073383,14.026683292405938,-0.8444791876294373,-0.6110887265975085,-1.4902282509669167
target/M.mat::w0004,17.699494796883943,18.601813312439887,14.455894562877367,-0.8023082615287159,-0.615620101293549,-1.5298009731775712
target/M.mat::w0005,17.571766545381518,18.489630175740885,14.45715200677239,-0.7476871409624227,-0.6139511666903179,-1.8560092879059342
target/M.mat::w0006,17.706410071713456,18.64998810621356,14.245373560872837,-0.7928958973360238,-0.6243611015750048,-1.6020803708772555
target/M.mat::w0007,17.73261528317848,18.669612971069967,16.181123273011632,-0.522680389136755,-0.6160386400602463,-1.6313211887766779
target/N.mat::w0000,10.130799331425807,10.680759470018867,32.71448391560004,4.888252639095694,0.9813293835324108,2.9217372046916408
target/N.mat::w0001,9.873584312723345,10.678735767301985,13.99131863593335,0.43226778677295497,-0.6161955587324157,0.7230034829768168
target/N.mat::w0002,10.1183589162923,10.772693148636419,24.066679774962857,2.9368282819118874,-0.08085380431251105,-0.7191454025373689
target/N.mat::w0003,9.785251004075137,10.615710338681806,8.7029662832452,-0.4016136162119019,-0.6735496945407863,0.811522431502592
target/N.mat::w0004,9.776577585040918,10.596248374870537,11.129976243589585,0.24294012103320586,-0.6592359975571905,0.35582795378511883
target/N.mat::w0005,10.038809237264855,10.661014248109124,24.98509449408949,2.8255505011083866,-0.055981976352669355,-0.17219200521082642
target/N.mat::w0006,9.9218338012351,10.662396604223789,27.614812627701312,3.165347779348069,0.010962052104438635,0.5516416482018485
target/N.mat::w0007,10.05252767140965,10.656233607595032,26.09656403923058,2.644112396263893,0.32840414493151643,0.4466183270442273
target/O.mat::w0000,1.7449899889458163,1.9490549333514986,1.7052975751731005,-0.09680530890599695,-0.6238097792991913,0.050570110740794545
target/O.mat::w0001,1.7169577079791882,1.9152683205896768,1.1694755528558116,-0.8130775031086708,-0.634117493606624,-0.5525409864417136
target/O.mat::w0002,1.730117880711888,1.9503875034368634,1.1918158118139703,-0.8215207813798138,-0.6500246947754198,-0.449179874181207
target/O.mat::w0003,1.69811705761997,1.9061567319413033,1.3503570665789384,-0.4932589126772076,-0.6431489578640618,-0.009691168426879553
target/O.mat::w0004,1.6455295538821,1.8503480209315644,1.3512777231992161,-0.6218413003371159,-0.6294709090942272,0.05706869757378946
target/O.mat::w0005,1.7272843437977214,1.9345259931271506,1.6326729282710737,-0.4867680010066106,-0.6302951420416806,0.19909822714097133
target/O.mat::w0006,1.6699957504838825,1.8803458032531974,1.2747765900841492,-0.6350730479145926,-0.6370705251504404,0.2853366390960652
target/O.mat::w0007,1.7615444798016393,1.9859010599369709,1.3064670063883816,-0.7347511823303059,-0.6613000641533565,-0.1373755264916316
target/P.mat::w0000,12.391261726445435,13.399136456354189,9.649318324793988,-0.8422229423701924,-0.6846450654191525,-0.37908443380950785
target/P.mat::w0001,12.324421565958431,13.26727176772612,9.459211257665359,-0.8909927422396356,-0.6800555716780379,-0.1677144951981612
target/P.mat::w0002,11.991164804634245,12.96759724238152,10.105183808042737,-0.6515401485099296,-0.6807160096428878,-0.4197595782027812
target/P.mat::w0003,12.105179422012524,13.10978626761816,9.438247914619518,-0.8702750073694178,-0.6891581733721197,-0.20709837394717848
target/P.mat::w0004,12.344897268264706,13.309257033639135,9.942834797125451,-0.8362410390114685,-0.6698337370655038,-0.0979078018640297
target/P.mat::w0005,12.212319684566562,13.146352689405298,9.241421391421563,-0.9371389105698817,-0.6795640624494375,0.058362954260466525
target/P.mat::w0006,12.058005664417285,13.029704114906023,8.909514703819914,-0.9062912545232414,-0.6868599789270307,-0.047933856045890656
target/P.mat::w0007,12.48247130382281,13.48569806986165,10.049494105067556,-0.8604771455088602,-0.6819523642487098,-0.11977607450037862
