window_id,file_id,group_id,domain,split,label_code,label_known,window_index,start_sample,end_sample_exclusive,start_seconds,end_seconds,window_mean_before_center,suspected_clipping_points_original,filter_boundary_flag,file_equal_weight,ac_rms,mean_abs,peak_to_peak,crest_factor,kurtosis_pearson,skewness
source/12kHz_DE_data/B/0007/B007_0.mat::w0000,source/12kHz_DE_data/B/0007/B007_0.mat,source/12kHz_DE_data/B/0007/B007_0.mat,source,validation,3,True,0,0,12000,0,1,0.0022438754981703238,0,False,0.125,0.13690125682977103,0.10912424375527556,1.0384477844311375,3.8541647236302286,2.9828432601578316,-0.04037914394786087
source/12kHz_DE_data/B/0007/B007_0.mat::w0001,source/12kHz_DE_data/B/0007/B007_0.mat,source/12kHz_DE_data/B/0007/B007_0.mat,source,validation,3,True,1,12000,24000,1,2,0.001847642071689951,0,False,0.125,0.13873420263334516,0.11100497188885561,1.1250257085828346,4.127051236083962,2.903265004387571,0.0037210740362471763
source/12kHz_DE_data/B/0007/B007_0.mat::w0002,source/12kHz_DE_data/B/0007/B007_0.mat,source/12kHz_DE_data/B/0007/B007_0.mat,source,validation,3,True,2,24000,36000,2,3,0.0006754695666999314,0,False,0.125,0.13855406326016323,0.1104496925280805,1.067686107784431,4.176346149562303,2.9852345331078887,-0.0011298626820105302
source/12kHz_DE_data/B/0007/B007_0.mat::w0003,source/12kHz_DE_data/B/0007/B007_0.mat,source/12kHz_DE_data/B/0007/B007_0.mat,source,validation,3,True,3,36000,48000,3,4,-8.030048320026853e-05,0,False,0.125,0.1366285932906246,0.10939764145804226,1.1456549700598804,4.535585225368337,2.965271275003864,-0.025340787597385585
source/12kHz_DE_data/B/0007/B007_0.mat::w0004,source/12kHz_DE_data/B/0007/B007_0.mat,source/12kHz_DE_data/B/0007/B007_0.mat,source,validation,3,True,4,48000,60000,4,5,-0.000599510839155026,0,False,0.125,0.13642622484960942,0.10881229357924595,1.0348742115768463,4.117019168615703,2.9351749307906814,-0.010481502257269407
source/12kHz_DE_data/B/0007/B007_0.mat::w0005,source/12kHz_DE_data/B/0007/B007_0.mat,source/12kHz_DE_data/B/0007/B007_0.mat,source,validation,3,True,5,60000,72000,5,6,-0.0009661133907185654,0,False,0.125,0.13729827886798154,0.10989142523400698,1.0896148502994012,4.30352061759691,2.923600567970414,-0.002538959424435628
source/12kHz_DE_data/B/0007/B007_0.mat::w0006,source/12kHz_DE_data/B/0007/B007_0.mat,source/12kHz_DE_data/B/0007/B007_0.mat,source,validation,3,True,6,72000,84000,6,7,-0.0015182574692282126,0,False,0.125,0.1382149627429689,0.1103157639311294,1.0410467465069861,3.8193375946206474,2.9879477198750712,0.011473278029604055
source/12kHz_DE_data/B/0007/B007_0.mat::w0007,source/12kHz_DE_data/B/0007/B007_0.mat,source/12kHz_DE_data/B/0007/B007_0.mat,source,validation,3,True,7,84000,96000,7,8,-0.001602804954258153,0,False,0.125,0.1394774684919216,0.11169176112658682,1.1235637924151696,4.077990885048107,2.983586633353761,0.008730484402697174
source/12kHz_DE_data/B/0007/B007_1.mat::w0000,source/12kHz_DE_data/B/0007/B007_1.mat,source/12kHz_DE_data/B/0007/B007_1.mat,source,test,3,True,0,0,12000,0,1,-0.00018860410595475548,0,False,0.125,0.13906761742654788,0.11078528698043136,1.2310958483033931,4.573598360800294,3.09234062199159,0.00548345742250564
source/12kHz_DE_data/B/0007/B007_1.mat::w0001,source/12kHz_DE_data/B/0007/B007_1.mat,source/12kHz_DE_data/B/0007/B007_1.mat,source,test,3,True,1,12000,24000,1,2,-0.00041415881986027806,0,False,0.125,0.1348589321808131,0.10779832729563539,1.053229381237525,3.906085704575186,2.9720549636655273,0.03844267805216218
source/12kHz_DE_data/B/0007/B007_1.mat::w0002,source/12kHz_DE_data/B/0007/B007_1.mat,source/12kHz_DE_data/B/0007/B007_1.mat,source,test,3,True,2,24000,36000,2,3,-9.280798819028509e-05,0,False,0.125,0.13963737014338387,0.11143959734104347,1.251075369261477,4.750697976684467,2.97955997717726,0.02646216307406119
source/12kHz_DE_data/B/0007/B007_1.mat::w0003,source/12kHz_DE_data/B/0007/B007_1.mat,source/12kHz_DE_data/B/0007/B007_1.mat,source,test,3,True,3,36000,48000,3,4,0.0001446180264471071,0,False,0.125,0.14022049930850458,0.11198265866074185,1.0300011576846306,3.6902837535936364,2.9956737404721485,0.01177410323164625
source/12kHz_DE_data/B/0007/B007_1.mat::w0004,source/12kHz_DE_data/B/0007/B007_1.mat,source/12kHz_DE_data/B/0007/B007_1.mat,source,test,3,True,4,48000,60000,4,5,0.0001968950657019309,0,False,0.125,0.13872684208207436,0.11112425864412508,1.0399097005988023,3.9725342383803657,2.962138747551439,0.007906854678000404
source/12kHz_DE_data/B/0007/B007_1.mat::w0005,source/12kHz_DE_data/B/0007/B007_1.mat,source/12kHz_DE_data/B/0007/B007_1.mat,source,test,3,True,5,60000,72000,5,6,2.865288007318823e-05,0,False,0.125,0.14037269588305124,0.11255293928476381,1.0415340518962075,3.7380242508918986,2.913159961131294,-0.0006956784876790089
source/12kHz_DE_data/B/0007/B007_1.mat::w0006,source/12kHz_DE_data/B/0007/B007_1.mat,source/12kHz_DE_data/B/0007/B007_1.mat,source,test,3,True,6,72000,84000,6,7,0.00010409046157684763,0,False,0.125,0.14027628882268028,0.11225422920292748,1.0775946506986027,4.035684128561285,2.9823781953035504,-0.015405797742308597
source/12kHz_DE_data/B/0007/B007_1.mat::w0007,source/12kHz_DE_data/B/0007/B007_1.mat,source/12kHz_DE_data/B/0007/B007_1.mat,source,test,3,True,7,84000,96000,7,8,0.00022131448020625528,0,False,0.125,0.13755101612152393,0.11062303397205589,0.9445602794411178,3.4342327410343354,2.8526042473533018,-0.010249087143471454
source/12kHz_DE_data/B/0007/B007_2.mat::w0000,source/12kHz_DE_data/B/0007/B007_2.mat,source/12kHz_DE_data/B/0007/B007_2.mat,source,train,3,True,0,0,12000,0,1,0.00022981525199600858,0,False,0.125,0.14654074173660628,0.11850701590828898,1.084579361277445,3.7364381863458886,2.774361345561799,0.02425524584302255
source/12kHz_DE_data/B/0007/B007_2.mat::w0001,source/12kHz_DE_data/B/0007/B007_2.mat,source/12kHz_DE_data/B/0007/B007_2.mat,source,train,3,True,1,12000,24000,1,2,0.0003185860503992018,0,False,0.125,0.15067645162478668,0.12097693051545798,1.0351990818363275,3.4774542248416296,2.800232623919544,0.03122433829899559
source/12kHz_DE_data/B/0007/B007_2.mat::w0002,source/12kHz_DE_data/B/0007/B007_2.mat,source/12kHz_DE_data/B/0007/B007_2.mat,source,train,3,True,2,24000,36000,2,3,0.00014450973636061256,0,False,0.125,0.14960836114045006,0.11994449130574185,1.1349342514970058,4.010002088111799,2.896537058581278,0.0286029842840027
source/12kHz_DE_data/B/0007/B007_2.mat::w0003,source/12kHz_DE_data/B/0007/B007_2.mat,source/12kHz_DE_data/B/0007/B007_2.mat,source,train,3,True,3,36000,48000,3,4,0.00023559523536260827,0,False,0.125,0.1465185462766658,0.11718619177417387,1.048843632734531,3.6465234903863175,2.870400886178435,0.040739958795498486
source/12kHz_DE_data/B/0007/B007_2.mat::w0004,source/12kHz_DE_data/B/0007/B007_2.mat,source/12kHz_DE_data/B/0007/B007_2.mat,source,train,3,True,4,48000,60000,4,5,2.1681705755156683e-05,0,False,0.125,0.1474461197302845,0.11843911446853295,1.0490060678642714,3.7127032408057943,2.842694593258236,0.04030035000685101
source/12kHz_DE_data/B/0007/B007_2.mat::w0005,source/12kHz_DE_data/B/0007/B007_2.mat,source/12kHz_DE_data/B/0007/B007_2.mat,source,train,3,True,5,60000,72000,5,6,-0.00020712171074517623,0,False,0.125,0.14784174969453295,0.11878284836023952,1.0818179640718564,3.810890352233374,2.8495134087044254,0.04848980368440978
source/12kHz_DE_data/B/0007/B007_2.mat::w0006,source/12kHz_DE_data/B/0007/B007_2.mat,source/12kHz_DE_data/B/0007/B007_2.mat,source,train,3,True,6,72000,84000,6,7,-0.0004667878018962071,0,False,0.125,0.14564357416890372,0.1170725939934775,1.1040715768463074,3.8375933930953567,2.9062925057987106,0.030435986054321636
source/12kHz_DE_data/B/0007/B007_2.mat::w0007,source/12kHz_DE_data/B/0007/B007_2.mat,source/12kHz_DE_data/B/0007/B007_2.mat,source,train,3,True,7,84000,96000,7,8,-0.000276278467232202,0,False,0.125,0.14569237383772174,0.11675318005634287,1.0329249900199602,3.56544354712483,2.845337803586373,0.02602730947002463
source/12kHz_DE_data/B/0007/B007_3.mat::w0000,source/12kHz_DE_data/B/0007/B007_3.mat,source/12kHz_DE_data/B/0007/B007_3.mat,source,train,3,True,0,0,12000,0,1,-0.00034535062208915446,0,False,0.125,0.15425138961570597,0.12434969137265746,1.1688831936127744,3.9768258955093994,2.853558134947943,0.012425606427974925
source/12kHz_DE_data/B/0007/B007_3.mat::w0001,source/12kHz_DE_data/B/0007/B007_3.mat,source/12kHz_DE_data/B/0007/B007_3.mat,source,train,3,True,1,12000,24000,1,2,-0.00020412681304058492,0,False,0.125,0.15491277152879349,0.1247159486976813,1.0431584031936127,3.516512940492387,2.7861561769376864,0.023651843412485343
source/12kHz_DE_data/B/0007/B007_3.mat::w0002,source/12kHz_DE_data/B/0007/B007_3.mat,source/12kHz_DE_data/B/0007/B007_3.mat,source,train,3,True,2,24000,36000,2,3,-0.0002835034464404517,0,False,0.125,0.15438188771584987,0.12429272405738413,1.173431377245509,3.82267345147224,2.8497452762539965,0.020740171447916116
source/12kHz_DE_data/B/0007/B007_3.mat::w0003,source/12kHz_DE_data/B/0007/B007_3.mat,source/12kHz_DE_data/B/0007/B007_3.mat,source,train,3,True,3,36000,48000,3,4,-6.455442781104445e-05,0,False,0.125,0.1558786262284322,0.12455810418775115,1.1661217964071855,4.041318845646047,2.908190024807994,0.009527187320027011
source/12kHz_DE_data/B/0007/B007_3.mat::w0004,source/12kHz_DE_data/B/0007/B007_3.mat,source/12kHz_DE_data/B/0007/B007_3.mat,source,train,3,True,4,48000,60000,4,5,3.767141383898922e-05,0,False,0.125,0.1587309261351579,0.12788324803493956,1.1159293413173652,3.6473498208766517,2.796489256167133,-0.0010996408468799419
source/12kHz_DE_data/B/0007/B007_3.mat::w0005,source/12kHz_DE_data/B/0007/B007_3.mat,source/12kHz_DE_data/B/0007/B007_3.mat,source,train,3,True,5,60000,72000,5,6,0.00025430573186959447,0,False,0.125,0.15344964676768583,0.12224335635416668,1.3920690618762475,4.724505959315449,3.1103422552733004,0.03511881081717579
source/12kHz_DE_data/B/0007/B007_3.mat::w0006,source/12kHz_DE_data/B/0007/B007_3.mat,source/12kHz_DE_data/B/0007/B007_3.mat,source,train,3,True,6,72000,84000,6,7,0.00029376393213572917,0,False,0.125,0.15258109311608542,0.12154577436917278,1.1748932934131737,4.049243429431742,2.9956239223418137,0.023549540072763976
source/12kHz_DE_data/B/0007/B007_3.mat::w0007,source/12kHz_DE_data/B/0007/B007_3.mat,source/12kHz_DE_data/B/0007/B007_3.mat,source,train,3,True,7,84000,96000,7,8,0.00031179423153692695,0,False,0.125,0.14847845475095195,0.11884905016903971,1.1752181636726546,3.975027807169095,2.904310648549405,0.029290414190054723
source/12kHz_DE_data/B/0014/B014_0.mat::w0000,source/12kHz_DE_data/B/0014/B014_0.mat,source/12kHz_DE_data/B/0014/B014_0.mat,source,train,3,True,0,0,12000,0,1,0.00032025101047904094,0,False,0.125,0.19497396691016244,0.1258332564770459,3.8068297005988025,10.078584953823738,15.730234776864144,0.12353914287720333
source/12kHz_DE_data/B/0014/B014_0.mat::w0001,source/12kHz_DE_data/B/0014/B014_0.mat,source/12kHz_DE_data/B/0014/B014_0.mat,source,train,3,True,1,12000,24000,1,2,0.0003645551921157682,0,False,0.125,0.13196638018629386,0.08946113482709468,2.896380798403194,11.16317512212225,15.494339790401137,0.1011523640300823
source/12kHz_DE_data/B/0014/B014_0.mat::w0002,source/12kHz_DE_data/B/0014/B014_0.mat,source/12kHz_DE_data/B/0014/B014_0.mat,source,train,3,True,2,24000,36000,2,3,0.00041852426397205676,0,False,0.125,0.13958000855810823,0.09055639986606787,4.224612854291418,16.163110977245697,33.359783677184524,0.6296362914347107
source/12kHz_DE_data/B/0014/B014_0.mat::w0003,source/12kHz_DE_data/B/0014/B014_0.mat,source/12kHz_DE_data/B/0014/B014_0.mat,source,train,3,True,3,36000,48000,3,4,2.6663049733865875e-05,0,False,0.125,0.09417640618651811,0.07068142725614326,1.3478867065868263,7.845540009330879,6.358020992134055,-0.030390162116496807
source/12kHz_DE_data/B/0014/B014_0.mat::w0004,source/12kHz_DE_data/B/0014/B014_0.mat,source/12kHz_DE_data/B/0014/B014_0.mat,source,train,3,True,4,48000,60000,4,5,-0.0004811362383566191,0,False,0.125,0.09448807200145158,0.07113030654212077,2.1348849101796405,11.58755690190655,10.339785629403268,0.055460916152146725
source/12kHz_DE_data/B/0014/B014_0.mat::w0005,source/12kHz_DE_data/B/0014/B014_0.mat,source/12kHz_DE_data/B/0014/B014_0.mat,source,train,3,True,5,60000,72000,5,6,-0.00043668315785096466,0,False,0.125,0.13872100947234728,0.0905258133040652,3.9783611976047903,16.392311973677476,27.565691294681752,0.4367418197384827
source/12kHz_DE_data/B/0014/B014_0.mat::w0006,source/12kHz_DE_data/B/0014/B014_0.mat,source/12kHz_DE_data/B/0014/B014_0.mat,source,train,3,True,6,72000,84000,6,7,-0.00019672586244178335,0,False,0.125,0.16632621231785621,0.10966074878930585,3.0013138922155687,9.783342434335088,12.059168999159466,0.15917200964264855
source/12kHz_DE_data/B/0014/B014_0.mat::w0007,source/12kHz_DE_data/B/0014/B014_0.mat,source/12kHz_DE_data/B/0014/B014_0.mat,source,train,3,True,7,84000,96000,7,8,-1.544825765136516e-05,0,False,0.125,0.1856537923653047,0.12402996934797071,4.074847664670658,11.803392896566573,15.119406140048381,0.3499996560973772
source/12kHz_DE_data/B/0014/B014_1.mat::w0000,source/12kHz_DE_data/B/0014/B014_1.mat,source/12kHz_DE_data/B/0014/B014_1.mat,source,train,3,True,0,0,12000,0,1,-1.9615733948770796e-05,0,False,0.125,0.1425640015562561,0.09979044217969726,2.5123841516966072,9.022336551055822,9.19724483728523,0.004474069509587949
source/12kHz_DE_data/B/0014/B014_1.mat::w0001,source/12kHz_DE_data/B/0014/B014_1.mat,source/12kHz_DE_data/B/0014/B014_1.mat,source,train,3,True,1,12000,24000,1,2,3.324336452095734e-05,0,False,0.125,0.17498668255996608,0.11823515199472277,2.4896432335329344,7.477165803178149,8.44780970294799,-0.030170915508603447
source/12kHz_DE_data/B/0014/B014_1.mat::w0002,source/12kHz_DE_data/B/0014/B014_1.mat,source/12kHz_DE_data/B/0014/B014_1.mat,source,train,3,True,2,24000,36000,2,3,-3.84446727378597e-05,0,False,0.125,0.1232013156227011,0.08988316119697606,1.6790919361277445,6.985814468755997,6.416460351907486,0.05010674292340463
source/12kHz_DE_data/B/0014/B014_1.mat::w0003,source/12kHz_DE_data/B/0014/B014_1.mat,source/12kHz_DE_data/B/0014/B014_1.mat,source,train,3,True,3,36000,48000,3,4,1.8353477628075408e-05,0,False,0.125,0.12908040841397445,0.09277907028376246,2.0226422355289424,8.09298446832298,7.223736013968125,0.09459502860361735
source/12kHz_DE_data/B/0014/B014_1.mat::w0004,source/12kHz_DE_data/B/0014/B014_1.mat,source/12kHz_DE_data/B/0014/B014_1.mat,source,train,3,True,4,48000,60000,4,5,7.233608574517544e-05,0,False,0.125,0.16675145853337864,0.11438943250852185,2.5962006786427145,8.00705563057782,8.989936445617762,0.02944953450914797
source/12kHz_DE_data/B/0014/B014_1.mat::w0005,source/12kHz_DE_data/B/0014/B014_1.mat,source/12kHz_DE_data/B/0014/B014_1.mat,source,train,3,True,5,60000,72000,5,6,-0.00018245695151364137,0,False,0.125,0.13368391152820053,0.09280130712510978,1.9394754491017963,7.74558541758537,8.360962091013295,0.05309183554353639
source/12kHz_DE_data/B/0014/B014_1.mat::w0006,source/12kHz_DE_data/B/0014/B014_1.mat,source/12kHz_DE_data/B/0014/B014_1.mat,source,train,3,True,6,72000,84000,6,7,-2.1767999417832845e-05,0,False,0.125,0.12446559684601735,0.08940233573763139,1.8707653892215568,7.557078562971533,7.931422998501902,-0.02349652734582897
source/12kHz_DE_data/B/0014/B014_1.mat::w0007,source/12kHz_DE_data/B/0014/B014_1.mat,source/12kHz_DE_data/B/0014/B014_1.mat,source,train,3,True,7,84000,96000,7,8,0.00013835242972388336,0,False,0.125,0.12563524485380698,0.08834687541140886,1.8746638323353295,7.486704707316807,8.925163312281674,0.00887947379258234
source/12kHz_DE_data/B/0014/B014_2.mat::w0000,source/12kHz_DE_data/B/0014/B014_2.mat,source/12kHz_DE_data/B/0014/B014_2.mat,source,train,3,True,0,0,12000,0,1,0.0002479555335163011,0,False,0.125,0.14281135278181314,0.09601816054062987,3.122490499001996,12.84427138430658,17.46032316961718,0.39841021680096145
source/12kHz_DE_data/B/0014/B014_2.mat::w0001,source/12kHz_DE_data/B/0014/B014_2.mat,source/12kHz_DE_data/B/0014/B014_2.mat,source,train,3,True,1,12000,24000,1,2,0.00016860597263805837,0,False,0.125,0.1531548597745637,0.10856664377178754,2.7974578043912173,9.610089513555478,9.042802376517072,0.06743917291365929
source/12kHz_DE_data/B/0014/B014_2.mat::w0002,source/12kHz_DE_data/B/0014/B014_2.mat,source/12kHz_DE_data/B/0014/B014_2.mat,source,train,3,True,2,24000,36000,2,3,0.0004544376559381252,0,False,0.125,0.17452255794959323,0.1228052742740031,2.589703273453094,8.075365397192543,7.615639297788649,0.01135445730909723
source/12kHz_DE_data/B/0014/B014_2.mat::w0003,source/12kHz_DE_data/B/0014/B014_2.mat,source/12kHz_DE_data/B/0014/B014_2.mat,source,train,3,True,3,36000,48000,3,4,0.0003209295155522284,0,False,0.125,0.11794483330255598,0.0827297533953055,2.6757938922155686,13.166300801099075,12.437787331844476,0.29643895709106177
source/12kHz_DE_data/B/0014/B014_2.mat::w0004,source/12kHz_DE_data/B/0014/B014_2.mat,source/12kHz_DE_data/B/0014/B014_2.mat,source,train,3,True,4,48000,60000,4,5,-0.00021222318903858965,0,False,0.125,0.11317559758450674,0.08419471655046241,1.3646175249500998,6.741921234517249,5.215700278059085,0.03818257656067976
source/12kHz_DE_data/B/0014/B014_2.mat::w0005,source/12kHz_DE_data/B/0014/B014_2.mat,source/12kHz_DE_data/B/0014/B014_2.mat,source,train,3,True,5,60000,72000,5,6,-0.00026940035470725054,0,False,0.125,0.16612165599882964,0.11669162445175205,2.428405189620759,8.383474726702081,7.984945726975131,0.22648112515144514
source/12kHz_DE_data/B/0014/B014_2.mat::w0006,source/12kHz_DE_data/B/0014/B014_2.mat,source/12kHz_DE_data/B/0014/B014_2.mat,source,train,3,True,6,72000,84000,6,7,-0.0003888713926314026,0,False,0.125,0.1574308255603233,0.11140425667729652,3.1980228343313373,11.48531614423685,10.211168240140717,0.2075103176158179
source/12kHz_DE_data/B/0014/B014_2.mat::w0007,source/12kHz_DE_data/B/0014/B014_2.mat,source/12kHz_DE_data/B/0014/B014_2.mat,source,train,3,True,7,84000,96000,7,8,-0.00032143374126746444,0,False,0.125,0.14412501553051962,0.1051544399042626,2.355959121756487,8.433733776121223,6.574946900614093,0.030513139726085457
source/12kHz_DE_data/B/0014/B014_3.mat::w0000,source/12kHz_DE_data/B/0014/B014_3.mat,source/12kHz_DE_data/B/0014/B014_3.mat,source,train,3,True,0,0,12000,0,1,-3.0031886643379113e-05,0,False,0.125,0.1408035914638114,0.09482225985029387,3.7020590419161676,14.095259374060715,22.879067877124164,0.19532723450223569
source/12kHz_DE_data/B/0014/B014_3.mat::w0001,source/12kHz_DE_data/B/0014/B014_3.mat,source/12kHz_DE_data/B/0014/B014_3.mat,source,train,3,True,1,12000,24000,1,2,-0.00023239898577844282,0,False,0.125,0.11766136336191624,0.08658776054634064,1.8049791616766466,7.6737698862866806,6.642686785346557,0.024800986688654596
source/12kHz_DE_data/B/0014/B014_3.mat::w0002,source/12kHz_DE_data/B/0014/B014_3.mat,source/12kHz_DE_data/B/0014/B014_3.mat,source,train,3,True,2,24000,36000,2,3,-2.997774160013215e-05,0,False,0.125,0.16814088030894292,0.10573403134150587,3.1473430738522956,10.956333023648643,17.62611178202986,0.3433134843932612
source/12kHz_DE_data/B/0014/B014_3.mat::w0003,source/12kHz_DE_data/B/0014/B014_3.mat,source/12kHz_DE_data/B/0014/B014_3.mat,source,train,3,True,3,36000,48000,3,4,-4.3189132152360855e-05,0,False,0.125,0.1409721106085754,0.09229323247788977,2.886147385229541,10.410891029632232,15.446542752371027,0.23040657166052847
source/12kHz_DE_data/B/0014/B014_3.mat::w0004,source/12kHz_DE_data/B/0014/B014_3.mat,source/12kHz_DE_data/B/0014/B014_3.mat,source,train,3,True,4,48000,60000,4,5,4.5121433383234306e-05,0,False,0.125,0.1577565409062488,0.10464388062222554,2.9436494211576845,10.023429475140917,13.328238099239439,0.2645822169208836
source/12kHz_DE_data/B/0014/B014_3.mat::w0005,source/12kHz_DE_data/B/0014/B014_3.mat,source/12kHz_DE_data/B/0014/B014_3.mat,source,train,3,True,5,60000,72000,5,6,0.00029031726172654745,0,False,0.125,0.1351123232589051,0.09528922191349966,2.1967726946107784,9.711817507220468,9.79828273691573,0.2062449537079324
source/12kHz_DE_data/B/0014/B014_3.mat::w0006,source/12kHz_DE_data/B/0014/B014_3.mat,source/12kHz_DE_data/B/0014/B014_3.mat,source,train,3,True,6,72000,84000,6,7,8.227846931137734e-05,0,False,0.125,0.10856956602921046,0.0823896764079308,1.1463047105788422,5.395827599887513,4.521414669714549,-0.08879448630007383
source/12kHz_DE_data/B/0014/B014_3.mat::w0007,source/12kHz_DE_data/B/0014/B014_3.mat,source/12kHz_DE_data/B/0014/B014_3.mat,source,train,3,True,7,84000,96000,7,8,-8.211941824683856e-05,0,False,0.125,0.1323532736137282,0.09487684276901752,1.9401251896207583,7.4747887071588925,7.443644664047411,-0.11301456009147838
source/12kHz_DE_data/B/0021/B021_0.mat::w0000,source/12kHz_DE_data/B/0021/B021_0.mat,source/12kHz_DE_data/B/0021/B021_0.mat,source,train,3,True,0,0,12000,0,1,-0.026952505750998,0,False,0.125,0.11691550780488397,0.09050729024416167,1.1060207984031938,5.079924222721208,3.8044552970088836,0.011823419652382247
source/12kHz_DE_data/B/0021/B021_0.mat::w0001,source/12kHz_DE_data/B/0021/B021_0.mat,source/12kHz_DE_data/B/0021/B021_0.mat,source,train,3,True,1,12000,24000,1,2,-0.0035305647696274103,0,False,0.125,0.12259584254505898,0.09545350623182969,1.074183512974052,4.740134861795413,3.6056538317140068,0.00917663871011294
source/12kHz_DE_data/B/0021/B021_0.mat::w0002,source/12kHz_DE_data/B/0021/B021_0.mat,source/12kHz_DE_data/B/0021/B021_0.mat,source,train,3,True,2,24000,36000,2,3,0.008388843833167002,0,False,0.125,0.12603896890431693,0.09784322733286759,1.6186660678642715,6.919484045920344,4.122870818120681,-0.01945872347302764
source/12kHz_DE_data/B/0021/B021_0.mat::w0003,source/12kHz_DE_data/B/0021/B021_0.mat,source/12kHz_DE_data/B/0021/B021_0.mat,source,train,3,True,3,36000,48000,3,4,0.009456462259647374,0,False,0.125,0.15470671072460615,0.10865141765077956,2.953720399201597,10.064337620990852,11.276558348641219,0.05449287578353933
source/12kHz_DE_data/B/0021/B021_0.mat::w0004,source/12kHz_DE_data/B/0021/B021_0.mat,source/12kHz_DE_data/B/0021/B021_0.mat,source,train,3,True,4,48000,60000,4,5,0.0071230410121423835,0,False,0.125,0.14180048424950667,0.10271057890826903,3.181292015968064,11.49740884552153,11.029138495026894,0.027786500869143936
source/12kHz_DE_data/B/0021/B021_0.mat::w0005,source/12kHz_DE_data/B/0021/B021_0.mat,source/12kHz_DE_data/B/0021/B021_0.mat,source,train,3,True,5,60000,72000,5,6,0.00455717509397871,0,False,0.125,0.17118551354476638,0.11739890902770792,3.1702464271457087,9.606826949855837,11.996467748764559,-0.04383380747354503
source/12kHz_DE_data/B/0021/B021_0.mat::w0006,source/12kHz_DE_data/B/0021/B021_0.mat,source/12kHz_DE_data/B/0021/B021_0.mat,source,train,3,True,6,72000,84000,6,7,0.0015665548478043928,0,False,0.125,0.14400611751516237,0.10854996992303392,1.5629508183632734,5.910655262320961,4.629102434550092,-0.0058761229414967565
source/12kHz_DE_data/B/0021/B021_0.mat::w0007,source/12kHz_DE_data/B/0021/B021_0.mat,source/12kHz_DE_data/B/0021/B021_0.mat,source,train,3,True,7,84000,96000,7,8,-0.0006090065261144356,0,False,0.125,0.11725680363111932,0.09123428685553783,1.0405594411177645,4.536203378263147,3.5790709057665,-0.06638916870551892
source/12kHz_DE_data/B/0021/B021_1.mat::w0000,source/12kHz_DE_data/B/0021/B021_1.mat,source/12kHz_DE_data/B/0021/B021_1.mat,source,validation,3,True,0,0,12000,0,1,4.9129858616099386e-05,0,False,0.125,0.11130027869633548,0.08645338174463518,1.0498182435129741,4.969152063280693,3.695368662840701,-0.040508749291417505
source/12kHz_DE_data/B/0021/B021_1.mat::w0001,source/12kHz_DE_data/B/0021/B021_1.mat,source/12kHz_DE_data/B/0021/B021_1.mat,source,validation,3,True,1,12000,24000,1,2,0.00015076010479041734,0,False,0.125,0.106719080450654,0.08406829457493015,0.8639924550898204,4.08257093079284,3.3617085086199654,0.021756191084518556
source/12kHz_DE_data/B/0021/B021_1.mat::w0002,source/12kHz_DE_data/B/0021/B021_1.mat,source/12kHz_DE_data/B/0021/B021_1.mat,source,validation,3,True,2,24000,36000,2,3,0.00019963954258150177,0,False,0.125,0.12549435030261705,0.0929804752909043,2.549256926147705,10.470001872670574,9.803112096279003,0.10449501857523733
source/12kHz_DE_data/B/0021/B021_1.mat::w0003,source/12kHz_DE_data/B/0021/B021_1.mat,source/12kHz_DE_data/B/0021/B021_1.mat,source,validation,3,True,3,36000,48000,3,4,0.00041936012807717725,0,False,0.125,0.10816219444827926,0.08507018365774563,0.8719517764471059,4.097476049202164,3.373562865082958,-0.01314309212414314
source/12kHz_DE_data/B/0021/B021_1.mat::w0004,source/12kHz_DE_data/B/0021/B021_1.mat,source/12kHz_DE_data/B/0021/B021_1.mat,source,validation,3,True,4,48000,60000,4,5,8.803307218895374e-05,0,False,0.125,0.10872983648176078,0.08591635917648925,0.9343268662674651,4.324362156336425,3.316359355911148,-0.041986056508914134
source/12kHz_DE_data/B/0021/B021_1.mat::w0005,source/12kHz_DE_data/B/0021/B021_1.mat,source/12kHz_DE_data/B/0021/B021_1.mat,source,validation,3,True,5,60000,72000,5,6,-0.0003207078592814385,0,False,0.125,0.14292993960361783,0.10306303081972722,2.8882590419161676,10.289719767383104,11.404519374907684,-0.0033410920958383875
source/12kHz_DE_data/B/0021/B021_1.mat::w0006,source/12kHz_DE_data/B/0021/B021_1.mat,source/12kHz_DE_data/B/0021/B021_1.mat,source,validation,3,True,6,72000,84000,6,7,-0.00017034707418496479,0,False,0.125,0.13553885251664233,0.09699039414863052,2.7308594011976046,10.805378215260433,11.362596781367143,0.010027670490257472
source/12kHz_DE_data/B/0021/B021_1.mat::w0007,source/12kHz_DE_data/B/0021/B021_1.mat,source/12kHz_DE_data/B/0021/B021_1.mat,source,validation,3,True,7,84000,96000,7,8,-0.00041586777278775934,0,False,0.125,0.14135945435228406,0.10140285468006209,2.432303632734531,8.891355195834159,9.106721069361207,-0.025368552579409672
source/12kHz_DE_data/B/0021/B021_2.mat::w0000,source/12kHz_DE_data/B/0021/B021_2.mat,source/12kHz_DE_data/B/0021/B021_2.mat,source,validation,3,True,0,0,12000,0,1,0.00012967230247837725,0,False,0.125,0.10459342798062637,0.08296105601389554,0.8126629540918164,3.946066275682492,3.1971868135606,-0.015183393036967472
source/12kHz_DE_data/B/0021/B021_2.mat::w0001,source/12kHz_DE_data/B/0021/B021_2.mat,source/12kHz_DE_data/B/0021/B021_2.mat,source,validation,3,True,1,12000,24000,1,2,0.0003217789159181641,0,False,0.125,0.10785181223486659,0.08506730042291251,0.8716269061876247,4.153946829137594,3.3103214700460337,0.02309824981768995
source/12kHz_DE_data/B/0021/B021_2.mat::w0002,source/12kHz_DE_data/B/0021/B021_2.mat,source/12kHz_DE_data/B/0021/B021_2.mat,source,validation,3,True,2,24000,36000,2,3,0.0005255808586992684,0,False,0.125,0.10577243574367759,0.08347020262693779,0.9075250698602795,4.810830775153115,3.224476618169491,0.033925479402493415
source/12kHz_DE_data/B/0021/B021_2.mat::w0003,source/12kHz_DE_data/B/0021/B021_2.mat,source/12kHz_DE_data/B/0021/B021_2.mat,source,validation,3,True,3,36000,48000,3,4,0.00015468731245841703,0,False,0.125,0.10750744461973213,0.0851235134345642,0.8454748502994012,3.9902467220793545,3.183119631079834,0.015168428197730243
source/12kHz_DE_data/B/0021/B021_2.mat::w0004,source/12kHz_DE_data/B/0021/B021_2.mat,source/12kHz_DE_data/B/0021/B021_2.mat,source,validation,3,True,4,48000,60000,4,5,-4.1493715485694824e-05,0,False,0.125,0.10788764568518287,0.08522602295563206,0.8927434730538921,4.376986038606734,3.2431161712487397,-0.03095055001642667
source/12kHz_DE_data/B/0021/B021_2.mat::w0005,source/12kHz_DE_data/B/0021/B021_2.mat,source/12kHz_DE_data/B/0021/B021_2.mat,source,validation,3,True,5,60000,72000,5,6,-0.00024062564828675922,0,False,0.125,0.10674023972508162,0.08398230497277002,0.8807232734530938,4.228459043766585,3.2352594736772153,-0.04931485666695633
source/12kHz_DE_data/B/0021/B021_2.mat::w0006,source/12kHz_DE_data/B/0021/B021_2.mat,source/12kHz_DE_data/B/0021/B021_2.mat,source,validation,3,True,6,72000,84000,6,7,-0.00029723429100133014,0,False,0.125,0.1070038555627121,0.0843957652584032,0.8951800000000001,4.508974613387015,3.2598692014063237,-0.014699616408546131
source/12kHz_DE_data/B/0021/B021_2.mat::w0007,source/12kHz_DE_data/B/0021/B021_2.mat,source/12kHz_DE_data/B/0021/B021_2.mat,source,validation,3,True,7,84000,96000,7,8,-0.0005523657347804389,0,False,0.125,0.11167296367666489,0.08743300293843315,1.1763552095808385,5.74448523260548,3.6410117564243833,0.04227630634739996
source/12kHz_DE_data/B/0021/B021_3.mat::w0000,source/12kHz_DE_data/B/0021/B021_3.mat,source/12kHz_DE_data/B/0021/B021_3.mat,source,train,3,True,0,0,12000,0,1,5.2126448353291575e-05,0,False,0.125,0.11593619345195015,0.09216676633128244,0.8747131736526945,3.877106782410524,3.1063900497085237,0.016804408533963595
source/12kHz_DE_data/B/0021/B021_3.mat::w0001,source/12kHz_DE_data/B/0021/B021_3.mat,source/12kHz_DE_data/B/0021/B021_3.mat,source,train,3,True,1,12000,24000,1,2,0.0001269007530771771,0,False,0.125,0.11781694197164327,0.09316381780039254,1.0072602395209582,4.324702518431662,3.177502476421409,0.0023439749502629777
source/12kHz_DE_data/B/0021/B021_3.mat::w0002,source/12kHz_DE_data/B/0021/B021_3.mat,source/12kHz_DE_data/B/0021/B021_3.mat,source,train,3,True,2,24000,36000,2,3,0.0004589316945276097,0,False,0.125,0.11820566452774948,0.0939787751687403,0.9253929341317365,4.047952838029564,3.052789288937558,0.032959208038816426
source/12kHz_DE_data/B/0021/B021_3.mat::w0003,source/12kHz_DE_data/B/0021/B021_3.mat,source/12kHz_DE_data/B/0021/B021_3.mat,source,train,3,True,3,36000,48000,3,4,5.810947563206729e-05,0,False,0.125,0.11759218052175208,0.09346353312556555,0.8816978842315369,3.8578101061850307,3.0781464705333614,0.05632407642983481
source/12kHz_DE_data/B/0021/B021_3.mat::w0004,source/12kHz_DE_data/B/0021/B021_3.mat,source/12kHz_DE_data/B/0021/B021_3.mat,source,train,3,True,4,48000,60000,4,5,-0.00011849811917831198,0,False,0.125,0.11717723694290555,0.09284750424453095,0.9120732534930139,3.9836352831608868,3.1173569107528127,0.02421447821897846
source/12kHz_DE_data/B/0021/B021_3.mat::w0005,source/12kHz_DE_data/B/0021/B021_3.mat,source/12kHz_DE_data/B/0021/B021_3.mat,source,train,3,True,5,60000,72000,5,6,-0.00021206075390885112,0,False,0.125,0.1176030353543125,0.09313145258725548,0.9291289421157685,4.198710584583991,3.123492490893151,0.009651145988516586
source/12kHz_DE_data/B/0021/B021_3.mat::w0006,source/12kHz_DE_data/B/0021/B021_3.mat,source/12kHz_DE_data/B/0021/B021_3.mat,source,train,3,True,6,72000,84000,6,7,-0.00016638940993014142,0,False,0.125,0.12069772192038364,0.09549545828059437,0.9198701397205589,3.8591995627661038,3.1746112478264683,0.012433826361090803
source/12kHz_DE_data/B/0021/B021_3.mat::w0007,source/12kHz_DE_data/B/0021/B021_3.mat,source/12kHz_DE_data/B/0021/B021_3.mat,source,train,3,True,7,84000,96000,7,8,-0.00019912008857285598,0,False,0.125,0.11833775351973372,0.09420126405944666,0.9075250698602795,3.8911416970783397,3.0296913512612638,0.04049650157481154
source/12kHz_DE_data/B/0028/B028_0_(1797rpm).mat::w0000,source/12kHz_DE_data/B/0028/B028_0_(1797rpm).mat,source/12kHz_DE_data/B/0028/B028_0_(1797rpm).mat,source,train,3,True,0,0,12000,0,1,-0.006926650222916704,0,False,0.125,2.037534282213505,1.5334354999412223,19.7232568,5.2703969883641015,3.931078252850981,0.053302318257207854
source/12kHz_DE_data/B/0028/B028_0_(1797rpm).mat::w0001,source/12kHz_DE_data/B/0028/B028_0_(1797rpm).mat,source/12kHz_DE_data/B/0028/B028_0_(1797rpm).mat,source,train,3,True,1,12000,24000,1,2,0.009627872827083302,0,False,0.125,2.0462234673659516,1.5538429104779752,19.3977368,5.0235729310880215,3.7877700453106864,0.0577907907259267
source/12kHz_DE_data/B/0028/B028_0_(1797rpm).mat::w0002,source/12kHz_DE_data/B/0028/B028_0_(1797rpm).mat,source/12kHz_DE_data/B/0028/B028_0_(1797rpm).mat,source,train,3,True,2,24000,36000,2,3,0.021977084377083296,0,False,0.125,1.9696898733756414,1.4813974333796445,19.121858600000003,5.223239733895206,3.940110430289117,0.05688094829416346
source/12kHz_DE_data/B/0028/B028_0_(1797rpm).mat::w0003,source/12kHz_DE_data/B/0028/B028_0_(1797rpm).mat,source/12kHz_DE_data/B/0028/B028_0_(1797rpm).mat,source,train,3,True,3,36000,48000,3,4,0.014302136577083293,0,False,0.125,2.054849677445201,1.5714355467038221,18.058222,4.650111131120193,3.6884387815697672,0.05050277828996091
source/12kHz_DE_data/B/0028/B028_0_(1797rpm).mat::w0004,source/12kHz_DE_data/B/0028/B028_0_(1797rpm).mat,source/12kHz_DE_data/B/0028/B028_0_(1797rpm).mat,source,train,3,True,4,48000,60000,4,5,-0.0056044286729167005,0,False,0.125,2.1319887083163236,1.6058011284190055,19.315542999999998,4.814888691987202,3.8368175716817894,0.05664856078886703
source/12kHz_DE_data/B/0028/B028_0_(1797rpm).mat::w0005,source/12kHz_DE_data/B/0028/B028_0_(1797rpm).mat,source/12kHz_DE_data/B/0028/B028_0_(1797rpm).mat,source,train,3,True,5,60000,72000,5,6,-0.013152491489583366,0,False,0.125,2.0674184457028275,1.5681177723107,16.5966372,4.237159731326351,3.6720322498204574,0.051832923725248815
source/12kHz_DE_data/B/0028/B028_0_(1797rpm).mat::w0006,source/12kHz_DE_data/B/0028/B028_0_(1797rpm).mat,source/12kHz_DE_data/B/0028/B028_0_(1797rpm).mat,source,train,3,True,6,72000,84000,6,7,-0.026274202689583366,0,False,0.125,2.1456172847761588,1.621021381903878,19.7948712,4.906965735145872,3.798457577251468,0.060108392423991554
source/12kHz_DE_data/B/0028/B028_0_(1797rpm).mat::w0007,source/12kHz_DE_data/B/0028/B028_0_(1797rpm).mat,source/12kHz_DE_data/B/0028/B028_0_(1797rpm).mat,source,train,3,True,7,84000,96000,7,8,0.006050679293749965,0,False,0.125,2.1359424423212237,1.6268962316939584,16.4648016,3.981744473370491,3.5502707418427533,0.04891566616116302
source/12kHz_DE_data/B/0028/B028_1_(1772rpm).mat::w0000,source/12kHz_DE_data/B/0028/B028_1_(1772rpm).mat,source/12kHz_DE_data/B/0028/B028_1_(1772rpm).mat,source,test,3,True,0,0,12000,0,1,-0.03320247203541673,0,False,0.125,2.073468064487532,1.5519151799189999,19.217887,4.793024178289562,4.108524915163629,0.05153253384987835
source/12kHz_DE_data/B/0028/B028_1_(1772rpm).mat::w0001,source/12kHz_DE_data/B/0028/B028_1_(1772rpm).mat,source/12kHz_DE_data/B/0028/B028_1_(1772rpm).mat,source,test,3,True,1,12000,24000,1,2,0.01675203061458328,0,False,0.125,1.9331890453021479,1.456640900811525,17.3803266,4.720540645275433,3.835043780342315,0.045968243841337665
source/12kHz_DE_data/B/0028/B028_1_(1772rpm).mat::w0002,source/12kHz_DE_data/B/0028/B028_1_(1772rpm).mat,source/12kHz_DE_data/B/0028/B028_1_(1772rpm).mat,source,test,3,True,2,24000,36000,2,3,0.03169278826458328,0,False,0.125,1.9547886580822675,1.4685731968910167,19.623973200000002,5.427998603240029,4.058489835128848,0.04766991473500868
source/12kHz_DE_data/B/0028/B028_1_(1772rpm).mat::w0003,source/12kHz_DE_data/B/0028/B028_1_(1772rpm).mat,source/12kHz_DE_data/B/0028/B028_1_(1772rpm).mat,source,test,3,True,3,36000,48000,3,4,-0.03458362626875006,0,False,0.125,2.0772499049837494,1.567584230224061,19.6703598,5.182999163655063,4.056363374730766,0.060121975990823785
source/12kHz_DE_data/B/0028/B028_1_(1772rpm).mat::w0004,source/12kHz_DE_data/B/0028/B028_1_(1772rpm).mat,source/12kHz_DE_data/B/0028/B028_1_(1772rpm).mat,source,test,3,True,4,48000,60000,4,5,-0.03955458793541673,0,False,0.125,2.0558049365542113,1.5530930159879333,16.8692602,4.234408200464231,3.7278333698456554,0.04622528776547608
source/12kHz_DE_data/B/0028/B028_1_(1772rpm).mat::w0005,source/12kHz_DE_data/B/0028/B028_1_(1772rpm).mat,source/12kHz_DE_data/B/0028/B028_1_(1772rpm).mat,source,test,3,True,5,60000,72000,5,6,0.0220927287479166,0,False,0.125,2.053524163706756,1.565630850429714,16.080688,3.977557498052274,3.54577650951054,0.0432905729191339
source/12kHz_DE_data/B/0028/B028_1_(1772rpm).mat::w0006,source/12kHz_DE_data/B/0028/B028_1_(1772rpm).mat,source/12kHz_DE_data/B/0028/B028_1_(1772rpm).mat,source,test,3,True,6,72000,84000,6,7,0.021965775947916613,0,False,0.125,1.9948864372171633,1.5070335916075195,18.5489434,4.801195265720293,3.8647692724746436,0.051309520332173106
source/12kHz_DE_data/B/0028/B028_1_(1772rpm).mat::w0007,source/12kHz_DE_data/B/0028/B028_1_(1772rpm).mat,source/12kHz_DE_data/B/0028/B028_1_(1772rpm).mat,source,test,3,True,7,84000,96000,7,8,0.014837362664583277,0,False,0.125,2.0445313388074267,1.5529772629747998,21.765894799999998,5.6967270250275375,3.8146114185028885,0.04600740547975234
source/12kHz_DE_data/B/0028/B028_2_(1750rpm).mat::w0000,source/12kHz_DE_data/B/0028/B028_2_(1750rpm).mat,source/12kHz_DE_data/B/0028/B028_2_(1750rpm).mat,source,train,3,True,0,0,12000,0,1,-0.006228206372916663,0,False,0.125,2.159773254150983,1.6461072385574917,18.1143742,4.3376059249019185,3.638919964862693,0.03934882967629099
source/12kHz_DE_data/B/0028/B028_2_(1750rpm).mat::w0001,source/12kHz_DE_data/B/0028/B028_2_(1750rpm).mat,source/12kHz_DE_data/B/0028/B028_2_(1750rpm).mat,source,train,3,True,1,12000,24000,1,2,0.02722514494375,0,False,0.125,2.086961610252178,1.602020784884,16.414346,4.07204687934171,3.4321215831496374,0.035997177030344725
source/12kHz_DE_data/B/0028/B028_2_(1750rpm).mat::w0002,source/12kHz_DE_data/B/0028/B028_2_(1750rpm).mat,source/12kHz_DE_data/B/0028/B028_2_(1750rpm).mat,source,train,3,True,2,24000,36000,2,3,-0.003003998589583336,0,False,0.125,2.1525291166114258,1.6238746068858443,17.980911,4.3068501068458245,3.873375110658761,0.044431432720039556
source/12kHz_DE_data/B/0028/B028_2_(1750rpm).mat::w0003,source/12kHz_DE_data/B/0028/B028_2_(1750rpm).mat,source/12kHz_DE_data/B/0028/B028_2_(1750rpm).mat,source,train,3,True,3,36000,48000,3,4,-0.014452333539583336,0,False,0.125,2.1407762945460216,1.6345924525537388,18.697868800000002,4.392863754505901,3.774101769837963,0.04701451434810756
source/12kHz_DE_data/B/0028/B028_2_(1750rpm).mat::w0004,source/12kHz_DE_data/B/0028/B028_2_(1750rpm).mat,source/12kHz_DE_data/B/0028/B028_2_(1750rpm).mat,source,train,3,True,4,48000,60000,4,5,-0.02710726262291667,0,False,0.125,2.157196649074979,1.6308143712470997,18.1013534,4.336243950643589,3.9714008435036545,0.049983497498239805
source/12kHz_DE_data/B/0028/B028_2_(1750rpm).mat::w0005,source/12kHz_DE_data/B/0028/B028_2_(1750rpm).mat,source/12kHz_DE_data/B/0028/B028_2_(1750rpm).mat,source,train,3,True,5,60000,72000,5,6,0.00018657212708333168,0,False,0.125,2.177819976676843,1.657719095766825,19.8461406,4.7340494602689756,3.664873399669146,0.042321775826477934
source/12kHz_DE_data/B/0028/B028_2_(1750rpm).mat::w0006,source/12kHz_DE_data/B/0028/B028_2_(1750rpm).mat,source/12kHz_DE_data/B/0028/B028_2_(1750rpm).mat,source,train,3,True,6,72000,84000,6,7,0.033592994310416666,0,False,0.125,2.1343225377542443,1.6365977267351834,19.759877799999998,4.8770278525565685,3.682834515211689,0.03922294116467267
source/12kHz_DE_data/B/0028/B028_2_(1750rpm).mat::w0007,source/12kHz_DE_data/B/0028/B028_2_(1750rpm).mat,source/12kHz_DE_data/B/0028/B028_2_(1750rpm).mat,source,train,3,True,7,84000,96000,7,8,-0.01021291025625,0,False,0.125,2.13908969816059,1.6103973639625444,20.2538544,4.835278004670581,4.053775570318813,0.050073471159680284
source/12kHz_DE_data/B/0028/B028_3_(1730rpm).mat::w0000,source/12kHz_DE_data/B/0028/B028_3_(1730rpm).mat,source/12kHz_DE_data/B/0028/B028_3_(1730rpm).mat,source,train,3,True,0,0,12000,0,1,-0.016433648318749976,0,False,0.125,2.163480895193912,1.630179337381978,20.074818399999998,4.785543820477644,3.9960926721777734,0.04734724266696311
source/12kHz_DE_data/B/0028/B028_3_(1730rpm).mat::w0001,source/12kHz_DE_data/B/0028/B028_3_(1730rpm).mat,source/12kHz_DE_data/B/0028/B028_3_(1730rpm).mat,source,train,3,True,1,12000,24000,1,2,0.020925807364583354,0,False,0.125,2.0884657521515337,1.5794448298340833,20.6412232,5.262577737609879,4.095696723927181,0.04385916090281192
source/12kHz_DE_data/B/0028/B028_3_(1730rpm).mat::w0002,source/12kHz_DE_data/B/0028/B028_3_(1730rpm).mat,source/12kHz_DE_data/B/0028/B028_3_(1730rpm).mat,source,train,3,True,2,24000,36000,2,3,0.014301339731250024,0,False,0.125,2.1657201714318455,1.6334575759695558,18.1973818,4.2606256165431144,3.901272485239885,0.03939815118351886
source/12kHz_DE_data/B/0028/B028_3_(1730rpm).mat::w0003,source/12kHz_DE_data/B/0028/B028_3_(1730rpm).mat,source/12kHz_DE_data/B/0028/B028_3_(1730rpm).mat,source,train,3,True,3,36000,48000,3,4,-0.01681457453541664,0,False,0.125,2.101354520069639,1.5847989308239112,18.6343924,4.596477301989594,4.0074756175061825,0.04597503583793021
source/12kHz_DE_data/B/0028/B028_3_(1730rpm).mat::w0004,source/12kHz_DE_data/B/0028/B028_3_(1730rpm).mat,source/12kHz_DE_data/B/0028/B028_3_(1730rpm).mat,source,train,3,True,4,48000,60000,4,5,0.0010577619812500174,0,False,0.125,2.120191864600878,1.6138732048771944,18.2567892,4.523795406705898,3.746255552151703,0.03316493521670232
source/12kHz_DE_data/B/0028/B028_3_(1730rpm).mat::w0005,source/12kHz_DE_data/B/0028/B028_3_(1730rpm).mat,source/12kHz_DE_data/B/0028/B028_3_(1730rpm).mat,source,train,3,True,5,60000,72000,5,6,-0.015052765352083303,0,False,0.125,2.269730239759663,1.7137539525545833,21.444443800000002,5.004437155911864,3.7859569584296993,0.04892799506826363
source/12kHz_DE_data/B/0028/B028_3_(1730rpm).mat::w0006,source/12kHz_DE_data/B/0028/B028_3_(1730rpm).mat,source/12kHz_DE_data/B/0028/B028_3_(1730rpm).mat,source,train,3,True,6,72000,84000,6,7,0.007448736831250024,0,False,0.125,2.0732316797422623,1.5666352013719334,16.9221572,4.135661116577469,3.7973603207678917,0.04121564745698316
source/12kHz_DE_data/B/0028/B028_3_(1730rpm).mat::w0007,source/12kHz_DE_data/B/0028/B028_3_(1730rpm).mat,source/12kHz_DE_data/B/0028/B028_3_(1730rpm).mat,source,train,3,True,7,84000,96000,7,8,0.004567342297916691,0,False,0.125,2.1591852962081375,1.6309155036650667,18.7027516,4.570504280216582,3.8698386216982077,0.042422267777998596
source/12kHz_DE_data/IR/0007/IR007_0.mat::w0000,source/12kHz_DE_data/IR/0007/IR007_0.mat,source/12kHz_DE_data/IR/0007/IR007_0.mat,source,train,2,True,0,0,12000,0,1,0.0009248497916666706,0,False,0.125,0.2910393144835649,0.21016137102333998,2.7399557684630738,5.120339727283992,5.108018680405813,0.1450685015845207
source/12kHz_DE_data/IR/0007/IR007_0.mat::w0001,source/12kHz_DE_data/IR/0007/IR007_0.mat,source/12kHz_DE_data/IR/0007/IR007_0.mat,source,train,2,True,1,12000,24000,1,2,0.0012702004137558254,0,False,0.125,0.2929652587541497,0.2114306173111921,2.82019872255489,5.544586098237318,5.328132437632008,0.13794128553895255
source/12kHz_DE_data/IR/0007/IR007_0.mat::w0002,source/12kHz_DE_data/IR/0007/IR007_0.mat,source/12kHz_DE_data/IR/0007/IR007_0.mat,source,train,2,True,2,24000,36000,2,3,0.0008906301243346669,0,False,0.125,0.2918510982605476,0.20871192005533826,2.997253013972056,5.785228331041379,5.536271956360821,0.16997153750278338
source/12kHz_DE_data/IR/0007/IR007_0.mat::w0003,source/12kHz_DE_data/IR/0007/IR007_0.mat,source/12kHz_DE_data/IR/0007/IR007_0.mat,source,train,2,True,3,36000,48000,3,4,0.0004646033878077215,0,False,0.125,0.29002690468659137,0.20725335394527725,2.853335489021956,5.437197166765737,5.394281919586576,0.13932360249379386
source/12kHz_DE_data/IR/0007/IR007_0.mat::w0004,source/12kHz_DE_data/IR/0007/IR007_0.mat,source/12kHz_DE_data/IR/0007/IR007_0.mat,source,train,2,True,4,48000,60000,4,5,-0.0008126781823852259,0,False,0.125,0.2900753350438163,0.2085479564764521,2.7025956886227545,5.123746430768844,5.190155809187266,0.16945269309208913
source/12kHz_DE_data/IR/0007/IR007_0.mat::w0005,source/12kHz_DE_data/IR/0007/IR007_0.mat,source/12kHz_DE_data/IR/0007/IR007_0.mat,source,train,2,True,5,60000,72000,5,6,-0.0008710330027445067,0,False,0.125,0.2938764843427505,0.21213797394517628,2.9608675449101796,5.8751634318508525,5.14450522014704,0.19908309370741806
source/12kHz_DE_data/IR/0007/IR007_0.mat::w0006,source/12kHz_DE_data/IR/0007/IR007_0.mat,source/12kHz_DE_data/IR/0007/IR007_0.mat,source,train,2,True,6,72000,84000,6,7,-0.0008617335915668631,0,False,0.125,0.29153230856733126,0.2081933021657269,2.8547974051896206,5.775835426383242,5.588519817728173,0.20682422693835223
source/12kHz_DE_data/IR/0007/IR007_0.mat::w0007,source/12kHz_DE_data/IR/0007/IR007_0.mat,source/12kHz_DE_data/IR/0007/IR007_0.mat,source,train,2,True,7,84000,96000,7,8,-0.0010048389408682603,0,False,0.125,0.2895822251724823,0.2064776258384165,2.918309540918164,5.303657370094605,5.581129069276105,0.1849501971204856
source/12kHz_DE_data/IR/0007/IR007_1.mat::w0000,source/12kHz_DE_data/IR/0007/IR007_1.mat,source/12kHz_DE_data/IR/0007/IR007_1.mat,source,test,2,True,0,0,12000,0,1,-9.62461984364588e-05,0,False,0.125,0.29073466693694605,0.20714652548166554,2.7126666666666663,4.832375127392976,5.3908922384358196,0.14436565628367673
source/12kHz_DE_data/IR/0007/IR007_1.mat::w0001,source/12kHz_DE_data/IR/0007/IR007_1.mat,source/12kHz_DE_data/IR/0007/IR007_1.mat,source,test,2,True,1,12000,24000,1,2,0.00017116263389887015,0,False,0.125,0.29092174065328325,0.20621780608363277,2.769356526946108,5.276700772101461,5.506520471077346,0.12396391343710748
source/12kHz_DE_data/IR/0007/IR007_1.mat::w0002,source/12kHz_DE_data/IR/0007/IR007_1.mat,source/12kHz_DE_data/IR/0007/IR007_1.mat,source,test,2,True,2,24000,36000,2,3,0.00021477646623419932,0,False,0.125,0.2924315156267583,0.20650410803468178,2.8547974051896206,5.370955485905232,5.6995511450190905,0.14088102897159843
source/12kHz_DE_data/IR/0007/IR007_1.mat::w0003,source/12kHz_DE_data/IR/0007/IR007_1.mat,source/12kHz_DE_data/IR/0007/IR007_1.mat,source,test,2,True,3,36000,48000,3,4,0.00012956570442448665,0,False,0.125,0.29130715870536417,0.2061672948135041,2.892482355289421,5.399227150975583,5.829337249590854,0.13874600695353018
source/12kHz_DE_data/IR/0007/IR007_1.mat::w0004,source/12kHz_DE_data/IR/0007/IR007_1.mat,source/12kHz_DE_data/IR/0007/IR007_1.mat,source,test,2,True,4,48000,60000,4,5,0.00044398597055888346,0,False,0.125,0.29487033391848433,0.20856669367323355,2.888746347305389,5.261855093845479,5.653504574689817,0.11057984196201479
source/12kHz_DE_data/IR/0007/IR007_1.mat::w0005,source/12kHz_DE_data/IR/0007/IR007_1.mat,source/12kHz_DE_data/IR/0007/IR007_1.mat,source,test,2,True,5,60000,72000,5,6,-9.448648453093693e-05,0,False,0.125,0.2936273165592121,0.20779832554722225,2.7548998003992016,5.0713217970249,5.5266831999135215,0.1367222988550396
source/12kHz_DE_data/IR/0007/IR007_1.mat::w0006,source/12kHz_DE_data/IR/0007/IR007_1.mat,source/12kHz_DE_data/IR/0007/IR007_1.mat,source,test,2,True,6,72000,84000,6,7,-0.00029296867681303856,0,False,0.125,0.29264337425063713,0.208342851675336,2.8028181636726544,5.0457563118327435,5.368075004034563,0.12247880478358218
source/12kHz_DE_data/IR/0007/IR007_1.mat::w0007,source/12kHz_DE_data/IR/0007/IR007_1.mat,source/12kHz_DE_data/IR/0007/IR007_1.mat,source,test,2,True,7,84000,96000,7,8,-0.00047578941533599293,0,False,0.125,0.29171300861240046,0.20711906456862278,2.800381636726547,5.14711400887605,5.473163670459406,0.12317017951021624
source/12kHz_DE_data/IR/0007/IR007_2.mat::w0000,source/12kHz_DE_data/IR/0007/IR007_2.mat,source/12kHz_DE_data/IR/0007/IR007_2.mat,source,train,2,True,0,0,12000,0,1,0.00015993938165335863,0,False,0.125,0.3007145396901772,0.21566940780140498,3.029252734530938,5.43659280129122,5.500229878267733,0.08812502833082336
source/12kHz_DE_data/IR/0007/IR007_2.mat::w0001,source/12kHz_DE_data/IR/0007/IR007_2.mat,source/12kHz_DE_data/IR/0007/IR007_2.mat,source,train,2,True,1,12000,24000,1,2,0.0002676744814537583,0,False,0.125,0.29550697745629273,0.21070752702103349,2.8874468662674655,5.360533344356217,5.571291316269949,0.09437223826406854
source/12kHz_DE_data/IR/0007/IR007_2.mat::w0002,source/12kHz_DE_data/IR/0007/IR007_2.mat,source/12kHz_DE_data/IR/0007/IR007_2.mat,source,train,2,True,2,24000,36000,2,3,9.4329125499001e-05,0,False,0.125,0.3002931877166334,0.21360684491505155,2.9082385628742515,5.263230763022586,5.598704390719489,0.08935936938687786
source/12kHz_DE_data/IR/0007/IR007_2.mat::w0003,source/12kHz_DE_data/IR/0007/IR007_2.mat,source/12kHz_DE_data/IR/0007/IR007_2.mat,source,train,2,True,3,36000,48000,3,4,-3.3994626996010145e-05,0,False,0.125,0.3015706189402558,0.21556893369177865,2.868929261477046,5.030757097198556,5.5136511424252825,0.07640239537913054
source/12kHz_DE_data/IR/0007/IR007_2.mat::w0004,source/12kHz_DE_data/IR/0007/IR007_2.mat,source/12kHz_DE_data/IR/0007/IR007_2.mat,source,train,2,True,4,48000,60000,4,5,-9.881978002328764e-05,0,False,0.125,0.2995623502973759,0.2138904300099612,2.785275169660679,4.905280744028265,5.585323385178315,0.10105939943078149
source/12kHz_DE_data/IR/0007/IR007_2.mat::w0005,source/12kHz_DE_data/IR/0007/IR007_2.mat,source/12kHz_DE_data/IR/0007/IR007_2.mat,source,train,2,True,5,60000,72000,5,6,8.320231911177534e-05,0,False,0.125,0.29807830449945155,0.21210681255909014,2.7566865868263473,4.91165395199512,5.569800845833944,0.09196767029669574
source/12kHz_DE_data/IR/0007/IR007_2.mat::w0006,source/12kHz_DE_data/IR/0007/IR007_2.mat,source/12kHz_DE_data/IR/0007/IR007_2.mat,source,train,2,True,6,72000,84000,6,7,-3.2126623003992854e-05,0,False,0.125,0.30305524132960626,0.21543539088051672,2.8424523353293414,4.95947471706705,5.58215489930851,0.08598371979744375
source/12kHz_DE_data/IR/0007/IR007_2.mat::w0007,source/12kHz_DE_data/IR/0007/IR007_2.mat,source/12kHz_DE_data/IR/0007/IR007_2.mat,source,train,2,True,7,84000,96000,7,8,-0.00044020427769461245,0,False,0.125,0.29997397080538235,0.21394555182076405,2.789173612774451,5.003113832837757,5.520193555568551,0.09574301385710099
source/12kHz_DE_data/IR/0007/IR007_3.mat::w0000,source/12kHz_DE_data/IR/0007/IR007_3.mat,source/12kHz_DE_data/IR/0007/IR007_3.mat,source,train,2,True,0,0,12000,0,1,-0.00014003092606453801,0,False,0.125,0.30708293144686094,0.22032069184908853,2.7410928143712576,4.561636718822683,5.207841611152171,-0.016157112637264565
source/12kHz_DE_data/IR/0007/IR007_3.mat::w0001,source/12kHz_DE_data/IR/0007/IR007_3.mat,source/12kHz_DE_data/IR/0007/IR007_3.mat,source,train,2,True,1,12000,24000,1,2,-0.00016408486152694638,0,False,0.125,0.307847401328132,0.22067594243210248,2.7248493013972053,4.529539585790805,5.235999300312652,-0.004666490195817723
source/12kHz_DE_data/IR/0007/IR007_3.mat::w0002,source/12kHz_DE_data/IR/0007/IR007_3.mat,source/12kHz_DE_data/IR/0007/IR007_3.mat,source,train,2,True,2,24000,36000,2,3,-0.00014470093604457773,0,False,0.125,0.31588333740871105,0.22655913497750718,2.960705109780439,4.692162992706358,5.251239761418895,-0.008091457083818534
source/12kHz_DE_data/IR/0007/IR007_3.mat::w0003,source/12kHz_DE_data/IR/0007/IR007_3.mat,source/12kHz_DE_data/IR/0007/IR007_3.mat,source,train,2,True,3,36000,48000,3,4,7.435637267132387e-05,0,False,0.125,0.3119370434814134,0.22247330992420825,2.8981675848303396,4.816197297712437,5.2002967459130565,-0.014848963442147685
source/12kHz_DE_data/IR/0007/IR007_3.mat::w0004,source/12kHz_DE_data/IR/0007/IR007_3.mat,source/12kHz_DE_data/IR/0007/IR007_3.mat,source,train,2,True,4,48000,60000,4,5,-2.5717203509647215e-05,0,False,0.125,0.3137574339900112,0.22413752251819027,2.9072639520958083,4.795303355847489,5.242197282207173,-0.017750005740706835
source/12kHz_DE_data/IR/0007/IR007_3.mat::w0005,source/12kHz_DE_data/IR/0007/IR007_3.mat,source/12kHz_DE_data/IR/0007/IR007_3.mat,source,train,2,True,5,60000,72000,5,6,0.0003332779694777116,0,False,0.125,0.31230951514013566,0.22271177151919885,2.887121996007984,4.811184599962593,5.334633871502695,-0.013117008973647431
source/12kHz_DE_data/IR/0007/IR007_3.mat::w0006,source/12kHz_DE_data/IR/0007/IR007_3.mat,source/12kHz_DE_data/IR/0007/IR007_3.mat,source,train,2,True,6,72000,84000,6,7,0.0001693403147870928,0,False,0.125,0.3138904844496452,0.22422007373864494,2.808990698602794,4.715025852886112,5.291763596824579,0.0013766895349513171
source/12kHz_DE_data/IR/0007/IR007_3.mat::w0007,source/12kHz_DE_data/IR/0007/IR007_3.mat,source/12kHz_DE_data/IR/0007/IR007_3.mat,source,train,2,True,7,84000,96000,7,8,-0.00010244072979041977,0,False,0.125,0.3216631695884265,0.22849428234708913,3.0240548103792415,4.703438672239833,5.423448157056117,-0.026063104373302448
source/12kHz_DE_data/IR/0014/IR014_0.mat::w0000,source/12kHz_DE_data/IR/0014/IR014_0.mat,source/12kHz_DE_data/IR/0014/IR014_0.mat,source,validation,2,True,0,0,12000,0,1,0.010488382182302065,0,False,0.125,0.18563688950872112,0.10717795787720892,3.9450619960079836,11.0705022714223,23.32264098176627,-0.09348063970810665
source/12kHz_DE_data/IR/0014/IR014_0.mat::w0001,source/12kHz_DE_data/IR/0014/IR014_0.mat,source/12kHz_DE_data/IR/0014/IR014_0.mat,source,validation,2,True,1,12000,24000,1,2,0.006929983476380575,0,False,0.125,0.19046275207987653,0.11023436989628298,3.53994878243513,9.508256923405954,21.588447519489748,-0.13621912760202698
source/12kHz_DE_data/IR/0014/IR014_0.mat::w0002,source/12kHz_DE_data/IR/0014/IR014_0.mat,source/12kHz_DE_data/IR/0014/IR014_0.mat,source,validation,2,True,2,24000,36000,2,3,0.003833793932135731,0,False,0.125,0.20343446020937503,0.11704431282363828,3.786038003992016,9.527923630819089,22.005931705330283,0.04859058946236486
source/12kHz_DE_data/IR/0014/IR014_0.mat::w0003,source/12kHz_DE_data/IR/0014/IR014_0.mat,source/12kHz_DE_data/IR/0014/IR014_0.mat,source,validation,2,True,3,36000,48000,3,4,0.0021927524251497037,0,False,0.125,0.19576931570648434,0.11424804279680473,3.6028111776447105,9.435417374228658,21.375337560089,-0.10567350573212951
source/12kHz_DE_data/IR/0014/IR014_0.mat::w0004,source/12kHz_DE_data/IR/0014/IR014_0.mat,source/12kHz_DE_data/IR/0014/IR014_0.mat,source,validation,2,True,4,48000,60000,4,5,-0.002125044048569525,0,False,0.125,0.1909577079238408,0.10946461652799735,3.7808400798403197,10.383799165159898,22.376190765588557,-0.14466776122479946
source/12kHz_DE_data/IR/0014/IR014_0.mat::w0005,source/12kHz_DE_data/IR/0014/IR014_0.mat,source/12kHz_DE_data/IR/0014/IR014_0.mat,source,validation,2,True,5,60000,72000,5,6,-0.004993012235528941,0,False,0.125,0.18725363267675332,0.10840414313556888,3.470264111776447,9.336887086946955,22.988591073220274,0.041601559198305105
source/12kHz_DE_data/IR/0014/IR014_0.mat::w0006,source/12kHz_DE_data/IR/0014/IR014_0.mat,source/12kHz_DE_data/IR/0014/IR014_0.mat,source,validation,2,True,6,72000,84000,6,7,-0.007126597664670657,0,False,0.125,0.19748483059811586,0.11146184342314483,3.5323143313373255,9.304618369133856,22.711112186807004,-0.15386220851325783
source/12kHz_DE_data/IR/0014/IR014_0.mat::w0007,source/12kHz_DE_data/IR/0014/IR014_0.mat,source/12kHz_DE_data/IR/0014/IR014_0.mat,source,validation,2,True,7,84000,96000,7,8,-0.009200258067198933,0,False,0.125,0.19475005680105842,0.11165166031941118,3.659176167664671,9.569758618785212,21.473966439825116,-0.09662759927164104
source/12kHz_DE_data/IR/0014/IR014_1.mat::w0000,source/12kHz_DE_data/IR/0014/IR014_1.mat,source/12kHz_DE_data/IR/0014/IR014_1.mat,source,train,2,True,0,0,12000,0,1,0.0004355917968230211,0,False,0.125,0.1689547593291749,0.09979971226682191,3.52435500998004,10.443652658201303,22.223209282277647,0.0898830409669148
source/12kHz_DE_data/IR/0014/IR014_1.mat::w0001,source/12kHz_DE_data/IR/0014/IR014_1.mat,source/12kHz_DE_data/IR/0014/IR014_1.mat,source,train,2,True,1,12000,24000,1,2,0.000626222957834332,0,False,0.125,0.16413572370105614,0.09908919059561488,3.1541653493013975,9.676043804968852,20.238578394421758,-0.09345477111110205
source/12kHz_DE_data/IR/0014/IR014_1.mat::w0002,source/12kHz_DE_data/IR/0014/IR014_1.mat,source/12kHz_DE_data/IR/0014/IR014_1.mat,source,train,2,True,2,24000,36000,2,3,0.0005534384834497677,0,False,0.125,0.17020908756784164,0.10238385725378797,3.207931377245509,9.922235431141653,18.784437868703442,0.017692634177881448
source/12kHz_DE_data/IR/0014/IR014_1.mat::w0003,source/12kHz_DE_data/IR/0014/IR014_1.mat,source/12kHz_DE_data/IR/0014/IR014_1.mat,source,train,2,True,3,36000,48000,3,4,1.7659744261477834e-05,0,False,0.125,0.16137283016768575,0.09544099293557606,3.685653093812375,11.748232128279014,24.971941551904248,0.10689596239995793
source/12kHz_DE_data/IR/0014/IR014_1.mat::w0004,source/12kHz_DE_data/IR/0014/IR014_1.mat,source/12kHz_DE_data/IR/0014/IR014_1.mat,source,train,2,True,4,48000,60000,4,5,-0.00036176164629075105,0,False,0.125,0.16698054747146598,0.10109953124877744,3.3305699001996008,10.23291617381631,20.395204290658906,-0.11196267589006338
source/12kHz_DE_data/IR/0014/IR014_1.mat::w0005,source/12kHz_DE_data/IR/0014/IR014_1.mat,source/12kHz_DE_data/IR/0014/IR014_1.mat,source,train,2,True,5,60000,72000,5,6,-0.0006300638718396535,0,False,0.125,0.16643681580679803,0.10109582229301063,3.4013916167664666,10.765399803999495,20.270336980596092,0.1098785783962251
source/12kHz_DE_data/IR/0014/IR014_1.mat::w0006,source/12kHz_DE_data/IR/0014/IR014_1.mat,source/12kHz_DE_data/IR/0014/IR014_1.mat,source,train,2,True,6,72000,84000,6,7,-0.0005523115897371914,0,False,0.125,0.1683678189571713,0.10243934744039254,3.4504470259481037,10.277538471806663,20.711212937756375,0.07835657728415554
source/12kHz_DE_data/IR/0014/IR014_1.mat::w0007,source/12kHz_DE_data/IR/0014/IR014_1.mat,source/12kHz_DE_data/IR/0014/IR014_1.mat,source,train,2,True,7,84000,96000,7,8,-8.877587450099744e-05,0,False,0.125,0.16800024377916126,0.09843862578830671,3.5358879041916165,10.731392608302825,22.774469430069868,-0.09095005760339628
source/12kHz_DE_data/IR/0014/IR014_2.mat::w0000,source/12kHz_DE_data/IR/0014/IR014_2.mat,source/12kHz_DE_data/IR/0014/IR014_2.mat,source,validation,2,True,0,0,12000,0,1,-0.0005476026630073159,0,False,0.125,0.16633489509748234,0.09982319175721611,3.3216359680638723,10.167697900660693,22.7551692733644,0.08052065270113284
source/12kHz_DE_data/IR/0014/IR014_2.mat::w0001,source/12kHz_DE_data/IR/0014/IR014_2.mat,source/12kHz_DE_data/IR/0014/IR014_2.mat,source,validation,2,True,1,12000,24000,1,2,-0.00047979953260146086,0,False,0.125,0.15583816134659137,0.09373135332937901,2.9639538123752494,9.640298024739943,22.549310858381688,-0.06291675094085028
source/12kHz_DE_data/IR/0014/IR014_2.mat::w0002,source/12kHz_DE_data/IR/0014/IR014_2.mat,source/12kHz_DE_data/IR/0014/IR014_2.mat,source,validation,2,True,2,24000,36000,2,3,-0.00032349632900864655,0,False,0.125,0.16484274980758665,0.09911916479522677,3.2881743313373253,10.088285934257293,22.120692116970083,0.13974841886995992
source/12kHz_DE_data/IR/0014/IR014_2.mat::w0003,source/12kHz_DE_data/IR/0014/IR014_2.mat,source/12kHz_DE_data/IR/0014/IR014_2.mat,source,validation,2,True,3,36000,48000,3,4,-0.00017262116600132786,0,False,0.125,0.1613211584889983,0.09806597819985363,3.097313053892216,10.083034986783572,20.887581573277163,0.10998949422672331
source/12kHz_DE_data/IR/0014/IR014_2.mat::w0004,source/12kHz_DE_data/IR/0014/IR014_2.mat,source/12kHz_DE_data/IR/0014/IR014_2.mat,source,validation,2,True,4,48000,60000,4,5,-0.000207368747504987,0,False,0.125,0.16969513044209947,0.10177822187025949,3.723175608782435,11.102668776875454,23.485057645326847,-0.08096939170914655
source/12kHz_DE_data/IR/0014/IR014_2.mat::w0005,source/12kHz_DE_data/IR/0014/IR014_2.mat,source/12kHz_DE_data/IR/0014/IR014_2.mat,source,validation,2,True,5,60000,72000,5,6,0.002317942533266802,0,False,0.125,0.15762518749388116,0.09540220344238634,2.9974154491017964,9.860538409990287,21.25125839888198,0.040072490411537855
source/12kHz_DE_data/IR/0014/IR014_2.mat::w0006,source/12kHz_DE_data/IR/0014/IR014_2.mat,source/12kHz_DE_data/IR/0014/IR014_2.mat,source,validation,2,True,6,72000,84000,6,7,0.0003193271606786458,0,False,0.125,0.15692621727403233,0.09641658916508648,3.0128467864271458,9.715644085704929,20.394455890168786,0.012163296487126635
source/12kHz_DE_data/IR/0014/IR014_2.mat::w0007,source/12kHz_DE_data/IR/0014/IR014_2.mat,source/12kHz_DE_data/IR/0014/IR014_2.mat,source,validation,2,True,7,84000,96000,7,8,-0.0009063812558216875,0,False,0.125,0.16648288438462802,0.10018462928902194,3.5940396806387227,11.021750060576538,22.539183418810765,0.023944519138565316
source/12kHz_DE_data/IR/0014/IR014_3.mat::w0000,source/12kHz_DE_data/IR/0014/IR014_3.mat,source/12kHz_DE_data/IR/0014/IR014_3.mat,source,test,2,True,0,0,12000,0,1,-9.833416666666491e-05,0,False,0.125,0.1813518205149511,0.11530434432718728,3.4520713772455087,9.738273792565312,17.626523189710355,0.0956776729538198
source/12kHz_DE_data/IR/0014/IR014_3.mat::w0001,source/12kHz_DE_data/IR/0014/IR014_3.mat,source/12kHz_DE_data/IR/0014/IR014_3.mat,source,test,2,True,1,12000,24000,1,2,-2.4859342980704015e-05,0,False,0.125,0.18354640055464397,0.11879367870897871,3.2454538922155685,9.196889032161316,16.91425491449906,0.040126136285458046
source/12kHz_DE_data/IR/0014/IR014_3.mat::w0002,source/12kHz_DE_data/IR/0014/IR014_3.mat,source/12kHz_DE_data/IR/0014/IR014_3.mat,source,test,2,True,2,24000,36000,2,3,3.4517465069990734e-07,0,False,0.125,0.1820039435892704,0.11689679554219339,3.723825349301397,10.406359229343067,17.677850329921085,-0.03850192359243456
source/12kHz_DE_data/IR/0014/IR014_3.mat::w0003,source/12kHz_DE_data/IR/0014/IR014_3.mat,source/12kHz_DE_data/IR/0014/IR014_3.mat,source,test,2,True,3,36000,48000,3,4,5.768477544910309e-05,0,False,0.125,0.1781716424447352,0.11258082478744344,3.9710516167664673,11.341566595408445,20.07958670140897,0.11060395144983727
source/12kHz_DE_data/IR/0014/IR014_3.mat::w0004,source/12kHz_DE_data/IR/0014/IR014_3.mat,source/12kHz_DE_data/IR/0014/IR014_3.mat,source,test,2,True,4,48000,60000,4,5,0.00032332035761809853,0,False,0.125,0.17730252010618003,0.11324773964712241,3.546933493013972,10.738193991814345,18.786872843967508,0.047047086003821584
source/12kHz_DE_data/IR/0014/IR014_3.mat::w0005,source/12kHz_DE_data/IR/0014/IR014_3.mat,source/12kHz_DE_data/IR/0014/IR014_3.mat,source,test,2,True,5,60000,72000,5,6,0.00020845164836992805,0,False,0.125,0.1869274456526235,0.11912476580757152,4.112532614770459,11.360750224996986,18.3524622748079,-0.022878093106556786
source/12kHz_DE_data/IR/0014/IR014_3.mat::w0006,source/12kHz_DE_data/IR/0014/IR014_3.mat,source/12kHz_DE_data/IR/0014/IR014_3.mat,source,test,2,True,6,72000,84000,6,7,-0.0002088577361942767,0,False,0.125,0.181802613539816,0.1160282421342648,3.3330064271457087,9.7203407321412,17.69656732161453,0.09338707273302616
source/12kHz_DE_data/IR/0014/IR014_3.mat::w0007,source/12kHz_DE_data/IR/0014/IR014_3.mat,source/12kHz_DE_data/IR/0014/IR014_3.mat,source,test,2,True,7,84000,96000,7,8,-0.0002577507102461728,0,False,0.125,0.18366483971483288,0.11626311484463406,3.830545229540918,10.585847786027,20.196371218206323,0.05915628560196217
source/12kHz_DE_data/IR/0021/IR021_0.mat::w0000,source/12kHz_DE_data/IR/0021/IR021_0.mat,source/12kHz_DE_data/IR/0021/IR021_0.mat,source,validation,2,True,0,0,12000,0,1,0.004600615492972393,0,False,0.125,0.5035494402760151,0.3434860274807899,6.446644211576846,6.957146530812092,7.380280672740588,0.342196286810652
source/12kHz_DE_data/IR/0021/IR021_0.mat::w0001,source/12kHz_DE_data/IR/0021/IR021_0.mat,source/12kHz_DE_data/IR/0021/IR021_0.mat,source,validation,2,True,1,12000,24000,1,2,0.003313790858907188,0,False,0.125,0.5165267746788679,0.3528769827433924,6.295579540918164,6.700722670357105,7.5844271459851464,0.3047169030232993
source/12kHz_DE_data/IR/0021/IR021_0.mat::w0002,source/12kHz_DE_data/IR/0021/IR021_0.mat,source/12kHz_DE_data/IR/0021/IR021_0.mat,source,validation,2,True,2,24000,36000,2,3,0.0015126898359530984,0,False,0.125,0.5413351513189685,0.36783150022247174,7.118313473053892,6.892073653339356,8.567123961559812,0.2835359947220691
source/12kHz_DE_data/IR/0021/IR021_0.mat::w0003,source/12kHz_DE_data/IR/0021/IR021_0.mat,source/12kHz_DE_data/IR/0021/IR021_0.mat,source,validation,2,True,3,36000,48000,3,4,-0.0006082053486776406,0,False,0.125,0.5391637936978163,0.3664121049694445,6.496999101796407,6.461310543818477,7.885924989556626,0.28102012666116194
source/12kHz_DE_data/IR/0021/IR021_0.mat::w0004,source/12kHz_DE_data/IR/0021/IR021_0.mat,source/12kHz_DE_data/IR/0021/IR021_0.mat,source,validation,2,True,4,48000,60000,4,5,-0.001297911677686292,0,False,0.125,0.519347775255238,0.36057751754499334,6.097408682634731,6.577811284979421,7.141555767750225,0.30660132658126493
source/12kHz_DE_data/IR/0021/IR021_0.mat::w0005,source/12kHz_DE_data/IR/0021/IR021_0.mat,source/12kHz_DE_data/IR/0021/IR021_0.mat,source,validation,2,True,5,60000,72000,5,6,-0.0017829497432218845,0,False,0.125,0.5280538621403215,0.36286881554500305,6.778011876247505,7.150100780233724,7.419822147240122,0.31725060473400046
source/12kHz_DE_data/IR/0021/IR021_0.mat::w0006,source/12kHz_DE_data/IR/0021/IR021_0.mat,source/12kHz_DE_data/IR/0021/IR021_0.mat,source,validation,2,True,6,72000,84000,6,7,-0.0023130635572604767,0,False,0.125,0.538262967325018,0.3679809690356621,6.336594411177645,6.586194274280182,7.524158861268212,0.31342874916025226
source/12kHz_DE_data/IR/0021/IR021_0.mat::w0007,source/12kHz_DE_data/IR/0021/IR021_0.mat,source/12kHz_DE_data/IR/0021/IR021_0.mat,source,validation,2,True,7,84000,96000,7,8,-0.0034249658609863567,0,False,0.125,0.5277290061424896,0.3625895366471197,6.1035,6.2480638756839335,6.972507932939219,0.2763213357439609
source/12kHz_DE_data/IR/0021/IR021_1.mat::w0000,source/12kHz_DE_data/IR/0021/IR021_1.mat,source/12kHz_DE_data/IR/0021/IR021_1.mat,source,validation,2,True,0,0,12000,0,1,-0.0005329268182385216,0,False,0.125,0.436577657505158,0.29558290528123615,5.2137615768463075,6.494100693920786,7.143094296717764,0.26297254169733714
source/12kHz_DE_data/IR/0021/IR021_1.mat::w0001,source/12kHz_DE_data/IR/0021/IR021_1.mat,source/12kHz_DE_data/IR/0021/IR021_1.mat,source,validation,2,True,1,12000,24000,1,2,-0.0002147231672072513,0,False,0.125,0.44090517128691425,0.2977882994290419,6.970091417165668,8.353675052671582,7.942827935917581,0.29958932385052517
source/12kHz_DE_data/IR/0021/IR021_1.mat::w0002,source/12kHz_DE_data/IR/0021/IR021_1.mat,source/12kHz_DE_data/IR/0021/IR021_1.mat,source,validation,2,True,2,24000,36000,2,3,-0.00043333377931636534,0,False,0.125,0.42749044105470596,0.29141275609685074,5.020057684630737,6.435277217164415,7.485163499772678,0.2841968837833386
source/12kHz_DE_data/IR/0021/IR021_1.mat::w0003,source/12kHz_DE_data/IR/0021/IR021_1.mat,source/12kHz_DE_data/IR/0021/IR021_1.mat,source,validation,2,True,3,36000,48000,3,4,-0.000132727267340318,0,False,0.125,0.44298428979847515,0.29939017596501166,5.9447196606786425,7.304068848830601,7.865925041043157,0.29682291568513963
source/12kHz_DE_data/IR/0021/IR021_1.mat::w0004,source/12kHz_DE_data/IR/0021/IR021_1.mat,source/12kHz_DE_data/IR/0021/IR021_1.mat,source,validation,2,True,4,48000,60000,4,5,0.0002940710360528955,0,False,0.125,0.444018672581497,0.3033515386646956,5.087468263473054,5.922462656668002,7.150945508229658,0.2527632102882261
source/12kHz_DE_data/IR/0021/IR021_1.mat::w0005,source/12kHz_DE_data/IR/0021/IR021_1.mat,source/12kHz_DE_data/IR/0021/IR021_1.mat,source,validation,2,True,5,60000,72000,5,6,0.0005344411874168326,0,False,0.125,0.44307072034466016,0.3011546631960246,5.632844211576847,6.845622595240833,7.440676825420889,0.2494295350198547
source/12kHz_DE_data/IR/0021/IR021_1.mat::w0006,source/12kHz_DE_data/IR/0021/IR021_1.mat,source/12kHz_DE_data/IR/0021/IR021_1.mat,source,validation,2,True,6,72000,84000,6,7,0.000550109409306387,0,False,0.125,0.44317406610041227,0.2993123272821718,5.341273153692615,6.302447673990671,7.838617478112377,0.21405519541965948
source/12kHz_DE_data/IR/0021/IR021_1.mat::w0007,source/12kHz_DE_data/IR/0021/IR021_1.mat,source/12kHz_DE_data/IR/0021/IR021_1.mat,source,validation,2,True,7,84000,96000,7,8,-6.491060067365032e-05,0,False,0.125,0.45414217455262496,0.30438865902699047,5.816395908183633,6.893764666039191,8.354498404842511,0.25216694005036294
source/12kHz_DE_data/IR/0021/IR021_2.mat::w0000,source/12kHz_DE_data/IR/0021/IR021_2.mat,source/12kHz_DE_data/IR/0021/IR021_2.mat,source,train,2,True,0,0,12000,0,1,0.00035101216317364944,0,False,0.125,0.47758078906083656,0.3181733483968508,6.05964251497006,6.7629077235377,8.006911174991291,0.2950665553797229
source/12kHz_DE_data/IR/0021/IR021_2.mat::w0001,source/12kHz_DE_data/IR/0021/IR021_2.mat,source/12kHz_DE_data/IR/0021/IR021_2.mat,source,train,2,True,1,12000,24000,1,2,0.0004758164878576164,0,False,0.125,0.471332411307207,0.31537841936902306,5.516297005988024,6.3215680300110915,7.852876037434331,0.25288721575367
source/12kHz_DE_data/IR/0021/IR021_2.mat::w0002,source/12kHz_DE_data/IR/0021/IR021_2.mat,source/12kHz_DE_data/IR/0021/IR021_2.mat,source,train,2,True,2,24000,36000,2,3,0.0006446813414836968,0,False,0.125,0.4598913932530437,0.30870519475593816,5.739239221556886,6.4714025507794055,7.74624557297671,0.22041236005303905
source/12kHz_DE_data/IR/0021/IR021_2.mat::w0003,source/12kHz_DE_data/IR/0021/IR021_2.mat,source/12kHz_DE_data/IR/0021/IR021_2.mat,source,train,2,True,3,36000,48000,3,4,0.00019250254906852556,0,False,0.125,0.4894444481199695,0.32847236406586827,5.42127245508982,5.9944602577157395,7.479558266471221,0.195224986866326
source/12kHz_DE_data/IR/0021/IR021_2.mat::w0004,source/12kHz_DE_data/IR/0021/IR021_2.mat,source/12kHz_DE_data/IR/0021/IR021_2.mat,source,train,2,True,4,48000,60000,4,5,-0.0002248880530605463,0,False,0.125,0.501339685112362,0.33352763514857786,5.617412874251497,5.91381324496336,8.224113648916296,0.22723469956255535
source/12kHz_DE_data/IR/0021/IR021_2.mat::w0005,source/12kHz_DE_data/IR/0021/IR021_2.mat,source/12kHz_DE_data/IR/0021/IR021_2.mat,source,train,2,True,5,60000,72000,5,6,-0.0004056309755489058,0,False,0.125,0.5170494442879161,0.3433163527695997,6.747149201596807,7.001322046927073,8.33184609421112,0.25202731564585906
source/12kHz_DE_data/IR/0021/IR021_2.mat::w0006,source/12kHz_DE_data/IR/0021/IR021_2.mat,source/12kHz_DE_data/IR/0021/IR021_2.mat,source,train,2,True,6,72000,84000,6,7,-0.0004976098677644735,0,False,0.125,0.49237721467295814,0.3308130479628673,5.779441916167665,6.214179624384325,7.648139082995481,0.2616791413237499
source/12kHz_DE_data/IR/0021/IR021_2.mat::w0007,source/12kHz_DE_data/IR/0021/IR021_2.mat,source/12kHz_DE_data/IR/0021/IR021_2.mat,source,train,2,True,7,84000,96000,7,8,-0.0005358836452095852,0,False,0.125,0.4885205456229392,0.32440796176965514,5.98126756487026,6.455337537775644,8.466828163135755,0.2814615880038581
source/12kHz_DE_data/IR/0021/IR021_3.mat::w0000,source/12kHz_DE_data/IR/0021/IR021_3.mat,source/12kHz_DE_data/IR/0021/IR021_3.mat,source,train,2,True,0,0,12000,0,1,0.00014056137828510047,0,False,0.125,0.44169381740545666,0.2960404058376691,5.3908158682634735,6.519042292001522,8.030651787412488,0.3442425972257374
source/12kHz_DE_data/IR/0021/IR021_3.mat::w0001,source/12kHz_DE_data/IR/0021/IR021_3.mat,source/12kHz_DE_data/IR/0021/IR021_3.mat,source,train,2,True,1,12000,24000,1,2,0.0003001200526031324,0,False,0.125,0.4399003401619236,0.29229647540731035,5.7741627744510975,6.97359285168378,9.513262779201552,0.30583963778217915
source/12kHz_DE_data/IR/0021/IR021_3.mat::w0002,source/12kHz_DE_data/IR/0021/IR021_3.mat,source/12kHz_DE_data/IR/0021/IR021_3.mat,source,train,2,True,2,24000,36000,2,3,0.00028715908287592004,0,False,0.125,0.4486807510224263,0.30322333295967513,5.468378642714571,6.68600592976981,8.188417946410016,0.23268788246442848
source/12kHz_DE_data/IR/0021/IR021_3.mat::w0003,source/12kHz_DE_data/IR/0021/IR021_3.mat,source/12kHz_DE_data/IR/0021/IR021_3.mat,source,train,2,True,3,36000,48000,3,4,-6.78293569111713e-05,0,False,0.125,0.45531851539399454,0.31204007162360275,6.023906786427146,7.078955186193327,7.5134373867858475,0.2557528900185018
source/12kHz_DE_data/IR/0021/IR021_3.mat::w0004,source/12kHz_DE_data/IR/0021/IR021_3.mat,source/12kHz_DE_data/IR/0021/IR021_3.mat,source,train,2,True,4,48000,60000,4,5,2.9767083541256186e-05,0,False,0.125,0.45604702162655203,0.3088348823656714,5.164218862275449,6.119101987752363,7.961587271491833,0.3024972544949272
source/12kHz_DE_data/IR/0021/IR021_3.mat::w0005,source/12kHz_DE_data/IR/0021/IR021_3.mat,source/12kHz_DE_data/IR/0021/IR021_3.mat,source,train,2,True,5,60000,72000,5,6,8.671667082556974e-07,0,False,0.125,0.45523020250631147,0.30947186625604345,6.642378542914171,7.828607008947023,8.231816444759128,0.34151483233254853
source/12kHz_DE_data/IR/0021/IR021_3.mat::w0006,source/12kHz_DE_data/IR/0021/IR021_3.mat,source/12kHz_DE_data/IR/0021/IR021_3.mat,source,train,2,True,6,72000,84000,6,7,-0.0003833595964321318,0,False,0.125,0.4328476135411002,0.29433424119943447,5.588986726546906,6.92649343521917,8.327435931964416,0.3578341462947033
source/12kHz_DE_data/IR/0021/IR021_3.mat::w0007,source/12kHz_DE_data/IR/0021/IR021_3.mat,source/12kHz_DE_data/IR/0021/IR021_3.mat,source,train,2,True,7,84000,96000,7,8,-0.00030728581067032115,0,False,0.125,0.4376263395909506,0.2965291944739493,5.134574451097804,6.288357462378329,7.805807996417375,0.31271688129448877
source/12kHz_DE_data/IR/0028/IR028_0_(1797rpm).mat::w0000,source/12kHz_DE_data/IR/0028/IR028_0_(1797rpm).mat,source/12kHz_DE_data/IR/0028/IR028_0_(1797rpm).mat,source,train,2,True,0,0,12000,0,1,0.00012131130104166636,0,False,0.125,0.8377186236069956,0.6563653759182361,6.9063137,4.412227405866242,3.4040432711396518,0.13882950252735315
source/12kHz_DE_data/IR/0028/IR028_0_(1797rpm).mat::w0001,source/12kHz_DE_data/IR/0028/IR028_0_(1797rpm).mat,source/12kHz_DE_data/IR/0028/IR028_0_(1797rpm).mat,source,train,2,True,1,12000,24000,1,2,0.00036646855104167074,0,False,0.125,0.8509234272615924,0.6708195493126834,7.7327276,5.198944899742815,3.311664951918266,0.12010299566288943
source/12kHz_DE_data/IR/0028/IR028_0_(1797rpm).mat::w0002,source/12kHz_DE_data/IR/0028/IR028_0_(1797rpm).mat,source/12kHz_DE_data/IR/0028/IR028_0_(1797rpm).mat,source,train,2,True,2,24000,36000,2,3,0.0006080654260416678,0,False,0.125,0.8231111271906737,0.6468974512652167,7.3172827,4.768254110175761,3.398123333002409,0.08879889776628372
source/12kHz_DE_data/IR/0028/IR028_0_(1797rpm).mat::w0003,source/12kHz_DE_data/IR/0028/IR028_0_(1797rpm).mat,source/12kHz_DE_data/IR/0028/IR028_0_(1797rpm).mat,source,train,2,True,3,36000,48000,3,4,4.802267708336472e-06,0,False,0.125,0.8360861732856946,0.6588384430576723,7.279441,4.768465626992664,3.268553396544008,0.09086312951165902
source/12kHz_DE_data/IR/0028/IR028_0_(1797rpm).mat::w0004,source/12kHz_DE_data/IR/0028/IR028_0_(1797rpm).mat,source/12kHz_DE_data/IR/0028/IR028_0_(1797rpm).mat,source,train,2,True,4,48000,60000,4,5,-0.0003186154156249973,0,False,0.125,0.8259506178476179,0.6455067938145667,6.6756014,4.082987073716524,3.3809126261426194,0.09098578591483063
source/12kHz_DE_data/IR/0028/IR028_0_(1797rpm).mat::w0005,source/12kHz_DE_data/IR/0028/IR028_0_(1797rpm).mat,source/12kHz_DE_data/IR/0028/IR028_0_(1797rpm).mat,source,train,2,True,5,60000,72000,5,6,-0.0007195475489583313,0,False,0.125,0.8140851886980114,0.6384763691041667,6.6247389000000005,4.132993297316271,3.3086278762714563,0.09306146663547227
source/12kHz_DE_data/IR/0028/IR028_0_(1797rpm).mat::w0006,source/12kHz_DE_data/IR/0028/IR028_0_(1797rpm).mat,source/12kHz_DE_data/IR/0028/IR028_0_(1797rpm).mat,source,train,2,True,6,72000,84000,6,7,0.0003211331093750017,0,False,0.125,0.8636849922853919,0.6765189960528999,7.4714978,4.472974732897118,3.3905269529385005,0.1053158657778793
source/12kHz_DE_data/IR/0028/IR028_0_(1797rpm).mat::w0007,source/12kHz_DE_data/IR/0028/IR028_0_(1797rpm).mat,source/12kHz_DE_data/IR/0028/IR028_0_(1797rpm).mat,source,train,2,True,7,84000,96000,7,8,-0.0003836176906249983,0,False,0.125,0.8384391945535797,0.6563615603378167,7.2452614,4.335271087142286,3.47143619737419,0.09947370444887482
source/12kHz_DE_data/IR/0028/IR028_1_(1772rpm).mat::w0000,source/12kHz_DE_data/IR/0028/IR028_1_(1772rpm).mat,source/12kHz_DE_data/IR/0028/IR028_1_(1772rpm).mat,source,train,2,True,0,0,12000,0,1,0.00011342761354165482,0,False,0.125,0.8312213755229634,0.6623755142730194,6.4326821,4.049124155031252,3.0639975749769026,0.07364925061178955
source/12kHz_DE_data/IR/0028/IR028_1_(1772rpm).mat::w0001,source/12kHz_DE_data/IR/0028/IR028_1_(1772rpm).mat,source/12kHz_DE_data/IR/0028/IR028_1_(1772rpm).mat,source,train,2,True,1,12000,24000,1,2,-0.0009123333781250153,0,False,0.125,0.8441504624367284,0.6681464656858694,6.995017900000001,4.204643803591315,3.172585740434839,0.12166676648359324
source/12kHz_DE_data/IR/0028/IR028_1_(1772rpm).mat::w0002,source/12kHz_DE_data/IR/0028/IR028_1_(1772rpm).mat,source/12kHz_DE_data/IR/0028/IR028_1_(1772rpm).mat,source,train,2,True,2,24000,36000,2,3,-8.612292812500995e-05,0,False,0.125,0.835066141275694,0.6593568617111667,7.4922497,4.511057166057055,3.261239524068644,0.11532354822725206
source/12kHz_DE_data/IR/0028/IR028_1_(1772rpm).mat::w0003,source/12kHz_DE_data/IR/0028/IR028_1_(1772rpm).mat,source/12kHz_DE_data/IR/0028/IR028_1_(1772rpm).mat,source,train,2,True,3,36000,48000,3,4,0.000428809021874984,0,False,0.125,0.8528303457862608,0.6757555426037001,6.8147611999999995,4.206080712895197,3.1529005458792585,0.11075543545545008
source/12kHz_DE_data/IR/0028/IR028_1_(1772rpm).mat::w0004,source/12kHz_DE_data/IR/0028/IR028_1_(1772rpm).mat,source/12kHz_DE_data/IR/0028/IR028_1_(1772rpm).mat,source,train,2,True,4,48000,60000,4,5,0.00032905070520831904,0,False,0.125,0.8392422773896205,0.66365892094255,6.6304355,4.273330030816623,3.2087562192761676,0.0803585942718124
source/12kHz_DE_data/IR/0028/IR028_1_(1772rpm).mat::w0005,source/12kHz_DE_data/IR/0028/IR028_1_(1772rpm).mat,source/12kHz_DE_data/IR/0028/IR028_1_(1772rpm).mat,source,train,2,True,5,60000,72000,5,6,3.2522330208320293e-05,0,False,0.125,0.8345389711995764,0.6568924198966458,7.5158499,4.700018082842757,3.3485691082179607,0.11288199001078196
source/12kHz_DE_data/IR/0028/IR028_1_(1772rpm).mat::w0006,source/12kHz_DE_data/IR/0028/IR028_1_(1772rpm).mat,source/12kHz_DE_data/IR/0028/IR028_1_(1772rpm).mat,source,train,2,True,6,72000,84000,6,7,0.0004678375135416523,0,False,0.125,0.8434036201038471,0.6661944052139097,6.605207699999999,4.011338414548304,3.171946582590569,0.07359007100345807
source/12kHz_DE_data/IR/0028/IR028_1_(1772rpm).mat::w0007,source/12kHz_DE_data/IR/0028/IR028_1_(1772rpm).mat,source/12kHz_DE_data/IR/0028/IR028_1_(1772rpm).mat,source,train,2,True,7,84000,96000,7,8,-0.00037319087812501196,0,False,0.125,0.8339890639715529,0.6611828876490501,6.167790200000001,3.702440837747792,3.1462934985814366,0.099151497058451
source/12kHz_DE_data/IR/0028/IR028_2_(1750rpm).mat::w0000,source/12kHz_DE_data/IR/0028/IR028_2_(1750rpm).mat,source/12kHz_DE_data/IR/0028/IR028_2_(1750rpm).mat,source,validation,2,True,0,0,12000,0,1,0.00041436407187499,0,False,0.125,0.8464766226978929,0.672436007746425,7.9162395000000005,4.960782440866085,3.1963570971257766,0.13727721046301855
source/12kHz_DE_data/IR/0028/IR028_2_(1750rpm).mat::w0001,source/12kHz_DE_data/IR/0028/IR028_2_(1750rpm).mat,source/12kHz_DE_data/IR/0028/IR028_2_(1750rpm).mat,source,validation,2,True,1,12000,24000,1,2,0.0014007913968749888,0,False,0.125,0.8452738967108916,0.6671748699958514,6.5156897,4.1921809249998185,3.236069388773586,0.17668458454280483
source/12kHz_DE_data/IR/0028/IR028_2_(1750rpm).mat::w0002,source/12kHz_DE_data/IR/0028/IR028_2_(1750rpm).mat,source/12kHz_DE_data/IR/0028/IR028_2_(1750rpm).mat,source,validation,2,True,2,24000,36000,2,3,0.0002988722885416599,0,False,0.125,0.822891339297793,0.6508817819534333,6.7097809999999996,4.54736773447293,3.2557827389796667,0.143639627354404
source/12kHz_DE_data/IR/0028/IR028_2_(1750rpm).mat::w0003,source/12kHz_DE_data/IR/0028/IR028_2_(1750rpm).mat,source/12kHz_DE_data/IR/0028/IR028_2_(1750rpm).mat,source,validation,2,True,3,36000,48000,3,4,9.668113541655495e-06,0,False,0.125,0.8405349309113945,0.6629328250332125,7.3388484,4.38153411010735,3.2916655304235367,0.15743753748410297
source/12kHz_DE_data/IR/0028/IR028_2_(1750rpm).mat::w0004,source/12kHz_DE_data/IR/0028/IR028_2_(1750rpm).mat,source/12kHz_DE_data/IR/0028/IR028_2_(1750rpm).mat,source,validation,2,True,4,48000,60000,4,5,-0.0006077687281250083,0,False,0.125,0.8269537614477824,0.6495482667469972,7.1642883,4.584678664111824,3.401640411394996,0.14285237047989965
source/12kHz_DE_data/IR/0028/IR028_2_(1750rpm).mat::w0005,source/12kHz_DE_data/IR/0028/IR028_2_(1750rpm).mat,source/12kHz_DE_data/IR/0028/IR028_2_(1750rpm).mat,source,validation,2,True,5,60000,72000,5,6,-0.0001651632531250108,0,False,0.125,0.8259958749840952,0.6524596918340584,7.2269509,4.60029713939532,3.2986741502651427,0.12690737977054817
source/12kHz_DE_data/IR/0028/IR028_2_(1750rpm).mat::w0006,source/12kHz_DE_data/IR/0028/IR028_2_(1750rpm).mat,source/12kHz_DE_data/IR/0028/IR028_2_(1750rpm).mat,source,validation,2,True,6,72000,84000,6,7,-0.000568740236458342,0,False,0.125,0.8569525393362376,0.6743441566837083,7.2831031,4.364787507044651,3.33277808818747,0.13392825316559345
source/12kHz_DE_data/IR/0028/IR028_2_(1750rpm).mat::w0007,source/12kHz_DE_data/IR/0028/IR028_2_(1750rpm).mat,source/12kHz_DE_data/IR/0028/IR028_2_(1750rpm).mat,source,validation,2,True,7,84000,96000,7,8,-0.0007820236531250103,0,False,0.125,0.8447950196822369,0.6661090944864416,7.000714500000001,4.508290452131495,3.273818196084175,0.1480777454554439
source/12kHz_DE_data/IR/0028/IR028_3_(1730rpm).mat::w0000,source/12kHz_DE_data/IR/0028/IR028_3_(1730rpm).mat,source/12kHz_DE_data/IR/0028/IR028_3_(1730rpm).mat,source,validation,2,True,0,0,12000,0,1,2.9767278125016488e-05,0,False,0.125,0.8231550171980991,0.6472398672451833,6.5698074,4.2990921456029385,3.2753646626275987,0.1466942811382797
source/12kHz_DE_data/IR/0028/IR028_3_(1730rpm).mat::w0001,source/12kHz_DE_data/IR/0028/IR028_3_(1730rpm).mat,source/12kHz_DE_data/IR/0028/IR028_3_(1730rpm).mat,source,validation,2,True,1,12000,24000,1,2,-0.000146962955208319,0,False,0.125,0.8280431553220626,0.6486351770321944,6.5840489,4.1820352925161925,3.3719960961690947,0.1837713355153725
source/12kHz_DE_data/IR/0028/IR028_3_(1730rpm).mat::w0002,source/12kHz_DE_data/IR/0028/IR028_3_(1730rpm).mat,source/12kHz_DE_data/IR/0028/IR028_3_(1730rpm).mat,source,validation,2,True,2,24000,36000,2,3,0.0001845927281250159,0,False,0.125,0.8212665076744353,0.6469083748348,6.6251458,4.5000347744182605,3.254646766596978,0.17546953102074725
source/12kHz_DE_data/IR/0028/IR028_3_(1730rpm).mat::w0003,source/12kHz_DE_data/IR/0028/IR028_3_(1730rpm).mat,source/12kHz_DE_data/IR/0028/IR028_3_(1730rpm).mat,source,validation,2,True,3,36000,48000,3,4,-0.0006133381718749872,0,False,0.125,0.8269845419938597,0.6532296631769999,6.7142569,4.252900381934967,3.2141613933069713,0.143904784702216
source/12kHz_DE_data/IR/0028/IR028_3_(1730rpm).mat::w0004,source/12kHz_DE_data/IR/0028/IR028_3_(1730rpm).mat,source/12kHz_DE_data/IR/0028/IR028_3_(1730rpm).mat,source,validation,2,True,4,48000,60000,4,5,-9.667689687498763e-05,0,False,0.125,0.8250189687515649,0.6464124767343208,6.2723635,3.969938434483768,3.3485889367068067,0.17585995090100476
source/12kHz_DE_data/IR/0028/IR028_3_(1730rpm).mat::w0005,source/12kHz_DE_data/IR/0028/IR028_3_(1730rpm).mat,source/12kHz_DE_data/IR/0028/IR028_3_(1730rpm).mat,source,validation,2,True,5,60000,72000,5,6,-0.0005812269802083178,0,False,0.125,0.8301935564037932,0.6531180238776556,7.5016084,4.61085382699578,3.37005493239655,0.16373904609583628
source/12kHz_DE_data/IR/0028/IR028_3_(1730rpm).mat::w0006,source/12kHz_DE_data/IR/0028/IR028_3_(1730rpm).mat,source/12kHz_DE_data/IR/0028/IR028_3_(1730rpm).mat,source,validation,2,True,6,72000,84000,6,7,0.00015349878645834773,0,False,0.125,0.8138652824774558,0.639706509042882,6.4229164999999995,4.011538405475728,3.3448133536147653,0.1774770912985325
source/12kHz_DE_data/IR/0028/IR028_3_(1730rpm).mat::w0007,source/12kHz_DE_data/IR/0028/IR028_3_(1730rpm).mat,source/12kHz_DE_data/IR/0028/IR028_3_(1730rpm).mat,source,validation,2,True,7,84000,96000,7,8,0.0010703462114583467,0,False,0.125,0.8214217928774447,0.6473829213607528,6.7537262,4.3836774496849875,3.252058374302072,0.13306095034177146
source/12kHz_DE_data/OR/Centered/0007/OR007@6_0.mat::w0000,source/12kHz_DE_data/OR/Centered/0007/OR007@6_0.mat,source/12kHz_DE_data/OR/Centered/0007/OR007@6_0.mat,source,train,1,True,0,0,12000,0,1,0.008679112025948102,0,False,0.125,0.6731013720440989,0.409594180031713,6.704916067864271,5.139463463754423,7.5398180233448535,0.04667446623588477
source/12kHz_DE_data/OR/Centered/0007/OR007@6_0.mat::w0001,source/12kHz_DE_data/OR/Centered/0007/OR007@6_0.mat,source/12kHz_DE_data/OR/Centered/0007/OR007@6_0.mat,source,train,1,True,1,12000,24000,1,2,0.005130851979374581,0,False,0.125,0.645835638870879,0.39235143527030936,6.548572255489022,5.167641471722643,7.490870834499957,0.0593172471481254
source/12kHz_DE_data/OR/Centered/0007/OR007@6_0.mat::w0002,source/12kHz_DE_data/OR/Centered/0007/OR007@6_0.mat,source/12kHz_DE_data/OR/Centered/0007/OR007@6_0.mat,source,train,1,True,2,24000,36000,2,3,0.0018989343479707255,0,False,0.125,0.6830114912939881,0.4117752370372796,6.708976946107785,4.976718018673184,7.672277560648477,0.058889585094291506
source/12kHz_DE_data/OR/Centered/0007/OR007@6_0.mat::w0003,source/12kHz_DE_data/OR/Centered/0007/OR007@6_0.mat,source/12kHz_DE_data/OR/Centered/0007/OR007@6_0.mat,source,train,1,True,3,36000,48000,3,4,0.00016443172821024586,0,False,0.125,0.6879603756273451,0.41726341406886225,6.700855189620759,4.998925048054351,7.602744845258865,0.04621546873024982
source/12kHz_DE_data/OR/Centered/0007/OR007@6_0.mat::w0004,source/12kHz_DE_data/OR/Centered/0007/OR007@6_0.mat,source/12kHz_DE_data/OR/Centered/0007/OR007@6_0.mat,source,train,1,True,4,48000,60000,4,5,-0.0009327498918829026,0,False,0.125,0.6591726769576008,0.4022881234322134,6.624510678642714,5.223833387482481,7.442988400163282,0.06702794833748442
source/12kHz_DE_data/OR/Centered/0007/OR007@6_0.mat::w0005,source/12kHz_DE_data/OR/Centered/0007/OR007@6_0.mat,source/12kHz_DE_data/OR/Centered/0007/OR007@6_0.mat,source,train,1,True,5,60000,72000,5,6,-0.0027921921989354647,0,False,0.125,0.6564087799042625,0.39723962606925733,6.749585728542915,5.225715101308886,7.713258470294715,0.0466233207873658
source/12kHz_DE_data/OR/Centered/0007/OR007@6_0.mat::w0006,source/12kHz_DE_data/OR/Centered/0007/OR007@6_0.mat,source/12kHz_DE_data/OR/Centered/0007/OR007@6_0.mat,source,train,1,True,6,72000,84000,6,7,-0.0055865501996008,0,False,0.125,0.690168619142162,0.416394690498855,6.876285129740519,5.2330913509480546,7.748935502992822,0.07076107290901067
source/12kHz_DE_data/OR/Centered/0007/OR007@6_0.mat::w0007,source/12kHz_DE_data/OR/Centered/0007/OR007@6_0.mat,source/12kHz_DE_data/OR/Centered/0007/OR007@6_0.mat,source,train,1,True,7,84000,96000,7,8,-0.0065618377910845,0,False,0.125,0.677497204019872,0.4101724577398758,6.46938512974052,4.912830964209496,7.550593846327817,0.030554397775878726
source/12kHz_DE_data/OR/Centered/0007/OR007@6_1.mat::w0000,source/12kHz_DE_data/OR/Centered/0007/OR007@6_1.mat,source/12kHz_DE_data/OR/Centered/0007/OR007@6_1.mat,source,train,1,True,0,0,12000,0,1,-0.0007113093552478283,0,False,0.125,0.5885343027747291,0.36455142708378524,5.960150998003992,5.110611566179004,7.615478552699439,0.04382042599727015
source/12kHz_DE_data/OR/Centered/0007/OR007@6_1.mat::w0001,source/12kHz_DE_data/OR/Centered/0007/OR007@6_1.mat,source/12kHz_DE_data/OR/Centered/0007/OR007@6_1.mat,source,train,1,True,1,12000,24000,1,2,-0.00101360789982534,0,False,0.125,0.5896918927670628,0.3659759969842357,5.940658782435129,5.106601011356504,7.537378791116308,0.020558577607437283
source/12kHz_DE_data/OR/Centered/0007/OR007@6_1.mat::w0002,source/12kHz_DE_data/OR/Centered/0007/OR007@6_1.mat,source/12kHz_DE_data/OR/Centered/0007/OR007@6_1.mat,source,train,1,True,2,24000,36000,2,3,-0.00019605158745008967,0,False,0.125,0.5875484385411401,0.36495793648369923,5.9906075848303395,5.262761518102033,7.592547143975049,0.04299473923445858
source/12kHz_DE_data/OR/Centered/0007/OR007@6_1.mat::w0003,source/12kHz_DE_data/OR/Centered/0007/OR007@6_1.mat,source/12kHz_DE_data/OR/Centered/0007/OR007@6_1.mat,source,train,1,True,3,36000,48000,3,4,0.0003565324195359375,0,False,0.125,0.5933235691012139,0.367660048978572,5.884618662674651,4.976435461259694,7.479927573802064,0.028628446256212893
source/12kHz_DE_data/OR/Centered/0007/OR007@6_1.mat::w0004,source/12kHz_DE_data/OR/Centered/0007/OR007@6_1.mat,source/12kHz_DE_data/OR/Centered/0007/OR007@6_1.mat,source,train,1,True,4,48000,60000,4,5,0.0004611677156104563,0,False,0.125,0.5938832206716746,0.36804493879852795,5.9199483033932125,5.180218494962308,7.476263559337473,0.04415071626487491
source/12kHz_DE_data/OR/Centered/0007/OR007@6_1.mat::w0005,source/12kHz_DE_data/OR/Centered/0007/OR007@6_1.mat,source/12kHz_DE_data/OR/Centered/0007/OR007@6_1.mat,source,train,1,True,5,60000,72000,5,6,0.00025247241454591935,0,False,0.125,0.5979055045443631,0.3704863319288756,5.725026147704591,4.908004321829366,7.474375650691887,0.023204303150452386
source/12kHz_DE_data/OR/Centered/0007/OR007@6_1.mat::w0006,source/12kHz_DE_data/OR/Centered/0007/OR007@6_1.mat,source/12kHz_DE_data/OR/Centered/0007/OR007@6_1.mat,source,train,1,True,6,72000,84000,6,7,0.0003713207844727293,0,False,0.125,0.5926212425525503,0.3651280687035845,5.964211876247505,5.074910489891729,7.552320816831246,0.022752954070368706
source/12kHz_DE_data/OR/Centered/0007/OR007@6_1.mat::w0007,source/12kHz_DE_data/OR/Centered/0007/OR007@6_1.mat,source/12kHz_DE_data/OR/Centered/0007/OR007@6_1.mat,source,train,1,True,7,84000,96000,7,8,0.00047947550835829257,0,False,0.125,0.590884547591191,0.36480372060536426,6.074261676646707,5.259395106746945,7.729772460640584,0.03617117179348592
source/12kHz_DE_data/OR/Centered/0007/OR007@6_2.mat::w0000,source/12kHz_DE_data/OR/Centered/0007/OR007@6_2.mat,source/12kHz_DE_data/OR/Centered/0007/OR007@6_2.mat,source,train,1,True,0,0,12000,0,1,0.00016330652653026692,0,False,0.125,0.5630918923963318,0.34536593498419826,5.861877744510979,5.294952865735474,7.806145349921719,0.029672615116850768
source/12kHz_DE_data/OR/Centered/0007/OR007@6_2.mat::w0001,source/12kHz_DE_data/OR/Centered/0007/OR007@6_2.mat,source/12kHz_DE_data/OR/Centered/0007/OR007@6_2.mat,source,train,1,True,1,12000,24000,1,2,-0.00021926204466068397,0,False,0.125,0.5716002747694251,0.35112864862005155,6.020658083832336,5.39859200525106,7.798185045973563,0.018000172000743147
source/12kHz_DE_data/OR/Centered/0007/OR007@6_2.mat::w0002,source/12kHz_DE_data/OR/Centered/0007/OR007@6_2.mat,source/12kHz_DE_data/OR/Centered/0007/OR007@6_2.mat,source,train,1,True,2,24000,36000,2,3,5.338362857613613e-06,0,False,0.125,0.5702600207288205,0.3499046205442074,5.649087724550899,5.099068684022068,7.887668425722472,0.019921562617650455
source/12kHz_DE_data/OR/Centered/0007/OR007@6_2.mat::w0003,source/12kHz_DE_data/OR/Centered/0007/OR007@6_2.mat,source/12kHz_DE_data/OR/Centered/0007/OR007@6_2.mat,source,train,1,True,3,36000,48000,3,4,-0.00013892433674318508,0,False,0.125,0.5667241304243308,0.34820225796526943,5.853349900199601,5.303826465913479,7.834631092651997,0.019302022797747426
source/12kHz_DE_data/OR/Centered/0007/OR007@6_2.mat::w0004,source/12kHz_DE_data/OR/Centered/0007/OR007@6_2.mat,source/12kHz_DE_data/OR/Centered/0007/OR007@6_2.mat,source,train,1,True,4,48000,60000,4,5,8.851868554557011e-05,0,False,0.125,0.5709038176473227,0.3492326114831032,5.724620059880239,5.105976390167532,7.905820394396653,0.010778979518075214
source/12kHz_DE_data/OR/Centered/0007/OR007@6_2.mat::w0005,source/12kHz_DE_data/OR/Centered/0007/OR007@6_2.mat,source/12kHz_DE_data/OR/Centered/0007/OR007@6_2.mat,source,train,1,True,5,60000,72000,5,6,-8.992307260479475e-05,0,False,0.125,0.5729270875904249,0.35115654483442554,5.823705489021956,5.2392296111064205,7.920042913387507,0.01904351304666219
source/12kHz_DE_data/OR/Centered/0007/OR007@6_2.mat::w0006,source/12kHz_DE_data/OR/Centered/0007/OR007@6_2.mat,source/12kHz_DE_data/OR/Centered/0007/OR007@6_2.mat,source,train,1,True,6,72000,84000,6,7,0.00018367859905188974,0,False,0.125,0.5750141571903876,0.35344093596863635,6.031216367265469,5.386405966624681,7.812389759093528,0.032021622403382265
source/12kHz_DE_data/OR/Centered/0007/OR007@6_2.mat::w0007,source/12kHz_DE_data/OR/Centered/0007/OR007@6_2.mat,source/12kHz_DE_data/OR/Centered/0007/OR007@6_2.mat,source,train,1,True,7,84000,96000,7,8,7.267280023281137e-06,0,False,0.125,0.5761681173915133,0.3532506120525449,5.910608283433135,5.2525827755669825,7.8225789516822815,0.0029440841265396898
source/12kHz_DE_data/OR/Centered/0007/OR007@6_3.mat::w0000,source/12kHz_DE_data/OR/Centered/0007/OR007@6_3.mat,source/12kHz_DE_data/OR/Centered/0007/OR007@6_3.mat,source,validation,1,True,0,0,12000,0,1,0.00025378796989355284,0,False,0.125,0.5726592379672172,0.35041544269930136,6.122992215568862,5.551861881271556,8.084249366362872,-0.01029230395587956
source/12kHz_DE_data/OR/Centered/0007/OR007@6_3.mat::w0001,source/12kHz_DE_data/OR/Centered/0007/OR007@6_3.mat,source/12kHz_DE_data/OR/Centered/0007/OR007@6_3.mat,source,validation,1,True,1,12000,24000,1,2,0.0006824136684963479,0,False,0.125,0.578715003193129,0.3533806903977268,6.122992215568862,5.408119237473158,8.013490371674099,-0.006409786475366781
source/12kHz_DE_data/OR/Centered/0007/OR007@6_3.mat::w0002,source/12kHz_DE_data/OR/Centered/0007/OR007@6_3.mat,source/12kHz_DE_data/OR/Centered/0007/OR007@6_3.mat,source,validation,1,True,2,24000,36000,2,3,0.0006005192905855015,0,False,0.125,0.5862207177358032,0.3608980737530328,6.1331444111776445,5.330703074327629,7.878489734625448,-0.001717283470603789
source/12kHz_DE_data/OR/Centered/0007/OR007@6_3.mat::w0003,source/12kHz_DE_data/OR/Centered/0007/OR007@6_3.mat,source/12kHz_DE_data/OR/Centered/0007/OR007@6_3.mat,source,validation,1,True,3,36000,48000,3,4,-0.0002866472430139648,0,False,0.125,0.5811068699296056,0.35705433335389214,6.18512365269461,5.561532375877065,8.001043912737705,-0.0025731084434115724
source/12kHz_DE_data/OR/Centered/0007/OR007@6_3.mat::w0004,source/12kHz_DE_data/OR/Centered/0007/OR007@6_3.mat,source/12kHz_DE_data/OR/Centered/0007/OR007@6_3.mat,source,validation,1,True,4,48000,60000,4,5,-0.0004641076222554825,0,False,0.125,0.5827357618490849,0.35718142801390557,6.026749401197605,5.360228231615667,7.916335241487356,-0.004970275843141421
source/12kHz_DE_data/OR/Centered/0007/OR007@6_3.mat::w0005,source/12kHz_DE_data/OR/Centered/0007/OR007@6_3.mat,source/12kHz_DE_data/OR/Centered/0007/OR007@6_3.mat,source,validation,1,True,5,60000,72000,5,6,-0.00026177436377244976,0,False,0.125,0.5810828149126692,0.35692312023576594,6.12542874251497,5.430336616606075,8.01422600158129,-0.01041277247379091
source/12kHz_DE_data/OR/Centered/0007/OR007@6_3.mat::w0006,source/12kHz_DE_data/OR/Centered/0007/OR007@6_3.mat,source/12kHz_DE_data/OR/Centered/0007/OR007@6_3.mat,source,validation,1,True,6,72000,84000,6,7,-0.00019717255904856223,0,False,0.125,0.5806479729482052,0.35498687860501227,5.9495927145708585,5.126196251569497,7.862582964777521,0.005849724962940236
source/12kHz_DE_data/OR/Centered/0007/OR007@6_3.mat::w0007,source/12kHz_DE_data/OR/Centered/0007/OR007@6_3.mat,source/12kHz_DE_data/OR/Centered/0007/OR007@6_3.mat,source,validation,1,True,7,84000,96000,7,8,-0.00032701914088488943,0,False,0.125,0.5872660178190313,0.359294100845071,5.937410079840319,5.124336882776671,7.898245312094567,0.00875002019713534
source/12kHz_DE_data/OR/Centered/0014/OR014@6_0.mat::w0000,source/12kHz_DE_data/OR/Centered/0014/OR014@6_0.mat,source/12kHz_DE_data/OR/Centered/0014/OR014@6_0.mat,source,train,1,True,0,0,12000,0,1,0.0035979242290419167,0,False,0.125,0.10243757051318428,0.08171123559263473,0.798294251497006,4.068771094825017,3.095530445091357,0.01036179338897063
source/12kHz_DE_data/OR/Centered/0014/OR014@6_0.mat::w0001,source/12kHz_DE_data/OR/Centered/0014/OR014@6_0.mat,source/12kHz_DE_data/OR/Centered/0014/OR014@6_0.mat,source,train,1,True,1,12000,24000,1,2,-0.008325510980538922,0,False,0.125,0.09789044912015528,0.07821883693912175,0.702805868263473,3.7527491252438385,2.922254955139672,0.017932029344824383
source/12kHz_DE_data/OR/Centered/0014/OR014@6_0.mat::w0002,source/12kHz_DE_data/OR/Centered/0014/OR014@6_0.mat,source/12kHz_DE_data/OR/Centered/0014/OR014@6_0.mat,source,train,1,True,2,24000,36000,2,3,-0.00355146735778443,0,False,0.125,0.09941254581098855,0.07914589960927644,0.7892407185628743,3.981328545088889,3.0267712640112148,0.0008796896850494112
source/12kHz_DE_data/OR/Centered/0014/OR014@6_0.mat::w0003,source/12kHz_DE_data/OR/Centered/0014/OR014@6_0.mat,source/12kHz_DE_data/OR/Centered/0014/OR014@6_0.mat,source,train,1,True,3,36000,48000,3,4,0.0003815788398203597,0,False,0.125,0.09826139505581101,0.07806883690479043,0.8378374850299402,4.407286355365173,3.060671662800298,-0.02892840688325852
source/12kHz_DE_data/OR/Centered/0014/OR014@6_0.mat::w0004,source/12kHz_DE_data/OR/Centered/0014/OR014@6_0.mat,source/12kHz_DE_data/OR/Centered/0014/OR014@6_0.mat,source,train,1,True,4,48000,60000,4,5,0.002275079917664671,0,False,0.125,0.09935030986521827,0.0798081813346507,0.7180710179640718,3.713499031473477,2.8617260258237804,-0.006799429249709308
source/12kHz_DE_data/OR/Centered/0014/OR014@6_0.mat::w0005,source/12kHz_DE_data/OR/Centered/0014/OR014@6_0.mat,source/12kHz_DE_data/OR/Centered/0014/OR014@6_0.mat,source,train,1,True,5,60000,72000,5,6,0.003004623480538923,0,False,0.125,0.09932619553371572,0.07899239108677644,0.7517680239520959,3.8137373659375733,3.0210886939398844,0.010111291524960197
source/12kHz_DE_data/OR/Centered/0014/OR014@6_0.mat::w0006,source/12kHz_DE_data/OR/Centered/0014/OR014@6_0.mat,source/12kHz_DE_data/OR/Centered/0014/OR014@6_0.mat,source,train,1,True,6,72000,84000,6,7,0.001897078001497007,0,False,0.125,0.10105484868334,0.08047695277802396,0.8932954491017964,4.717871203121418,3.1209633796485607,-0.012548951440917009
source/12kHz_DE_data/OR/Centered/0014/OR014@6_0.mat::w0007,source/12kHz_DE_data/OR/Centered/0014/OR014@6_0.mat,source/12kHz_DE_data/OR/Centered/0014/OR014@6_0.mat,source,train,1,True,7,84000,96000,7,8,0.0007206938697604798,0,False,0.125,0.0983645150221177,0.07882838609520959,0.7439730538922156,3.7828787039526177,2.8956639699350126,0.01634278226109175
source/12kHz_DE_data/OR/Centered/0014/OR014@6_1.mat::w0000,source/12kHz_DE_data/OR/Centered/0014/OR014@6_1.mat,source/12kHz_DE_data/OR/Centered/0014/OR014@6_1.mat,source,train,1,True,0,0,12000,0,1,9.257372754467528e-07,0,False,0.125,0.0943335880504171,0.0751153206334531,0.735163113772455,4.163984409563471,3.0342664705524323,0.04369454108768782
source/12kHz_DE_data/OR/Centered/0014/OR014@6_1.mat::w0001,source/12kHz_DE_data/OR/Centered/0014/OR014@6_1.mat,source/12kHz_DE_data/OR/Centered/0014/OR014@6_1.mat,source,train,1,True,1,12000,24000,1,2,0.0001057856773952072,0,False,0.125,0.0945356565201029,0.07582578986624751,0.7326865868263472,4.274077970993586,2.9146981374625724,-0.004071489158970062
source/12kHz_DE_data/OR/Centered/0014/OR014@6_1.mat::w0002,source/12kHz_DE_data/OR/Centered/0014/OR014@6_1.mat,source/12kHz_DE_data/OR/Centered/0014/OR014@6_1.mat,source,train,1,True,2,24000,36000,2,3,0.00017576786302394955,0,False,0.125,0.09401906875594603,0.07578276594006486,0.6939959281437125,3.78315146746906,2.8206980461420317,0.012431682906144886
source/12kHz_DE_data/OR/Centered/0014/OR014@6_1.mat::w0003,source/12kHz_DE_data/OR/Centered/0014/OR014@6_1.mat,source/12kHz_DE_data/OR/Centered/0014/OR014@6_1.mat,source,train,1,True,3,36000,48000,3,4,-1.4904412425151485e-05,0,False,0.125,0.0921400147376436,0.07351412273922654,0.7773046706586826,4.358778825065247,3.07946914205746,-0.04336217444775567
source/12kHz_DE_data/OR/Centered/0014/OR014@6_1.mat::w0004,source/12kHz_DE_data/OR/Centered/0014/OR014@6_1.mat,source/12kHz_DE_data/OR/Centered/0014/OR014@6_1.mat,source,train,1,True,4,48000,60000,4,5,-6.153552020958332e-05,0,False,0.125,0.09621748574990625,0.07694208813582834,0.7571270658682635,4.157545340777396,2.9428363419993504,-0.009918232142142292
source/12kHz_DE_data/OR/Centered/0014/OR014@6_1.mat::w0005,source/12kHz_DE_data/OR/Centered/0014/OR014@6_1.mat,source/12kHz_DE_data/OR/Centered/0014/OR014@6_1.mat,source,train,1,True,5,60000,72000,5,6,-0.00023877635853293658,0,False,0.125,0.09247424508167945,0.07390211188691616,0.7175838323353294,4.086542565540583,2.923727858516943,0.007130694742264836
source/12kHz_DE_data/OR/Centered/0014/OR014@6_1.mat::w0006,source/12kHz_DE_data/OR/Centered/0014/OR014@6_1.mat,source/12kHz_DE_data/OR/Centered/0014/OR014@6_1.mat,source,train,1,True,6,72000,84000,6,7,-0.00016439935254491229,0,False,0.125,0.09340467598490372,0.07465234797144711,0.6572946107784432,3.6222738203133735,2.9301381035428435,-0.039796904495303764
source/12kHz_DE_data/OR/Centered/0014/OR014@6_1.mat::w0007,source/12kHz_DE_data/OR/Centered/0014/OR014@6_1.mat,source/12kHz_DE_data/OR/Centered/0014/OR014@6_1.mat,source,train,1,True,7,84000,96000,7,8,0.00019713636601796173,0,False,0.125,0.09311107065509289,0.07484904572943114,0.7464901796407186,4.348300296508073,2.9096280863156365,0.025032933917754192
source/12kHz_DE_data/OR/Centered/0014/OR014@6_2.mat::w0000,source/12kHz_DE_data/OR/Centered/0014/OR014@6_2.mat,source/12kHz_DE_data/OR/Centered/0014/OR014@6_2.mat,source,validation,1,True,0,0,12000,0,1,-0.00025252032185628425,0,False,0.125,0.09692628303666394,0.07727405341443114,0.7168530538922155,3.7912446286743275,3.011061793338004,0.01623977317374125
source/12kHz_DE_data/OR/Centered/0014/OR014@6_2.mat::w0001,source/12kHz_DE_data/OR/Centered/0014/OR014@6_2.mat,source/12kHz_DE_data/OR/Centered/0014/OR014@6_2.mat,source,validation,1,True,1,12000,24000,1,2,-7.02866766463861e-07,0,False,0.125,0.09819964916464402,0.0782885896372006,0.7093422754491018,3.725395626918281,3.016270038991553,-0.0025297694489024854
source/12kHz_DE_data/OR/Centered/0014/OR014@6_2.mat::w0002,source/12kHz_DE_data/OR/Centered/0014/OR014@6_2.mat,source/12kHz_DE_data/OR/Centered/0014/OR014@6_2.mat,source,validation,1,True,2,24000,36000,2,3,0.0003383343488023985,0,False,0.125,0.09743706642627398,0.07777896316422156,0.7089768862275448,3.7336395648024925,2.9597817696845063,-0.028514237189563404
source/12kHz_DE_data/OR/Centered/0014/OR014@6_2.mat::w0003,source/12kHz_DE_data/OR/Centered/0014/OR014@6_2.mat,source/12kHz_DE_data/OR/Centered/0014/OR014@6_2.mat,source,validation,1,True,3,36000,48000,3,4,3.3176833832338593e-05,0,False,0.125,0.0998425096136208,0.07928820368162176,0.8696263473053892,4.748706739526226,3.094931761800455,0.01309142117339898
source/12kHz_DE_data/OR/Centered/0014/OR014@6_2.mat::w0004,source/12kHz_DE_data/OR/Centered/0014/OR014@6_2.mat,source/12kHz_DE_data/OR/Centered/0014/OR014@6_2.mat,source,validation,1,True,4,48000,60000,4,5,6.244518712575172e-05,0,False,0.125,0.09816940041769291,0.07821939099999999,0.7736101796407185,4.076250940474547,3.021296270148945,0.016343232940421237
source/12kHz_DE_data/OR/Centered/0014/OR014@6_2.mat::w0005,source/12kHz_DE_data/OR/Centered/0014/OR014@6_2.mat,source/12kHz_DE_data/OR/Centered/0014/OR014@6_2.mat,source,validation,1,True,5,60000,72000,5,6,-0.00011653463323352958,0,False,0.125,0.09587993308296987,0.07657235822790419,0.75258,4.059008047109757,2.9765597635767627,0.020296154235726917
source/12kHz_DE_data/OR/Centered/0014/OR014@6_2.mat::w0006,source/12kHz_DE_data/OR/Centered/0014/OR014@6_2.mat,source/12kHz_DE_data/OR/Centered/0014/OR014@6_2.mat,source,validation,1,True,6,72000,84000,6,7,-8.548669910179329e-05,0,False,0.125,0.09239076455693936,0.07347801786788921,0.7836380838323354,4.470634770712423,3.059587152586156,-0.006342566678419651
source/12kHz_DE_data/OR/Centered/0014/OR014@6_2.mat::w0007,source/12kHz_DE_data/OR/Centered/0014/OR014@6_2.mat,source/12kHz_DE_data/OR/Centered/0014/OR014@6_2.mat,source,validation,1,True,7,84000,96000,7,8,2.1288151197608033e-05,0,False,0.125,0.09344011677764945,0.07475966771631737,0.7898497005988024,4.398108844617973,2.945366949272126,-0.0016600746688944217
source/12kHz_DE_data/OR/Centered/0014/OR014@6_3.mat::w0000,source/12kHz_DE_data/OR/Centered/0014/OR014@6_3.mat,source/12kHz_DE_data/OR/Centered/0014/OR014@6_3.mat,source,train,1,True,0,0,12000,0,1,3.095574101796494e-05,0,False,0.125,0.09751151781066732,0.07674031119700599,1.1919808383233534,6.4902605981888835,3.972377776251554,-0.027190197242664704
source/12kHz_DE_data/OR/Centered/0014/OR014@6_3.mat::w0001,source/12kHz_DE_data/OR/Centered/0014/OR014@6_3.mat,source/12kHz_DE_data/OR/Centered/0014/OR014@6_3.mat,source,train,1,True,1,12000,24000,1,2,0.0001571368188622763,0,False,0.125,0.09472536688224127,0.07513982316550898,0.7026434730538922,3.7813318794122295,3.0608108288701987,-0.031406325884353645
source/12kHz_DE_data/OR/Centered/0014/OR014@6_3.mat::w0002,source/12kHz_DE_data/OR/Centered/0014/OR014@6_3.mat,source/12kHz_DE_data/OR/Centered/0014/OR014@6_3.mat,source,train,1,True,2,24000,36000,2,3,8.451232784431222e-05,0,False,0.125,0.10296492483356028,0.0798654529701497,1.11285377245509,5.985764660340619,3.909117970055116,0.02937889821067256
source/12kHz_DE_data/OR/Centered/0014/OR014@6_3.mat::w0003,source/12kHz_DE_data/OR/Centered/0014/OR014@6_3.mat,source/12kHz_DE_data/OR/Centered/0014/OR014@6_3.mat,source,train,1,True,3,36000,48000,3,4,0.0001537637350299409,0,False,0.125,0.08924618208807503,0.07114055016529441,0.6923719760479041,3.9902450641911984,3.000702369891821,-0.001514206961486258
source/12kHz_DE_data/OR/Centered/0014/OR014@6_3.mat::w0004,source/12kHz_DE_data/OR/Centered/0014/OR014@6_3.mat,source/12kHz_DE_data/OR/Centered/0014/OR014@6_3.mat,source,train,1,True,4,48000,60000,4,5,0.0002850095134730549,0,False,0.125,0.09273508155074313,0.07216598211421157,1.3303009580838323,7.202478050076885,5.528884793915817,0.036738594512412445
source/12kHz_DE_data/OR/Centered/0014/OR014@6_3.mat::w0005,source/12kHz_DE_data/OR/Centered/0014/OR014@6_3.mat,source/12kHz_DE_data/OR/Centered/0014/OR014@6_3.mat,source,train,1,True,5,60000,72000,5,6,-0.00025256599550898124,0,False,0.125,0.09666048211549395,0.07517492271802395,1.2702553293413175,6.6360043292357345,4.6068667450336145,0.02967921860328173
source/12kHz_DE_data/OR/Centered/0014/OR014@6_3.mat::w0006,source/12kHz_DE_data/OR/Centered/0014/OR014@6_3.mat,source/12kHz_DE_data/OR/Centered/0014/OR014@6_3.mat,source,train,1,True,6,72000,84000,6,7,-0.00021800964820359206,0,False,0.125,0.09099333847077869,0.07228960657720558,0.7844906586826348,4.3803578482767405,3.1254963043182307,-0.005753215457225276
source/12kHz_DE_data/OR/Centered/0014/OR014@6_3.mat::w0007,source/12kHz_DE_data/OR/Centered/0014/OR014@6_3.mat,source/12kHz_DE_data/OR/Centered/0014/OR014@6_3.mat,source,train,1,True,7,84000,96000,7,8,-0.00024080249251496924,0,False,0.125,0.09341026543169384,0.07357499208778444,1.0090020359281437,5.419029709032859,3.4801622754884756,0.008900367077371518
source/12kHz_DE_data/OR/Centered/0021/OR021@6_0.mat::w0000,source/12kHz_DE_data/OR/Centered/0021/OR021@6_0.mat,source/12kHz_DE_data/OR/Centered/0021/OR021@6_0.mat,source,train,1,True,0,0,12000,0,1,0.0008908424744261523,0,False,0.125,0.597274228361076,0.2985608043581836,11.490661077844312,10.142087196593893,21.419173143259915,0.10382890806560331
source/12kHz_DE_data/OR/Centered/0021/OR021@6_0.mat::w0001,source/12kHz_DE_data/OR/Centered/0021/OR021@6_0.mat,source/12kHz_DE_data/OR/Centered/0021/OR021@6_0.mat,source,train,1,True,1,12000,24000,1,2,0.0007297609707668037,0,False,0.125,0.5725439049867851,0.29560162216234614,10.093718962075847,9.16616039111388,18.578262680461755,0.09267863162496473
source/12kHz_DE_data/OR/Centered/0021/OR021@6_0.mat::w0002,source/12kHz_DE_data/OR/Centered/0021/OR021@6_0.mat,source/12kHz_DE_data/OR/Centered/0021/OR021@6_0.mat,source,train,1,True,2,24000,36000,2,3,0.0007140927488772508,0,False,0.125,0.5895281286818704,0.29762445632513307,12.632580039920159,11.27583782959265,20.443606926739637,0.1077347861904282
source/12kHz_DE_data/OR/Centered/0021/OR021@6_0.mat::w0003,source/12kHz_DE_data/OR/Centered/0021/OR021@6_0.mat,source/12kHz_DE_data/OR/Centered/0021/OR021@6_0.mat,source,train,1,True,3,36000,48000,3,4,0.0004175132744926852,0,False,0.125,0.5870053513289065,0.29830279660562486,10.450264071856287,9.14080405033798,19.808276633578657,0.09823773684116596
source/12kHz_DE_data/OR/Centered/0021/OR021@6_0.mat::w0004,source/12kHz_DE_data/OR/Centered/0021/OR021@6_0.mat,source/12kHz_DE_data/OR/Centered/0021/OR021@6_0.mat,source,train,1,True,4,48000,60000,4,5,-0.0006814280595059845,0,False,0.125,0.6058943280401508,0.3013018913519627,11.517868962075848,9.959506036446982,22.75603935642238,0.27306878122894734
source/12kHz_DE_data/OR/Centered/0021/OR021@6_0.mat::w0005,source/12kHz_DE_data/OR/Centered/0021/OR021@6_0.mat,source/12kHz_DE_data/OR/Centered/0021/OR021@6_0.mat,source,train,1,True,5,60000,72000,5,6,-0.0011190553715485652,0,False,0.125,0.5865314227896941,0.29258040092564314,12.53593113772455,10.754389693999624,23.00319677961649,0.1815022495538363
source/12kHz_DE_data/OR/Centered/0021/OR021@6_0.mat::w0006,source/12kHz_DE_data/OR/Centered/0021/OR021@6_0.mat,source/12kHz_DE_data/OR/Centered/0021/OR021@6_0.mat,source,train,1,True,6,72000,84000,6,7,-0.0007824762464653975,0,False,0.125,0.5503263446760107,0.28819114291014913,9.419207085828344,9.316851929321302,16.47833602276015,-0.005766997079884348
source/12kHz_DE_data/OR/Centered/0021/OR021@6_0.mat::w0007,source/12kHz_DE_data/OR/Centered/0021/OR021@6_0.mat,source/12kHz_DE_data/OR/Centered/0021/OR021@6_0.mat,source,train,1,True,7,84000,96000,7,8,-0.00016924979104290976,0,False,0.125,0.5961137511551621,0.29542518361851294,12.672782734530939,10.763634549708472,23.48674374021322,0.1610919164708449
source/12kHz_DE_data/OR/Centered/0021/OR021@6_1.mat::w0000,source/12kHz_DE_data/OR/Centered/0021/OR021@6_1.mat,source/12kHz_DE_data/OR/Centered/0021/OR021@6_1.mat,source,train,1,True,0,0,12000,0,1,-0.0005112011196357324,0,False,0.125,0.5304832030211843,0.2700693329487996,11.254317964071856,10.9166004094625,21.604973587080224,0.21106030741389017
source/12kHz_DE_data/OR/Centered/0021/OR021@6_1.mat::w0001,source/12kHz_DE_data/OR/Centered/0021/OR021@6_1.mat,source/12kHz_DE_data/OR/Centered/0021/OR021@6_1.mat,source,train,1,True,1,12000,24000,1,2,-9.52995061959447e-05,0,False,0.125,0.5468561834393936,0.28020360412302064,10.214327045908185,10.086263920294618,17.971628072016728,0.1376613854597043
source/12kHz_DE_data/OR/Centered/0021/OR021@6_1.mat::w0002,source/12kHz_DE_data/OR/Centered/0021/OR021@6_1.mat,source/12kHz_DE_data/OR/Centered/0021/OR021@6_1.mat,source,train,1,True,2,24000,36000,2,3,0.0002230056667914129,0,False,0.125,0.5907666273587685,0.2945556112347111,11.971062974051897,10.353601354604335,20.722451775095585,0.12149091077135651
source/12kHz_DE_data/OR/Centered/0021/OR021@6_1.mat::w0003,source/12kHz_DE_data/OR/Centered/0021/OR021@6_1.mat,source/12kHz_DE_data/OR/Centered/0021/OR021@6_1.mat,source,train,1,True,3,36000,48000,3,4,0.00029654140365102845,0,False,0.125,0.5793338610634107,0.2759546253111748,11.317667664670658,10.003106761350972,25.906352119485895,0.17447293167924413
source/12kHz_DE_data/OR/Centered/0021/OR021@6_1.mat::w0004,source/12kHz_DE_data/OR/Centered/0021/OR021@6_1.mat,source/12kHz_DE_data/OR/Centered/0021/OR021@6_1.mat,source,train,1,True,4,48000,60000,4,5,-0.0001611195743928844,0,False,0.125,0.5320083640314596,0.27144390925875195,10.825083133732536,10.332772836702514,21.444818996261144,0.07960351264449941
source/12kHz_DE_data/OR/Centered/0021/OR021@6_1.mat::w0005,source/12kHz_DE_data/OR/Centered/0021/OR021@6_1.mat,source/12kHz_DE_data/OR/Centered/0021/OR021@6_1.mat,source,train,1,True,5,60000,72000,5,6,0.00013508765281935848,0,False,0.125,0.5324486730994733,0.270006657545753,11.697359780439122,11.6507346028223,19.629570477441217,0.048370332458197045
source/12kHz_DE_data/OR/Centered/0021/OR021@6_1.mat::w0006,source/12kHz_DE_data/OR/Centered/0021/OR021@6_1.mat,source/12kHz_DE_data/OR/Centered/0021/OR021@6_1.mat,source,train,1,True,6,72000,84000,6,7,0.00012107762287923896,0,False,0.125,0.6378112635827239,0.31119985302745895,11.109750698602795,8.72132047585929,20.44323694923394,0.10369695755348622
source/12kHz_DE_data/OR/Centered/0021/OR021@6_1.mat::w0007,source/12kHz_DE_data/OR/Centered/0021/OR021@6_1.mat,source/12kHz_DE_data/OR/Centered/0021/OR021@6_1.mat,source,train,1,True,7,84000,96000,7,8,-8.092145916503183e-06,0,False,0.125,0.5996813004821343,0.28494495239718065,12.014108283433133,10.059805031101563,25.52094259812513,0.15746169979619945
source/12kHz_DE_data/OR/Centered/0021/OR021@6_2.mat::w0000,source/12kHz_DE_data/OR/Centered/0021/OR021@6_2.mat,source/12kHz_DE_data/OR/Centered/0021/OR021@6_2.mat,source,validation,1,True,0,0,12000,0,1,-7.233439371194805e-07,0,False,0.125,0.6185280611781119,0.29416863578717006,12.899379740518961,10.75061987981561,23.128966163639994,0.10936413211436599
source/12kHz_DE_data/OR/Centered/0021/OR021@6_2.mat::w0001,source/12kHz_DE_data/OR/Centered/0021/OR021@6_2.mat,source/12kHz_DE_data/OR/Centered/0021/OR021@6_2.mat,source,validation,1,True,1,12000,24000,1,2,-0.00023246412903359158,0,False,0.125,0.5228189058882982,0.2666205539624307,11.27381017964072,10.887587762379267,24.10509333163999,0.08137192346680071
source/12kHz_DE_data/OR/Centered/0021/OR021@6_2.mat::w0002,source/12kHz_DE_data/OR/Centered/0021/OR021@6_2.mat,source/12kHz_DE_data/OR/Centered/0021/OR021@6_2.mat,source,validation,1,True,2,24000,36000,2,3,0.00031886777382735286,0,False,0.125,0.5184492003521423,0.2639227031167498,11.144268163672654,10.850776089997241,21.04504019530182,0.1373827016849855
source/12kHz_DE_data/OR/Centered/0021/OR021@6_2.mat::w0003,source/12kHz_DE_data/OR/Centered/0021/OR021@6_2.mat,source/12kHz_DE_data/OR/Centered/0021/OR021@6_2.mat,source,validation,1,True,3,36000,48000,3,4,0.00033450215506487677,0,False,0.125,0.5672832332289037,0.2825384950249224,10.406406586826346,9.514217531215706,21.28062843077029,0.22834196296483936
source/12kHz_DE_data/OR/Centered/0021/OR021@6_2.mat::w0004,source/12kHz_DE_data/OR/Centered/0021/OR021@6_2.mat,source/12kHz_DE_data/OR/Centered/0021/OR021@6_2.mat,source,validation,1,True,4,48000,60000,4,5,4.134058653526971e-05,0,False,0.125,0.6173978109218785,0.2961723100665114,11.857764471057884,9.66314787477852,23.159436204228022,0.24821833006698474
source/12kHz_DE_data/OR/Centered/0021/OR021@6_2.mat::w0005,source/12kHz_DE_data/OR/Centered/0021/OR021@6_2.mat,source/12kHz_DE_data/OR/Centered/0021/OR021@6_2.mat,source,validation,1,True,5,60000,72000,5,6,-0.00021016313934630167,0,False,0.125,0.5860990688115737,0.2822894527552672,13.299782335329342,11.357312413916073,27.666415144273074,0.21667393349810912
source/12kHz_DE_data/OR/Centered/0021/OR021@6_2.mat::w0006,source/12kHz_DE_data/OR/Centered/0021/OR021@6_2.mat,source/12kHz_DE_data/OR/Centered/0021/OR021@6_2.mat,source,validation,1,True,6,72000,84000,6,7,-0.0002099600954341246,0,False,0.125,0.5417860829626212,0.26770414606216597,13.306279740518962,12.286233704348389,25.585585307704577,0.12348188764750238
source/12kHz_DE_data/OR/Centered/0021/OR021@6_2.mat::w0007,source/12kHz_DE_data/OR/Centered/0021/OR021@6_2.mat,source/12kHz_DE_data/OR/Centered/0021/OR021@6_2.mat,source,validation,1,True,7,84000,96000,7,8,-4.1399807676307685e-05,0,False,0.125,0.5401040124698772,0.267414359043976,9.999506586826346,9.626025577612394,20.848851765742136,0.023537781718055734
source/12kHz_DE_data/OR/Centered/0021/OR021@6_3.mat::w0000,source/12kHz_DE_data/OR/Centered/0021/OR021@6_3.mat,source/12kHz_DE_data/OR/Centered/0021/OR021@6_3.mat,source,test,1,True,0,0,12000,0,1,-0.00038085115810046076,0,False,0.125,0.5340008501744271,0.2604428333471751,11.67827365269461,11.033869360794657,24.051853105467075,0.0838398473568548
source/12kHz_DE_data/OR/Centered/0021/OR021@6_3.mat::w0001,source/12kHz_DE_data/OR/Centered/0021/OR021@6_3.mat,source/12kHz_DE_data/OR/Centered/0021/OR021@6_3.mat,source,test,1,True,1,12000,24000,1,2,-0.00018031145417497684,0,False,0.125,0.49281940165943905,0.2543123963348026,8.890074650698603,9.120892864140403,19.235470066610397,0.10028620814293329
source/12kHz_DE_data/OR/Centered/0021/OR021@6_3.mat::w0002,source/12kHz_DE_data/OR/Centered/0021/OR021@6_3.mat,source/12kHz_DE_data/OR/Centered/0021/OR021@6_3.mat,source,test,1,True,2,24000,36000,2,3,1.582050482373994e-06,0,False,0.125,0.5167584760899315,0.2619487406478848,11.413504391217565,11.434295029857967,21.864201507122715,0.15379495621324252
source/12kHz_DE_data/OR/Centered/0021/OR021@6_3.mat::w0003,source/12kHz_DE_data/OR/Centered/0021/OR021@6_3.mat,source/12kHz_DE_data/OR/Centered/0021/OR021@6_3.mat,source,test,1,True,3,36000,48000,3,4,0.00018117439080173674,0,False,0.125,0.5596172358820689,0.2722442134713601,10.5485373253493,9.783997387497847,20.954755014468162,0.07128954573615154
source/12kHz_DE_data/OR/Centered/0021/OR021@6_3.mat::w0004,source/12kHz_DE_data/OR/Centered/0021/OR021@6_3.mat,source/12kHz_DE_data/OR/Centered/0021/OR021@6_3.mat,source,test,1,True,4,48000,60000,4,5,2.3172386477052368e-05,0,False,0.125,0.5783844337517478,0.2821920250161053,13.306279740518962,11.50934893123927,26.22531196931718,0.2516900201115364
source/12kHz_DE_data/OR/Centered/0021/OR021@6_3.mat::w0005,source/12kHz_DE_data/OR/Centered/0021/OR021@6_3.mat,source/12kHz_DE_data/OR/Centered/0021/OR021@6_3.mat,source,test,1,True,5,60000,72000,5,6,-0.0003428481058715852,0,False,0.125,0.5889443273467946,0.2747827262837741,13.270137924151697,11.302362438808519,27.137888766601847,0.22174779276300297
source/12kHz_DE_data/OR/Centered/0021/OR021@6_3.mat::w0006,source/12kHz_DE_data/OR/Centered/0021/OR021@6_3.mat,source/12kHz_DE_data/OR/Centered/0021/OR021@6_3.mat,source,test,1,True,6,72000,84000,6,7,0.00010219030896540786,0,False,0.125,0.492575104385531,0.25234477184781545,9.018804491017963,9.765873066289197,18.604744478679127,-0.12308552511108106
source/12kHz_DE_data/OR/Centered/0021/OR021@6_3.mat::w0007,source/12kHz_DE_data/OR/Centered/0021/OR021@6_3.mat,source/12kHz_DE_data/OR/Centered/0021/OR021@6_3.mat,source,test,1,True,7,84000,96000,7,8,0.000595891581420498,0,False,0.125,0.583247398206152,0.2796869889277085,11.469138423153693,9.902116776621998,23.5651761773831,0.17025204980768283
source/12kHz_DE_data/OR/Opposite/0007/OR007@12_0.mat::w0000,source/12kHz_DE_data/OR/Opposite/0007/OR007@12_0.mat,source/12kHz_DE_data/OR/Opposite/0007/OR007@12_0.mat,source,test,1,True,0,0,12000,0,1,0.0018832407455921505,0,False,0.125,0.24986249630986002,0.17162932298532713,3.2628344510978042,6.99808195353306,7.270127520075291,-0.04023853466841112
source/12kHz_DE_data/OR/Opposite/0007/OR007@12_0.mat::w0001,source/12kHz_DE_data/OR/Opposite/0007/OR007@12_0.mat,source/12kHz_DE_data/OR/Opposite/0007/OR007@12_0.mat,source,test,1,True,1,12000,24000,1,2,0.000709836440868265,0,False,0.125,0.2453896946294245,0.16738433550241683,2.7245244311377244,5.616911538591946,7.439037530562144,-0.02190824494457089
source/12kHz_DE_data/OR/Opposite/0007/OR007@12_0.mat::w0002,source/12kHz_DE_data/OR/Opposite/0007/OR007@12_0.mat,source/12kHz_DE_data/OR/Opposite/0007/OR007@12_0.mat,source,test,1,True,2,24000,36000,2,3,0.0004891277083333348,0,False,0.125,0.2283011596977532,0.15822541348710578,2.7714681836327344,6.3615285822341106,7.646478473526581,-0.019485143625007736
source/12kHz_DE_data/OR/Opposite/0007/OR007@12_0.mat::w0003,source/12kHz_DE_data/OR/Opposite/0007/OR007@12_0.mat,source/12kHz_DE_data/OR/Opposite/0007/OR007@12_0.mat,source,test,1,True,3,36000,48000,3,4,-0.00030482813331669816,0,False,0.125,0.2253332003740554,0.15734058550950877,3.3565595209580836,7.683127419625955,8.009921102810065,-0.04191407951973816
source/12kHz_DE_data/OR/Opposite/0007/OR007@12_0.mat::w0004,source/12kHz_DE_data/OR/Opposite/0007/OR007@12_0.mat,source/12kHz_DE_data/OR/Opposite/0007/OR007@12_0.mat,source,test,1,True,4,48000,60000,4,5,-0.001328832727461741,0,False,0.125,0.2449667361811533,0.1665359530542709,3.2318093413173656,7.232912952128882,8.095659544762283,-0.04800806954694894
source/12kHz_DE_data/OR/Opposite/0007/OR007@12_0.mat::w0005,source/12kHz_DE_data/OR/Opposite/0007/OR007@12_0.mat,source/12kHz_DE_data/OR/Opposite/0007/OR007@12_0.mat,source,test,1,True,5,60000,72000,5,6,-0.0009160579902694592,0,False,0.125,0.25297475672323105,0.16927694044373087,3.4051276247504987,6.813595839508886,8.456312117476484,-0.02392222360971088
source/12kHz_DE_data/OR/Opposite/0007/OR007@12_0.mat::w0006,source/12kHz_DE_data/OR/Opposite/0007/OR007@12_0.mat,source/12kHz_DE_data/OR/Opposite/0007/OR007@12_0.mat,source,test,1,True,6,72000,84000,6,7,-0.0005213676975216215,0,False,0.125,0.230770708284613,0.15766802528969837,3.133698522954092,7.384312038177621,8.80269329572515,-0.0725521347786099
source/12kHz_DE_data/OR/Opposite/0007/OR007@12_0.mat::w0007,source/12kHz_DE_data/OR/Opposite/0007/OR007@12_0.mat,source/12kHz_DE_data/OR/Opposite/0007/OR007@12_0.mat,source,test,1,True,7,84000,96000,7,8,-1.111834622421602e-05,0,False,0.125,0.22379037545594047,0.15379558474637392,3.0131716566866267,6.889640947501003,8.812757295980768,-0.02090244179005712
source/12kHz_DE_data/OR/Opposite/0007/OR007@12_1.mat::w0000,source/12kHz_DE_data/OR/Opposite/0007/OR007@12_1.mat,source/12kHz_DE_data/OR/Opposite/0007/OR007@12_1.mat,source,test,1,True,0,0,12000,0,1,-0.00019625040128077323,0,False,0.125,0.24963772268164566,0.17237837000989853,2.9283805189620757,5.90995116859675,6.886028578619371,-0.02293726295338621
source/12kHz_DE_data/OR/Opposite/0007/OR007@12_1.mat::w0001,source/12kHz_DE_data/OR/Opposite/0007/OR007@12_1.mat,source/12kHz_DE_data/OR/Opposite/0007/OR007@12_1.mat,source,test,1,True,1,12000,24000,1,2,0.0001195505634564199,0,False,0.125,0.23473583689123104,0.16286303245389552,2.6239770858283435,5.656516837539476,7.118605516053865,-0.058303801961422486
source/12kHz_DE_data/OR/Opposite/0007/OR007@12_1.mat::w0002,source/12kHz_DE_data/OR/Opposite/0007/OR007@12_1.mat,source/12kHz_DE_data/OR/Opposite/0007/OR007@12_1.mat,source,test,1,True,2,24000,36000,2,3,-5.536499875249548e-05,0,False,0.125,0.22639983751934353,0.1572536338040752,3.2904484231536926,7.2814723145637394,8.137122804869394,-0.0386433786026489
source/12kHz_DE_data/OR/Opposite/0007/OR007@12_1.mat::w0003,source/12kHz_DE_data/OR/Opposite/0007/OR007@12_1.mat,source/12kHz_DE_data/OR/Opposite/0007/OR007@12_1.mat,source,test,1,True,3,36000,48000,3,4,-0.00021066651904524331,0,False,0.125,0.23464470590668726,0.16079872651451763,3.8321695808383227,8.710172730831289,8.93587007662192,-0.05978509740640541
source/12kHz_DE_data/OR/Opposite/0007/OR007@12_1.mat::w0004,source/12kHz_DE_data/OR/Opposite/0007/OR007@12_1.mat,source/12kHz_DE_data/OR/Opposite/0007/OR007@12_1.mat,source,test,1,True,4,48000,60000,4,5,-0.0002644054744677319,0,False,0.125,0.24364149436242416,0.164958396414216,3.1580637924151698,6.57970401196446,7.982871869001823,-0.03187784279889477
source/12kHz_DE_data/OR/Opposite/0007/OR007@12_1.mat::w0005,source/12kHz_DE_data/OR/Opposite/0007/OR007@12_1.mat,source/12kHz_DE_data/OR/Opposite/0007/OR007@12_1.mat,source,test,1,True,5,60000,72000,5,6,0.00018503899326347247,0,False,0.125,0.22668813120488837,0.15426608285991905,2.8421274650698605,6.284687389374899,8.292252839204307,-0.05134100048180557
source/12kHz_DE_data/OR/Opposite/0007/OR007@12_1.mat::w0006,source/12kHz_DE_data/OR/Opposite/0007/OR007@12_1.mat,source/12kHz_DE_data/OR/Opposite/0007/OR007@12_1.mat,source,test,1,True,6,72000,84000,6,7,0.00025607729000332697,0,False,0.125,0.22113253727174118,0.1542914680460235,3.2191394011976047,7.934792626866342,8.565227730796325,-0.08422473284902264
source/12kHz_DE_data/OR/Opposite/0007/OR007@12_1.mat::w0007,source/12kHz_DE_data/OR/Opposite/0007/OR007@12_1.mat,source/12kHz_DE_data/OR/Opposite/0007/OR007@12_1.mat,source,test,1,True,7,84000,96000,7,8,0.00016602054682301963,0,False,0.125,0.23779258476519277,0.16522703754261478,3.41487373253493,7.396935946512909,8.016496789716298,-0.04378722532424651
source/12kHz_DE_data/OR/Opposite/0007/OR007@12_2.mat::w0000,source/12kHz_DE_data/OR/Opposite/0007/OR007@12_2.mat,source/12kHz_DE_data/OR/Opposite/0007/OR007@12_2.mat,source,test,1,True,0,0,12000,0,1,0.0004548369756320719,0,False,0.125,0.2774245884786317,0.18283241694550564,3.692150499001996,6.880907801928358,8.553092091533363,-0.02501707665969421
source/12kHz_DE_data/OR/Opposite/0007/OR007@12_2.mat::w0001,source/12kHz_DE_data/OR/Opposite/0007/OR007@12_2.mat,source/12kHz_DE_data/OR/Opposite/0007/OR007@12_2.mat,source,test,1,True,1,12000,24000,1,2,-6.758147413506066e-05,0,False,0.125,0.2647925040754719,0.1784999767417964,3.567562754491018,7.097386367479678,8.044658765944774,-0.008737580041971492
source/12kHz_DE_data/OR/Opposite/0007/OR007@12_2.mat::w0002,source/12kHz_DE_data/OR/Opposite/0007/OR007@12_2.mat,source/12kHz_DE_data/OR/Opposite/0007/OR007@12_2.mat,source,test,1,True,2,24000,36000,2,3,-9.791623461410304e-05,0,False,0.125,0.26358729049423973,0.17483453331244841,3.736982594810379,7.11431682504832,8.706146935992386,0.005744174392989331
source/12kHz_DE_data/OR/Opposite/0007/OR007@12_2.mat::w0003,source/12kHz_DE_data/OR/Opposite/0007/OR007@12_2.mat,source/12kHz_DE_data/OR/Opposite/0007/OR007@12_2.mat,source,test,1,True,3,36000,48000,3,4,-2.8745941866263974e-05,0,False,0.125,0.2703590771845685,0.17877476808608728,4.56637636726547,8.540547209945116,8.820531485874586,-0.025883116831832503
source/12kHz_DE_data/OR/Opposite/0007/OR007@12_2.mat::w0004,source/12kHz_DE_data/OR/Opposite/0007/OR007@12_2.mat,source/12kHz_DE_data/OR/Opposite/0007/OR007@12_2.mat,source,test,1,True,4,48000,60000,4,5,-7.081664046905924e-05,0,False,0.125,0.2702376947730306,0.17667392023231313,3.3235851896207587,6.457269488773283,8.631715910474703,-0.012244408834362239
source/12kHz_DE_data/OR/Opposite/0007/OR007@12_2.mat::w0005,source/12kHz_DE_data/OR/Opposite/0007/OR007@12_2.mat,source/12kHz_DE_data/OR/Opposite/0007/OR007@12_2.mat,source,test,1,True,5,60000,72000,5,6,-3.686769835329058e-05,0,False,0.125,0.27653152575227924,0.18084510472519846,3.5045379241516965,6.6611043263892356,8.55428355538775,-0.02813244295202807
source/12kHz_DE_data/OR/Opposite/0007/OR007@12_2.mat::w0006,source/12kHz_DE_data/OR/Opposite/0007/OR007@12_2.mat,source/12kHz_DE_data/OR/Opposite/0007/OR007@12_2.mat,source,test,1,True,6,72000,84000,6,7,-2.0827229291414474e-05,0,False,0.125,0.27165734969897565,0.17852635841778888,3.470751417165669,6.774102002587485,8.41300207937103,-0.036020917226115265
source/12kHz_DE_data/OR/Opposite/0007/OR007@12_2.mat::w0007,source/12kHz_DE_data/OR/Opposite/0007/OR007@12_2.mat,source/12kHz_DE_data/OR/Opposite/0007/OR007@12_2.mat,source,test,1,True,7,84000,96000,7,8,-0.00013208175690285827,0,False,0.125,0.27172789335137787,0.18084253903976383,3.361107704590818,6.256811877646574,8.078705506313005,-0.014119634071775166
source/12kHz_DE_data/OR/Opposite/0007/OR007@12_3.mat::w0000,source/12kHz_DE_data/OR/Opposite/0007/OR007@12_3.mat,source/12kHz_DE_data/OR/Opposite/0007/OR007@12_3.mat,source,train,1,True,0,0,12000,0,1,-7.97793371590158e-05,0,False,0.125,0.26171922077529103,0.17630952063951538,3.5214311776447103,7.301516249269196,8.087419265576372,-0.02344798408041057
source/12kHz_DE_data/OR/Opposite/0007/OR007@12_3.mat::w0001,source/12kHz_DE_data/OR/Opposite/0007/OR007@12_3.mat,source/12kHz_DE_data/OR/Opposite/0007/OR007@12_3.mat,source,train,1,True,1,12000,24000,1,2,0.00026345962824351246,0,False,0.125,0.2559374657000467,0.1714734896614438,3.101536367265469,6.123597093939128,8.15758496784438,-0.028390029021974943
source/12kHz_DE_data/OR/Opposite/0007/OR007@12_3.mat::w0002,source/12kHz_DE_data/OR/Opposite/0007/OR007@12_3.mat,source/12kHz_DE_data/OR/Opposite/0007/OR007@12_3.mat,source,train,1,True,2,24000,36000,2,3,0.0003514588597804386,0,False,0.125,0.2595042358406235,0.1737018329726336,3.104135329341317,6.005949284753098,7.985324243864935,-0.043876101769378596
source/12kHz_DE_data/OR/Opposite/0007/OR007@12_3.mat::w0003,source/12kHz_DE_data/OR/Opposite/0007/OR007@12_3.mat,source/12kHz_DE_data/OR/Opposite/0007/OR007@12_3.mat,source,train,1,True,3,36000,48000,3,4,0.0002621736834664002,0,False,0.125,0.2559049345552972,0.17164530792413507,3.3451890618762476,6.81876465741279,8.559638443939779,-0.0252588391204499
source/12kHz_DE_data/OR/Opposite/0007/OR007@12_3.mat::w0004,source/12kHz_DE_data/OR/Opposite/0007/OR007@12_3.mat,source/12kHz_DE_data/OR/Opposite/0007/OR007@12_3.mat,source,train,1,True,4,48000,60000,4,5,0.00010811749916832954,0,False,0.125,0.25121798480146795,0.16982598535697493,3.2363575249500998,6.761736790918889,8.062154130893132,-0.029081365043226264
source/12kHz_DE_data/OR/Opposite/0007/OR007@12_3.mat::w0005,source/12kHz_DE_data/OR/Opposite/0007/OR007@12_3.mat,source/12kHz_DE_data/OR/Opposite/0007/OR007@12_3.mat,source,train,1,True,5,60000,72000,5,6,-7.533944361277486e-05,0,False,0.125,0.2573352891867719,0.1725391986562059,3.204845109780439,6.410919775990271,7.9173423127587155,-0.05058691669164909
source/12kHz_DE_data/OR/Opposite/0007/OR007@12_3.mat::w0006,source/12kHz_DE_data/OR/Opposite/0007/OR007@12_3.mat,source/12kHz_DE_data/OR/Opposite/0007/OR007@12_3.mat,source,train,1,True,6,72000,84000,6,7,-0.0002232907742847641,0,False,0.125,0.24932581883460625,0.16775058924484365,3.1223280638722555,6.39737090622873,8.36608362605122,-0.04203466963617777
source/12kHz_DE_data/OR/Opposite/0007/OR007@12_3.mat::w0007,source/12kHz_DE_data/OR/Opposite/0007/OR007@12_3.mat,source/12kHz_DE_data/OR/Opposite/0007/OR007@12_3.mat,source,train,1,True,7,84000,96000,7,8,-0.0006068001156021295,0,False,0.125,0.2543192633207533,0.16876481637445606,3.1254143313373257,6.386497832085697,8.66992758486278,-0.03810355004648425
source/12kHz_DE_data/OR/Opposite/0021/OR021@12_0.mat::w0000,source/12kHz_DE_data/OR/Opposite/0021/OR021@12_0.mat,source/12kHz_DE_data/OR/Opposite/0021/OR021@12_0.mat,source,validation,1,True,0,0,12000,0,1,0.020654257028651035,0,False,0.125,0.38628213980418935,0.168562590546507,8.525001696606786,11.593225497362376,33.73207511321745,-0.3417985240027762
source/12kHz_DE_data/OR/Opposite/0021/OR021@12_0.mat::w0001,source/12kHz_DE_data/OR/Opposite/0021/OR021@12_0.mat,source/12kHz_DE_data/OR/Opposite/0021/OR021@12_0.mat,source,validation,1,True,1,12000,24000,1,2,0.012976794462117434,0,False,0.125,0.3885275610602932,0.16702586139425316,8.652107185628743,11.177030533106128,36.64463171383894,-0.36620362121045186
source/12kHz_DE_data/OR/Opposite/0021/OR021@12_0.mat::w0002,source/12kHz_DE_data/OR/Opposite/0021/OR021@12_0.mat,source/12kHz_DE_data/OR/Opposite/0021/OR021@12_0.mat,source,validation,1,True,2,24000,36000,2,3,0.006577628685337661,0,False,0.125,0.38137013437930634,0.16686830653210385,7.964600499001996,10.659272509882078,32.24378905626841,-0.30055330442349326
source/12kHz_DE_data/OR/Opposite/0021/OR021@12_0.mat::w0003,source/12kHz_DE_data/OR/Opposite/0021/OR021@12_0.mat,source/12kHz_DE_data/OR/Opposite/0021/OR021@12_0.mat,source,validation,1,True,3,36000,48000,3,4,0.0005715559225299446,0,False,0.125,0.3646708547624582,0.16231955743899426,7.58693882235529,10.484010425339394,30.748451351382798,-0.27014389117877485
source/12kHz_DE_data/OR/Opposite/0021/OR021@12_0.mat::w0004,source/12kHz_DE_data/OR/Opposite/0021/OR021@12_0.mat,source/12kHz_DE_data/OR/Opposite/0021/OR021@12_0.mat,source,validation,1,True,4,48000,60000,4,5,-0.004312496181595139,0,False,0.125,0.36920507175363365,0.1586988461582169,7.680745109780439,10.572528081634049,32.8707921428324,-0.39995611025911004
source/12kHz_DE_data/OR/Opposite/0021/OR021@12_0.mat::w0005,source/12kHz_DE_data/OR/Opposite/0021/OR021@12_0.mat,source/12kHz_DE_data/OR/Opposite/0021/OR021@12_0.mat,source,validation,1,True,5,60000,72000,5,6,-0.007507865908807382,0,False,0.125,0.3888287735882157,0.16538762916335523,8.439317165668662,10.946381195539383,35.077578249343894,-0.35211403901738336
source/12kHz_DE_data/OR/Opposite/0021/OR021@12_0.mat::w0006,source/12kHz_DE_data/OR/Opposite/0021/OR021@12_0.mat,source/12kHz_DE_data/OR/Opposite/0021/OR021@12_0.mat,source,validation,1,True,6,72000,84000,6,7,-0.011735815451388883,0,False,0.125,0.38584335686592147,0.16699854022279884,8.54449391217565,11.758765967281118,35.89196598514698,-0.3061496633904627
source/12kHz_DE_data/OR/Opposite/0021/OR021@12_0.mat::w0007,source/12kHz_DE_data/OR/Opposite/0021/OR021@12_0.mat,source/12kHz_DE_data/OR/Opposite/0021/OR021@12_0.mat,source,validation,1,True,7,84000,96000,7,8,-0.01722405855684464,0,False,0.125,0.4020642370923043,0.17042789083962906,8.972916566866267,11.641422949355338,35.85063670193439,-0.3292199023843485
source/12kHz_DE_data/OR/Opposite/0021/OR021@12_1.mat::w0000,source/12kHz_DE_data/OR/Opposite/0021/OR021@12_1.mat,source/12kHz_DE_data/OR/Opposite/0021/OR021@12_1.mat,source,train,1,True,0,0,12000,0,1,9.336635894876836e-05,0,False,0.125,0.3629267609932678,0.16091395701192063,7.668968562874252,10.68257208963009,33.2544951332711,-0.4278913752627279
source/12kHz_DE_data/OR/Opposite/0021/OR021@12_1.mat::w0001,source/12kHz_DE_data/OR/Opposite/0021/OR021@12_1.mat,source/12kHz_DE_data/OR/Opposite/0021/OR021@12_1.mat,source,train,1,True,1,12000,24000,1,2,0.0005548851713240184,0,False,0.125,0.348034197816701,0.15644635163773843,7.983686626746508,11.477810386756623,36.35288226612327,-0.40575634023838575
source/12kHz_DE_data/OR/Opposite/0021/OR021@12_1.mat::w0002,source/12kHz_DE_data/OR/Opposite/0021/OR021@12_1.mat,source/12kHz_DE_data/OR/Opposite/0021/OR021@12_1.mat,source,train,1,True,2,24000,36000,2,3,0.0002227391716566864,0,False,0.125,0.33999494832389193,0.1570252119522067,7.357499201596807,11.154614957196033,30.79450729558731,-0.3393759729440717
source/12kHz_DE_data/OR/Opposite/0021/OR021@12_1.mat::w0003,source/12kHz_DE_data/OR/Opposite/0021/OR021@12_1.mat,source/12kHz_DE_data/OR/Opposite/0021/OR021@12_1.mat,source,train,1,True,3,36000,48000,3,4,-0.00017377174817032658,0,False,0.125,0.35676959132920666,0.16083458021495758,8.155461776447106,11.989982118562482,34.10957847394225,-0.4250255872514371
source/12kHz_DE_data/OR/Opposite/0021/OR021@12_1.mat::w0004,source/12kHz_DE_data/OR/Opposite/0021/OR021@12_1.mat,source/12kHz_DE_data/OR/Opposite/0021/OR021@12_1.mat,source,train,1,True,4,48000,60000,4,5,-0.00025894866932801126,0,False,0.125,0.35772561306031353,0.1608981971044245,7.625517165668663,10.983045699959423,32.55083639804452,-0.4124853115272405
source/12kHz_DE_data/OR/Opposite/0021/OR021@12_1.mat::w0005,source/12kHz_DE_data/OR/Opposite/0021/OR021@12_1.mat,source/12kHz_DE_data/OR/Opposite/0021/OR021@12_1.mat,source,train,1,True,5,60000,72000,5,6,-0.00023854275615435908,0,False,0.125,0.3550231635693664,0.16166273472581505,8.142466966067865,11.720865038965718,32.48835149856447,-0.4445624521408631
source/12kHz_DE_data/OR/Opposite/0021/OR021@12_1.mat::w0006,source/12kHz_DE_data/OR/Opposite/0021/OR021@12_1.mat,source/12kHz_DE_data/OR/Opposite/0021/OR021@12_1.mat,source,train,1,True,6,72000,84000,6,7,-0.0002778655938123744,0,False,0.125,0.34842465155794805,0.15776756694723054,7.937798702594811,11.885839841785353,34.60024992715002,-0.3504906947654586
source/12kHz_DE_data/OR/Opposite/0021/OR021@12_1.mat::w0007,source/12kHz_DE_data/OR/Opposite/0021/OR021@12_1.mat,source/12kHz_DE_data/OR/Opposite/0021/OR021@12_1.mat,source,train,1,True,7,84000,96000,7,8,7.813806553559544e-05,0,False,0.125,0.34254989619092463,0.15941093567585662,7.471203792415169,11.670167307434124,31.040858414794915,-0.36069869755271833
source/12kHz_DE_data/OR/Opposite/0021/OR021@12_2.mat::w0000,source/12kHz_DE_data/OR/Opposite/0021/OR021@12_2.mat,source/12kHz_DE_data/OR/Opposite/0021/OR021@12_2.mat,source,train,1,True,0,0,12000,0,1,-0.00046140037009314867,0,False,0.125,0.3506285185294394,0.16162721100331698,7.266129441117764,10.443040698516663,30.318596030858064,-0.4086627421083397
source/12kHz_DE_data/OR/Opposite/0021/OR021@12_2.mat::w0001,source/12kHz_DE_data/OR/Opposite/0021/OR021@12_2.mat,source/12kHz_DE_data/OR/Opposite/0021/OR021@12_2.mat,source,train,1,True,1,12000,24000,1,2,-9.676734447771318e-05,0,False,0.125,0.34370751785882353,0.1585205758368097,7.255165069860279,10.933459301804042,31.052381939672486,-0.41019139257065323
source/12kHz_DE_data/OR/Opposite/0021/OR021@12_2.mat::w0002,source/12kHz_DE_data/OR/Opposite/0021/OR021@12_2.mat,source/12kHz_DE_data/OR/Opposite/0021/OR021@12_2.mat,source,train,1,True,2,24000,36000,2,3,0.00039070724800398975,0,False,0.125,0.339078983546969,0.15458721624283933,7.174759680638723,10.736352197786985,33.35423320054095,-0.4224384593412821
source/12kHz_DE_data/OR/Opposite/0021/OR021@12_2.mat::w0003,source/12kHz_DE_data/OR/Opposite/0021/OR021@12_2.mat,source/12kHz_DE_data/OR/Opposite/0021/OR021@12_2.mat,source,train,1,True,3,36000,48000,3,4,0.0002764612067531588,0,False,0.125,0.35944149963303196,0.15801481749536345,8.063685928143713,11.418653482885508,36.19331629786265,-0.5071008299971491
source/12kHz_DE_data/OR/Opposite/0021/OR021@12_2.mat::w0004,source/12kHz_DE_data/OR/Opposite/0021/OR021@12_2.mat,source/12kHz_DE_data/OR/Opposite/0021/OR021@12_2.mat,source,train,1,True,4,48000,60000,4,5,0.00017250272371922644,0,False,0.125,0.3533673537985735,0.15970214246168218,7.757089620758483,11.526738630213375,34.67170132506583,-0.4263486282052337
source/12kHz_DE_data/OR/Opposite/0021/OR021@12_2.mat::w0005,source/12kHz_DE_data/OR/Opposite/0021/OR021@12_2.mat,source/12kHz_DE_data/OR/Opposite/0021/OR021@12_2.mat,source,train,1,True,5,60000,72000,5,6,0.00032854197022621253,0,False,0.125,0.3295825986764163,0.15415910367004326,6.75121007984032,10.247738316577408,30.99476107369284,-0.39528241734257835
source/12kHz_DE_data/OR/Opposite/0021/OR021@12_2.mat::w0006,source/12kHz_DE_data/OR/Opposite/0021/OR021@12_2.mat,source/12kHz_DE_data/OR/Opposite/0021/OR021@12_2.mat,source,train,1,True,6,72000,84000,6,7,0.00016235052811044382,0,False,0.125,0.33315731910084684,0.15327594630617097,7.262068562874251,11.255755634662082,34.83413108068242,-0.4074294593168559
source/12kHz_DE_data/OR/Opposite/0021/OR021@12_2.mat::w0007,source/12kHz_DE_data/OR/Opposite/0021/OR021@12_2.mat,source/12kHz_DE_data/OR/Opposite/0021/OR021@12_2.mat,source,train,1,True,7,84000,96000,7,8,-0.0007723959622421844,0,False,0.125,0.34297927228727537,0.1559125485947771,7.697394710578842,11.355284481293342,33.03900339284787,-0.43835274390464385
source/12kHz_DE_data/OR/Opposite/0021/OR021@12_3.mat::w0000,source/12kHz_DE_data/OR/Opposite/0021/OR021@12_3.mat,source/12kHz_DE_data/OR/Opposite/0021/OR021@12_3.mat,source,test,1,True,0,0,12000,0,1,0.00018015494115934823,0,False,0.125,0.31557902665604176,0.14646564688333888,7.1820692614770465,11.657723657356597,34.4473382186957,-0.4419544161751017
source/12kHz_DE_data/OR/Opposite/0021/OR021@12_3.mat::w0001,source/12kHz_DE_data/OR/Opposite/0021/OR021@12_3.mat,source/12kHz_DE_data/OR/Opposite/0021/OR021@12_3.mat,source,test,1,True,1,12000,24000,1,2,-7.936901925315951e-05,0,False,0.125,0.30139550999733083,0.14420783157458142,6.840143313373254,11.505217354823241,33.653033641786976,-0.481049536066822
source/12kHz_DE_data/OR/Opposite/0021/OR021@12_3.mat::w0002,source/12kHz_DE_data/OR/Opposite/0021/OR021@12_3.mat,source/12kHz_DE_data/OR/Opposite/0021/OR021@12_3.mat,source,test,1,True,2,24000,36000,2,3,-0.00042694635624584103,0,False,0.125,0.3174800411921345,0.15100548396741517,6.885219061876247,11.130635626415382,31.923129907976136,-0.453447256924343
source/12kHz_DE_data/OR/Opposite/0021/OR021@12_3.mat::w0003,source/12kHz_DE_data/OR/Opposite/0021/OR021@12_3.mat,source/12kHz_DE_data/OR/Opposite/0021/OR021@12_3.mat,source,test,1,True,3,36000,48000,3,4,-0.0003246122245093139,0,False,0.125,0.31625062905687845,0.14746146260915113,6.932731337325349,11.547246216755182,32.14261913209621,-0.49719584744846135
source/12kHz_DE_data/OR/Opposite/0021/OR021@12_3.mat::w0004,source/12kHz_DE_data/OR/Opposite/0021/OR021@12_3.mat,source/12kHz_DE_data/OR/Opposite/0021/OR021@12_3.mat,source,test,1,True,4,48000,60000,4,5,-0.000269012033225215,0,False,0.125,0.30104753227742265,0.14453948646742626,6.3101987025948105,10.60982044602367,30.49640965892072,-0.457785529127485
source/12kHz_DE_data/OR/Opposite/0021/OR021@12_3.mat::w0005,source/12kHz_DE_data/OR/Opposite/0021/OR021@12_3.mat,source/12kHz_DE_data/OR/Opposite/0021/OR021@12_3.mat,source,test,1,True,5,60000,72000,5,6,0.00013812485133898886,0,False,0.125,0.32175360534118275,0.14878517250486803,7.152424850299401,11.220841702021644,35.46750698629964,-0.4135250673209622
source/12kHz_DE_data/OR/Opposite/0021/OR021@12_3.mat::w0006,source/12kHz_DE_data/OR/Opposite/0021/OR021@12_3.mat,source/12kHz_DE_data/OR/Opposite/0021/OR021@12_3.mat,source,test,1,True,6,72000,84000,6,7,0.0002452643556636736,0,False,0.125,0.31390092626771493,0.15079840171487024,6.814559780439122,11.401592257667968,33.323462050913676,-0.41890300051902174
source/12kHz_DE_data/OR/Opposite/0021/OR021@12_3.mat::w0007,source/12kHz_DE_data/OR/Opposite/0021/OR021@12_3.mat,source/12kHz_DE_data/OR/Opposite/0021/OR021@12_3.mat,source,test,1,True,7,84000,96000,7,8,0.0005363954850715249,0,False,0.125,0.3119143365320006,0.14740711184858063,6.395071057884232,10.587969618965143,32.793281362367914,-0.3960376975761798
source/12kHz_DE_data/OR/Orthogonal/0007/OR007@3_0.mat::w0000,source/12kHz_DE_data/OR/Orthogonal/0007/OR007@3_0.mat,source/12kHz_DE_data/OR/Orthogonal/0007/OR007@3_0.mat,source,train,1,True,0,0,12000,0,1,0.0004872757786510365,0,False,0.125,0.7427556771260874,0.555547300770326,5.896395209580838,4.022798529080725,4.23093299004831,0.0642523314069914
source/12kHz_DE_data/OR/Orthogonal/0007/OR007@3_0.mat::w0001,source/12kHz_DE_data/OR/Orthogonal/0007/OR007@3_0.mat,source/12kHz_DE_data/OR/Orthogonal/0007/OR007@3_0.mat,source,train,1,True,1,12000,24000,1,2,0.0005616913724634111,0,False,0.125,0.7616266822029728,0.5690818554209622,6.00644500998004,3.973245539253914,4.202772341954727,0.06517071024619776
source/12kHz_DE_data/OR/Orthogonal/0007/OR007@3_0.mat::w0002,source/12kHz_DE_data/OR/Orthogonal/0007/OR007@3_0.mat,source/12kHz_DE_data/OR/Orthogonal/0007/OR007@3_0.mat,source,train,1,True,2,24000,36000,2,3,0.0003088678611526975,0,False,0.125,0.7813381164555295,0.5799698546719395,6.202179341317365,4.118127528472659,4.315577840222421,0.06673151574985603
source/12kHz_DE_data/OR/Orthogonal/0007/OR007@3_0.mat::w0003,source/12kHz_DE_data/OR/Orthogonal/0007/OR007@3_0.mat,source/12kHz_DE_data/OR/Orthogonal/0007/OR007@3_0.mat,source,train,1,True,3,36000,48000,3,4,-0.0004253389252744475,0,False,0.125,0.7686587707655341,0.5736923790225604,6.23182375249501,4.255692844192371,4.25810116935959,0.06464261289554794
source/12kHz_DE_data/OR/Orthogonal/0007/OR007@3_0.mat::w0004,source/12kHz_DE_data/OR/Orthogonal/0007/OR007@3_0.mat,source/12kHz_DE_data/OR/Orthogonal/0007/OR007@3_0.mat,source,train,1,True,4,48000,60000,4,5,-0.0003583005936044544,0,False,0.125,0.754589062588662,0.5653961766082544,5.80624371257485,3.8667565295017177,4.0824556645889665,0.06090697036499239
source/12kHz_DE_data/OR/Orthogonal/0007/OR007@3_0.mat::w0005,source/12kHz_DE_data/OR/Orthogonal/0007/OR007@3_0.mat,source/12kHz_DE_data/OR/Orthogonal/0007/OR007@3_0.mat,source,train,1,True,5,60000,72000,5,6,-0.00027427425461576334,0,False,0.125,0.774204883560176,0.5766874796357009,6.193245409181637,4.106993991824575,4.173100450386294,0.06545140101821936
source/12kHz_DE_data/OR/Orthogonal/0007/OR007@3_0.mat::w0006,source/12kHz_DE_data/OR/Orthogonal/0007/OR007@3_0.mat,source/12kHz_DE_data/OR/Orthogonal/0007/OR007@3_0.mat,source,train,1,True,6,72000,84000,6,7,-0.0002557972586077792,0,False,0.125,0.79319333108594,0.5886864491455256,6.2988282435129745,4.213438675022465,4.272647827735744,0.06881045936233605
source/12kHz_DE_data/OR/Orthogonal/0007/OR007@3_0.mat::w0007,source/12kHz_DE_data/OR/Orthogonal/0007/OR007@3_0.mat,source/12kHz_DE_data/OR/Orthogonal/0007/OR007@3_0.mat,source,train,1,True,7,84000,96000,7,8,-4.412398016466697e-05,0,False,0.125,0.7796936184274642,0.582419241313983,6.075479940119761,4.029350007532527,4.261025699635351,0.0663249464019526
source/12kHz_DE_data/OR/Orthogonal/0007/OR007@3_1.mat::w0000,source/12kHz_DE_data/OR/Orthogonal/0007/OR007@3_1.mat,source/12kHz_DE_data/OR/Orthogonal/0007/OR007@3_1.mat,source,train,1,True,0,0,12000,0,1,0.0005335867109530764,0,False,0.125,0.8438497225206956,0.6434381735467952,6.399538023952095,3.8749845168584804,4.057941988548721,0.07355870319959584
source/12kHz_DE_data/OR/Orthogonal/0007/OR007@3_1.mat::w0001,source/12kHz_DE_data/OR/Orthogonal/0007/OR007@3_1.mat,source/12kHz_DE_data/OR/Orthogonal/0007/OR007@3_1.mat,source,train,1,True,1,12000,24000,1,2,0.000550236311751481,0,False,0.125,0.8474402220560787,0.6464328117105054,6.520958283433133,3.9591776688338127,4.089195249388265,0.0771849263535353
source/12kHz_DE_data/OR/Orthogonal/0007/OR007@3_1.mat::w0002,source/12kHz_DE_data/OR/Orthogonal/0007/OR007@3_1.mat,source/12kHz_DE_data/OR/Orthogonal/0007/OR007@3_1.mat,source,train,1,True,2,24000,36000,2,3,0.0002134541427561376,0,False,0.125,0.8507438597492781,0.6473044355823145,6.422278942115769,3.972361748973039,4.033564131591695,0.07295788887500043
source/12kHz_DE_data/OR/Orthogonal/0007/OR007@3_1.mat::w0003,source/12kHz_DE_data/OR/Orthogonal/0007/OR007@3_1.mat,source/12kHz_DE_data/OR/Orthogonal/0007/OR007@3_1.mat,source,train,1,True,3,36000,48000,3,4,-8.163634293914098e-05,0,False,0.125,0.8542306448013037,0.6553461494519086,6.632226347305389,4.059175877486618,3.9460157683416686,0.07200088878889846
source/12kHz_DE_data/OR/Orthogonal/0007/OR007@3_1.mat::w0004,source/12kHz_DE_data/OR/Orthogonal/0007/OR007@3_1.mat,source/12kHz_DE_data/OR/Orthogonal/0007/OR007@3_1.mat,source,train,1,True,4,48000,60000,4,5,-0.0001437339394128575,0,False,0.125,0.8439011193076776,0.6451121522732036,6.584714071856288,4.103160182714605,4.072358588747459,0.07456113567911146
source/12kHz_DE_data/OR/Orthogonal/0007/OR007@3_1.mat::w0005,source/12kHz_DE_data/OR/Orthogonal/0007/OR007@3_1.mat,source/12kHz_DE_data/OR/Orthogonal/0007/OR007@3_1.mat,source,train,1,True,5,60000,72000,5,6,-0.0005488742255073362,0,False,0.125,0.8555233397834964,0.6517162437054558,6.493344311377245,3.923530130746711,4.0545177054236134,0.07206644452477512
source/12kHz_DE_data/OR/Orthogonal/0007/OR007@3_1.mat::w0006,source/12kHz_DE_data/OR/Orthogonal/0007/OR007@3_1.mat,source/12kHz_DE_data/OR/Orthogonal/0007/OR007@3_1.mat,source,train,1,True,6,72000,84000,6,7,-0.000489720765760162,0,False,0.125,0.8481973189696046,0.6465417636581116,6.738621357285429,4.040653810764757,4.111041864714296,0.07502358173985468
source/12kHz_DE_data/OR/Orthogonal/0007/OR007@3_1.mat::w0007,source/12kHz_DE_data/OR/Orthogonal/0007/OR007@3_1.mat,source/12kHz_DE_data/OR/Orthogonal/0007/OR007@3_1.mat,source,train,1,True,7,84000,96000,7,8,-3.331189184133319e-05,0,False,0.125,0.8478104089460209,0.6460530541469158,6.489283433133733,4.030463858971322,4.054660795952242,0.07082170558676451
source/12kHz_DE_data/OR/Orthogonal/0007/OR007@3_2.mat::w0000,source/12kHz_DE_data/OR/Orthogonal/0007/OR007@3_2.mat,source/12kHz_DE_data/OR/Orthogonal/0007/OR007@3_2.mat,source,test,1,True,0,0,12000,0,1,-6.00079362109265e-05,0,False,0.125,0.8591359084167273,0.6601808248467814,6.555069660678643,3.9664172185626145,3.9808809651489985,0.07432386353773378
source/12kHz_DE_data/OR/Orthogonal/0007/OR007@3_2.mat::w0001,source/12kHz_DE_data/OR/Orthogonal/0007/OR007@3_2.mat,source/12kHz_DE_data/OR/Orthogonal/0007/OR007@3_2.mat,source,test,1,True,1,12000,24000,1,2,-3.428904066867524e-05,0,False,0.125,0.8451754773492092,0.6472111293300039,6.5774044910179645,3.976167841794508,4.019849583498378,0.07346759475338525
source/12kHz_DE_data/OR/Orthogonal/0007/OR007@3_2.mat::w0002,source/12kHz_DE_data/OR/Orthogonal/0007/OR007@3_2.mat,source/12kHz_DE_data/OR/Orthogonal/0007/OR007@3_2.mat,source,test,1,True,2,24000,36000,2,3,-0.0003247095163839138,0,False,0.125,0.8494340523926613,0.6516630693925927,6.7361848303393215,4.142544236301703,3.997042626357788,0.07189140949069629
source/12kHz_DE_data/OR/Orthogonal/0007/OR007@3_2.mat::w0003,source/12kHz_DE_data/OR/Orthogonal/0007/OR007@3_2.mat,source/12kHz_DE_data/OR/Orthogonal/0007/OR007@3_2.mat,source,test,1,True,3,36000,48000,3,4,-0.0003631524970891732,0,False,0.125,0.8570517231519051,0.6560330027601464,6.66999251497006,4.035643928366849,4.034132289516664,0.0772532669384026
source/12kHz_DE_data/OR/Orthogonal/0007/OR007@3_2.mat::w0004,source/12kHz_DE_data/OR/Orthogonal/0007/OR007@3_2.mat,source/12kHz_DE_data/OR/Orthogonal/0007/OR007@3_2.mat,source,test,1,True,4,48000,60000,4,5,-2.3527713323368615e-05,0,False,0.125,0.8509849551956642,0.6532875679645154,6.832427644710579,4.10934914890462,3.9923357978514256,0.07595088141231685
source/12kHz_DE_data/OR/Orthogonal/0007/OR007@3_2.mat::w0005,source/12kHz_DE_data/OR/Orthogonal/0007/OR007@3_2.mat,source/12kHz_DE_data/OR/Orthogonal/0007/OR007@3_2.mat,source,test,1,True,5,60000,72000,5,6,-0.0003025777299567699,0,False,0.125,0.8498839612456138,0.6571317246375166,6.9883653692614764,4.273157968433886,3.8963561153561446,0.07130357380854159
source/12kHz_DE_data/OR/Orthogonal/0007/OR007@3_2.mat::w0006,source/12kHz_DE_data/OR/Orthogonal/0007/OR007@3_2.mat,source/12kHz_DE_data/OR/Orthogonal/0007/OR007@3_2.mat,source,test,1,True,6,72000,84000,6,7,0.00031951497629739017,0,False,0.125,0.859576238839015,0.6646505945731855,6.8052197604790425,4.091026953952511,3.841033025015065,0.07191350955223166
source/12kHz_DE_data/OR/Orthogonal/0007/OR007@3_2.mat::w0007,source/12kHz_DE_data/OR/Orthogonal/0007/OR007@3_2.mat,source/12kHz_DE_data/OR/Orthogonal/0007/OR007@3_2.mat,source,test,1,True,7,84000,96000,7,8,0.0007887494573353121,0,False,0.125,0.8526721567522745,0.6593336996442837,6.84217375249501,4.173131998202235,3.831704733823233,0.07126948011471315
source/12kHz_DE_data/OR/Orthogonal/0007/OR007@3_3.mat::w0000,source/12kHz_DE_data/OR/Orthogonal/0007/OR007@3_3.mat,source/12kHz_DE_data/OR/Orthogonal/0007/OR007@3_3.mat,source,train,1,True,0,0,12000,0,1,0.0006814026790169557,0,False,0.125,0.7943037820559615,0.6050252721445761,6.396695409181637,4.097972549088697,4.031659956141784,0.08217162281444573
source/12kHz_DE_data/OR/Orthogonal/0007/OR007@3_3.mat::w0001,source/12kHz_DE_data/OR/Orthogonal/0007/OR007@3_3.mat,source/12kHz_DE_data/OR/Orthogonal/0007/OR007@3_3.mat,source,train,1,True,1,12000,24000,1,2,0.00032996750769293795,0,False,0.125,0.7844779576597674,0.5993476504616434,6.034465069860279,3.985652699129978,3.9864599301594903,0.08080909037217826
source/12kHz_DE_data/OR/Orthogonal/0007/OR007@3_3.mat::w0002,source/12kHz_DE_data/OR/Orthogonal/0007/OR007@3_3.mat,source/12kHz_DE_data/OR/Orthogonal/0007/OR007@3_3.mat,source,train,1,True,2,24000,36000,2,3,0.0003318287435545499,0,False,0.125,0.7927272425255795,0.6048901145995301,6.482786027944112,4.1721335316016575,4.109712399724257,0.08503314879579263
source/12kHz_DE_data/OR/Orthogonal/0007/OR007@3_3.mat::w0003,source/12kHz_DE_data/OR/Orthogonal/0007/OR007@3_3.mat,source/12kHz_DE_data/OR/Orthogonal/0007/OR007@3_3.mat,source,train,1,True,3,36000,48000,3,4,1.4335746215891917e-05,0,False,0.125,0.7899307294705692,0.6027741473808895,6.661058582834331,4.390367362839,4.117104086582136,0.084099892977989
source/12kHz_DE_data/OR/Orthogonal/0007/OR007@3_3.mat::w0004,source/12kHz_DE_data/OR/Orthogonal/0007/OR007@3_3.mat,source/12kHz_DE_data/OR/Orthogonal/0007/OR007@3_3.mat,source,train,1,True,4,48000,60000,4,5,-2.1535344935139255e-05,0,False,0.125,0.8059553803490711,0.6158188427221364,6.252940319361278,3.968556730656444,4.101954420778815,0.08385389030545301
source/12kHz_DE_data/OR/Orthogonal/0007/OR007@3_3.mat::w0005,source/12kHz_DE_data/OR/Orthogonal/0007/OR007@3_3.mat,source/12kHz_DE_data/OR/Orthogonal/0007/OR007@3_3.mat,source,train,1,True,5,60000,72000,5,6,-0.00025963817261311783,0,False,0.125,0.7953824547802917,0.6066107919593106,6.708976946107784,4.282504108423127,4.037303510739568,0.08239866215450765
source/12kHz_DE_data/OR/Orthogonal/0007/OR007@3_3.mat::w0006,source/12kHz_DE_data/OR/Orthogonal/0007/OR007@3_3.mat,source/12kHz_DE_data/OR/Orthogonal/0007/OR007@3_3.mat,source,train,1,True,6,72000,84000,6,7,-0.00046941637454259394,0,False,0.125,0.8026784719693066,0.6099624969766939,6.619231536926147,4.272170547089247,4.14859818719318,0.08377913500831834
source/12kHz_DE_data/OR/Orthogonal/0007/OR007@3_3.mat::w0007,source/12kHz_DE_data/OR/Orthogonal/0007/OR007@3_3.mat,source/12kHz_DE_data/OR/Orthogonal/0007/OR007@3_3.mat,source,train,1,True,7,84000,96000,7,8,-0.0006069447843895649,0,False,0.125,0.8037991157933698,0.6143979311822938,6.935167864271457,4.494740639494876,4.155609740212275,0.08323571775100701
source/12kHz_DE_data/OR/Orthogonal/0021/OR021@3_0.mat::w0000,source/12kHz_DE_data/OR/Orthogonal/0021/OR021@3_0.mat,source/12kHz_DE_data/OR/Orthogonal/0021/OR021@3_0.mat,source,train,1,True,0,0,12000,0,1,0.0007598850731869564,0,False,0.125,0.31646107305864585,0.22352151754896044,3.734870938123753,6.069767986746228,6.636808653531093,0.04721431193557673
source/12kHz_DE_data/OR/Orthogonal/0021/OR021@3_0.mat::w0001,source/12kHz_DE_data/OR/Orthogonal/0021/OR021@3_0.mat,source/12kHz_DE_data/OR/Orthogonal/0021/OR021@3_0.mat,source,train,1,True,1,12000,24000,1,2,-0.00018195441783100784,0,False,0.125,0.3164705944699576,0.2252096290273054,3.94051381237525,7.0693334257385905,6.464874166489395,0.076736812184883
source/12kHz_DE_data/OR/Orthogonal/0021/OR021@3_0.mat::w0002,source/12kHz_DE_data/OR/Orthogonal/0021/OR021@3_0.mat,source/12kHz_DE_data/OR/Orthogonal/0021/OR021@3_0.mat,source,train,1,True,2,24000,36000,2,3,0.0011546971922820998,0,False,0.125,0.3145680445199047,0.2227572618134331,4.110258522954092,7.396494266338124,7.052581255985528,0.11881008249412658
source/12kHz_DE_data/OR/Orthogonal/0021/OR021@3_0.mat::w0003,source/12kHz_DE_data/OR/Orthogonal/0021/OR021@3_0.mat,source/12kHz_DE_data/OR/Orthogonal/0021/OR021@3_0.mat,source,train,1,True,3,36000,48000,3,4,0.0012088016267465035,0,False,0.125,0.3196703386743563,0.22294288347053115,4.640609221556886,8.296059650382595,8.210838304640982,0.1946066625011181
source/12kHz_DE_data/OR/Orthogonal/0021/OR021@3_0.mat::w0004,source/12kHz_DE_data/OR/Orthogonal/0021/OR021@3_0.mat,source/12kHz_DE_data/OR/Orthogonal/0021/OR021@3_0.mat,source,train,1,True,4,48000,60000,4,5,0.0005992773386560183,0,False,0.125,0.3172359918185459,0.22262744900005546,4.286825508982036,7.3314324393587444,7.122337931102438,0.07047839111918164
source/12kHz_DE_data/OR/Orthogonal/0021/OR021@3_0.mat::w0005,source/12kHz_DE_data/OR/Orthogonal/0021/OR021@3_0.mat,source/12kHz_DE_data/OR/Orthogonal/0021/OR021@3_0.mat,source,train,1,True,5,60000,72000,5,6,-0.000491461021290755,0,False,0.125,0.31305423132496074,0.22154816162415,3.8542607584830337,6.7827026427941695,6.645007784099923,0.07538427090226388
source/12kHz_DE_data/OR/Orthogonal/0021/OR021@3_0.mat::w0006,source/12kHz_DE_data/OR/Orthogonal/0021/OR021@3_0.mat,source/12kHz_DE_data/OR/Orthogonal/0021/OR021@3_0.mat,source,train,1,True,6,72000,84000,6,7,-0.001868829703925486,0,False,0.125,0.3105674586263512,0.22000354029039257,3.712779760479042,6.355033038230226,6.565345809519584,0.05115314206131311
source/12kHz_DE_data/OR/Orthogonal/0021/OR021@3_0.mat::w0007,source/12kHz_DE_data/OR/Orthogonal/0021/OR021@3_0.mat,source/12kHz_DE_data/OR/Orthogonal/0021/OR021@3_0.mat,source,train,1,True,7,84000,96000,7,8,-0.0011804160878243542,0,False,0.125,0.31717247981861324,0.2232907968767831,4.452671776447106,8.039624461902132,7.183338442655052,0.08009185888882805
source/12kHz_DE_data/OR/Orthogonal/0021/OR021@3_1.mat::w0000,source/12kHz_DE_data/OR/Orthogonal/0021/OR021@3_1.mat,source/12kHz_DE_data/OR/Orthogonal/0021/OR021@3_1.mat,source,train,1,True,0,0,12000,0,1,-0.0006462498557052538,0,False,0.125,0.2888618960381164,0.20265423073932967,3.6658360079840318,6.9561290705048195,7.028464620602487,0.16392098906485392
source/12kHz_DE_data/OR/Orthogonal/0021/OR021@3_1.mat::w0001,source/12kHz_DE_data/OR/Orthogonal/0021/OR021@3_1.mat,source/12kHz_DE_data/OR/Orthogonal/0021/OR021@3_1.mat,source,train,1,True,1,12000,24000,1,2,-0.0002593970579673971,0,False,0.125,0.28151920234255307,0.19975157981181194,3.7135919361277434,7.442571647162043,6.784659272729686,0.1409347453862493
source/12kHz_DE_data/OR/Orthogonal/0021/OR021@3_1.mat::w0002,source/12kHz_DE_data/OR/Orthogonal/0021/OR021@3_1.mat,source/12kHz_DE_data/OR/Orthogonal/0021/OR021@3_1.mat,source,train,1,True,2,24000,36000,2,3,-0.00039013026488689056,0,False,0.125,0.28308816410704685,0.19871731347761143,4.0616904191616765,7.723684532607004,7.240504779017238,0.08871603957542441
source/12kHz_DE_data/OR/Orthogonal/0021/OR021@3_1.mat::w0003,source/12kHz_DE_data/OR/Orthogonal/0021/OR021@3_1.mat,source/12kHz_DE_data/OR/Orthogonal/0021/OR021@3_1.mat,source,train,1,True,3,36000,48000,3,4,0.00015746562999002182,0,False,0.125,0.2862193263371766,0.20002386685986692,3.6656735728542915,6.872827156699399,7.2922074823979095,0.11175870947254808
source/12kHz_DE_data/OR/Orthogonal/0021/OR021@3_1.mat::w0004,source/12kHz_DE_data/OR/Orthogonal/0021/OR021@3_1.mat,source/12kHz_DE_data/OR/Orthogonal/0021/OR021@3_1.mat,source,train,1,True,4,48000,60000,4,5,0.00024222969519294954,0,False,0.125,0.28658368786130856,0.20009602036401422,3.669409580838323,7.527514031877841,7.265570884702058,0.2671498168992938
source/12kHz_DE_data/OR/Orthogonal/0021/OR021@3_1.mat::w0005,source/12kHz_DE_data/OR/Orthogonal/0021/OR021@3_1.mat,source/12kHz_DE_data/OR/Orthogonal/0021/OR021@3_1.mat,source,train,1,True,5,60000,72000,5,6,0.0003208212254657369,0,False,0.125,0.2813750104667343,0.19756375123311712,3.62149121756487,6.7977581474659,7.22157359330562,0.14001419617764765
source/12kHz_DE_data/OR/Orthogonal/0021/OR021@3_1.mat::w0006,source/12kHz_DE_data/OR/Orthogonal/0021/OR021@3_1.mat,source/12kHz_DE_data/OR/Orthogonal/0021/OR021@3_1.mat,source,train,1,True,6,72000,84000,6,7,0.00034808325474052165,0,False,0.125,0.2842526455380153,0.20106258214788425,3.2319717764471054,5.842531802978843,6.668902854068019,0.13497406892154745
source/12kHz_DE_data/OR/Orthogonal/0021/OR021@3_1.mat::w0007,source/12kHz_DE_data/OR/Orthogonal/0021/OR021@3_1.mat,source/12kHz_DE_data/OR/Orthogonal/0021/OR021@3_1.mat,source,train,1,True,7,84000,96000,7,8,0.00022717737317032798,0,False,0.125,0.28027508182501626,0.19692288852946552,3.770931536926148,7.13425274914613,7.260809342489715,0.13143512057683315
source/12kHz_DE_data/OR/Orthogonal/0021/OR021@3_2.mat::w0000,source/12kHz_DE_data/OR/Orthogonal/0021/OR021@3_2.mat,source/12kHz_DE_data/OR/Orthogonal/0021/OR021@3_2.mat,source,train,1,True,0,0,12000,0,1,0.00012861478210246432,0,False,0.125,0.2808802252266928,0.19816559024145045,3.4520713772455087,6.835002718523691,6.926935952834848,0.18238813036645207
source/12kHz_DE_data/OR/Orthogonal/0021/OR021@3_2.mat::w0001,source/12kHz_DE_data/OR/Orthogonal/0021/OR021@3_2.mat,source/12kHz_DE_data/OR/Orthogonal/0021/OR021@3_2.mat,source,train,1,True,1,12000,24000,1,2,0.0003112460129740553,0,False,0.125,0.27344443063005863,0.19321578427272398,3.1325614770459085,6.217066379618054,6.8819619879128044,0.13122107774706038
source/12kHz_DE_data/OR/Orthogonal/0021/OR021@3_2.mat::w0002,source/12kHz_DE_data/OR/Orthogonal/0021/OR021@3_2.mat,source/12kHz_DE_data/OR/Orthogonal/0021/OR021@3_2.mat,source,train,1,True,2,24000,36000,2,3,0.00010797198436460765,0,False,0.125,0.27961443854432655,0.19898676124984033,3.1639114570858284,5.991144266847084,6.323279825756384,0.1225944423825418
source/12kHz_DE_data/OR/Orthogonal/0021/OR021@3_2.mat::w0003,source/12kHz_DE_data/OR/Orthogonal/0021/OR021@3_2.mat,source/12kHz_DE_data/OR/Orthogonal/0021/OR021@3_2.mat,source,train,1,True,3,36000,48000,3,4,-0.00023050221723219943,0,False,0.125,0.2798379370976859,0.1968188468458045,3.362732055888223,6.258644336673859,6.871395924358374,0.1003633287188593
source/12kHz_DE_data/OR/Orthogonal/0021/OR021@3_2.mat::w0004,source/12kHz_DE_data/OR/Orthogonal/0021/OR021@3_2.mat,source/12kHz_DE_data/OR/Orthogonal/0021/OR021@3_2.mat,source,train,1,True,4,48000,60000,4,5,-0.0002861768579507622,0,False,0.125,0.28264939374002546,0.199474600806986,3.6055725748502994,7.077584077805783,6.92615545448414,0.17661862765978192
source/12kHz_DE_data/OR/Orthogonal/0021/OR021@3_2.mat::w0005,source/12kHz_DE_data/OR/Orthogonal/0021/OR021@3_2.mat,source/12kHz_DE_data/OR/Orthogonal/0021/OR021@3_2.mat,source,train,1,True,5,60000,72000,5,6,-5.122797904191324e-05,0,False,0.125,0.2830452434899925,0.1987933608541284,3.751926626746507,7.4680006259151686,7.137576914890513,0.2121550325788618
source/12kHz_DE_data/OR/Orthogonal/0021/OR021@3_2.mat::w0006,source/12kHz_DE_data/OR/Orthogonal/0021/OR021@3_2.mat,source/12kHz_DE_data/OR/Orthogonal/0021/OR021@3_2.mat,source,train,1,True,6,72000,84000,6,7,6.239539421157961e-05,0,False,0.125,0.27773640830282154,0.19652170491045468,3.416822954091816,7.112629377021694,6.57823298720066,0.1559209165234448
source/12kHz_DE_data/OR/Orthogonal/0021/OR021@3_2.mat::w0007,source/12kHz_DE_data/OR/Orthogonal/0021/OR021@3_2.mat,source/12kHz_DE_data/OR/Orthogonal/0021/OR021@3_2.mat,source,train,1,True,7,84000,96000,7,8,-4.2321119427808175e-05,0,False,0.125,0.27828433966978466,0.19658932506671106,3.530365109780439,6.818824204240206,6.851507269794101,0.19922602538833764
source/12kHz_DE_data/OR/Orthogonal/0021/OR021@3_3.mat::w0000,source/12kHz_DE_data/OR/Orthogonal/0021/OR021@3_3.mat,source/12kHz_DE_data/OR/Orthogonal/0021/OR021@3_3.mat,source,train,1,True,0,0,12000,0,1,4.89538872255485e-05,0,False,0.125,0.2741685559074636,0.1969646991243047,2.99237996007984,5.742126151882841,6.127470293326012,0.1645670243485783
source/12kHz_DE_data/OR/Orthogonal/0021/OR021@3_3.mat::w0001,source/12kHz_DE_data/OR/Orthogonal/0021/OR021@3_3.mat,source/12kHz_DE_data/OR/Orthogonal/0021/OR021@3_3.mat,source,train,1,True,1,12000,24000,1,2,0.00015417124251497006,0,False,0.125,0.288463079047545,0.20537109353178976,3.6809424750499007,7.267599606101205,6.747711780040257,0.171651667277873
source/12kHz_DE_data/OR/Orthogonal/0021/OR021@3_3.mat::w0002,source/12kHz_DE_data/OR/Orthogonal/0021/OR021@3_3.mat,source/12kHz_DE_data/OR/Orthogonal/0021/OR021@3_3.mat,source,train,1,True,2,24000,36000,2,3,-0.0001334472272122428,0,False,0.125,0.28228000708900725,0.1990383233263595,3.662424870259481,7.034207522751675,7.010831663993966,0.15460585403841734
source/12kHz_DE_data/OR/Orthogonal/0021/OR021@3_3.mat::w0003,source/12kHz_DE_data/OR/Orthogonal/0021/OR021@3_3.mat,source/12kHz_DE_data/OR/Orthogonal/0021/OR021@3_3.mat,source,train,1,True,3,36000,48000,3,4,-2.2314525948103866e-05,0,False,0.125,0.2775337713194775,0.1985048186293546,3.2053324151696607,5.920330903809902,6.131254900764763,0.19324695523157523
source/12kHz_DE_data/OR/Orthogonal/0021/OR021@3_3.mat::w0004,source/12kHz_DE_data/OR/Orthogonal/0021/OR021@3_3.mat,source/12kHz_DE_data/OR/Orthogonal/0021/OR021@3_3.mat,source,train,1,True,4,48000,60000,4,5,-0.000188025430805057,0,False,0.125,0.2754560719442386,0.1990249437793513,2.922857724550898,5.410684928790928,5.832012951496581,0.08445745707466235
source/12kHz_DE_data/OR/Orthogonal/0021/OR021@3_3.mat::w0005,source/12kHz_DE_data/OR/Orthogonal/0021/OR021@3_3.mat,source/12kHz_DE_data/OR/Orthogonal/0021/OR021@3_3.mat,source,train,1,True,5,60000,72000,5,6,5.021275948103798e-05,0,False,0.125,0.2798938275072834,0.2006387940110978,3.0878918163672653,5.896847624599004,6.0908514764859305,0.14055790439109025
source/12kHz_DE_data/OR/Orthogonal/0021/OR021@3_3.mat::w0006,source/12kHz_DE_data/OR/Orthogonal/0021/OR021@3_3.mat,source/12kHz_DE_data/OR/Orthogonal/0021/OR021@3_3.mat,source,train,1,True,6,72000,84000,6,7,4.422973220226212e-05,0,False,0.125,0.278304172184258,0.199965896171517,3.096500878243513,6.238140573499388,5.852571353122432,0.11333498328488349
source/12kHz_DE_data/OR/Orthogonal/0021/OR021@3_3.mat::w0007,source/12kHz_DE_data/OR/Orthogonal/0021/OR021@3_3.mat,source/12kHz_DE_data/OR/Orthogonal/0021/OR021@3_3.mat,source,train,1,True,7,84000,96000,7,8,4.6219562541583064e-05,0,False,0.125,0.2790990036818055,0.19666284290412175,3.7862004391217563,8.217786138465602,7.271564946869703,0.21300307807635588
source/12kHz_FE_data/B/0007/B007_0.mat::w0000,source/12kHz_FE_data/B/0007/B007_0.mat,source/12kHz_FE_data/B/0007/B007_0.mat,source,train,3,True,0,0,12000,0,1,-2.888807260479039e-05,0,False,0.125,0.09009026566303598,0.07104283680172988,0.8110386027944112,4.6041481812529765,3.2963653670167004,0.03841740704401618
source/12kHz_FE_data/B/0007/B007_0.mat::w0001,source/12kHz_FE_data/B/0007/B007_0.mat,source/12kHz_FE_data/B/0007/B007_0.mat,source,train,3,True,1,12000,24000,1,2,-0.00012042026821357285,0,False,0.125,0.08293826091640125,0.0653119944927456,0.8407642315369261,5.070318603408962,3.4459430765138452,-0.012471456815886232
source/12kHz_FE_data/B/0007/B007_0.mat::w0002,source/12kHz_FE_data/B/0007/B007_0.mat,source/12kHz_FE_data/B/0007/B007_0.mat,source,train,3,True,2,24000,36000,2,3,-0.00032730847845974725,0,False,0.125,0.08141514895649737,0.06444350807577179,0.6547760079840319,4.302724770762081,3.159129894711139,0.04381371588780265
source/12kHz_FE_data/B/0007/B007_0.mat::w0003,source/12kHz_FE_data/B/0007/B007_0.mat,source/12kHz_FE_data/B/0007/B007_0.mat,source,train,3,True,3,36000,48000,3,4,-0.0001319666986859614,0,False,0.125,0.09189110052996426,0.07157152027292915,1.1016350499001997,6.162528787656143,4.176539472809437,0.04026463493621232
source/12kHz_FE_data/B/0007/B007_0.mat::w0004,source/12kHz_FE_data/B/0007/B007_0.mat,source/12kHz_FE_data/B/0007/B007_0.mat,source,train,3,True,4,48000,60000,4,5,-0.0001129617885063208,0,False,0.125,0.08233643111977397,0.06488606743949933,0.8729263872255488,5.782175321847826,3.4775522370400043,0.03866857697412869
source/12kHz_FE_data/B/0007/B007_0.mat::w0005,source/12kHz_FE_data/B/0007/B007_0.mat,source/12kHz_FE_data/B/0007/B007_0.mat,source,train,3,True,5,60000,72000,5,6,-5.918222430139732e-05,0,False,0.125,0.08849179439131667,0.06729488441664559,1.2494510179640717,7.867814922969936,5.648216436018576,-0.04720681651626874
source/12kHz_FE_data/B/0007/B007_0.mat::w0006,source/12kHz_FE_data/B/0007/B007_0.mat,source/12kHz_FE_data/B/0007/B007_0.mat,source,train,3,True,6,72000,84000,6,7,0.00011121222679640706,0,False,0.125,0.08156780700384615,0.0642572913195276,0.7907342115768463,5.0137869091106175,3.373963680178902,0.043517885229273454
source/12kHz_FE_data/B/0007/B007_0.mat::w0007,source/12kHz_FE_data/B/0007/B007_0.mat,source/12kHz_FE_data/B/0007/B007_0.mat,source,train,3,True,7,84000,96000,7,8,0.0006695153039753826,0,False,0.125,0.0793831291773009,0.06293770633984808,0.7614958882235529,5.807711118187113,3.2395330928123163,0.042980009472614114
source/12kHz_FE_data/B/0007/B007_1.mat::w0000,source/12kHz_FE_data/B/0007/B007_1.mat,source/12kHz_FE_data/B/0007/B007_1.mat,source,train,3,True,0,0,12000,0,1,0.0017919445885312697,0,False,0.125,0.0820705828582541,0.06508387958010313,0.6406441516966068,4.223284369249727,3.1263443284319323,-0.036454794230218766
source/12kHz_FE_data/B/0007/B007_1.mat::w0001,source/12kHz_FE_data/B/0007/B007_1.mat,source/12kHz_FE_data/B/0007/B007_1.mat,source,train,3,True,1,12000,24000,1,2,-0.00797772305784265,0,False,0.125,0.0778373236422539,0.0615348636281171,0.7376179241516967,4.8689965243876365,3.277182992446109,0.09308072504086846
source/12kHz_FE_data/B/0007/B007_1.mat::w0002,source/12kHz_FE_data/B/0007/B007_1.mat,source/12kHz_FE_data/B/0007/B007_1.mat,source,train,3,True,2,24000,36000,2,3,0.0009577725160096462,0,False,0.125,0.08059747710023943,0.06391563378870758,0.7372930538922156,4.692456255115361,3.134438668003467,-0.020520973547729762
source/12kHz_FE_data/B/0007/B007_1.mat::w0003,source/12kHz_FE_data/B/0007/B007_1.mat,source/12kHz_FE_data/B/0007/B007_1.mat,source,train,3,True,3,36000,48000,3,4,0.0008634518506736509,0,False,0.125,0.09669666454670701,0.07195888354111056,1.4508705788423155,8.229721937815277,7.082086288850844,-0.014904523365451066
source/12kHz_FE_data/B/0007/B007_1.mat::w0004,source/12kHz_FE_data/B/0007/B007_1.mat,source/12kHz_FE_data/B/0007/B007_1.mat,source,train,3,True,4,48000,60000,4,5,0.0009762765845392537,0,False,0.125,0.08468502495554356,0.06677415323922821,1.231908023952096,7.833172638815856,4.097725515879835,-0.02718942717148136
source/12kHz_FE_data/B/0007/B007_1.mat::w0005,source/12kHz_FE_data/B/0007/B007_1.mat,source/12kHz_FE_data/B/0007/B007_1.mat,source,train,3,True,5,60000,72000,5,6,0.001110799944486027,0,False,0.125,0.08197013462777246,0.06559636701225105,0.7082171656686627,4.57435921478831,2.9457114136346974,-0.005278735788699497
source/12kHz_FE_data/B/0007/B007_1.mat::w0006,source/12kHz_FE_data/B/0007/B007_1.mat,source/12kHz_FE_data/B/0007/B007_1.mat,source,train,3,True,6,72000,84000,6,7,0.0011775201740269452,0,False,0.125,0.07927802929962305,0.06328940784838379,0.5816801996007984,3.7289748463825756,2.9765172249036134,-0.007283390063892798
source/12kHz_FE_data/B/0007/B007_1.mat::w0007,source/12kHz_FE_data/B/0007/B007_1.mat,source/12kHz_FE_data/B/0007/B007_1.mat,source,train,3,True,7,84000,96000,7,8,0.0010999573995758472,0,False,0.125,0.08176775681527668,0.06505207806198714,0.7606837125748502,4.79464051219496,3.1072894665265047,-0.005602853188222372
source/12kHz_FE_data/B/0007/B007_2.mat::w0000,source/12kHz_FE_data/B/0007/B007_2.mat,source/12kHz_FE_data/B/0007/B007_2.mat,source,test,3,True,0,0,12000,0,1,-0.000285643867681303,0,False,0.125,0.08098116904493591,0.06469697136491351,0.6430806786427146,4.028466953376415,3.0003148199233394,-0.07589352262862255
source/12kHz_FE_data/B/0007/B007_2.mat::w0001,source/12kHz_FE_data/B/0007/B007_2.mat,source/12kHz_FE_data/B/0007/B007_2.mat,source,test,3,True,1,12000,24000,1,2,-0.00025918047779441,0,False,0.125,0.08178115859044954,0.06518490827484698,0.5932130938123752,3.7396338611256605,3.018448111476285,-0.06400962708690432
source/12kHz_FE_data/B/0007/B007_2.mat::w0002,source/12kHz_FE_data/B/0007/B007_2.mat,source/12kHz_FE_data/B/0007/B007_2.mat,source,test,3,True,2,24000,36000,2,3,-0.00019822669535928022,0,False,0.125,0.08503546935831667,0.06720914893747781,0.8964794810379241,5.478146487143222,3.354188714873021,-0.010295949783783395
source/12kHz_FE_data/B/0007/B007_2.mat::w0003,source/12kHz_FE_data/B/0007/B007_2.mat,source/12kHz_FE_data/B/0007/B007_2.mat,source,test,3,True,3,36000,48000,3,4,0.00028457111901197785,0,False,0.125,0.10680834405856518,0.08381175719193391,1.0114835528942114,5.201380429426707,3.5267377720319044,-0.01572028955939997
source/12kHz_FE_data/B/0007/B007_2.mat::w0004,source/12kHz_FE_data/B/0007/B007_2.mat,source/12kHz_FE_data/B/0007/B007_2.mat,source,test,3,True,4,48000,60000,4,5,0.00022254797197272252,0,False,0.125,0.0915368330390465,0.07195387098928255,0.8310181237524951,4.570767241414018,3.428455444405229,-0.05659177650901636
source/12kHz_FE_data/B/0007/B007_2.mat::w0005,source/12kHz_FE_data/B/0007/B007_2.mat,source/12kHz_FE_data/B/0007/B007_2.mat,source,test,3,True,5,60000,72000,5,6,0.00014732697064205052,0,False,0.125,0.08271289912142579,0.06606404614759315,0.8667538522954092,5.853636484089544,3.112803701263663,-0.031328575409017255
source/12kHz_FE_data/B/0007/B007_2.mat::w0006,source/12kHz_FE_data/B/0007/B007_2.mat,source/12kHz_FE_data/B/0007/B007_2.mat,source,test,3,True,6,72000,84000,6,7,0.00028490952553227006,0,False,0.125,0.08206314814860433,0.06541507932745842,0.5938628343313374,3.6437798868156173,2.952545326975284,-0.0804450298990987
source/12kHz_FE_data/B/0007/B007_2.mat::w0007,source/12kHz_FE_data/B/0007/B007_2.mat,source/12kHz_FE_data/B/0007/B007_2.mat,source,test,3,True,7,84000,96000,7,8,-0.00019630454632401766,0,False,0.125,0.08209797348595155,0.06585418161139221,0.6295985628742515,4.008901503611613,2.954504661445677,-0.053887412348441216
source/12kHz_FE_data/B/0007/B007_3.mat::w0000,source/12kHz_FE_data/B/0007/B007_3.mat,source/12kHz_FE_data/B/0007/B007_3.mat,source,test,3,True,0,0,12000,0,1,-0.000357868279274785,0,False,0.125,0.08775737089706137,0.06971041443838434,0.8581447904191617,5.259125983112141,3.305052123100309,0.002852087016148477
source/12kHz_FE_data/B/0007/B007_3.mat::w0001,source/12kHz_FE_data/B/0007/B007_3.mat,source/12kHz_FE_data/B/0007/B007_3.mat,source,test,3,True,1,12000,24000,1,2,-0.00017243504241517063,0,False,0.125,0.08979571739454414,0.06970682279687791,1.2192380838323353,6.903205864045967,4.834987168339806,-0.010489573575934722
source/12kHz_FE_data/B/0007/B007_3.mat::w0002,source/12kHz_FE_data/B/0007/B007_3.mat,source/12kHz_FE_data/B/0007/B007_3.mat,source,test,3,True,2,24000,36000,2,3,-0.00010261500914837122,0,False,0.125,0.0891712774089438,0.06995352102157684,0.9299411177644712,5.319588827978298,3.5846585119181267,-0.0487152330874395
source/12kHz_FE_data/B/0007/B007_3.mat::w0003,source/12kHz_FE_data/B/0007/B007_3.mat,source/12kHz_FE_data/B/0007/B007_3.mat,source,test,3,True,3,36000,48000,3,4,-0.00012761648286759925,0,False,0.125,0.08806627227766006,0.06900384637280994,0.9005403592814372,5.226997748561058,3.700181831161873,0.011718091112985406
source/12kHz_FE_data/B/0007/B007_3.mat::w0004,source/12kHz_FE_data/B/0007/B007_3.mat,source/12kHz_FE_data/B/0007/B007_3.mat,source,test,3,True,4,48000,60000,4,5,7.048669411177533e-05,0,False,0.125,0.09374620964036834,0.07158058706346473,1.6591124151696608,9.028009217729837,6.7178607507279136,-0.003094164961672039
source/12kHz_FE_data/B/0007/B007_3.mat::w0005,source/12kHz_FE_data/B/0007/B007_3.mat,source/12kHz_FE_data/B/0007/B007_3.mat,source,test,3,True,5,60000,72000,5,6,0.00038062950182967304,0,False,0.125,0.09087350302246282,0.07017429223072355,1.2280095808383233,6.9376727969618,4.989491353690421,-0.04755425009617246
source/12kHz_FE_data/B/0007/B007_3.mat::w0006,source/12kHz_FE_data/B/0007/B007_3.mat,source/12kHz_FE_data/B/0007/B007_3.mat,source,test,3,True,6,72000,84000,6,7,0.000290653976214237,0,False,0.125,0.09915297479664138,0.07414244334941228,1.5852044311377245,8.414441545737363,7.605519518314733,-0.03776999963861687
source/12kHz_FE_data/B/0007/B007_3.mat::w0007,source/12kHz_FE_data/B/0007/B007_3.mat,source/12kHz_FE_data/B/0007/B007_3.mat,source,test,3,True,7,84000,96000,7,8,1.8764641550231622e-05,0,False,0.125,0.09750028908584864,0.07362075378668108,1.8857094211576846,9.752713162767417,9.115680452157966,-0.020669468890458745
source/12kHz_FE_data/B/0014/B014_0.mat::w0000,source/12kHz_FE_data/B/0014/B014_0.mat,source/12kHz_FE_data/B/0014/B014_0.mat,source,train,3,True,0,0,12000,0,1,0.00010170807967398339,0,False,0.125,0.16175463400985507,0.11274667088119317,2.6342917165668664,8.705895274936513,8.917218437855556,0.00948716322463727
source/12kHz_FE_data/B/0014/B014_0.mat::w0001,source/12kHz_FE_data/B/0014/B014_0.mat,source/12kHz_FE_data/B/0014/B014_0.mat,source,train,3,True,1,12000,24000,1,2,-0.0001949052353626101,0,False,0.125,0.1590068548477307,0.1096613725277958,3.0537804391217565,9.727710926996362,11.041578460826415,0.04487392596701803
source/12kHz_FE_data/B/0014/B014_0.mat::w0002,source/12kHz_FE_data/B/0014/B014_0.mat,source/12kHz_FE_data/B/0014/B014_0.mat,source,train,3,True,2,24000,36000,2,3,-0.00014475338905522485,0,False,0.125,0.15413775978455088,0.10187550618709804,2.380892914171657,7.88308281882577,12.500254144502552,-0.05505603322404006
source/12kHz_FE_data/B/0014/B014_0.mat::w0003,source/12kHz_FE_data/B/0014/B014_0.mat,source/12kHz_FE_data/B/0014/B014_0.mat,source,train,3,True,3,36000,48000,3,4,-1.4043870592170317e-06,0,False,0.125,0.1685734131456265,0.11309194963701763,2.7605850299401196,8.210927589067936,11.302638486506615,0.018798966701013237
source/12kHz_FE_data/B/0014/B014_0.mat::w0004,source/12kHz_FE_data/B/0014/B014_0.mat,source/12kHz_FE_data/B/0014/B014_0.mat,source,train,3,True,4,48000,60000,4,5,-7.585382152362084e-05,0,False,0.125,0.1389672070003934,0.09774785413301174,2.3479998003992018,8.723691271161027,10.02113111161838,0.016106512179606448
source/12kHz_FE_data/B/0014/B014_0.mat::w0005,source/12kHz_FE_data/B/0014/B014_0.mat,source/12kHz_FE_data/B/0014/B014_0.mat,source,train,3,True,5,60000,72000,5,6,-5.203000249501092e-05,0,False,0.125,0.09640168139673122,0.0743981883298528,1.1021223552894213,6.11483984096471,4.280213437965295,0.046291172646138544
source/12kHz_FE_data/B/0014/B014_0.mat::w0006,source/12kHz_FE_data/B/0014/B014_0.mat,source/12kHz_FE_data/B/0014/B014_0.mat,source,train,3,True,6,72000,84000,6,7,-3.3383803226880653e-05,0,False,0.125,0.12532731422215962,0.08672440567004878,2.735407584830339,11.718453752696258,16.428892998787326,0.09839149166087494
source/12kHz_FE_data/B/0014/B014_0.mat::w0007,source/12kHz_FE_data/B/0014/B014_0.mat,source/12kHz_FE_data/B/0014/B014_0.mat,source,train,3,True,7,84000,96000,7,8,0.00040062255904856726,0,False,0.125,0.14800872497243767,0.1058567243253493,2.3979486027944112,8.438157307162864,8.295601777072708,0.07601291349050399
source/12kHz_FE_data/B/0014/B014_1.mat::w0000,source/12kHz_FE_data/B/0014/B014_1.mat,source/12kHz_FE_data/B/0014/B014_1.mat,source,validation,3,True,0,0,12000,0,1,-0.0001550578675981368,0,False,0.125,0.10407665330285112,0.08071052547401032,1.0769449101796407,5.292672262336518,3.7351520326980703,-0.023442893255297765
source/12kHz_FE_data/B/0014/B014_1.mat::w0001,source/12kHz_FE_data/B/0014/B014_1.mat,source/12kHz_FE_data/B/0014/B014_1.mat,source,validation,3,True,1,12000,24000,1,2,1.685264471057893e-05,0,False,0.125,0.11168029581541251,0.0798136627137475,2.7983511976047906,12.781263766656009,18.67720393368286,0.0090007370120175
source/12kHz_FE_data/B/0014/B014_1.mat::w0002,source/12kHz_FE_data/B/0014/B014_1.mat,source/12kHz_FE_data/B/0014/B014_1.mat,source,validation,3,True,2,24000,36000,2,3,0.00014284139221556807,0,False,0.125,0.14766355632882014,0.10041537759547572,2.5802820359281435,9.715321411135337,12.547992050431809,0.1035543865627354
source/12kHz_FE_data/B/0014/B014_1.mat::w0003,source/12kHz_FE_data/B/0014/B014_1.mat,source/12kHz_FE_data/B/0014/B014_1.mat,source,validation,3,True,3,36000,48000,3,4,-3.9999650698602884e-05,0,False,0.125,0.11795505086225924,0.08384006288834969,2.774798103792415,12.017960370431162,13.81119712745061,0.01699994333299443
source/12kHz_FE_data/B/0014/B014_1.mat::w0004,source/12kHz_FE_data/B/0014/B014_1.mat,source/12kHz_FE_data/B/0014/B014_1.mat,source,validation,3,True,4,48000,60000,4,5,-0.0002097782019294742,0,False,0.125,0.10431154056486298,0.07421727554421158,2.921801896207585,14.133255396568986,20.174977730287342,0.040129224136728654
source/12kHz_FE_data/B/0014/B014_1.mat::w0005,source/12kHz_FE_data/B/0014/B014_1.mat,source/12kHz_FE_data/B/0014/B014_1.mat,source,validation,3,True,5,60000,72000,5,6,5.482185628742418e-05,0,False,0.125,0.15944670174259484,0.1077482636899562,2.7260675648702595,8.702473787115487,10.032131597967991,0.05923064258661729
source/12kHz_FE_data/B/0014/B014_1.mat::w0006,source/12kHz_FE_data/B/0014/B014_1.mat,source/12kHz_FE_data/B/0014/B014_1.mat,source,validation,3,True,6,72000,84000,6,7,0.00013120020791749764,0,False,0.125,0.14792945732562648,0.10110720731259704,2.395105988023952,8.299234290534724,11.978893687320868,0.06544501995254043
source/12kHz_FE_data/B/0014/B014_1.mat::w0007,source/12kHz_FE_data/B/0014/B014_1.mat,source/12kHz_FE_data/B/0014/B014_1.mat,source,validation,3,True,7,84000,96000,7,8,5.911961909514352e-05,0,False,0.125,0.09633968026314653,0.07552990379953149,0.9713620758483036,5.302413610096923,3.5636683907340583,-0.01567310782224706
source/12kHz_FE_data/B/0014/B014_2.mat::w0000,source/12kHz_FE_data/B/0014/B014_2.mat,source/12kHz_FE_data/B/0014/B014_2.mat,source,train,3,True,0,0,12000,0,1,-6.302398432301983e-05,0,False,0.125,0.19259423849816698,0.1319633283600632,2.767894610778443,7.483150005600632,8.04252291983931,-0.0015169582184876979
source/12kHz_FE_data/B/0014/B014_2.mat::w0001,source/12kHz_FE_data/B/0014/B014_2.mat,source/12kHz_FE_data/B/0014/B014_2.mat,source,train,3,True,1,12000,24000,1,2,0.000256296408225218,0,False,0.125,0.16859846221055597,0.12114440267961023,2.4174408183632736,7.823712576636322,6.964663517716845,0.0025059541704155314
source/12kHz_FE_data/B/0014/B014_2.mat::w0002,source/12kHz_FE_data/B/0014/B014_2.mat,source/12kHz_FE_data/B/0014/B014_2.mat,source,train,3,True,2,24000,36000,2,3,0.00023656730809214958,0,False,0.125,0.2267387945897283,0.15710928855020376,2.3540911177644706,5.3223385585615,6.547839658855141,0.00027874940151438447
source/12kHz_FE_data/B/0014/B014_2.mat::w0003,source/12kHz_FE_data/B/0014/B014_2.mat,source/12kHz_FE_data/B/0014/B014_2.mat,source,train,3,True,3,36000,48000,3,4,0.0003364987535345983,0,False,0.125,0.22671800655386692,0.15458307494792636,2.8080973053892215,6.217055303141583,7.739482557397928,0.019621364660553708
source/12kHz_FE_data/B/0014/B014_2.mat::w0004,source/12kHz_FE_data/B/0014/B014_2.mat,source/12kHz_FE_data/B/0014/B014_2.mat,source,train,3,True,4,48000,60000,4,5,7.985124854457861e-05,0,False,0.125,0.22507692584249275,0.15270996318325572,2.9802785429141716,6.806705612240928,7.763529486534909,0.0612922336723186
source/12kHz_FE_data/B/0014/B014_2.mat::w0005,source/12kHz_FE_data/B/0014/B014_2.mat,source/12kHz_FE_data/B/0014/B014_2.mat,source,train,3,True,5,60000,72000,5,6,-0.00023073825578010564,0,False,0.125,0.23630645664619773,0.16065837977395211,3.1934746506986027,6.78872905759999,7.438323025056491,0.03635826043846826
source/12kHz_FE_data/B/0014/B014_2.mat::w0006,source/12kHz_FE_data/B/0014/B014_2.mat,source/12kHz_FE_data/B/0014/B014_2.mat,source,train,3,True,6,72000,84000,6,7,-0.0003057291406769791,0,False,0.125,0.23470014525117125,0.15880053743036707,3.1687032934131736,7.314788088969764,7.810572066033664,-0.002044630248312557
source/12kHz_FE_data/B/0014/B014_2.mat::w0007,source/12kHz_FE_data/B/0014/B014_2.mat,source/12kHz_FE_data/B/0014/B014_2.mat,source,train,3,True,7,84000,96000,7,8,-0.0003097223376164319,0,False,0.125,0.2143699719356806,0.14591037888399866,2.808909481037924,6.858658876064918,7.6806509284702615,0.03367957626574606
source/12kHz_FE_data/B/0014/B014_3.mat::w0000,source/12kHz_FE_data/B/0014/B014_3.mat,source/12kHz_FE_data/B/0014/B014_3.mat,source,test,3,True,0,0,12000,0,1,-0.00027474379366267186,0,False,0.125,0.12921206268594787,0.09724631719858201,1.4838449101796407,5.898941192196285,5.006023982162004,0.014026180115350428
source/12kHz_FE_data/B/0014/B014_3.mat::w0001,source/12kHz_FE_data/B/0014/B014_3.mat,source/12kHz_FE_data/B/0014/B014_3.mat,source,test,3,True,1,12000,24000,1,2,-0.0002514275844145017,0,False,0.125,0.19726102322875574,0.13707449931559104,3.0501256487025947,7.93196339866754,7.88625485219395,0.004238551529447002
source/12kHz_FE_data/B/0014/B014_3.mat::w0002,source/12kHz_FE_data/B/0014/B014_3.mat,source/12kHz_FE_data/B/0014/B014_3.mat,source,test,3,True,2,24000,36000,2,3,-0.00021447359239853324,0,False,0.125,0.16982545362357906,0.11875965162654135,2.486069660678643,7.558324163931853,9.139131062580091,0.048048721270186924
source/12kHz_FE_data/B/0014/B014_3.mat::w0003,source/12kHz_FE_data/B/0014/B014_3.mat,source/12kHz_FE_data/B/0014/B014_3.mat,source,test,3,True,3,36000,48000,3,4,0.00022921119635728812,0,False,0.125,0.12500945657840615,0.09375882046233365,2.0791696606786427,8.656454491924126,7.23160360807023,0.011654229635536457
source/12kHz_FE_data/B/0014/B014_3.mat::w0004,source/12kHz_FE_data/B/0014/B014_3.mat,source/12kHz_FE_data/B/0014/B014_3.mat,source,test,3,True,4,48000,60000,4,5,0.00016312040294411446,0,False,0.125,0.1639274540163354,0.11579573973145377,2.4625165668662676,7.582717297883477,8.869681803252217,0.010360986384321114
source/12kHz_FE_data/B/0014/B014_3.mat::w0005,source/12kHz_FE_data/B/0014/B014_3.mat,source/12kHz_FE_data/B/0014/B014_3.mat,source,test,3,True,5,60000,72000,5,6,0.00010684339861943078,0,False,0.125,0.15789076825549708,0.11218071241683299,2.6456621756487024,8.868332339292367,9.293284544595531,0.022248761834238403
source/12kHz_FE_data/B/0014/B014_3.mat::w0006,source/12kHz_FE_data/B/0014/B014_3.mat,source/12kHz_FE_data/B/0014/B014_3.mat,source,test,3,True,6,72000,84000,6,7,0.00013293454133400155,0,False,0.125,0.12291943046930735,0.09403133502560433,1.4481091816367266,6.141650341827111,4.254700870370747,0.01387939380201343
source/12kHz_FE_data/B/0014/B014_3.mat::w0007,source/12kHz_FE_data/B/0014/B014_3.mat,source/12kHz_FE_data/B/0014/B014_3.mat,source,test,3,True,7,84000,96000,7,8,0.00010853543122089377,0,False,0.125,0.10909431385589677,0.08405411027465624,1.3311558882235528,6.510076317345702,4.639243720053792,-0.022642514338016756
source/12kHz_FE_data/B/0021/B021_0.mat::w0000,source/12kHz_FE_data/B/0021/B021_0.mat,source/12kHz_FE_data/B/0021/B021_0.mat,source,train,3,True,0,0,12000,0,1,-0.00028832658537092544,0,False,0.125,0.09759293995390382,0.0772822496137281,0.8414139720558882,4.3334976628809745,3.1569500140726743,-0.011363573552862029
source/12kHz_FE_data/B/0021/B021_0.mat::w0001,source/12kHz_FE_data/B/0021/B021_0.mat,source/12kHz_FE_data/B/0021/B021_0.mat,source,train,3,True,1,12000,24000,1,2,-0.0002607126133150371,0,False,0.125,0.09887164896707898,0.07820063353405274,0.8710583832335329,4.561568857037005,3.187131770299908,-0.023976276921022617
source/12kHz_FE_data/B/0021/B021_0.mat::w0002,source/12kHz_FE_data/B/0021/B021_0.mat,source/12kHz_FE_data/B/0021/B021_0.mat,source,train,3,True,2,24000,36000,2,3,-0.00010812511331503722,0,False,0.125,0.10073612575495292,0.07930645268165058,1.3567394211576849,7.679454120096087,3.9348651778978376,-0.0025167823499490727
source/12kHz_FE_data/B/0021/B021_0.mat::w0003,source/12kHz_FE_data/B/0021/B021_0.mat,source/12kHz_FE_data/B/0021/B021_0.mat,source,train,3,True,3,36000,48000,3,4,-0.00029171065057385297,0,False,0.125,0.09950283468131632,0.07831542466924622,1.126487624750499,5.793034547408266,3.7445738403168725,-0.006174583003554424
source/12kHz_FE_data/B/0021/B021_0.mat::w0004,source/12kHz_FE_data/B/0021/B021_0.mat,source/12kHz_FE_data/B/0021/B021_0.mat,source,train,3,True,4,48000,60000,4,5,9.183929952594728e-05,0,False,0.125,0.10341502203290133,0.08162315001992543,0.8893323353293413,4.5412777520016165,3.3325285973634875,-0.048119231412367604
source/12kHz_FE_data/B/0021/B021_0.mat::w0005,source/12kHz_FE_data/B/0021/B021_0.mat,source/12kHz_FE_data/B/0021/B021_0.mat,source,train,3,True,5,60000,72000,5,6,0.0005304818311294072,0,False,0.125,0.1084201017425535,0.08442144360946024,1.2539992015968062,6.03187145170644,4.146028079827464,-0.043939448946882294
source/12kHz_FE_data/B/0021/B021_0.mat::w0006,source/12kHz_FE_data/B/0021/B021_0.mat,source/12kHz_FE_data/B/0021/B021_0.mat,source,train,3,True,6,72000,84000,6,7,0.00029850416146872847,0,False,0.125,0.09963116234583283,0.07851491858986194,0.7987747504990019,4.161499773451953,3.2569623251689372,-0.01855997939095519
source/12kHz_FE_data/B/0021/B021_0.mat::w0007,source/12kHz_FE_data/B/0021/B021_0.mat,source/12kHz_FE_data/B/0021/B021_0.mat,source,train,3,True,7,84000,96000,7,8,2.8049670450764722e-05,0,False,0.125,0.0977032765703263,0.07763444979811211,0.745577245508982,3.9291212300055496,3.1171743388707975,-0.027765143012956125
source/12kHz_FE_data/B/0021/B021_1.mat::w0000,source/12kHz_FE_data/B/0021/B021_1.mat,source/12kHz_FE_data/B/0021/B021_1.mat,source,train,3,True,0,0,12000,0,1,-3.4081766674985075e-05,0,False,0.125,0.10062052449359012,0.08006867448570082,0.8174547904191616,4.120083289286491,3.1455237408350123,-0.050395508548097344
source/12kHz_FE_data/B/0021/B021_1.mat::w0001,source/12kHz_FE_data/B/0021/B021_1.mat,source/12kHz_FE_data/B/0021/B021_1.mat,source,train,3,True,1,12000,24000,1,2,-6.501635271126599e-06,0,False,0.125,0.11763442226562487,0.08967112983028941,1.2958262475049902,5.547749274144458,4.578859562310858,-0.013017028472194958
source/12kHz_FE_data/B/0021/B021_1.mat::w0002,source/12kHz_FE_data/B/0021/B021_1.mat,source/12kHz_FE_data/B/0021/B021_1.mat,source,train,3,True,2,24000,36000,2,3,3.3498015427476845e-05,0,False,0.125,0.09994046216558616,0.07946697670568861,0.7975564870259481,3.9981160568872833,3.096348129870261,-0.02120336278900781
source/12kHz_FE_data/B/0021/B021_1.mat::w0003,source/12kHz_FE_data/B/0021/B021_1.mat,source/12kHz_FE_data/B/0021/B021_1.mat,source,train,3,True,3,36000,48000,3,4,-2.7482839529276473e-05,0,False,0.125,0.09820011398779628,0.07800442000216234,0.7244606786427146,4.131623154608696,3.075723198429435,0.07441022716432955
source/12kHz_FE_data/B/0021/B021_1.mat::w0004,source/12kHz_FE_data/B/0021/B021_1.mat,source/12kHz_FE_data/B/0021/B021_1.mat,source,train,3,True,4,48000,60000,4,5,-5.8074788963741316e-05,0,False,0.125,0.11197102689619803,0.0852944830413839,1.4529822355289421,6.560073390884993,5.483273401681062,-0.026727929990409294
source/12kHz_FE_data/B/0021/B021_1.mat::w0005,source/12kHz_FE_data/B/0021/B021_1.mat,source/12kHz_FE_data/B/0021/B021_1.mat,source,train,3,True,5,60000,72000,5,6,1.4817975507316687e-05,0,False,0.125,0.10329091954819877,0.08049229536619261,1.5943007984031938,8.252227537879897,5.079122992535276,0.0893905253091248
source/12kHz_FE_data/B/0021/B021_1.mat::w0006,source/12kHz_FE_data/B/0021/B021_1.mat,source/12kHz_FE_data/B/0021/B021_1.mat,source,train,3,True,6,72000,84000,6,7,-1.6856874792084118e-05,0,False,0.125,0.09650527459113253,0.07687208961963572,0.7890286427145708,4.502142205710089,3.075526348533327,-0.03309734615158076
source/12kHz_FE_data/B/0021/B021_1.mat::w0007,source/12kHz_FE_data/B/0021/B021_1.mat,source/12kHz_FE_data/B/0021/B021_1.mat,source,train,3,True,7,84000,96000,7,8,9.468191429640556e-05,0,False,0.125,0.09701410153568082,0.07741546596873197,0.7378615768463074,3.9087924889049592,3.026901417113372,0.01895009919576309
source/12kHz_FE_data/B/0021/B021_2.mat::w0000,source/12kHz_FE_data/B/0021/B021_2.mat,source/12kHz_FE_data/B/0021/B021_2.mat,source,validation,3,True,0,0,12000,0,1,0.00013509188290086163,0,False,0.125,0.11125181600402366,0.08798380803371174,1.1025284431137725,5.714140061628237,3.545538398658288,0.08778333802969424
source/12kHz_FE_data/B/0021/B021_2.mat::w0001,source/12kHz_FE_data/B/0021/B021_2.mat,source/12kHz_FE_data/B/0021/B021_2.mat,source,validation,3,True,1,12000,24000,1,2,-4.290994677312271e-05,0,False,0.125,0.10328154614623787,0.08226439991365325,0.8365409181636726,4.2075381383965675,3.093497535451459,-0.017405008747036276
source/12kHz_FE_data/B/0021/B021_2.mat::w0002,source/12kHz_FE_data/B/0021/B021_2.mat,source/12kHz_FE_data/B/0021/B021_2.mat,source,validation,3,True,2,24000,36000,2,3,-0.000219862716234201,0,False,0.125,0.1089229329907783,0.08580618137043967,0.9993821357285428,4.606878062291973,3.5628117718177226,0.010012834421571918
source/12kHz_FE_data/B/0021/B021_2.mat::w0003,source/12kHz_FE_data/B/0021/B021_2.mat,source/12kHz_FE_data/B/0021/B021_2.mat,source,validation,3,True,3,36000,48000,3,4,-6.994862774451337e-05,0,False,0.125,0.10701668737361282,0.08438195145009982,1.5086162674650698,7.5549042346528905,4.400105231853495,0.01905275470978942
source/12kHz_FE_data/B/0021/B021_2.mat::w0004,source/12kHz_FE_data/B/0021/B021_2.mat,source/12kHz_FE_data/B/0021/B021_2.mat,source,validation,3,True,4,48000,60000,4,5,0.0002771210994677287,0,False,0.125,0.10586143798617627,0.08432480866653361,1.1744059880239521,5.973069504578975,3.3670416915644856,-0.012148516436646462
source/12kHz_FE_data/B/0021/B021_2.mat::w0005,source/12kHz_FE_data/B/0021/B021_2.mat,source/12kHz_FE_data/B/0021/B021_2.mat,source,validation,3,True,5,60000,72000,5,6,4.6767781104455315e-05,0,False,0.125,0.10576208761605314,0.08367116341009648,0.9599916167664669,5.14640403734781,3.228397641804691,0.022507862745689812
source/12kHz_FE_data/B/0021/B021_2.mat::w0006,source/12kHz_FE_data/B/0021/B021_2.mat,source/12kHz_FE_data/B/0021/B021_2.mat,source,validation,3,True,6,72000,84000,6,7,-0.00012277388556221195,0,False,0.125,0.1105541010645785,0.08715431011665004,1.0590770459081837,4.9217974530052,3.4081049194719006,0.004977163978420451
source/12kHz_FE_data/B/0021/B021_2.mat::w0007,source/12kHz_FE_data/B/0021/B021_2.mat,source/12kHz_FE_data/B/0021/B021_2.mat,source,validation,3,True,7,84000,96000,7,8,-3.4855871590175427e-06,0,False,0.125,0.10658668537766385,0.08515844977922489,0.8584696606786426,4.039337455644205,2.973648393019086,-0.014215055294416738
source/12kHz_FE_data/B/0021/B021_3.mat::w0000,source/12kHz_FE_data/B/0021/B021_3.mat,source/12kHz_FE_data/B/0021/B021_3.mat,source,validation,3,True,0,0,12000,0,1,0.00012857755738522795,0,False,0.125,0.11122179594374028,0.08873109163205811,0.9486211576846308,5.014323823018394,3.0681835192351086,-0.0028199497743574397
source/12kHz_FE_data/B/0021/B021_3.mat::w0001,source/12kHz_FE_data/B/0021/B021_3.mat,source/12kHz_FE_data/B/0021/B021_3.mat,source,validation,3,True,1,12000,24000,1,2,0.00025602145292747693,0,False,0.125,0.11823061001988965,0.0923483984135188,1.1800912175648701,4.992925019873669,3.6351046956716466,-1.971803292299749e-05
source/12kHz_FE_data/B/0021/B021_3.mat::w0002,source/12kHz_FE_data/B/0021/B021_3.mat,source/12kHz_FE_data/B/0021/B021_3.mat,source,validation,3,True,2,24000,36000,2,3,-7.69705630405872e-05,0,False,0.125,0.1115308239924123,0.08866616014606203,1.001006487025948,4.91959676233631,3.179380926442326,-0.026567549428963878
source/12kHz_FE_data/B/0021/B021_3.mat::w0003,source/12kHz_FE_data/B/0021/B021_3.mat,source/12kHz_FE_data/B/0021/B021_3.mat,source,validation,3,True,3,36000,48000,3,4,-0.00016630988439787222,0,False,0.125,0.11144809744538245,0.08825369053310878,1.122426746506986,5.176395491626841,3.337057053598732,-0.043771961521833776
source/12kHz_FE_data/B/0021/B021_3.mat::w0004,source/12kHz_FE_data/B/0021/B021_3.mat,source/12kHz_FE_data/B/0021/B021_3.mat,source,validation,3,True,4,48000,60000,4,5,3.355300648702392e-05,0,False,0.125,0.11490547178872547,0.09152379044811489,0.9425298403193612,4.3677298341948045,3.077123318279002,-0.026393941959446318
source/12kHz_FE_data/B/0021/B021_3.mat::w0005,source/12kHz_FE_data/B/0021/B021_3.mat,source/12kHz_FE_data/B/0021/B021_3.mat,source,validation,3,True,5,60000,72000,5,6,0.0001176808674318018,0,False,0.125,0.11223947793196708,0.08931847491778387,0.9628342315369262,4.36092949537152,3.072332496415808,-0.005460879788812777
source/12kHz_FE_data/B/0021/B021_3.mat::w0006,source/12kHz_FE_data/B/0021/B021_3.mat,source/12kHz_FE_data/B/0021/B021_3.mat,source,validation,3,True,6,72000,84000,6,7,-0.00017260424567531714,0,False,0.125,0.10935907851971174,0.08667763828939204,1.0180621756487027,5.077582282169103,3.0970917490533405,-0.02430729524101587
source/12kHz_FE_data/B/0021/B021_3.mat::w0007,source/12kHz_FE_data/B/0021/B021_3.mat,source/12kHz_FE_data/B/0021/B021_3.mat,source,validation,3,True,7,84000,96000,7,8,-0.00011994819111776582,0,False,0.125,0.11595477467750523,0.09117566436802921,1.3762316367265468,6.0770881126074965,3.6204397619240467,-0.002599986365324071
source/12kHz_FE_data/IR/0007/IR007_0.mat::w0000,source/12kHz_FE_data/IR/0007/IR007_0.mat,source/12kHz_FE_data/IR/0007/IR007_0.mat,source,train,2,True,0,0,12000,0,1,-0.00046073540128077216,0,False,0.125,0.12224348555480039,0.0943270225258267,1.251075369261477,5.369696280105145,4.073656730216209,-0.13155899746606958
source/12kHz_FE_data/IR/0007/IR007_0.mat::w0001,source/12kHz_FE_data/IR/0007/IR007_0.mat,source/12kHz_FE_data/IR/0007/IR007_0.mat,source,train,2,True,1,12000,24000,1,2,-0.00031048290627079165,0,False,0.125,0.12154287223048096,0.09406434315472888,1.2155020758483035,5.135933024057638,4.03044071302861,-0.13296502800144402
source/12kHz_FE_data/IR/0007/IR007_0.mat::w0002,source/12kHz_FE_data/IR/0007/IR007_0.mat,source/12kHz_FE_data/IR/0007/IR007_0.mat,source,train,2,True,2,24000,36000,2,3,-0.0002457254345475719,0,False,0.125,0.12301296686979289,0.09457539576804724,1.2769025548902195,5.281377486354707,4.119608365599984,-0.12135891431199208
source/12kHz_FE_data/IR/0007/IR007_0.mat::w0003,source/12kHz_FE_data/IR/0007/IR007_0.mat,source/12kHz_FE_data/IR/0007/IR007_0.mat,source,train,2,True,3,36000,48000,3,4,5.1950476962741244e-05,0,False,0.125,0.12214781408128669,0.09410599410065204,1.1279495409181637,4.633397716782864,4.034854775085624,-0.13856883475093618
source/12kHz_FE_data/IR/0007/IR007_0.mat::w0004,source/12kHz_FE_data/IR/0007/IR007_0.mat,source/12kHz_FE_data/IR/0007/IR007_0.mat,source,train,2,True,4,48000,60000,4,5,0.00015201051688290093,0,False,0.125,0.12033548369076362,0.09304797109630075,1.1610863073852293,5.397835282484137,3.9350859007935814,-0.16605819059802268
source/12kHz_FE_data/IR/0007/IR007_0.mat::w0005,source/12kHz_FE_data/IR/0007/IR007_0.mat,source/12kHz_FE_data/IR/0007/IR007_0.mat,source,train,2,True,5,60000,72000,5,6,0.0002901074496839652,0,False,0.125,0.12191744061082604,0.09461000365533931,1.130223632734531,4.861277295728015,3.9200526196734997,-0.17676668316218855
source/12kHz_FE_data/IR/0007/IR007_0.mat::w0006,source/12kHz_FE_data/IR/0007/IR007_0.mat,source/12kHz_FE_data/IR/0007/IR007_0.mat,source,train,2,True,6,72000,84000,6,7,7.17540265302725e-05,0,False,0.125,0.12139468397924229,0.09415806141133787,1.1687207584830337,5.007529571894745,3.9241369852703936,-0.18685753528134852
source/12kHz_FE_data/IR/0007/IR007_0.mat::w0007,source/12kHz_FE_data/IR/0007/IR007_0.mat,source/12kHz_FE_data/IR/0007/IR007_0.mat,source,train,2,True,7,84000,96000,7,8,0.0004511212720392544,0,False,0.125,0.12180654016708085,0.09410688529647926,1.1864261876247504,5.035052512969148,3.9479791430648867,-0.15692840488150964
source/12kHz_FE_data/IR/0007/IR007_1.mat::w0000,source/12kHz_FE_data/IR/0007/IR007_1.mat,source/12kHz_FE_data/IR/0007/IR007_1.mat,source,train,2,True,0,0,12000,0,1,-4.890481828010782e-05,0,False,0.125,0.11898996085170367,0.09184504181759648,1.152477245508982,5.1600016809193505,3.9985953448024496,-0.19188028850059755
source/12kHz_FE_data/IR/0007/IR007_1.mat::w0001,source/12kHz_FE_data/IR/0007/IR007_1.mat,source/12kHz_FE_data/IR/0007/IR007_1.mat,source,train,2,True,1,12000,24000,1,2,2.480012183965297e-05,0,False,0.125,0.12165815470176179,0.0942274995347982,1.0746708183632734,4.756370389494537,3.80663798519386,-0.1833062337453917
source/12kHz_FE_data/IR/0007/IR007_1.mat::w0002,source/12kHz_FE_data/IR/0007/IR007_1.mat,source/12kHz_FE_data/IR/0007/IR007_1.mat,source,train,2,True,2,24000,36000,2,3,0.00013123574060212712,0,False,0.125,0.1195074517463443,0.09241778774665503,1.0592394810379242,5.024991989140687,3.929264394111913,-0.20375956010990728
source/12kHz_FE_data/IR/0007/IR007_1.mat::w0003,source/12kHz_FE_data/IR/0007/IR007_1.mat,source/12kHz_FE_data/IR/0007/IR007_1.mat,source,train,2,True,3,36000,48000,3,4,-7.881995467398696e-05,0,False,0.125,0.12296507952801267,0.09463071183547293,1.1809033932135728,5.312628485872768,4.034628902634967,-0.2008634676857332
source/12kHz_FE_data/IR/0007/IR007_1.mat::w0004,source/12kHz_FE_data/IR/0007/IR007_1.mat,source/12kHz_FE_data/IR/0007/IR007_1.mat,source,train,2,True,4,48000,60000,4,5,-9.492810503992138e-05,0,False,0.125,0.12237019706349106,0.09476327861464903,1.03292499001996,4.7423173026613386,3.772777593115058,-0.16003460324822563
source/12kHz_FE_data/IR/0007/IR007_1.mat::w0005,source/12kHz_FE_data/IR/0007/IR007_1.mat,source/12kHz_FE_data/IR/0007/IR007_1.mat,source,train,2,True,5,60000,72000,5,6,0.00010360823228542711,0,False,0.125,0.12103605095421281,0.0939347412340386,1.074833253493014,4.87138502800387,3.7815913555042946,-0.14507960095759603
source/12kHz_FE_data/IR/0007/IR007_1.mat::w0006,source/12kHz_FE_data/IR/0007/IR007_1.mat,source/12kHz_FE_data/IR/0007/IR007_1.mat,source,train,2,True,6,72000,84000,6,7,1.6136914920158192e-05,0,False,0.125,0.12211182722526748,0.09457207820649369,1.1864261876247504,5.346537273118532,3.8608233246517805,-0.14540741821895634
source/12kHz_FE_data/IR/0007/IR007_1.mat::w0007,source/12kHz_FE_data/IR/0007/IR007_1.mat,source/12kHz_FE_data/IR/0007/IR007_1.mat,source,train,2,True,7,84000,96000,7,8,-5.3128131653361387e-05,0,False,0.125,0.12179167683559892,0.09381161351738691,1.2268725349301397,5.219982995532163,3.9487990651856872,-0.12303240777492484
source/12kHz_FE_data/IR/0007/IR007_2.mat::w0000,source/12kHz_FE_data/IR/0007/IR007_2.mat,source/12kHz_FE_data/IR/0007/IR007_2.mat,source,train,2,True,0,0,12000,0,1,-6.739196648369979e-05,0,False,0.125,0.12463279204192398,0.09658288723232866,1.0940005988023953,4.613657120748856,3.8221735839543194,-0.16681499036022474
source/12kHz_FE_data/IR/0007/IR007_2.mat::w0001,source/12kHz_FE_data/IR/0007/IR007_2.mat,source/12kHz_FE_data/IR/0007/IR007_2.mat,source,train,2,True,1,12000,24000,1,2,-2.303363980372618e-05,0,False,0.125,0.12737961778814097,0.09802543863508814,1.3958050698602795,5.557053319615206,4.097558948641016,-0.14863807755091135
source/12kHz_FE_data/IR/0007/IR007_2.mat::w0002,source/12kHz_FE_data/IR/0007/IR007_2.mat,source/12kHz_FE_data/IR/0007/IR007_2.mat,source,train,2,True,2,24000,36000,2,3,1.1524434048569e-05,0,False,0.125,0.12423411779415378,0.09643769562939011,1.0483563273453096,4.804301772060259,3.738245957563071,-0.1892661621212517
source/12kHz_FE_data/IR/0007/IR007_2.mat::w0003,source/12kHz_FE_data/IR/0007/IR007_2.mat,source/12kHz_FE_data/IR/0007/IR007_2.mat,source,train,2,True,3,36000,48000,3,4,8.499925773453058e-05,0,False,0.125,0.12554971815787294,0.0969823877616944,1.078894131736527,4.621283561940241,3.8982012691478465,-0.18751847326177096
source/12kHz_FE_data/IR/0007/IR007_2.mat::w0004,source/12kHz_FE_data/IR/0007/IR007_2.mat,source/12kHz_FE_data/IR/0007/IR007_2.mat,source,train,2,True,4,48000,60000,4,5,8.537827303725837e-05,0,False,0.125,0.12388484104881518,0.09574436742112442,1.100498003992016,4.568007930077234,3.863968655551848,-0.19124636649419707
source/12kHz_FE_data/IR/0007/IR007_2.mat::w0005,source/12kHz_FE_data/IR/0007/IR007_2.mat,source/12kHz_FE_data/IR/0007/IR007_2.mat,source,train,2,True,5,60000,72000,5,6,6.326002287092498e-05,0,False,0.125,0.12595070309720732,0.097709822541833,1.122751616766467,4.531597346692779,3.7494521534637046,-0.16524810485949845
source/12kHz_FE_data/IR/0007/IR007_2.mat::w0006,source/12kHz_FE_data/IR/0007/IR007_2.mat,source/12kHz_FE_data/IR/0007/IR007_2.mat,source,train,2,True,6,72000,84000,6,7,7.653063456420287e-06,0,False,0.125,0.1257750996920202,0.09704139068017298,1.1999083033932134,5.114770487793196,3.8761712093268033,-0.17401993672027363
source/12kHz_FE_data/IR/0007/IR007_2.mat::w0007,source/12kHz_FE_data/IR/0007/IR007_2.mat,source/12kHz_FE_data/IR/0007/IR007_2.mat,source,train,2,True,7,84000,96000,7,8,-0.00016238944486027953,0,False,0.125,0.12385493934095508,0.09604587922919937,1.2278471457085827,5.334334851909967,3.8209188171119473,-0.14803393483434224
source/12kHz_FE_data/IR/0007/IR007_3.mat::w0000,source/12kHz_FE_data/IR/0007/IR007_3.mat,source/12kHz_FE_data/IR/0007/IR007_3.mat,source,train,2,True,0,0,12000,0,1,-3.000312208915543e-05,0,False,0.125,0.12656731663041054,0.0981411937663756,1.0988736526946108,4.549657456827573,3.6221181542226972,-0.10227052936431043
source/12kHz_FE_data/IR/0007/IR007_3.mat::w0001,source/12kHz_FE_data/IR/0007/IR007_3.mat,source/12kHz_FE_data/IR/0007/IR007_3.mat,source,train,2,True,1,12000,24000,1,2,0.0001241072072521619,0,False,0.125,0.12461348210351239,0.0968984788994012,1.131847984031936,4.718735754487353,3.7003664256111795,-0.08071398092610753
source/12kHz_FE_data/IR/0007/IR007_3.mat::w0002,source/12kHz_FE_data/IR/0007/IR007_3.mat,source/12kHz_FE_data/IR/0007/IR007_3.mat,source,train,2,True,2,24000,36000,2,3,0.0003059127262142378,0,False,0.125,0.12423692934319637,0.09629156941081171,1.2739787225548902,5.200953556779802,3.8527792141030854,-0.04902885456416193
source/12kHz_FE_data/IR/0007/IR007_3.mat::w0003,source/12kHz_FE_data/IR/0007/IR007_3.mat,source/12kHz_FE_data/IR/0007/IR007_3.mat,source,train,2,True,3,36000,48000,3,4,7.258819860279438e-05,0,False,0.125,0.1292357344983342,0.10024452368758927,1.1719694610778442,4.67395343098229,3.657475329636631,-0.10530500554619342
source/12kHz_FE_data/IR/0007/IR007_3.mat::w0004,source/12kHz_FE_data/IR/0007/IR007_3.mat,source/12kHz_FE_data/IR/0007/IR007_3.mat,source,train,2,True,4,48000,60000,4,5,-1.4213073852311724e-07,0,False,0.125,0.12813178478550363,0.10002448873597249,1.0811682235528943,4.523497474446798,3.575759948219286,-0.07106477123434606
source/12kHz_FE_data/IR/0007/IR007_3.mat::w0005,source/12kHz_FE_data/IR/0007/IR007_3.mat,source/12kHz_FE_data/IR/0007/IR007_3.mat,source,train,2,True,5,60000,72000,5,6,-7.130225382568184e-05,0,False,0.125,0.129390535720837,0.10061829640552895,1.1372083433133733,4.657206416346962,3.646516151643228,-0.09244691843407753
source/12kHz_FE_data/IR/0007/IR007_3.mat::w0006,source/12kHz_FE_data/IR/0007/IR007_3.mat,source/12kHz_FE_data/IR/0007/IR007_3.mat,source,train,2,True,6,72000,84000,6,7,-0.0003246063023952097,0,False,0.125,0.12693364027669848,0.09872541766626747,1.1498782834331336,4.58923294114079,3.683417970051584,-0.11470743570023806
source/12kHz_FE_data/IR/0007/IR007_3.mat::w0007,source/12kHz_FE_data/IR/0007/IR007_3.mat,source/12kHz_FE_data/IR/0007/IR007_3.mat,source,train,2,True,7,84000,96000,7,8,-7.655432302062565e-05,0,False,0.125,0.12687080228292877,0.09862486346258595,1.19568499001996,5.058216987867766,3.785880133211355,-0.13102676104947852
source/12kHz_FE_data/IR/0014/IR014_0.mat::w0000,source/12kHz_FE_data/IR/0014/IR014_0.mat,source/12kHz_FE_data/IR/0014/IR014_0.mat,source,train,2,True,0,0,12000,0,1,4.712479998336714e-05,0,False,0.125,0.18457393985677517,0.14149328810084108,1.842014371257485,5.192577827464611,3.8841643964736554,-0.011437259558163142
source/12kHz_FE_data/IR/0014/IR014_0.mat::w0001,source/12kHz_FE_data/IR/0014/IR014_0.mat,source/12kHz_FE_data/IR/0014/IR014_0.mat,source,train,2,True,1,12000,24000,1,2,-7.773366974384576e-05,0,False,0.125,0.1833680460635046,0.14247391447706254,1.5649000399201598,4.280811952072872,3.5223079589118296,0.02270764888764325
source/12kHz_FE_data/IR/0014/IR014_0.mat::w0002,source/12kHz_FE_data/IR/0014/IR014_0.mat,source/12kHz_FE_data/IR/0014/IR014_0.mat,source,train,2,True,2,24000,36000,2,3,1.1321390136394553e-05,0,False,0.125,0.18821825348027793,0.14654501132056774,1.7668069061876248,5.130561726625532,3.6386732333042815,0.04338636455173019
source/12kHz_FE_data/IR/0014/IR014_0.mat::w0003,source/12kHz_FE_data/IR/0014/IR014_0.mat,source/12kHz_FE_data/IR/0014/IR014_0.mat,source,train,2,True,3,36000,48000,3,4,5.9496942365269255e-05,0,False,0.125,0.17885709262942448,0.13761146918256154,1.7811011976047904,5.094336957068875,3.748280619218923,0.036763189624522734
source/12kHz_FE_data/IR/0014/IR014_0.mat::w0004,source/12kHz_FE_data/IR/0014/IR014_0.mat,source/12kHz_FE_data/IR/0014/IR014_0.mat,source,train,2,True,4,48000,60000,4,5,0.0004230809077677981,0,False,0.125,0.1833882539893653,0.14194759005576457,1.7076805189620758,4.765841579264908,3.6774575734301336,0.0023137243795108573
source/12kHz_FE_data/IR/0014/IR014_0.mat::w0005,source/12kHz_FE_data/IR/0014/IR014_0.mat,source/12kHz_FE_data/IR/0014/IR014_0.mat,source,train,2,True,5,60000,72000,5,6,0.00017320153318363293,0,False,0.125,0.1860032355512546,0.14381909369460247,1.6662595608782436,4.665184367705343,3.7351642215063707,-0.02742449918673662
source/12kHz_FE_data/IR/0014/IR014_0.mat::w0006,source/12kHz_FE_data/IR/0014/IR014_0.mat,source/12kHz_FE_data/IR/0014/IR014_0.mat,source,train,2,True,6,72000,84000,6,7,-0.0001997901334830339,0,False,0.125,0.18169202683136002,0.13964326109115102,1.9142980039920159,5.333889431351622,3.9395733582169887,0.004671765350027646
source/12kHz_FE_data/IR/0014/IR014_0.mat::w0007,source/12kHz_FE_data/IR/0014/IR014_0.mat,source/12kHz_FE_data/IR/0014/IR014_0.mat,source,train,2,True,7,84000,96000,7,8,-0.0004367017702095807,0,False,0.125,0.182677238816789,0.14127087970350966,2.1111693812375245,6.250408071195422,3.747341474615182,-0.013386837613007558
source/12kHz_FE_data/IR/0014/IR014_1.mat::w0000,source/12kHz_FE_data/IR/0014/IR014_1.mat,source/12kHz_FE_data/IR/0014/IR014_1.mat,source,test,2,True,0,0,12000,0,1,-6.499097222221841e-05,0,False,0.125,0.15692695303592608,0.12164662220142382,1.4844946506986028,4.8694131778131196,3.741655368546205,0.048410367453130466
source/12kHz_FE_data/IR/0014/IR014_1.mat::w0001,source/12kHz_FE_data/IR/0014/IR014_1.mat,source/12kHz_FE_data/IR/0014/IR014_1.mat,source,test,2,True,1,12000,24000,1,2,5.272035179641103e-05,0,False,0.125,0.15531452269682344,0.1200288652829807,1.8775876646706589,6.155834999132204,4.412213733819978,0.05842981722993906
source/12kHz_FE_data/IR/0014/IR014_1.mat::w0002,source/12kHz_FE_data/IR/0014/IR014_1.mat,source/12kHz_FE_data/IR/0014/IR014_1.mat,source,test,2,True,2,24000,36000,2,3,-1.87781778110408e-05,0,False,0.125,0.1575944924512994,0.12211961835970836,1.799456367265469,5.967407153652211,3.977846990876004,-0.013097844361032005
source/12kHz_FE_data/IR/0014/IR014_1.mat::w0003,source/12kHz_FE_data/IR/0014/IR014_1.mat,source/12kHz_FE_data/IR/0014/IR014_1.mat,source,test,2,True,3,36000,48000,3,4,0.00020367673236860025,0,False,0.125,0.15913388391539027,0.12171481295619427,2.424019441117765,8.430277849896113,5.287747191968828,-0.0206449850457604
source/12kHz_FE_data/IR/0014/IR014_1.mat::w0004,source/12kHz_FE_data/IR/0014/IR014_1.mat,source/12kHz_FE_data/IR/0014/IR014_1.mat,source,test,2,True,4,48000,60000,4,5,9.763366516966428e-05,0,False,0.125,0.16181293400552085,0.12427231904211576,1.9212827145708582,6.046869586136133,4.392491585338997,0.038885928631590426
source/12kHz_FE_data/IR/0014/IR014_1.mat::w0005,source/12kHz_FE_data/IR/0014/IR014_1.mat,source/12kHz_FE_data/IR/0014/IR014_1.mat,source,test,2,True,5,60000,72000,5,6,-0.00011835091234197896,0,False,0.125,0.15655944352373502,0.12038766913896984,2.123189580838323,7.165221195936859,4.514376385029474,0.0374474582602194
source/12kHz_FE_data/IR/0014/IR014_1.mat::w0006,source/12kHz_FE_data/IR/0014/IR014_1.mat,source/12kHz_FE_data/IR/0014/IR014_1.mat,source,test,2,True,6,72000,84000,6,7,-0.0001976192556553523,0,False,0.125,0.15423590918890634,0.11856660866030827,1.7893853892215568,6.222570873204424,4.172893255963984,0.006804568046074789
source/12kHz_FE_data/IR/0014/IR014_1.mat::w0007,source/12kHz_FE_data/IR/0014/IR014_1.mat,source/12kHz_FE_data/IR/0014/IR014_1.mat,source,test,2,True,7,84000,96000,7,8,4.570856869594505e-05,0,False,0.125,0.15885221888345963,0.1228379769731947,1.734644750499002,5.566761608379629,3.953460941479396,0.035038595863467324
source/12kHz_FE_data/IR/0014/IR014_2.mat::w0000,source/12kHz_FE_data/IR/0014/IR014_2.mat,source/12kHz_FE_data/IR/0014/IR014_2.mat,source,train,2,True,0,0,12000,0,1,-0.00010591616475382464,0,False,0.125,0.1508513425104419,0.11536602575132235,1.755274011976048,5.94958593316514,4.4261483206997845,0.02996954795404276
source/12kHz_FE_data/IR/0014/IR014_2.mat::w0001,source/12kHz_FE_data/IR/0014/IR014_2.mat,source/12kHz_FE_data/IR/0014/IR014_2.mat,source,train,2,True,1,12000,24000,1,2,0.00015556378534597567,0,False,0.125,0.15139245240576146,0.11647202923007983,1.5389104191616767,5.151519489435763,4.126604067277778,-0.006113252731936974
source/12kHz_FE_data/IR/0014/IR014_2.mat::w0002,source/12kHz_FE_data/IR/0014/IR014_2.mat,source/12kHz_FE_data/IR/0014/IR014_2.mat,source,train,2,True,2,24000,36000,2,3,-2.529419535928043e-05,0,False,0.125,0.15613763235848938,0.11941845217016468,1.9852821556886229,6.394723930717544,4.570782192203412,0.002634113896485624
source/12kHz_FE_data/IR/0014/IR014_2.mat::w0003,source/12kHz_FE_data/IR/0014/IR014_2.mat,source/12kHz_FE_data/IR/0014/IR014_2.mat,source,train,2,True,3,36000,48000,3,4,0.00010334089113439877,0,False,0.125,0.15347671391339512,0.11733690365377909,1.6500160479041917,5.561747425246466,4.43614429784374,0.047980681576021034
source/12kHz_FE_data/IR/0014/IR014_2.mat::w0004,source/12kHz_FE_data/IR/0014/IR014_2.mat,source/12kHz_FE_data/IR/0014/IR014_2.mat,source,train,2,True,4,48000,60000,4,5,2.330098095475817e-05,0,False,0.125,0.15400318132410434,0.11833980933911012,1.661386506986028,5.89448639146264,4.111383743660815,0.0038971732951592875
source/12kHz_FE_data/IR/0014/IR014_2.mat::w0005,source/12kHz_FE_data/IR/0014/IR014_2.mat,source/12kHz_FE_data/IR/0014/IR014_2.mat,source,train,2,True,5,60000,72000,5,6,-3.9480196689952894e-05,0,False,0.125,0.15191237539858488,0.11714096993332002,1.6828279441117764,5.873377089512306,4.357838662290776,0.01915419226013901
source/12kHz_FE_data/IR/0014/IR014_2.mat::w0006,source/12kHz_FE_data/IR/0014/IR014_2.mat,source/12kHz_FE_data/IR/0014/IR014_2.mat,source,train,2,True,6,72000,84000,6,7,7.461694569195043e-05,0,False,0.125,0.14826201849954357,0.1135802344265979,1.8956179640718562,6.729352618866902,4.763450614130311,0.0733923083886206
source/12kHz_FE_data/IR/0014/IR014_2.mat::w0007,source/12kHz_FE_data/IR/0014/IR014_2.mat,source/12kHz_FE_data/IR/0014/IR014_2.mat,source,train,2,True,7,84000,96000,7,8,-0.00018613204632401817,0,False,0.125,0.1499679561299386,0.1156106933947688,1.422931736526946,4.763393683344711,3.926402313411252,-0.030148210216018795
source/12kHz_FE_data/IR/0014/IR014_3.mat::w0000,source/12kHz_FE_data/IR/0014/IR014_3.mat,source/12kHz_FE_data/IR/0014/IR014_3.mat,source,test,2,True,0,0,12000,0,1,-0.00014589720309381437,0,False,0.125,0.15827116241028982,0.11854572536382456,1.888633253493014,6.077426093696946,5.355343902765398,0.027188905348275096
source/12kHz_FE_data/IR/0014/IR014_3.mat::w0001,source/12kHz_FE_data/IR/0014/IR014_3.mat,source/12kHz_FE_data/IR/0014/IR014_3.mat,source,test,2,True,1,12000,24000,1,2,-0.00011703789504324828,0,False,0.125,0.14542877638539334,0.11143317553361444,1.4162718962075849,4.874534535120283,4.2215860472856015,0.007726586054823899
source/12kHz_FE_data/IR/0014/IR014_3.mat::w0002,source/12kHz_FE_data/IR/0014/IR014_3.mat,source/12kHz_FE_data/IR/0014/IR014_3.mat,source,test,2,True,2,24000,36000,2,3,0.00017830977960745027,0,False,0.125,0.1499088988353713,0.11445751987784432,1.893343872255489,6.603890190452018,4.427946686621118,-0.0008901104275462875
source/12kHz_FE_data/IR/0014/IR014_3.mat::w0003,source/12kHz_FE_data/IR/0014/IR014_3.mat,source/12kHz_FE_data/IR/0014/IR014_3.mat,source,test,2,True,3,36000,48000,3,4,0.0001611187283765788,0,False,0.125,0.15275015785530352,0.11630698421450102,1.7650201197604791,5.8822442477366845,4.538819427943763,0.021207918590413048
source/12kHz_FE_data/IR/0014/IR014_3.mat::w0004,source/12kHz_FE_data/IR/0014/IR014_3.mat,source/12kHz_FE_data/IR/0014/IR014_3.mat,source,test,2,True,4,48000,60000,4,5,0.00011862840568862158,0,False,0.125,0.15997837750273874,0.11913054682646208,2.379999520958084,7.954039050669271,6.046407497189841,0.1116443253350948
source/12kHz_FE_data/IR/0014/IR014_3.mat::w0005,source/12kHz_FE_data/IR/0014/IR014_3.mat,source/12kHz_FE_data/IR/0014/IR014_3.mat,source,test,2,True,5,60000,72000,5,6,0.00019552790335994552,0,False,0.125,0.14783012613181545,0.11379857538736748,1.623863992015968,5.50028123220079,4.178930706787533,0.0032927584154225824
source/12kHz_FE_data/IR/0014/IR014_3.mat::w0006,source/12kHz_FE_data/IR/0014/IR014_3.mat,source/12kHz_FE_data/IR/0014/IR014_3.mat,source,test,2,True,6,72000,84000,6,7,-0.0001788038531270804,0,False,0.125,0.15644901967217256,0.11828522562851519,2.076895568862276,6.852978951241856,5.016749034666343,-0.029445691147314344
source/12kHz_FE_data/IR/0014/IR014_3.mat::w0007,source/12kHz_FE_data/IR/0014/IR014_3.mat,source/12kHz_FE_data/IR/0014/IR014_3.mat,source,test,2,True,7,84000,96000,7,8,-0.0002118458657684649,0,False,0.125,0.14599832660648332,0.11195518433552062,1.5190933333333332,5.271161130011534,4.141754208285906,0.04876565289354149
source/12kHz_FE_data/IR/0021/IR021_0.mat::w0000,source/12kHz_FE_data/IR/0021/IR021_0.mat,source/12kHz_FE_data/IR/0021/IR021_0.mat,source,train,2,True,0,0,12000,0,1,0.0020062150384615395,0,False,0.125,0.19803262011445782,0.14934941948643587,1.8927673846153845,4.883575310717643,4.288001607465915,-0.031849919473130296
source/12kHz_FE_data/IR/0021/IR021_0.mat::w0001,source/12kHz_FE_data/IR/0021/IR021_0.mat,source/12kHz_FE_data/IR/0021/IR021_0.mat,source,train,2,True,1,12000,24000,1,2,-0.0013156546538461527,0,False,0.125,0.19281745478428233,0.1452066120753846,1.7832443076923077,5.053612653070868,4.403684567212439,-0.020671679777096764
source/12kHz_FE_data/IR/0021/IR021_0.mat::w0002,source/12kHz_FE_data/IR/0021/IR021_0.mat,source/12kHz_FE_data/IR/0021/IR021_0.mat,source,train,2,True,2,24000,36000,2,3,-4.840311538461443e-05,0,False,0.125,0.19014711051581676,0.1427245366378205,1.7915889230769229,4.770293467884797,4.444450505216811,-0.019406904682227843
source/12kHz_FE_data/IR/0021/IR021_0.mat::w0003,source/12kHz_FE_data/IR/0021/IR021_0.mat,source/12kHz_FE_data/IR/0021/IR021_0.mat,source,train,2,True,3,36000,48000,3,4,-0.0007316184999999988,0,False,0.125,0.20437737617944773,0.15206098786410258,1.9397058461538463,5.014585574324217,4.88901118610538,-0.03813783029330189
source/12kHz_FE_data/IR/0021/IR021_0.mat::w0004,source/12kHz_FE_data/IR/0021/IR021_0.mat,source/12kHz_FE_data/IR/0021/IR021_0.mat,source,train,2,True,4,48000,60000,4,5,0.0008736073461538472,0,False,0.125,0.20574068665307646,0.1526408190213846,1.994780307692308,5.078388912747301,4.829748779811418,-0.04896472369426421
source/12kHz_FE_data/IR/0021/IR021_0.mat::w0005,source/12kHz_FE_data/IR/0021/IR021_0.mat,source/12kHz_FE_data/IR/0021/IR021_0.mat,source,train,2,True,5,60000,72000,5,6,0.0008038602692307703,0,False,0.125,0.1999920442694135,0.1495133648439487,1.999787076923077,5.188549152726739,4.635990491757175,-0.024392943758858154
source/12kHz_FE_data/IR/0021/IR021_0.mat::w0006,source/12kHz_FE_data/IR/0021/IR021_0.mat,source/12kHz_FE_data/IR/0021/IR021_0.mat,source,train,2,True,6,72000,84000,6,7,-0.0006574383461538449,0,False,0.125,0.20603410914620912,0.15309874140933333,2.0930381538461535,5.335083127447493,4.835543114155745,-0.03491030069201765
source/12kHz_FE_data/IR/0021/IR021_0.mat::w0007,source/12kHz_FE_data/IR/0021/IR021_0.mat,source/12kHz_FE_data/IR/0021/IR021_0.mat,source,train,2,True,7,84000,96000,7,8,-0.0009305680384615374,0,False,0.125,0.20443738080172372,0.15360919845923077,2.1524935384615382,5.610116426145174,4.4641831420349,-0.03415168393296097
source/12kHz_FE_data/IR/0021/IR021_1.mat::w0000,source/12kHz_FE_data/IR/0021/IR021_1.mat,source/12kHz_FE_data/IR/0021/IR021_1.mat,source,train,2,True,0,0,12000,0,1,-0.0005883279807692318,0,False,0.125,0.19881349603838194,0.15201588004892308,1.7573759999999998,4.531210482093493,4.021923295983182,-0.0383027085344117
source/12kHz_FE_data/IR/0021/IR021_1.mat::w0001,source/12kHz_FE_data/IR/0021/IR021_1.mat,source/12kHz_FE_data/IR/0021/IR021_1.mat,source,train,2,True,1,12000,24000,1,2,-0.0010532447500000016,0,False,0.125,0.20114438499616824,0.15373300548079488,1.5984110769230768,3.997063163664596,3.833111508819927,-0.01459241098524255
source/12kHz_FE_data/IR/0021/IR021_1.mat::w0002,source/12kHz_FE_data/IR/0021/IR021_1.mat,source/12kHz_FE_data/IR/0021/IR021_1.mat,source,train,2,True,2,24000,36000,2,3,-0.0031016739807692316,0,False,0.125,0.20129223327612256,0.1553561953396923,1.8016024615384614,4.906497482649314,3.8103025618824353,-0.03171893985923963
source/12kHz_FE_data/IR/0021/IR021_1.mat::w0003,source/12kHz_FE_data/IR/0021/IR021_1.mat,source/12kHz_FE_data/IR/0021/IR021_1.mat,source,train,2,True,3,36000,48000,3,4,0.0006157652499999989,0,False,0.125,0.1912817558404736,0.14812743553066665,1.9557692307692305,5.493533113365349,3.7563744603165237,-0.026034950121737437
source/12kHz_FE_data/IR/0021/IR021_1.mat::w0004,source/12kHz_FE_data/IR/0021/IR021_1.mat,source/12kHz_FE_data/IR/0021/IR021_1.mat,source,train,2,True,4,48000,60000,4,5,0.0011777403269230759,0,False,0.125,0.19527227175725534,0.1481593388554359,1.769892923076923,4.600472672141049,4.124699351308792,-0.029805180525395988
source/12kHz_FE_data/IR/0021/IR021_1.mat::w0005,source/12kHz_FE_data/IR/0021/IR021_1.mat,source/12kHz_FE_data/IR/0021/IR021_1.mat,source,train,2,True,5,60000,72000,5,6,0.00035544801923076766,0,False,0.125,0.19993106763963778,0.15169708171953847,1.609259076923077,4.080706637548515,4.053197536919096,-0.05839398348634787
source/12kHz_FE_data/IR/0021/IR021_1.mat::w0006,source/12kHz_FE_data/IR/0021/IR021_1.mat,source/12kHz_FE_data/IR/0021/IR021_1.mat,source,train,2,True,6,72000,84000,6,7,0.0008254237115384598,0,False,0.125,0.20215189226917332,0.15576857218523074,1.7740652307692306,4.46647016232066,3.792390746342382,-0.03141398115067006
source/12kHz_FE_data/IR/0021/IR021_1.mat::w0007,source/12kHz_FE_data/IR/0021/IR021_1.mat,source/12kHz_FE_data/IR/0021/IR021_1.mat,source,train,2,True,7,84000,96000,7,8,0.0017688694038461522,0,False,0.125,0.1990981560194858,0.15015937734576923,1.8193347692307693,4.837290456400518,4.252028334534081,-0.026497201647943124
source/12kHz_FE_data/IR/0021/IR021_2.mat::w0000,source/12kHz_FE_data/IR/0021/IR021_2.mat,source/12kHz_FE_data/IR/0021/IR021_2.mat,source,train,2,True,0,0,12000,0,1,0.000819856288461537,0,False,0.125,0.19788042664297537,0.15236511181066664,1.8527132307692307,4.683143657230306,3.772626003064053,-0.029498333144737453
source/12kHz_FE_data/IR/0021/IR021_2.mat::w0001,source/12kHz_FE_data/IR/0021/IR021_2.mat,source/12kHz_FE_data/IR/0021/IR021_2.mat,source,train,2,True,1,12000,24000,1,2,-0.0006730997115384634,0,False,0.125,0.2001765878283433,0.15332633735179488,1.7778203076923076,4.540349427773148,3.863690409634819,-0.016646737221927804
source/12kHz_FE_data/IR/0021/IR021_2.mat::w0002,source/12kHz_FE_data/IR/0021/IR021_2.mat,source/12kHz_FE_data/IR/0021/IR021_2.mat,source,train,2,True,2,24000,36000,2,3,-0.0006080290961538477,0,False,0.125,0.19901968916428006,0.15241170471241025,1.756332923076923,4.443380024077971,3.802622438511594,-0.02008033482648923
source/12kHz_FE_data/IR/0021/IR021_2.mat::w0003,source/12kHz_FE_data/IR/0021/IR021_2.mat,source/12kHz_FE_data/IR/0021/IR021_2.mat,source,train,2,True,3,36000,48000,3,4,-0.0010970757115384626,0,False,0.125,0.19636958297123788,0.15078869832205127,1.74924,4.864182689096764,3.7900642067902552,-0.0283263972204372
source/12kHz_FE_data/IR/0021/IR021_2.mat::w0004,source/12kHz_FE_data/IR/0021/IR021_2.mat,source/12kHz_FE_data/IR/0021/IR021_2.mat,source,train,2,True,4,48000,60000,4,5,0.0001448985961538451,0,False,0.125,0.19616973510068558,0.15185641380569231,1.5848510769230768,4.070442639369714,3.674993522724784,-0.023185836735966612
source/12kHz_FE_data/IR/0021/IR021_2.mat::w0005,source/12kHz_FE_data/IR/0021/IR021_2.mat,source/12kHz_FE_data/IR/0021/IR021_2.mat,source,train,2,True,5,60000,72000,5,6,-0.0020245275576923094,0,False,0.125,0.19845186892904063,0.15323096950671797,1.6009144615384616,4.217688816289912,3.6526559921786164,-0.02408452717027354
source/12kHz_FE_data/IR/0021/IR021_2.mat::w0006,source/12kHz_FE_data/IR/0021/IR021_2.mat,source/12kHz_FE_data/IR/0021/IR021_2.mat,source,train,2,True,6,72000,84000,6,7,0.0018697305961538444,0,False,0.125,0.1942066191828251,0.15059710365515386,1.7784461538461538,4.920743442562677,3.696674451936056,-0.05173740314752778
source/12kHz_FE_data/IR/0021/IR021_2.mat::w0007,source/12kHz_FE_data/IR/0021/IR021_2.mat,source/12kHz_FE_data/IR/0021/IR021_2.mat,source,train,2,True,7,84000,96000,7,8,0.001568246596153845,0,False,0.125,0.19236765210654758,0.1482599269673077,1.522057846153846,4.039001887748019,3.7769895715393407,-0.01827739302483175
source/12kHz_FE_data/IR/0021/IR021_3.mat::w0000,source/12kHz_FE_data/IR/0021/IR021_3.mat,source/12kHz_FE_data/IR/0021/IR021_3.mat,source,validation,2,True,0,0,12000,0,1,0.0008164184807692306,0,False,0.125,0.2088767512676607,0.16109610993805126,1.659118153846154,4.039882244663568,3.6943574209555625,-0.015082256814198367
source/12kHz_FE_data/IR/0021/IR021_3.mat::w0001,source/12kHz_FE_data/IR/0021/IR021_3.mat,source/12kHz_FE_data/IR/0021/IR021_3.mat,source,validation,2,True,1,12000,24000,1,2,0.0001771340192307691,0,False,0.125,0.2105234153291578,0.16432677026641027,1.7171132307692307,4.135170961060004,3.4245687172406174,0.019895908370787075
source/12kHz_FE_data/IR/0021/IR021_3.mat::w0002,source/12kHz_FE_data/IR/0021/IR021_3.mat,source/12kHz_FE_data/IR/0021/IR021_3.mat,source,validation,2,True,2,24000,36000,2,3,-0.0013521558269230767,0,False,0.125,0.203697023037129,0.1583189062926923,1.5479261538461537,3.8186915506735044,3.548265750543469,-0.02852199032090482
source/12kHz_FE_data/IR/0021/IR021_3.mat::w0003,source/12kHz_FE_data/IR/0021/IR021_3.mat,source/12kHz_FE_data/IR/0021/IR021_3.mat,source,validation,2,True,3,36000,48000,3,4,-0.0005440667500000003,0,False,0.125,0.2094911840356701,0.16117843184620512,1.9167581538461538,4.842137131414358,3.8058892176722203,-0.003594917042795449
source/12kHz_FE_data/IR/0021/IR021_3.mat::w0004,source/12kHz_FE_data/IR/0021/IR021_3.mat,source/12kHz_FE_data/IR/0021/IR021_3.mat,source,validation,2,True,4,48000,60000,4,5,-0.000504029980769231,0,False,0.125,0.20665926655582284,0.15976554626992306,1.7928406153846155,4.454495089893216,3.74167376822408,-0.02653772023350921
source/12kHz_FE_data/IR/0021/IR021_3.mat::w0005,source/12kHz_FE_data/IR/0021/IR021_3.mat,source/12kHz_FE_data/IR/0021/IR021_3.mat,source,validation,2,True,5,60000,72000,5,6,0.000713571096153846,0,False,0.125,0.20772283859487722,0.16077604442666665,1.788459692307692,4.432527585969544,3.724922921228967,-0.003994423381696583
source/12kHz_FE_data/IR/0021/IR021_3.mat::w0006,source/12kHz_FE_data/IR/0021/IR021_3.mat,source/12kHz_FE_data/IR/0021/IR021_3.mat,source,validation,2,True,6,72000,84000,6,7,0.0007582321730769221,0,False,0.125,0.19748560172019627,0.1531919346621282,1.7963870769230768,4.673090185776263,3.6293057849104984,-0.008802901221024144
source/12kHz_FE_data/IR/0021/IR021_3.mat::w0007,source/12kHz_FE_data/IR/0021/IR021_3.mat,source/12kHz_FE_data/IR/0021/IR021_3.mat,source,validation,2,True,7,84000,96000,7,8,-6.510321153846173e-05,0,False,0.125,0.20543513537910457,0.1601285558840769,1.7369316923076923,4.303434708063458,3.525619120632492,0.01104858060605727
source/12kHz_FE_data/OR/Centered/0007/OR007@6_0.mat::w0000,source/12kHz_FE_data/OR/Centered/0007/OR007@6_0.mat,source/12kHz_FE_data/OR/Centered/0007/OR007@6_0.mat,source,train,1,True,0,0,12000,0,1,3.0947276280758815e-06,0,False,0.125,0.15095964074757043,0.10820991224739132,1.6730818363273452,5.661408847157078,6.278598487517757,-0.01122372766003778
source/12kHz_FE_data/OR/Centered/0007/OR007@6_0.mat::w0001,source/12kHz_FE_data/OR/Centered/0007/OR007@6_0.mat,source/12kHz_FE_data/OR/Centered/0007/OR007@6_0.mat,source,train,1,True,1,12000,24000,1,2,2.874594186626614e-05,0,False,0.125,0.1554084116377276,0.10915685225788423,1.764045508982036,5.788808307162566,6.931247946189024,0.038962226094546054
source/12kHz_FE_data/OR/Centered/0007/OR007@6_0.mat::w0002,source/12kHz_FE_data/OR/Centered/0007/OR007@6_0.mat,source/12kHz_FE_data/OR/Centered/0007/OR007@6_0.mat,source,train,1,True,2,24000,36000,2,3,0.0001820982406021278,0,False,0.125,0.15605307298540527,0.11083019698644489,2.023941716566866,6.566443181278825,6.5522804574755575,-0.0394791623637387
source/12kHz_FE_data/OR/Centered/0007/OR007@6_0.mat::w0003,source/12kHz_FE_data/OR/Centered/0007/OR007@6_0.mat,source/12kHz_FE_data/OR/Centered/0007/OR007@6_0.mat,source,train,1,True,3,36000,48000,3,4,2.1084418246838394e-05,0,False,0.125,0.15625702936852623,0.11065457999324906,1.8158623153692615,5.847858658232727,6.530025325696696,-0.035792875260795914
source/12kHz_FE_data/OR/Centered/0007/OR007@6_0.mat::w0004,source/12kHz_FE_data/OR/Centered/0007/OR007@6_0.mat,source/12kHz_FE_data/OR/Centered/0007/OR007@6_0.mat,source,train,1,True,4,48000,60000,4,5,-4.034313331670126e-05,0,False,0.125,0.1509176330325952,0.10776283485882016,1.806928383233533,6.029328636129124,6.5309033878758385,-0.01855859847714889
source/12kHz_FE_data/OR/Centered/0007/OR007@6_0.mat::w0005,source/12kHz_FE_data/OR/Centered/0007/OR007@6_0.mat,source/12kHz_FE_data/OR/Centered/0007/OR007@6_0.mat,source,train,1,True,5,60000,72000,5,6,-0.00013769592107451922,0,False,0.125,0.1539787328425889,0.10913060523610225,1.7918219161676645,6.052686593298793,6.563084138435848,-0.018350387769696844
source/12kHz_FE_data/OR/Centered/0007/OR007@6_0.mat::w0006,source/12kHz_FE_data/OR/Centered/0007/OR007@6_0.mat,source/12kHz_FE_data/OR/Centered/0007/OR007@6_0.mat,source,train,1,True,6,72000,84000,6,7,-4.89251226713257e-05,0,False,0.125,0.15655211848814005,0.11184949179205145,1.7619338522954093,5.70758574879015,6.06731996960454,-0.034915507502345115
source/12kHz_FE_data/OR/Centered/0007/OR007@6_0.mat::w0007,source/12kHz_FE_data/OR/Centered/0007/OR007@6_0.mat,source/12kHz_FE_data/OR/Centered/0007/OR007@6_0.mat,source,train,1,True,7,84000,96000,7,8,-8.059151280772877e-06,0,False,0.125,0.1571203745974394,0.11166021127011974,1.8195983233532933,5.801437758731496,6.4698027209571904,-0.003332152371581408
source/12kHz_FE_data/OR/Centered/0007/OR007@6_1.mat::w0000,source/12kHz_FE_data/OR/Centered/0007/OR007@6_1.mat,source/12kHz_FE_data/OR/Centered/0007/OR007@6_1.mat,source,train,1,True,0,0,12000,0,1,-2.5549692282100957e-05,0,False,0.125,0.14505078867153337,0.10212483319199935,1.7065434730538922,6.021552117471627,7.265529014718367,0.031211848723743194
source/12kHz_FE_data/OR/Centered/0007/OR007@6_1.mat::w0001,source/12kHz_FE_data/OR/Centered/0007/OR007@6_1.mat,source/12kHz_FE_data/OR/Centered/0007/OR007@6_1.mat,source,train,1,True,1,12000,24000,1,2,-0.000330440430805055,0,False,0.125,0.14733146965696983,0.10255036879688734,1.8772627944111777,6.606249915253038,8.041554322501918,0.06356629834601962
source/12kHz_FE_data/OR/Centered/0007/OR007@6_1.mat::w0002,source/12kHz_FE_data/OR/Centered/0007/OR007@6_1.mat,source/12kHz_FE_data/OR/Centered/0007/OR007@6_1.mat,source,train,1,True,2,24000,36000,2,3,-9.212102295408992e-05,0,False,0.125,0.14928912113697831,0.10443547880985583,1.7448781636726547,6.021870605970472,7.516502579207714,0.04766925093114152
source/12kHz_FE_data/OR/Centered/0007/OR007@6_1.mat::w0003,source/12kHz_FE_data/OR/Centered/0007/OR007@6_1.mat,source/12kHz_FE_data/OR/Centered/0007/OR007@6_1.mat,source,train,1,True,3,36000,48000,3,4,6.013483865602267e-05,0,False,0.125,0.14754276549017872,0.10249793348715901,1.7614465469061877,6.122941339317612,7.965516545581293,0.040891828668103876
source/12kHz_FE_data/OR/Centered/0007/OR007@6_1.mat::w0004,source/12kHz_FE_data/OR/Centered/0007/OR007@6_1.mat,source/12kHz_FE_data/OR/Centered/0007/OR007@6_1.mat,source,train,1,True,4,48000,60000,4,5,6.090640552229042e-05,0,False,0.125,0.14353805551832235,0.10017067321461742,1.7879234730538922,6.3694200950737505,7.669672586574573,0.0595931175237421
source/12kHz_FE_data/OR/Centered/0007/OR007@6_1.mat::w0005,source/12kHz_FE_data/OR/Centered/0007/OR007@6_1.mat,source/12kHz_FE_data/OR/Centered/0007/OR007@6_1.mat,source,train,1,True,5,60000,72000,5,6,0.00017351455921490558,0,False,0.125,0.14796564368620077,0.10340902054283434,1.7872737325349304,6.314616562744204,7.521290387254177,0.038097888326536336
source/12kHz_FE_data/OR/Centered/0007/OR007@6_1.mat::w0006,source/12kHz_FE_data/OR/Centered/0007/OR007@6_1.mat,source/12kHz_FE_data/OR/Centered/0007/OR007@6_1.mat,source,train,1,True,6,72000,84000,6,7,3.1316139387892656e-05,0,False,0.125,0.14521117617218537,0.10015528026612776,1.7911721756487027,6.197962187459855,8.083993345838627,0.06644275776216221
source/12kHz_FE_data/OR/Centered/0007/OR007@6_1.mat::w0007,source/12kHz_FE_data/OR/Centered/0007/OR007@6_1.mat,source/12kHz_FE_data/OR/Centered/0007/OR007@6_1.mat,source,train,1,True,7,84000,96000,7,8,0.0001222392032601481,0,False,0.125,0.14104750796790244,0.09886597776537594,1.7218123752495011,6.261660701482332,7.427189463371689,0.003944277793685931
source/12kHz_FE_data/OR/Centered/0007/OR007@6_2.mat::w0000,source/12kHz_FE_data/OR/Centered/0007/OR007@6_2.mat,source/12kHz_FE_data/OR/Centered/0007/OR007@6_2.mat,source,validation,1,True,0,0,12000,0,1,0.00010800920908183685,0,False,0.125,0.14780463608840416,0.1034530075789044,1.8904200399201594,6.8732372691099055,7.589849158146714,0.0507460308020143
source/12kHz_FE_data/OR/Centered/0007/OR007@6_2.mat::w0001,source/12kHz_FE_data/OR/Centered/0007/OR007@6_2.mat,source/12kHz_FE_data/OR/Centered/0007/OR007@6_2.mat,source,validation,1,True,1,12000,24000,1,2,5.4689877744511e-05,0,False,0.125,0.14994353420192905,0.1026273326324063,1.8696283433133731,6.343319660822455,8.344267541157334,0.02047649826562106
source/12kHz_FE_data/OR/Centered/0007/OR007@6_2.mat::w0002,source/12kHz_FE_data/OR/Centered/0007/OR007@6_2.mat,source/12kHz_FE_data/OR/Centered/0007/OR007@6_2.mat,source,validation,1,True,2,24000,36000,2,3,-0.00022440074767132351,0,False,0.125,0.1430891246462485,0.10015959536888557,1.713690618762475,6.186611929203134,7.492607259345197,0.03596896330410009
source/12kHz_FE_data/OR/Centered/0007/OR007@6_2.mat::w0003,source/12kHz_FE_data/OR/Centered/0007/OR007@6_2.mat,source/12kHz_FE_data/OR/Centered/0007/OR007@6_2.mat,source,validation,1,True,3,36000,48000,3,4,-0.000178079663173652,0,False,0.125,0.15159613967410976,0.10500162900181416,1.9721249101796405,6.703220968336108,8.155694209071765,0.026762880402520863
source/12kHz_FE_data/OR/Centered/0007/OR007@6_2.mat::w0004,source/12kHz_FE_data/OR/Centered/0007/OR007@6_2.mat,source/12kHz_FE_data/OR/Centered/0007/OR007@6_2.mat,source,validation,1,True,4,48000,60000,4,5,0.00041851749584164983,0,False,0.125,0.15147163241286316,0.10420172754711021,1.854846746506986,6.162693844804227,8.233346591085269,0.00323787815726305
source/12kHz_FE_data/OR/Centered/0007/OR007@6_2.mat::w0005,source/12kHz_FE_data/OR/Centered/0007/OR007@6_2.mat,source/12kHz_FE_data/OR/Centered/0007/OR007@6_2.mat,source,validation,1,True,5,60000,72000,5,6,0.00016834032351962787,0,False,0.125,0.14941066922566387,0.104566389603493,1.841364630738523,6.307996121298413,7.57208009685346,0.05236496136706757
source/12kHz_FE_data/OR/Centered/0007/OR007@6_2.mat::w0006,source/12kHz_FE_data/OR/Centered/0007/OR007@6_2.mat,source/12kHz_FE_data/OR/Centered/0007/OR007@6_2.mat,source,validation,1,True,6,72000,84000,6,7,-5.411458666001232e-05,0,False,0.125,0.14812316466595465,0.1033122234998004,1.8353545309381238,6.699444549416636,7.457650326708558,0.022597495851704986
source/12kHz_FE_data/OR/Centered/0007/OR007@6_2.mat::w0007,source/12kHz_FE_data/OR/Centered/0007/OR007@6_2.mat,source/12kHz_FE_data/OR/Centered/0007/OR007@6_2.mat,source,validation,1,True,7,84000,96000,7,8,-0.00029296190868263424,0,False,0.125,0.15032283211033615,0.104140762964995,1.8728770459081836,6.600548039737748,7.825240994791336,0.054429953376357254
source/12kHz_FE_data/OR/Centered/0007/OR007@6_3.mat::w0000,source/12kHz_FE_data/OR/Centered/0007/OR007@6_3.mat,source/12kHz_FE_data/OR/Centered/0007/OR007@6_3.mat,source,train,1,True,0,0,12000,0,1,-0.00010175714861942786,0,False,0.125,0.15765413703875022,0.10938317445070526,2.1253012375249503,7.480531813224275,8.753094556569376,0.015863534989287106
source/12kHz_FE_data/OR/Centered/0007/OR007@6_3.mat::w0001,source/12kHz_FE_data/OR/Centered/0007/OR007@6_3.mat,source/12kHz_FE_data/OR/Centered/0007/OR007@6_3.mat,source,train,1,True,1,12000,24000,1,2,0.00021218934838655943,0,False,0.125,0.15450454038846106,0.10814842460385396,1.9666021157684632,6.395538368343784,8.023269912159991,0.04804899053629636
source/12kHz_FE_data/OR/Centered/0007/OR007@6_3.mat::w0002,source/12kHz_FE_data/OR/Centered/0007/OR007@6_3.mat,source/12kHz_FE_data/OR/Centered/0007/OR007@6_3.mat,source,train,1,True,2,24000,36000,2,3,-0.00016471429765469134,0,False,0.125,0.1527730324603157,0.10754117563937958,1.7900351297405188,5.9276237774427845,7.596511556751987,0.08087160724709777
source/12kHz_FE_data/OR/Centered/0007/OR007@6_3.mat::w0003,source/12kHz_FE_data/OR/Centered/0007/OR007@6_3.mat,source/12kHz_FE_data/OR/Centered/0007/OR007@6_3.mat,source,train,1,True,3,36000,48000,3,4,0.00022305896581836275,0,False,0.125,0.15155903207873614,0.10585895686986915,1.852572654690619,6.204046447299836,8.067417212456542,0.038124292755196174
source/12kHz_FE_data/OR/Centered/0007/OR007@6_3.mat::w0004,source/12kHz_FE_data/OR/Centered/0007/OR007@6_3.mat,source/12kHz_FE_data/OR/Centered/0007/OR007@6_3.mat,source,train,1,True,4,48000,60000,4,5,-7.727005281104492e-05,0,False,0.125,0.150275739139057,0.10547881053584497,1.9071508582834333,6.393058288282575,7.9291482255615895,0.017527603335736604
source/12kHz_FE_data/OR/Centered/0007/OR007@6_3.mat::w0005,source/12kHz_FE_data/OR/Centered/0007/OR007@6_3.mat,source/12kHz_FE_data/OR/Centered/0007/OR007@6_3.mat,source,train,1,True,5,60000,72000,5,6,-9.515145334331346e-05,0,False,0.125,0.15368765453340952,0.10781357629501553,1.9570184431137725,6.4698090653043465,7.87497201141696,0.0794874319740551
source/12kHz_FE_data/OR/Centered/0007/OR007@6_3.mat::w0006,source/12kHz_FE_data/OR/Centered/0007/OR007@6_3.mat,source/12kHz_FE_data/OR/Centered/0007/OR007@6_3.mat,source,train,1,True,6,72000,84000,6,7,0.0001426941853792411,0,False,0.125,0.15198640628368018,0.10745944766723498,1.9198207984031936,6.3923294718971535,7.550401261523412,0.041448491236738584
source/12kHz_FE_data/OR/Centered/0007/OR007@6_3.mat::w0007,source/12kHz_FE_data/OR/Centered/0007/OR007@6_3.mat,source/12kHz_FE_data/OR/Centered/0007/OR007@6_3.mat,source,train,1,True,7,84000,96000,7,8,-0.00013904954715568887,0,False,0.125,0.15515452107138006,0.10877029457996062,1.8545218762475049,6.006339913116104,7.822426860490074,0.06228358214474637
source/12kHz_FE_data/OR/Centered/0014/OR014@6_0.mat::w0000,source/12kHz_FE_data/OR/Centered/0014/OR014@6_0.mat,source/12kHz_FE_data/OR/Centered/0014/OR014@6_0.mat,source,train,1,True,0,0,12000,0,1,-0.0004791379478542887,0,False,0.125,0.5383324654515963,0.3540803996895809,4.66367500998004,4.693593069818272,5.402403864704136,0.04914845560975058
source/12kHz_FE_data/OR/Centered/0014/OR014@6_0.mat::w0001,source/12kHz_FE_data/OR/Centered/0014/OR014@6_0.mat,source/12kHz_FE_data/OR/Centered/0014/OR014@6_0.mat,source,train,1,True,1,12000,24000,1,2,-0.0004814932572355253,0,False,0.125,0.5399378867449904,0.35266860587271126,4.717441037924152,4.773503968073107,5.545566541981325,0.05400477953752426
source/12kHz_FE_data/OR/Centered/0014/OR014@6_0.mat::w0002,source/12kHz_FE_data/OR/Centered/0014/OR014@6_0.mat,source/12kHz_FE_data/OR/Centered/0014/OR014@6_0.mat,source,train,1,True,2,24000,36000,2,3,-0.00019345516342315043,0,False,0.125,0.5420295562023033,0.35376141372389225,4.57303620758483,4.602913997214794,5.577900658848722,0.06106036768893921
source/12kHz_FE_data/OR/Centered/0014/OR014@6_0.mat::w0003,source/12kHz_FE_data/OR/Centered/0014/OR014@6_0.mat,source/12kHz_FE_data/OR/Centered/0014/OR014@6_0.mat,source,train,1,True,3,36000,48000,3,4,-0.00021292030647038947,0,False,0.125,0.5406867062892845,0.3535479735731177,4.623553532934132,4.793434355734714,5.505148600965492,0.05724792842203205
source/12kHz_FE_data/OR/Centered/0014/OR014@6_0.mat::w0004,source/12kHz_FE_data/OR/Centered/0014/OR014@6_0.mat,source/12kHz_FE_data/OR/Centered/0014/OR014@6_0.mat,source,train,1,True,4,48000,60000,4,5,0.00012681276738190484,0,False,0.125,0.5406718985126414,0.35370624065126965,4.599513133732534,4.656541163996131,5.522423647806555,0.05535188415578223
source/12kHz_FE_data/OR/Centered/0014/OR014@6_0.mat::w0005,source/12kHz_FE_data/OR/Centered/0014/OR014@6_0.mat,source/12kHz_FE_data/OR/Centered/0014/OR014@6_0.mat,source,train,1,True,5,60000,72000,5,6,7.8055155938127e-05,0,False,0.125,0.537036781033414,0.3508985572080306,4.540386746506986,4.510604065949619,5.5581891024522,0.05485830529708045
source/12kHz_FE_data/OR/Centered/0014/OR014@6_0.mat::w0006,source/12kHz_FE_data/OR/Centered/0014/OR014@6_0.mat,source/12kHz_FE_data/OR/Centered/0014/OR014@6_0.mat,source,train,1,True,6,72000,84000,6,7,0.0005527988951264173,0,False,0.125,0.5397525550113725,0.354176872940744,4.748141277445109,4.735006935181553,5.43837090596641,0.04904234852804752
source/12kHz_FE_data/OR/Centered/0014/OR014@6_0.mat::w0007,source/12kHz_FE_data/OR/Centered/0014/OR014@6_0.mat,source/12kHz_FE_data/OR/Centered/0014/OR014@6_0.mat,source,train,1,True,7,84000,96000,7,8,0.0006093398565369294,0,False,0.125,0.5431294594959984,0.35642549647641386,4.658639520958085,4.525720331219595,5.43048448179291,0.055092005625057124
source/12kHz_FE_data/OR/Centered/0021/OR021@6_0.mat::w0000,source/12kHz_FE_data/OR/Centered/0021/OR021@6_0.mat,source/12kHz_FE_data/OR/Centered/0021/OR021@6_0.mat,source,train,1,True,0,0,12000,0,1,0.0012684660803393248,0,False,0.125,0.3809472069493234,0.2622178575871313,3.518750998003992,4.74069126298199,5.58942621317263,0.026138155085990183
source/12kHz_FE_data/OR/Centered/0021/OR021@6_0.mat::w0001,source/12kHz_FE_data/OR/Centered/0021/OR021@6_0.mat,source/12kHz_FE_data/OR/Centered/0021/OR021@6_0.mat,source,train,1,True,1,12000,24000,1,2,0.0009442049525948132,0,False,0.125,0.3857216314817008,0.26017532914060215,3.576009381237525,4.664954508368522,5.921861359765757,0.02107516291237672
source/12kHz_FE_data/OR/Centered/0021/OR021@6_0.mat::w0002,source/12kHz_FE_data/OR/Centered/0021/OR021@6_0.mat,source/12kHz_FE_data/OR/Centered/0021/OR021@6_0.mat,source,train,1,True,2,24000,36000,2,3,0.000437305825848306,0,False,0.125,0.381080224626847,0.26455867109946773,3.8436212574850295,5.135498051159298,5.6172852889863405,0.023198301764368084
source/12kHz_FE_data/OR/Centered/0021/OR021@6_0.mat::w0003,source/12kHz_FE_data/OR/Centered/0021/OR021@6_0.mat,source/12kHz_FE_data/OR/Centered/0021/OR021@6_0.mat,source,train,1,True,3,36000,48000,3,4,5.9102698769130975e-05,0,False,0.125,0.380633512406312,0.25855687642676867,3.5833189620758485,4.775137768730845,5.822571691229617,0.027070433479644947
source/12kHz_FE_data/OR/Centered/0021/OR021@6_0.mat::w0004,source/12kHz_FE_data/OR/Centered/0021/OR021@6_0.mat,source/12kHz_FE_data/OR/Centered/0021/OR021@6_0.mat,source,train,1,True,4,48000,60000,4,5,0.00013023574933466667,0,False,0.125,0.37172645056529846,0.2490850366815536,3.666160878243513,5.0055488813287194,6.3104187342952285,0.029648847684588447
source/12kHz_FE_data/OR/Centered/0021/OR021@6_0.mat::w0005,source/12kHz_FE_data/OR/Centered/0021/OR021@6_0.mat,source/12kHz_FE_data/OR/Centered/0021/OR021@6_0.mat,source,train,1,True,5,60000,72000,5,6,-0.0003690492307052538,0,False,0.125,0.36611575858301265,0.2500989978101048,3.518750998003992,5.0237265622519285,5.809041398080403,0.023146128915680984
source/12kHz_FE_data/OR/Centered/0021/OR021@6_0.mat::w0006,source/12kHz_FE_data/OR/Centered/0021/OR021@6_0.mat,source/12kHz_FE_data/OR/Centered/0021/OR021@6_0.mat,source,train,1,True,6,72000,84000,6,7,-0.001002749280605453,0,False,0.125,0.3715700252774032,0.25143358969201185,3.8009820359281434,5.332017088024062,5.9522586514222615,0.032227278974563345
source/12kHz_FE_data/OR/Centered/0021/OR021@6_0.mat::w0007,source/12kHz_FE_data/OR/Centered/0021/OR021@6_0.mat,source/12kHz_FE_data/OR/Centered/0021/OR021@6_0.mat,source,train,1,True,7,84000,96000,7,8,-0.001467516795575513,0,False,0.125,0.3698555774481627,0.2468827678420451,3.805042914171657,5.255879436614408,6.353487219876795,0.036751081151669834
source/12kHz_FE_data/OR/Opposite/0007/OR007@12_0.mat::w0000,source/12kHz_FE_data/OR/Opposite/0007/OR007@12_0.mat,source/12kHz_FE_data/OR/Opposite/0007/OR007@12_0.mat,source,validation,1,True,0,0,12000,0,1,-0.0006564204678143699,0,False,0.125,0.09593308311760056,0.07522741433341816,0.9033233532934131,4.718113360464105,3.3930141882194587,0.016664460079254904
source/12kHz_FE_data/OR/Opposite/0007/OR007@12_0.mat::w0001,source/12kHz_FE_data/OR/Opposite/0007/OR007@12_0.mat,source/12kHz_FE_data/OR/Opposite/0007/OR007@12_0.mat,source,validation,1,True,1,12000,24000,1,2,-0.00012044184505987878,0,False,0.125,0.10212365608065481,0.08008159109532435,0.810108502994012,4.143571049651419,3.3667253735613047,-0.026001087340769582
source/12kHz_FE_data/OR/Opposite/0007/OR007@12_0.mat::w0002,source/12kHz_FE_data/OR/Opposite/0007/OR007@12_0.mat,source/12kHz_FE_data/OR/Opposite/0007/OR007@12_0.mat,source,validation,1,True,2,24000,36000,2,3,0.0002147114184131754,0,False,0.125,0.10166385603755038,0.07956942807570858,0.8999130538922155,4.478581831429862,3.410016955819107,-0.03212909073126265
source/12kHz_FE_data/OR/Opposite/0007/OR007@12_0.mat::w0003,source/12kHz_FE_data/OR/Opposite/0007/OR007@12_0.mat,source/12kHz_FE_data/OR/Opposite/0007/OR007@12_0.mat,source,validation,1,True,3,36000,48000,3,4,0.00021172063997006163,0,False,0.125,0.10273053393985257,0.08094609456,0.7961831137724551,3.9325796101703023,3.2504416391607,0.014700634828194718
source/12kHz_FE_data/OR/Opposite/0007/OR007@12_0.mat::w0004,source/12kHz_FE_data/OR/Opposite/0007/OR007@12_0.mat,source/12kHz_FE_data/OR/Opposite/0007/OR007@12_0.mat,source,validation,1,True,4,48000,60000,4,5,8.648813622755658e-06,0,False,0.125,0.09398548024171255,0.07404896487632236,0.784368862275449,4.45189893285151,3.3032534503594095,0.030643053974897094
source/12kHz_FE_data/OR/Opposite/0007/OR007@12_0.mat::w0005,source/12kHz_FE_data/OR/Opposite/0007/OR007@12_0.mat,source/12kHz_FE_data/OR/Opposite/0007/OR007@12_0.mat,source,validation,1,True,5,60000,72000,5,6,3.003423278443294e-05,0,False,0.125,0.09908347733652367,0.07811705624900199,0.9196440718562875,4.785560999639172,3.2928105154479734,0.03057419399952329
source/12kHz_FE_data/OR/Opposite/0007/OR007@12_0.mat::w0006,source/12kHz_FE_data/OR/Opposite/0007/OR007@12_0.mat,source/12kHz_FE_data/OR/Opposite/0007/OR007@12_0.mat,source,validation,1,True,6,72000,84000,6,7,0.00029350692739521126,0,False,0.125,0.10134760672632968,0.07956407387068862,0.8903317365269461,4.767850272145019,3.385479412675833,-0.021643336616271387
source/12kHz_FE_data/OR/Opposite/0007/OR007@12_0.mat::w0007,source/12kHz_FE_data/OR/Opposite/0007/OR007@12_0.mat,source/12kHz_FE_data/OR/Opposite/0007/OR007@12_0.mat,source,validation,1,True,7,84000,96000,7,8,1.824028068862449e-05,0,False,0.125,0.09956436730147702,0.07863954528812375,0.8493269461077844,4.806196269090174,3.25285870714183,0.0055397159331579135
source/12kHz_FE_data/OR/Opposite/0007/OR007@12_1.mat::w0000,source/12kHz_FE_data/OR/Opposite/0007/OR007@12_1.mat,source/12kHz_FE_data/OR/Opposite/0007/OR007@12_1.mat,source,test,1,True,0,0,12000,0,1,0.0009346500444943469,0,False,0.125,0.10245574106788614,0.08183435413720891,0.7660440718562874,4.072903461167192,2.967175736363253,0.014818057818484375
source/12kHz_FE_data/OR/Opposite/0007/OR007@12_1.mat::w0001,source/12kHz_FE_data/OR/Opposite/0007/OR007@12_1.mat,source/12kHz_FE_data/OR/Opposite/0007/OR007@12_1.mat,source,test,1,True,1,12000,24000,1,2,0.00014252159805389463,0,False,0.125,0.10120112758928493,0.08057305327348636,1.3800488622754492,7.165275620231978,3.5350557936500846,-0.009152774319775231
source/12kHz_FE_data/OR/Opposite/0007/OR007@12_1.mat::w0002,source/12kHz_FE_data/OR/Opposite/0007/OR007@12_1.mat,source/12kHz_FE_data/OR/Opposite/0007/OR007@12_1.mat,source,test,1,True,2,24000,36000,2,3,-0.0003990371245009956,0,False,0.125,0.10550706163478912,0.08107404896616766,1.7812636327345308,8.474064583716281,6.969217796377436,0.04035918411650246
source/12kHz_FE_data/OR/Opposite/0007/OR007@12_1.mat::w0003,source/12kHz_FE_data/OR/Opposite/0007/OR007@12_1.mat,source/12kHz_FE_data/OR/Opposite/0007/OR007@12_1.mat,source,test,1,True,3,36000,48000,3,4,-0.00025525496215901317,0,False,0.125,0.09874296053394446,0.0786578977202994,0.8391398802395209,4.470691652758941,3.1236615185324883,-0.0013854258984291666
source/12kHz_FE_data/OR/Opposite/0007/OR007@12_1.mat::w0004,source/12kHz_FE_data/OR/Opposite/0007/OR007@12_1.mat,source/12kHz_FE_data/OR/Opposite/0007/OR007@12_1.mat,source,test,1,True,4,48000,60000,4,5,-0.0003728986048735837,0,False,0.125,0.09979178072828045,0.07943326043835994,0.7606837125748502,3.9391778844221763,3.014313719489904,-0.00807031066820837
source/12kHz_FE_data/OR/Opposite/0007/OR007@12_1.mat::w0005,source/12kHz_FE_data/OR/Opposite/0007/OR007@12_1.mat,source/12kHz_FE_data/OR/Opposite/0007/OR007@12_1.mat,source,test,1,True,5,60000,72000,5,6,-0.00014885995217897295,0,False,0.125,0.10057176906342637,0.08022795428146152,0.750287864271457,3.752482945311221,2.9927856142826523,0.013397368409007054
source/12kHz_FE_data/OR/Opposite/0007/OR007@12_1.mat::w0006,source/12kHz_FE_data/OR/Opposite/0007/OR007@12_1.mat,source/12kHz_FE_data/OR/Opposite/0007/OR007@12_1.mat,source,test,1,True,6,72000,84000,6,7,-8.220740394211357e-05,0,False,0.125,0.10052270510824414,0.07991101891941119,0.7442777644710579,3.742821095516148,3.087162422117055,0.037991090484938546
source/12kHz_FE_data/OR/Opposite/0007/OR007@12_1.mat::w0007,source/12kHz_FE_data/OR/Opposite/0007/OR007@12_1.mat,source/12kHz_FE_data/OR/Opposite/0007/OR007@12_1.mat,source,test,1,True,7,84000,96000,7,8,0.000181086405106456,0,False,0.125,0.1018973707472649,0.08106010718605457,0.8131502594810378,4.06754688720037,3.117509828913824,0.021535174115301908
source/12kHz_FE_data/OR/Opposite/0007/OR007@12_2.mat::w0000,source/12kHz_FE_data/OR/Opposite/0007/OR007@12_2.mat,source/12kHz_FE_data/OR/Opposite/0007/OR007@12_2.mat,source,test,1,True,0,0,12000,0,1,0.00022806907435129865,0,False,0.125,0.10514862580347302,0.08416964976428477,0.8032417165668662,3.979555890494497,2.9238196821590265,-0.03419623085152344
source/12kHz_FE_data/OR/Opposite/0007/OR007@12_2.mat::w0001,source/12kHz_FE_data/OR/Opposite/0007/OR007@12_2.mat,source/12kHz_FE_data/OR/Opposite/0007/OR007@12_2.mat,source,test,1,True,1,12000,24000,1,2,-0.00014522039005322558,0,False,0.125,0.10717793205560432,0.08538177397228154,0.8774745708582835,4.2263478122002285,2.998998074111116,-0.011024297885635763
source/12kHz_FE_data/OR/Opposite/0007/OR007@12_2.mat::w0002,source/12kHz_FE_data/OR/Opposite/0007/OR007@12_2.mat,source/12kHz_FE_data/OR/Opposite/0007/OR007@12_2.mat,source,test,1,True,2,24000,36000,2,3,-0.00013116975133067068,0,False,0.125,0.10701393218974888,0.0853533969499235,0.8334546506986028,3.9157175015239987,2.9768493053031344,0.007562820830078588
source/12kHz_FE_data/OR/Opposite/0007/OR007@12_2.mat::w0003,source/12kHz_FE_data/OR/Opposite/0007/OR007@12_2.mat,source/12kHz_FE_data/OR/Opposite/0007/OR007@12_2.mat,source,test,1,True,3,36000,48000,3,4,-0.00017204925898203435,0,False,0.125,0.10795003516472886,0.08617153632996508,0.8635051497005988,4.107091919508614,3.0344349111331517,-0.01727395329919238
source/12kHz_FE_data/OR/Opposite/0007/OR007@12_2.mat::w0004,source/12kHz_FE_data/OR/Opposite/0007/OR007@12_2.mat,source/12kHz_FE_data/OR/Opposite/0007/OR007@12_2.mat,source,test,1,True,4,48000,60000,4,5,-0.0002167053833998656,0,False,0.125,0.10844824126616932,0.08683101617730095,0.8367033532934132,4.050367047352242,2.9438780848299886,-0.02923074706657556
source/12kHz_FE_data/OR/Opposite/0007/OR007@12_2.mat::w0005,source/12kHz_FE_data/OR/Opposite/0007/OR007@12_2.mat,source/12kHz_FE_data/OR/Opposite/0007/OR007@12_2.mat,source,test,1,True,5,60000,72000,5,6,5.939372837658127e-05,0,False,0.125,0.11266779041765568,0.0890731230727545,1.1770049500998003,5.631510067009435,3.4829383943625336,-0.009530222424626828
source/12kHz_FE_data/OR/Opposite/0007/OR007@12_2.mat::w0006,source/12kHz_FE_data/OR/Opposite/0007/OR007@12_2.mat,source/12kHz_FE_data/OR/Opposite/0007/OR007@12_2.mat,source,test,1,True,6,72000,84000,6,7,9.15694203260159e-05,0,False,0.125,0.10717879492470671,0.08587448666679308,0.7954448303393213,4.047911112902766,2.906389531545461,0.012189239436050082
source/12kHz_FE_data/OR/Opposite/0007/OR007@12_2.mat::w0007,source/12kHz_FE_data/OR/Opposite/0007/OR007@12_2.mat,source/12kHz_FE_data/OR/Opposite/0007/OR007@12_2.mat,source,test,1,True,7,84000,96000,7,8,0.0002861125607119109,0,False,0.125,0.10582863690373283,0.08438773186211466,0.7296586027944112,3.5328770651978636,2.984834190913256,-0.011451628907987104
source/12kHz_FE_data/OR/Opposite/0007/OR007@12_3.mat::w0000,source/12kHz_FE_data/OR/Opposite/0007/OR007@12_3.mat,source/12kHz_FE_data/OR/Opposite/0007/OR007@12_3.mat,source,train,1,True,0,0,12000,0,1,-7.950522787757567e-05,0,False,0.125,0.10913695450614924,0.08691237658130738,0.98906750499002,4.673992546835878,3.113967996515179,-0.0044331231859350735
source/12kHz_FE_data/OR/Opposite/0007/OR007@12_3.mat::w0001,source/12kHz_FE_data/OR/Opposite/0007/OR007@12_3.mat,source/12kHz_FE_data/OR/Opposite/0007/OR007@12_3.mat,source,train,1,True,1,12000,24000,1,2,9.262186460412767e-05,0,False,0.125,0.10900994243342098,0.08683267126267852,0.88267249500998,4.200124391589566,3.0256237836227555,-0.011586313462994107
source/12kHz_FE_data/OR/Opposite/0007/OR007@12_3.mat::w0002,source/12kHz_FE_data/OR/Opposite/0007/OR007@12_3.mat,source/12kHz_FE_data/OR/Opposite/0007/OR007@12_3.mat,source,train,1,True,2,24000,36000,2,3,0.0003447753310046597,0,False,0.125,0.1109320564021843,0.08833978264085995,0.9419613173652694,4.2950852685904355,3.0723283730055257,0.008185201542957302
source/12kHz_FE_data/OR/Opposite/0007/OR007@12_3.mat::w0003,source/12kHz_FE_data/OR/Opposite/0007/OR007@12_3.mat,source/12kHz_FE_data/OR/Opposite/0007/OR007@12_3.mat,source,train,1,True,3,36000,48000,3,4,6.933949600798662e-05,0,False,0.125,0.10970245049202355,0.08736045742868485,0.8612310578842316,3.933526943276452,3.047889204142408,-0.014699847711201296
source/12kHz_FE_data/OR/Opposite/0007/OR007@12_3.mat::w0004,source/12kHz_FE_data/OR/Opposite/0007/OR007@12_3.mat,source/12kHz_FE_data/OR/Opposite/0007/OR007@12_3.mat,source,train,1,True,4,48000,60000,4,5,-1.0632732867595588e-05,0,False,0.125,0.10753578648153597,0.08585186252595142,0.8069777245508982,3.7567590177821155,3.0347898764377224,-0.018762358042205947
source/12kHz_FE_data/OR/Opposite/0007/OR007@12_3.mat::w0005,source/12kHz_FE_data/OR/Opposite/0007/OR007@12_3.mat,source/12kHz_FE_data/OR/Opposite/0007/OR007@12_3.mat,source,train,1,True,5,60000,72000,5,6,-1.167502495009721e-05,0,False,0.125,0.11255970818323421,0.08970477949019073,0.8394647504990019,3.928044987393634,3.009136925215748,0.04047848927474797
source/12kHz_FE_data/OR/Opposite/0007/OR007@12_3.mat::w0006,source/12kHz_FE_data/OR/Opposite/0007/OR007@12_3.mat,source/12kHz_FE_data/OR/Opposite/0007/OR007@12_3.mat,source,train,1,True,6,72000,84000,6,7,-0.00014232701430472137,0,False,0.125,0.1124718747529648,0.08964081449434465,0.8204598403193613,3.789295524705852,3.034494045997925,-0.013702203759206704
source/12kHz_FE_data/OR/Opposite/0007/OR007@12_3.mat::w0007,source/12kHz_FE_data/OR/Opposite/0007/OR007@12_3.mat,source/12kHz_FE_data/OR/Opposite/0007/OR007@12_3.mat,source,train,1,True,7,84000,96000,7,8,-0.0002625966916167639,0,False,0.125,0.11250270320024887,0.08881058925706918,0.9180833532934132,4.177744989270136,3.1938339308886183,0.021899525456882618
source/12kHz_FE_data/OR/Orthogonal/0007/OR007@3_0.mat::w0000,source/12kHz_FE_data/OR/Orthogonal/0007/OR007@3_0.mat,source/12kHz_FE_data/OR/Orthogonal/0007/OR007@3_0.mat,source,test,1,True,0,0,12000,0,1,0.00011227894835329189,0,False,0.125,0.0878469975780853,0.06974841552544911,0.7416589221556886,4.331436774831627,3.101446253709049,0.007805136354849231
source/12kHz_FE_data/OR/Orthogonal/0007/OR007@3_0.mat::w0001,source/12kHz_FE_data/OR/Orthogonal/0007/OR007@3_0.mat,source/12kHz_FE_data/OR/Orthogonal/0007/OR007@3_0.mat,source,test,1,True,1,12000,24000,1,2,-8.156680014970205e-05,0,False,0.125,0.08647822399106038,0.06845232571997006,0.6944019161676647,4.179708053657556,3.22189724291035,-0.03542948073601319
source/12kHz_FE_data/OR/Orthogonal/0007/OR007@3_0.mat::w0002,source/12kHz_FE_data/OR/Orthogonal/0007/OR007@3_0.mat,source/12kHz_FE_data/OR/Orthogonal/0007/OR007@3_0.mat,source,test,1,True,2,24000,36000,2,3,-0.00018012039296407342,0,False,0.125,0.08221175987884778,0.06490234769880239,0.6976092215568862,4.579053457900134,3.2121326081673494,0.01725800197345841
source/12kHz_FE_data/OR/Orthogonal/0007/OR007@3_0.mat::w0003,source/12kHz_FE_data/OR/Orthogonal/0007/OR007@3_0.mat,source/12kHz_FE_data/OR/Orthogonal/0007/OR007@3_0.mat,source,test,1,True,3,36000,48000,3,4,-7.177910553892354e-05,0,False,0.125,0.0888075352743128,0.07014502849932634,0.7402785628742514,4.181677157232424,3.317173656844941,0.0060489232863913415
source/12kHz_FE_data/OR/Orthogonal/0007/OR007@3_0.mat::w0004,source/12kHz_FE_data/OR/Orthogonal/0007/OR007@3_0.mat,source/12kHz_FE_data/OR/Orthogonal/0007/OR007@3_0.mat,source,test,1,True,4,48000,60000,4,5,-0.00011531455464071979,0,False,0.125,0.08641528086046693,0.06822313071376247,0.7340669461077844,4.381971402055241,3.220003667042255,0.0024017239014730847
source/12kHz_FE_data/OR/Orthogonal/0007/OR007@3_0.mat::w0005,source/12kHz_FE_data/OR/Orthogonal/0007/OR007@3_0.mat,source/12kHz_FE_data/OR/Orthogonal/0007/OR007@3_0.mat,source,test,1,True,5,60000,72000,5,6,9.164460703592685e-05,0,False,0.125,0.08652418870710428,0.06844082823837325,0.7533919760479042,4.629689854115024,3.221942328721984,-0.00841235547363455
source/12kHz_FE_data/OR/Orthogonal/0007/OR007@3_0.mat::w0006,source/12kHz_FE_data/OR/Orthogonal/0007/OR007@3_0.mat,source/12kHz_FE_data/OR/Orthogonal/0007/OR007@3_0.mat,source,test,1,True,6,72000,84000,6,7,0.00010272469685628593,0,False,0.125,0.08548148148980662,0.06710249005266468,0.8074695808383234,5.031768399529668,3.4646298825586794,-0.006747387786620616
source/12kHz_FE_data/OR/Orthogonal/0007/OR007@3_0.mat::w0007,source/12kHz_FE_data/OR/Orthogonal/0007/OR007@3_0.mat,source/12kHz_FE_data/OR/Orthogonal/0007/OR007@3_0.mat,source,test,1,True,7,84000,96000,7,8,0.00014213260104790286,0,False,0.125,0.08584558453308937,0.06811232617294412,0.6995985628742515,4.0777984096421465,3.1259434521118723,0.033788492303508444
source/12kHz_FE_data/OR/Orthogonal/0007/OR007@3_1.mat::w0000,source/12kHz_FE_data/OR/Orthogonal/0007/OR007@3_1.mat,source/12kHz_FE_data/OR/Orthogonal/0007/OR007@3_1.mat,source,train,1,True,0,0,12000,0,1,-0.00023905209206586558,0,False,0.125,0.09383580566567501,0.07416348687411178,0.777182874251497,4.147327438562646,3.296231348232531,0.040875604872103934
source/12kHz_FE_data/OR/Orthogonal/0007/OR007@3_1.mat::w0001,source/12kHz_FE_data/OR/Orthogonal/0007/OR007@3_1.mat,source/12kHz_FE_data/OR/Orthogonal/0007/OR007@3_1.mat,source,train,1,True,1,12000,24000,1,2,-0.0001199318226047878,0,False,0.125,0.09469262135231254,0.07505174472344311,0.789200119760479,4.315196983739822,3.212748766912423,-0.006779738179063616
source/12kHz_FE_data/OR/Orthogonal/0007/OR007@3_1.mat::w0002,source/12kHz_FE_data/OR/Orthogonal/0007/OR007@3_1.mat,source/12kHz_FE_data/OR/Orthogonal/0007/OR007@3_1.mat,source,train,1,True,2,24000,36000,2,3,-8.49255052395181e-05,0,False,0.125,0.09142748479819912,0.07267566597754492,0.8078755688622754,5.06573159226661,3.0447887645251384,-0.01983888465335713
source/12kHz_FE_data/OR/Orthogonal/0007/OR007@3_1.mat::w0003,source/12kHz_FE_data/OR/Orthogonal/0007/OR007@3_1.mat,source/12kHz_FE_data/OR/Orthogonal/0007/OR007@3_1.mat,source,train,1,True,3,36000,48000,3,4,5.5607249251499755e-05,0,False,0.125,0.09252260322407359,0.07367848759011976,0.7751529341317365,4.259226807763587,3.1183062782748543,0.031967331459064365
source/12kHz_FE_data/OR/Orthogonal/0007/OR007@3_1.mat::w0004,source/12kHz_FE_data/OR/Orthogonal/0007/OR007@3_1.mat,source/12kHz_FE_data/OR/Orthogonal/0007/OR007@3_1.mat,source,train,1,True,4,48000,60000,4,5,0.00020376919535928446,0,False,0.125,0.09606697511183025,0.07670256077557384,0.7348383233532934,3.8800654129182393,3.0001865051239887,-0.004081869643448066
source/12kHz_FE_data/OR/Orthogonal/0007/OR007@3_1.mat::w0005,source/12kHz_FE_data/OR/Orthogonal/0007/OR007@3_1.mat,source/12kHz_FE_data/OR/Orthogonal/0007/OR007@3_1.mat,source,train,1,True,5,60000,72000,5,6,0.0002213992252994042,0,False,0.125,0.09462730506657013,0.07500256123097804,0.7785632335329342,4.336573552573517,3.1667913207028517,0.008992676555739688
source/12kHz_FE_data/OR/Orthogonal/0007/OR007@3_1.mat::w0006,source/12kHz_FE_data/OR/Orthogonal/0007/OR007@3_1.mat,source/12kHz_FE_data/OR/Orthogonal/0007/OR007@3_1.mat,source,train,1,True,6,72000,84000,6,7,0.00015549045284431428,0,False,0.125,0.09549611228280044,0.0754308078635479,0.8014609580838323,4.563822239143862,3.2666984186153125,0.009656067981570461
source/12kHz_FE_data/OR/Orthogonal/0007/OR007@3_1.mat::w0007,source/12kHz_FE_data/OR/Orthogonal/0007/OR007@3_1.mat,source/12kHz_FE_data/OR/Orthogonal/0007/OR007@3_1.mat,source,train,1,True,7,84000,96000,7,8,-0.00019235670284430858,0,False,0.125,0.09354015474975542,0.07418920765668663,0.7722704191616766,4.215057855384691,3.129620371986625,0.024680701179730615
source/12kHz_FE_data/OR/Orthogonal/0007/OR007@3_2.mat::w0000,source/12kHz_FE_data/OR/Orthogonal/0007/OR007@3_2.mat,source/12kHz_FE_data/OR/Orthogonal/0007/OR007@3_2.mat,source,train,1,True,0,0,12000,0,1,0.00046109159431137594,0,False,0.125,0.09104555362963059,0.07225685738409182,0.7214813173652694,3.991353191131543,3.1290235151395427,0.015353280581114475
source/12kHz_FE_data/OR/Orthogonal/0007/OR007@3_2.mat::w0001,source/12kHz_FE_data/OR/Orthogonal/0007/OR007@3_2.mat,source/12kHz_FE_data/OR/Orthogonal/0007/OR007@3_2.mat,source,train,1,True,1,12000,24000,1,2,0.00028680431886227435,0,False,0.125,0.09197399807597645,0.07331505063866268,0.7016691017964072,4.034284407977294,2.9860994536577437,0.022275655851331
source/12kHz_FE_data/OR/Orthogonal/0007/OR007@3_2.mat::w0002,source/12kHz_FE_data/OR/Orthogonal/0007/OR007@3_2.mat,source/12kHz_FE_data/OR/Orthogonal/0007/OR007@3_2.mat,source,train,1,True,2,24000,36000,2,3,-4.1572327844312734e-05,0,False,0.125,0.09101366953639461,0.07215802069921157,0.7561526946107785,4.295911486097651,3.157098864471376,-0.002429260052448369
source/12kHz_FE_data/OR/Orthogonal/0007/OR007@3_2.mat::w0003,source/12kHz_FE_data/OR/Orthogonal/0007/OR007@3_2.mat,source/12kHz_FE_data/OR/Orthogonal/0007/OR007@3_2.mat,source,train,1,True,3,36000,48000,3,4,-0.00029145119011976165,0,False,0.125,0.09212070874383588,0.07319931074841317,0.7863988023952095,4.344839320416457,3.1208569949639955,0.017062624839620528
source/12kHz_FE_data/OR/Orthogonal/0007/OR007@3_2.mat::w0004,source/12kHz_FE_data/OR/Orthogonal/0007/OR007@3_2.mat,source/12kHz_FE_data/OR/Orthogonal/0007/OR007@3_2.mat,source,train,1,True,4,48000,60000,4,5,-0.00019985014221557035,0,False,0.125,0.09392003224621406,0.07410485975173653,0.7375584431137725,4.140107705693756,3.2525497764130558,0.012032478008166165
source/12kHz_FE_data/OR/Orthogonal/0007/OR007@3_2.mat::w0005,source/12kHz_FE_data/OR/Orthogonal/0007/OR007@3_2.mat,source/12kHz_FE_data/OR/Orthogonal/0007/OR007@3_2.mat,source,train,1,True,5,60000,72000,5,6,2.8461452095794224e-06,0,False,0.125,0.09296958681391107,0.07394478059331337,0.7981318562874251,4.426538786922416,3.148290776870352,0.04589089491772026
source/12kHz_FE_data/OR/Orthogonal/0007/OR007@3_2.mat::w0006,source/12kHz_FE_data/OR/Orthogonal/0007/OR007@3_2.mat,source/12kHz_FE_data/OR/Orthogonal/0007/OR007@3_2.mat,source,train,1,True,6,72000,84000,6,7,-0.00012672493263473177,0,False,0.125,0.09050530805679383,0.07194285342278443,0.7331737724550899,4.4487398395247455,3.0724459187768103,0.020131514749069428
source/12kHz_FE_data/OR/Orthogonal/0007/OR007@3_2.mat::w0007,source/12kHz_FE_data/OR/Orthogonal/0007/OR007@3_2.mat,source/12kHz_FE_data/OR/Orthogonal/0007/OR007@3_2.mat,source,train,1,True,7,84000,96000,7,8,-9.114346556886362e-05,0,False,0.125,0.08986046531388972,0.07145300386020459,0.7941531736526946,4.861224380426597,3.1426710917485337,0.019126120382424443
source/12kHz_FE_data/OR/Orthogonal/0007/OR007@3_3.mat::w0000,source/12kHz_FE_data/OR/Orthogonal/0007/OR007@3_3.mat,source/12kHz_FE_data/OR/Orthogonal/0007/OR007@3_3.mat,source,test,1,True,0,0,12000,0,1,-7.331171032934313e-05,0,False,0.125,0.09772355667407036,0.07794535105061876,0.809905508982036,4.177912017243831,3.0785043955383142,0.020467809737761782
source/12kHz_FE_data/OR/Orthogonal/0007/OR007@3_3.mat::w0001,source/12kHz_FE_data/OR/Orthogonal/0007/OR007@3_3.mat,source/12kHz_FE_data/OR/Orthogonal/0007/OR007@3_3.mat,source,test,1,True,1,12000,24000,1,2,3.1785056137722605e-05,0,False,0.125,0.09593013545017352,0.07621065219736527,0.8198928143712574,4.349299164502713,3.1323915663172546,0.0177175206172035
source/12kHz_FE_data/OR/Orthogonal/0007/OR007@3_3.mat::w0002,source/12kHz_FE_data/OR/Orthogonal/0007/OR007@3_3.mat,source/12kHz_FE_data/OR/Orthogonal/0007/OR007@3_3.mat,source,test,1,True,2,24000,36000,2,3,6.636170284430942e-05,0,False,0.125,0.09837514651548634,0.07825038474600798,0.7638258682634731,3.993646897601192,3.0780251362419135,0.046793687229323117
source/12kHz_FE_data/OR/Orthogonal/0007/OR007@3_3.mat::w0003,source/12kHz_FE_data/OR/Orthogonal/0007/OR007@3_3.mat,source/12kHz_FE_data/OR/Orthogonal/0007/OR007@3_3.mat,source,test,1,True,3,36000,48000,3,4,1.3532511227543097e-05,0,False,0.125,0.09421279938405422,0.0748265076668513,0.7164876646706587,3.9745764400649883,3.0447945216978165,0.030756224786377583
source/12kHz_FE_data/OR/Orthogonal/0007/OR007@3_3.mat::w0004,source/12kHz_FE_data/OR/Orthogonal/0007/OR007@3_3.mat,source/12kHz_FE_data/OR/Orthogonal/0007/OR007@3_3.mat,source,test,1,True,4,48000,60000,4,5,-1.7461291167666208e-05,0,False,0.125,0.09405313933961233,0.07491364726443114,0.7020344910179641,3.759703908362064,2.9672897319323495,0.04194866808588106
source/12kHz_FE_data/OR/Orthogonal/0007/OR007@3_3.mat::w0005,source/12kHz_FE_data/OR/Orthogonal/0007/OR007@3_3.mat,source/12kHz_FE_data/OR/Orthogonal/0007/OR007@3_3.mat,source,test,1,True,5,60000,72000,5,6,-8.978129116766658e-05,0,False,0.125,0.09702721042456183,0.07705784265856289,0.8033691017964072,4.151268300013794,3.1389653158765443,-0.0033814114576944665
source/12kHz_FE_data/OR/Orthogonal/0007/OR007@3_3.mat::w0006,source/12kHz_FE_data/OR/Orthogonal/0007/OR007@3_3.mat,source/12kHz_FE_data/OR/Orthogonal/0007/OR007@3_3.mat,source,test,1,True,6,72000,84000,6,7,3.6365531437109237e-06,0,False,0.125,0.09375083274131098,0.07465168528734531,0.7025216766467066,4.067885628301755,2.9983810832490536,0.0003031625045659053
source/12kHz_FE_data/OR/Orthogonal/0007/OR007@3_3.mat::w0007,source/12kHz_FE_data/OR/Orthogonal/0007/OR007@3_3.mat,source/12kHz_FE_data/OR/Orthogonal/0007/OR007@3_3.mat,source,test,1,True,7,84000,96000,7,8,6.523846931137552e-05,0,False,0.125,0.09369896600060726,0.0744358150584431,0.793665988023952,4.4368646009020765,3.127845565399597,-0.01604152416048658
source/12kHz_FE_data/OR/Orthogonal/0014/OR014@3_0.mat::w0000,source/12kHz_FE_data/OR/Orthogonal/0014/OR014@3_0.mat,source/12kHz_FE_data/OR/Orthogonal/0014/OR014@3_0.mat,source,train,1,True,0,0,12000,0,1,0.000402908495093152,0,False,0.125,0.19571548213476136,0.13860130326404968,2.133422994011976,5.595575091391765,6.64156259133357,-0.00824230868896479
source/12kHz_FE_data/OR/Orthogonal/0014/OR014@3_0.mat::w0001,source/12kHz_FE_data/OR/Orthogonal/0014/OR014@3_0.mat,source/12kHz_FE_data/OR/Orthogonal/0014/OR014@3_0.mat,source,train,1,True,1,12000,24000,1,2,0.0003663335183799122,0,False,0.125,0.19731788037361367,0.1403034680635529,2.0481445508982032,5.269572156129841,6.238229013127988,0.0043809673849492066
source/12kHz_FE_data/OR/Orthogonal/0014/OR014@3_0.mat::w0002,source/12kHz_FE_data/OR/Orthogonal/0014/OR014@3_0.mat,source/12kHz_FE_data/OR/Orthogonal/0014/OR014@3_0.mat,source,train,1,True,2,24000,36000,2,3,-6.401128534596938e-05,0,False,0.125,0.20167040597243907,0.14233918083130406,2.3600199999999996,5.897610172182762,6.460212794088152,0.0013077717661199048
source/12kHz_FE_data/OR/Orthogonal/0014/OR014@3_0.mat::w0003,source/12kHz_FE_data/OR/Orthogonal/0014/OR014@3_0.mat,source/12kHz_FE_data/OR/Orthogonal/0014/OR014@3_0.mat,source,train,1,True,3,36000,48000,3,4,-0.00019940096598469203,0,False,0.125,0.19742833585077318,0.14067553713477932,2.2554117764471058,5.742573564847664,6.42058950306951,-0.018862459974073084
source/12kHz_FE_data/OR/Orthogonal/0014/OR014@3_0.mat::w0004,source/12kHz_FE_data/OR/Orthogonal/0014/OR014@3_0.mat,source/12kHz_FE_data/OR/Orthogonal/0014/OR014@3_0.mat,source,train,1,True,4,48000,60000,4,5,-0.00014614931595142525,0,False,0.125,0.1952189008867998,0.1383757914691151,2.133098123752495,5.643376564436412,6.303726727659994,-0.004929447392514592
source/12kHz_FE_data/OR/Orthogonal/0014/OR014@3_0.mat::w0005,source/12kHz_FE_data/OR/Orthogonal/0014/OR014@3_0.mat,source/12kHz_FE_data/OR/Orthogonal/0014/OR014@3_0.mat,source,train,1,True,5,60000,72000,5,6,7.098584372921376e-05,0,False,0.125,0.20191744528952724,0.14430566422729707,2.1693211576846307,5.552384260765751,6.016011102011475,-0.004957938275036854
source/12kHz_FE_data/OR/Orthogonal/0014/OR014@3_0.mat::w0006,source/12kHz_FE_data/OR/Orthogonal/0014/OR014@3_0.mat,source/12kHz_FE_data/OR/Orthogonal/0014/OR014@3_0.mat,source,train,1,True,6,72000,84000,6,7,-6.264412300398604e-05,0,False,0.125,0.2061453547964995,0.14681707157985308,2.249726546906188,5.755409689874048,6.164264719918836,-0.0013167192892363283
source/12kHz_FE_data/OR/Orthogonal/0014/OR014@3_0.mat::w0007,source/12kHz_FE_data/OR/Orthogonal/0014/OR014@3_0.mat,source/12kHz_FE_data/OR/Orthogonal/0014/OR014@3_0.mat,source,train,1,True,7,84000,96000,7,8,-0.00036802216691616207,0,False,0.125,0.2007781328716588,0.14356179341020295,2.291797245508982,5.790801841536789,6.361920853737807,0.00583746638629683
source/12kHz_FE_data/OR/Orthogonal/0014/OR014@3_1.mat::w0000,source/12kHz_FE_data/OR/Orthogonal/0014/OR014@3_1.mat,source/12kHz_FE_data/OR/Orthogonal/0014/OR014@3_1.mat,source,train,1,True,0,0,12000,0,1,-5.4449071990267155e-05,0,False,0.1,0.11365517482859448,0.08763770137874363,1.2440906586826348,5.690431869943281,4.032705131433982,-0.02494682701760023
source/12kHz_FE_data/OR/Orthogonal/0014/OR014@3_1.mat::w0001,source/12kHz_FE_data/OR/Orthogonal/0014/OR014@3_1.mat,source/12kHz_FE_data/OR/Orthogonal/0014/OR014@3_1.mat,source,train,1,True,1,12000,24000,1,2,-1.660168676072641e-05,0,False,0.1,0.11154316941256576,0.08714567677974605,0.985656367265469,4.931838114174936,3.4654812040584924,-0.016304689721486115
source/12kHz_FE_data/OR/Orthogonal/0014/OR014@3_1.mat::w0002,source/12kHz_FE_data/OR/Orthogonal/0014/OR014@3_1.mat,source/12kHz_FE_data/OR/Orthogonal/0014/OR014@3_1.mat,source,train,1,True,2,24000,36000,2,3,-0.0001018124485704403,0,False,0.1,0.11500350192618856,0.08900792263366435,1.0041739720558882,4.683832886991895,3.74108722167056,-0.014304300927966902
source/12kHz_FE_data/OR/Orthogonal/0014/OR014@3_1.mat::w0003,source/12kHz_FE_data/OR/Orthogonal/0014/OR014@3_1.mat,source/12kHz_FE_data/OR/Orthogonal/0014/OR014@3_1.mat,source,train,1,True,3,36000,48000,3,4,-6.395152708008762e-05,0,False,0.1,0.11418953877737306,0.08853449334436239,1.0043364071856287,4.411713173223011,3.684605052859622,-0.015545854020266715
source/12kHz_FE_data/OR/Orthogonal/0014/OR014@3_1.mat::w0004,source/12kHz_FE_data/OR/Orthogonal/0014/OR014@3_1.mat,source/12kHz_FE_data/OR/Orthogonal/0014/OR014@3_1.mat,source,train,1,True,4,48000,60000,4,5,-5.335263486451854e-05,0,False,0.1,0.11777638460939777,0.0917620832549573,1.0594019161676647,4.940832499619529,3.5878773210086146,-0.033247272065105984
source/12kHz_FE_data/OR/Orthogonal/0014/OR014@3_1.mat::w0005,source/12kHz_FE_data/OR/Orthogonal/0014/OR014@3_1.mat,source/12kHz_FE_data/OR/Orthogonal/0014/OR014@3_1.mat,source,train,1,True,5,60000,72000,5,6,-4.6246097938370796e-05,0,False,0.1,0.1163317881758483,0.09053993421402971,1.0057983233532934,4.330623691058591,3.598924468529552,-0.032822434981720126
source/12kHz_FE_data/OR/Orthogonal/0014/OR014@3_1.mat::w0006,source/12kHz_FE_data/OR/Orthogonal/0014/OR014@3_1.mat,source/12kHz_FE_data/OR/Orthogonal/0014/OR014@3_1.mat,source,train,1,True,6,72000,84000,6,7,-1.683180319452511e-05,0,False,0.1,0.1188192459009796,0.09178415426582945,1.276740119760479,5.712553061382668,3.9367091597367536,0.00035007688756672785
source/12kHz_FE_data/OR/Orthogonal/0014/OR014@3_1.mat::w0007,source/12kHz_FE_data/OR/Orthogonal/0014/OR014@3_1.mat,source/12kHz_FE_data/OR/Orthogonal/0014/OR014@3_1.mat,source,train,1,True,7,84000,96000,7,8,0.00023490203912084428,0,False,0.1,0.12076782693628366,0.09260559264244288,1.2101417165668662,5.205509666719858,4.098794155569102,-0.07274424388028751
source/12kHz_FE_data/OR/Orthogonal/0014/OR014@3_1.mat::w0008,source/12kHz_FE_data/OR/Orthogonal/0014/OR014@3_1.mat,source/12kHz_FE_data/OR/Orthogonal/0014/OR014@3_1.mat,source,train,1,True,8,96000,108000,8,9,0.00014617184950008546,0,False,0.1,0.1196944556294005,0.09180929947207805,1.234506986027944,5.303018355765705,3.9435990555394365,0.02824295292002462
source/12kHz_FE_data/OR/Orthogonal/0014/OR014@3_1.mat::w0009,source/12kHz_FE_data/OR/Orthogonal/0014/OR014@3_1.mat,source/12kHz_FE_data/OR/Orthogonal/0014/OR014@3_1.mat,source,train,1,True,9,108000,120000,9,10,-4.1359507785343736e-05,0,False,0.1,0.11925300965073013,0.0925925110826802,1.1104065469061877,5.00095595902801,3.747935345413589,-0.00799247180529648
source/12kHz_FE_data/OR/Orthogonal/0014/OR014@3_2.mat::w0000,source/12kHz_FE_data/OR/Orthogonal/0014/OR014@3_2.mat,source/12kHz_FE_data/OR/Orthogonal/0014/OR014@3_2.mat,source,validation,1,True,0,0,12000,0,1,8.074548777445349e-05,0,False,0.125,0.22399595656357868,0.16109298308532932,2.0554541317365267,4.74969890159743,4.9859900285264045,0.01001974283288308
source/12kHz_FE_data/OR/Orthogonal/0014/OR014@3_2.mat::w0001,source/12kHz_FE_data/OR/Orthogonal/0014/OR014@3_2.mat,source/12kHz_FE_data/OR/Orthogonal/0014/OR014@3_2.mat,source,validation,1,True,1,12000,24000,1,2,0.00010263362150698854,0,False,0.125,0.2232604052963571,0.1602399910620958,1.974074131736527,4.5848145226833745,4.969384981025181,0.018869279733764337
source/12kHz_FE_data/OR/Orthogonal/0014/OR014@3_2.mat::w0002,source/12kHz_FE_data/OR/Orthogonal/0014/OR014@3_2.mat,source/12kHz_FE_data/OR/Orthogonal/0014/OR014@3_2.mat,source,validation,1,True,2,24000,36000,2,3,9.862688830672246e-05,0,False,0.125,0.22307023332312712,0.16143539761123085,1.945647984031936,4.422716249488011,4.685766356949347,0.0022702415328774315
source/12kHz_FE_data/OR/Orthogonal/0014/OR014@3_2.mat::w0003,source/12kHz_FE_data/OR/Orthogonal/0014/OR014@3_2.mat,source/12kHz_FE_data/OR/Orthogonal/0014/OR014@3_2.mat,source,validation,1,True,3,36000,48000,3,4,3.0877902944114236e-05,0,False,0.125,0.22770052673746832,0.16490204861750335,1.9622163672654689,4.358643962304604,4.7258045491886875,0.013714159607193192
source/12kHz_FE_data/OR/Orthogonal/0014/OR014@3_2.mat::w0004,source/12kHz_FE_data/OR/Orthogonal/0014/OR014@3_2.mat,source/12kHz_FE_data/OR/Orthogonal/0014/OR014@3_2.mat,source,validation,1,True,4,48000,60000,4,5,-0.00011978067989021644,0,False,0.125,0.23502153285727267,0.1695530571391101,2.1478797205588824,4.728151369601978,4.735584183623943,0.011635146951157227
source/12kHz_FE_data/OR/Orthogonal/0014/OR014@3_2.mat::w0005,source/12kHz_FE_data/OR/Orthogonal/0014/OR014@3_2.mat,source/12kHz_FE_data/OR/Orthogonal/0014/OR014@3_2.mat,source,validation,1,True,5,60000,72000,5,6,-7.477261269128171e-05,0,False,0.125,0.23977373660544024,0.1717527971151974,2.080144271457086,4.375842766707691,4.843804792369981,0.0022975607271284795
source/12kHz_FE_data/OR/Orthogonal/0014/OR014@3_2.mat::w0006,source/12kHz_FE_data/OR/Orthogonal/0014/OR014@3_2.mat,source/12kHz_FE_data/OR/Orthogonal/0014/OR014@3_2.mat,source,validation,1,True,6,72000,84000,6,7,-0.00014452496465402318,0,False,0.125,0.24508728858522544,0.17567147157401197,2.1023978842315367,4.345189834613172,4.860587635503173,0.009079287109848178
source/12kHz_FE_data/OR/Orthogonal/0014/OR014@3_2.mat::w0007,source/12kHz_FE_data/OR/Orthogonal/0014/OR014@3_2.mat,source/12kHz_FE_data/OR/Orthogonal/0014/OR014@3_2.mat,source,validation,1,True,7,84000,96000,7,8,2.619435670326248e-05,0,False,0.125,0.24982716641082076,0.17738686750895985,2.239330698602794,4.526694152936115,4.942819344273746,0.011137165865189771
source/12kHz_FE_data/OR/Orthogonal/0014/OR014@3_3.mat::w0000,source/12kHz_FE_data/OR/Orthogonal/0014/OR014@3_3.mat,source/12kHz_FE_data/OR/Orthogonal/0014/OR014@3_3.mat,source,train,1,True,0,0,12000,0,1,0.000295960190452429,0,False,0.125,0.2841501009793337,0.20128094659406628,2.443998962075848,4.492118431194336,4.86712888291921,0.02441447194345198
source/12kHz_FE_data/OR/Orthogonal/0014/OR014@3_3.mat::w0001,source/12kHz_FE_data/OR/Orthogonal/0014/OR014@3_3.mat,source/12kHz_FE_data/OR/Orthogonal/0014/OR014@3_3.mat,source,train,1,True,1,12000,24000,1,2,0.000721161215069861,0,False,0.125,0.2835610251560084,0.20182499629543246,2.465115528942116,4.3813621635875295,4.738938056052666,0.030320038474266654
source/12kHz_FE_data/OR/Orthogonal/0014/OR014@3_3.mat::w0002,source/12kHz_FE_data/OR/Orthogonal/0014/OR014@3_3.mat,source/12kHz_FE_data/OR/Orthogonal/0014/OR014@3_3.mat,source,train,1,True,2,24000,36000,2,3,0.00048036467149035306,0,False,0.125,0.2903383540923946,0.20629225213628796,2.4883437524950103,4.542878754682125,4.6866492578298375,0.024138947337494637
source/12kHz_FE_data/OR/Orthogonal/0014/OR014@3_3.mat::w0003,source/12kHz_FE_data/OR/Orthogonal/0014/OR014@3_3.mat,source/12kHz_FE_data/OR/Orthogonal/0014/OR014@3_3.mat,source,train,1,True,3,36000,48000,3,4,-0.00017488510562208823,0,False,0.125,0.2881742339573909,0.20582454045977489,2.3428018762475045,4.140169673744573,4.592145247373079,0.028005759211923796
source/12kHz_FE_data/OR/Orthogonal/0014/OR014@3_3.mat::w0004,source/12kHz_FE_data/OR/Orthogonal/0014/OR014@3_3.mat,source/12kHz_FE_data/OR/Orthogonal/0014/OR014@3_3.mat,source,train,1,True,4,48000,60000,4,5,-0.0005043306212574845,0,False,0.125,0.29578041401379834,0.2081410497692349,2.697885069860279,4.919536909041899,4.88707764204196,0.030720391576163356
source/12kHz_FE_data/OR/Orthogonal/0014/OR014@3_3.mat::w0005,source/12kHz_FE_data/OR/Orthogonal/0014/OR014@3_3.mat,source/12kHz_FE_data/OR/Orthogonal/0014/OR014@3_3.mat,source,train,1,True,5,60000,72000,5,6,-0.0006013585387558214,0,False,0.125,0.29420037393794385,0.20830855495058329,2.5880789221556886,4.6669128852670365,4.83812145776206,0.03330959104475509
source/12kHz_FE_data/OR/Orthogonal/0014/OR014@3_3.mat::w0006,source/12kHz_FE_data/OR/Orthogonal/0014/OR014@3_3.mat,source/12kHz_FE_data/OR/Orthogonal/0014/OR014@3_3.mat,source,train,1,True,6,72000,84000,6,7,-0.00034178720143047156,0,False,0.125,0.2816538385454934,0.199273506206609,2.376588383233533,4.353106028378587,4.890530658686851,0.03425602658164425
source/12kHz_FE_data/OR/Orthogonal/0014/OR014@3_3.mat::w0007,source/12kHz_FE_data/OR/Orthogonal/0014/OR014@3_3.mat,source/12kHz_FE_data/OR/Orthogonal/0014/OR014@3_3.mat,source,train,1,True,7,84000,96000,7,8,0.00012487539005322722,0,False,0.125,0.2813194208291823,0.20223918997567644,2.3718777644710576,4.230170327295985,4.4407723715278005,0.016251804615114322
source/12kHz_FE_data/OR/Orthogonal/0021/OR021@3_1.mat::w0000,source/12kHz_FE_data/OR/Orthogonal/0021/OR021@3_1.mat,source/12kHz_FE_data/OR/Orthogonal/0021/OR021@3_1.mat,source,validation,1,True,0,0,12000,0,1,-0.00015003506882069466,0,False,0.125,0.10294092789239173,0.08002184849077872,0.9181645708582835,4.754721747759502,3.581771075712038,-0.017693518494390856
source/12kHz_FE_data/OR/Orthogonal/0021/OR021@3_1.mat::w0001,source/12kHz_FE_data/OR/Orthogonal/0021/OR021@3_1.mat,source/12kHz_FE_data/OR/Orthogonal/0021/OR021@3_1.mat,source,validation,1,True,1,12000,24000,1,2,-0.00015026518525449394,0,False,0.125,0.1035083112813596,0.08094298471645375,0.8984287025948103,4.639206553834783,3.4310028730558995,-0.021933698043634858
source/12kHz_FE_data/OR/Orthogonal/0021/OR021@3_1.mat::w0002,source/12kHz_FE_data/OR/Orthogonal/0021/OR021@3_1.mat,source/12kHz_FE_data/OR/Orthogonal/0021/OR021@3_1.mat,source,validation,1,True,2,24000,36000,2,3,-3.800220621257776e-05,0,False,0.125,0.10195293299715047,0.07966145764695608,0.855708263473054,4.60831895043926,3.458431672219959,-0.026276482654154148
source/12kHz_FE_data/OR/Orthogonal/0021/OR021@3_1.mat::w0003,source/12kHz_FE_data/OR/Orthogonal/0021/OR021@3_1.mat,source/12kHz_FE_data/OR/Orthogonal/0021/OR021@3_1.mat,source,validation,1,True,3,36000,48000,3,4,1.0301940494009085e-05,0,False,0.125,0.10157400180545559,0.0796933071116359,0.856033133732535,4.364520307734429,3.3469570938200506,0.004197627306074753
source/12kHz_FE_data/OR/Orthogonal/0021/OR021@3_1.mat::w0004,source/12kHz_FE_data/OR/Orthogonal/0021/OR021@3_1.mat,source/12kHz_FE_data/OR/Orthogonal/0021/OR021@3_1.mat,source,validation,1,True,4,48000,60000,4,5,0.00021971466338156724,0,False,0.125,0.1008149450205957,0.07910677693633954,0.8684594211576846,4.596833432178042,3.296818537294609,-0.009238134849664504
source/12kHz_FE_data/OR/Orthogonal/0021/OR021@3_1.mat::w0005,source/12kHz_FE_data/OR/Orthogonal/0021/OR021@3_1.mat,source/12kHz_FE_data/OR/Orthogonal/0021/OR021@3_1.mat,source,validation,1,True,5,60000,72000,5,6,2.6998918205253413e-05,0,False,0.125,0.09976944291849936,0.07801347988694887,0.8592818363273453,4.5540923215003195,3.3484837316841105,-0.011607598363662843
source/12kHz_FE_data/OR/Orthogonal/0021/OR021@3_1.mat::w0006,source/12kHz_FE_data/OR/Orthogonal/0021/OR021@3_1.mat,source/12kHz_FE_data/OR/Orthogonal/0021/OR021@3_1.mat,source,validation,1,True,6,72000,84000,6,7,-1.578243409015585e-05,0,False,0.125,0.09819597945278542,0.07712993550333168,0.8439317165668663,4.946969299327526,3.28320323304381,-0.030595102332955284
source/12kHz_FE_data/OR/Orthogonal/0021/OR021@3_1.mat::w0007,source/12kHz_FE_data/OR/Orthogonal/0021/OR021@3_1.mat,source/12kHz_FE_data/OR/Orthogonal/0021/OR021@3_1.mat,source,validation,1,True,7,84000,96000,7,8,9.706937229707025e-05,0,False,0.125,0.09746050873618671,0.07623706798059963,0.8404393612774452,4.692123718338332,3.4785100120842416,-0.05664990454904996
source/12kHz_FE_data/OR/Orthogonal/0021/OR021@3_2.mat::w0000,source/12kHz_FE_data/OR/Orthogonal/0021/OR021@3_2.mat,source/12kHz_FE_data/OR/Orthogonal/0021/OR021@3_2.mat,source,test,1,True,0,0,12000,0,1,-1.2647943695943127e-05,0,False,0.125,0.08526701941344063,0.06694787340522067,0.7885413373253493,4.882537227844689,3.3929161063436495,-0.061215200912990424
source/12kHz_FE_data/OR/Orthogonal/0021/OR021@3_2.mat::w0001,source/12kHz_FE_data/OR/Orthogonal/0021/OR021@3_2.mat,source/12kHz_FE_data/OR/Orthogonal/0021/OR021@3_2.mat,source,test,1,True,1,12000,24000,1,2,-2.349048860612271e-05,0,False,0.125,0.08645313795824648,0.06860892706457751,0.7317702594810379,4.314056726786934,3.141327725537343,-0.028411160607358408
source/12kHz_FE_data/OR/Orthogonal/0021/OR021@3_2.mat::w0002,source/12kHz_FE_data/OR/Orthogonal/0021/OR021@3_2.mat,source/12kHz_FE_data/OR/Orthogonal/0021/OR021@3_2.mat,source,test,1,True,2,24000,36000,2,3,-0.0001014119739687307,0,False,0.125,0.08510522700211555,0.06696006620455505,0.7236485029940121,4.470875848916242,3.4238346627669793,-0.08220219714374123
source/12kHz_FE_data/OR/Orthogonal/0021/OR021@3_2.mat::w0003,source/12kHz_FE_data/OR/Orthogonal/0021/OR021@3_2.mat,source/12kHz_FE_data/OR/Orthogonal/0021/OR021@3_2.mat,source,test,1,True,3,36000,48000,3,4,-0.00012519518421490492,0,False,0.125,0.08390616416474468,0.06624333990281547,0.7708359081836327,4.738722487861464,3.33344182410766,-0.048462717726959495
source/12kHz_FE_data/OR/Orthogonal/0021/OR021@3_2.mat::w0004,source/12kHz_FE_data/OR/Orthogonal/0021/OR021@3_2.mat,source/12kHz_FE_data/OR/Orthogonal/0021/OR021@3_2.mat,source,test,1,True,4,48000,60000,4,5,1.4850970143045822e-05,0,False,0.125,0.08367319470507616,0.06644337132127551,0.6590805389221557,4.04537144290892,3.0890341519689803,0.004109551889304777
source/12kHz_FE_data/OR/Orthogonal/0021/OR021@3_2.mat::w0005,source/12kHz_FE_data/OR/Orthogonal/0021/OR021@3_2.mat,source/12kHz_FE_data/OR/Orthogonal/0021/OR021@3_2.mat,source,test,1,True,5,60000,72000,5,6,3.284742889221417e-05,0,False,0.125,0.08757258315556372,0.06923886964475216,0.7292525149700599,4.310272288333571,3.22639097406852,0.008629526259956105
source/12kHz_FE_data/OR/Orthogonal/0021/OR021@3_2.mat::w0006,source/12kHz_FE_data/OR/Orthogonal/0021/OR021@3_2.mat,source/12kHz_FE_data/OR/Orthogonal/0021/OR021@3_2.mat,source,test,1,True,6,72000,84000,6,7,1.8377166084496596e-05,0,False,0.125,0.08698145652551358,0.0683726304974939,0.7647445908183632,4.510271938095107,3.4534115112080084,-0.05717495607497268
source/12kHz_FE_data/OR/Orthogonal/0021/OR021@3_2.mat::w0007,source/12kHz_FE_data/OR/Orthogonal/0021/OR021@3_2.mat,source/12kHz_FE_data/OR/Orthogonal/0021/OR021@3_2.mat,source,test,1,True,7,84000,96000,7,8,0.00019667002536593318,0,False,0.125,0.08840727926901872,0.06941545952398122,0.7642572854291417,4.835496458602551,3.4081392428225055,-0.05157732588270851
source/12kHz_FE_data/OR/Orthogonal/0021/OR021@3_3.mat::w0000,source/12kHz_FE_data/OR/Orthogonal/0021/OR021@3_3.mat,source/12kHz_FE_data/OR/Orthogonal/0021/OR021@3_3.mat,source,validation,1,True,0,0,12000,0,1,7.204928621922877e-05,0,False,0.125,0.10477569954398201,0.08167723668804751,0.9620220558882235,4.659684398972791,3.6578836580511354,0.010022320976815708
source/12kHz_FE_data/OR/Orthogonal/0021/OR021@3_3.mat::w0001,source/12kHz_FE_data/OR/Orthogonal/0021/OR021@3_3.mat,source/12kHz_FE_data/OR/Orthogonal/0021/OR021@3_3.mat,source,validation,1,True,1,12000,24000,1,2,0.00021568254969228225,0,False,0.125,0.10294318840230149,0.07992764240763446,0.9576363073852295,4.745525682868131,3.6958894504539965,-0.024450693009221473
source/12kHz_FE_data/OR/Orthogonal/0021/OR021@3_3.mat::w0002,source/12kHz_FE_data/OR/Orthogonal/0021/OR021@3_3.mat,source/12kHz_FE_data/OR/Orthogonal/0021/OR021@3_3.mat,source,validation,1,True,2,24000,36000,2,3,8.432667477544923e-05,0,False,0.125,0.10658531622275914,0.08361716985791251,0.9757478243512974,4.8252876333695545,3.4902600288604693,-0.014904287452386929
source/12kHz_FE_data/OR/Orthogonal/0021/OR021@3_3.mat::w0003,source/12kHz_FE_data/OR/Orthogonal/0021/OR021@3_3.mat,source/12kHz_FE_data/OR/Orthogonal/0021/OR021@3_3.mat,source,validation,1,True,3,36000,48000,3,4,2.3298442905855064e-05,0,False,0.125,0.1067833241652313,0.08296271621823575,0.9180833532934132,4.4823567185612525,3.6423101838906065,-0.03290399181708675
source/12kHz_FE_data/OR/Orthogonal/0021/OR021@3_3.mat::w0004,source/12kHz_FE_data/OR/Orthogonal/0021/OR021@3_3.mat,source/12kHz_FE_data/OR/Orthogonal/0021/OR021@3_3.mat,source,validation,1,True,4,48000,60000,4,5,4.144633857285527e-06,0,False,0.125,0.10878351256917382,0.0832703808930539,1.2229740918163672,5.832010819030196,4.528848724665694,-0.004542455418031127
source/12kHz_FE_data/OR/Orthogonal/0021/OR021@3_3.mat::w0005,source/12kHz_FE_data/OR/Orthogonal/0021/OR021@3_3.mat,source/12kHz_FE_data/OR/Orthogonal/0021/OR021@3_3.mat,source,validation,1,True,5,60000,72000,5,6,-0.0001786354958832334,0,False,0.125,0.10755040433293396,0.08431189078949268,0.9381440918163673,4.544689408233857,3.429415393216915,-0.01937180651023102
source/12kHz_FE_data/OR/Orthogonal/0021/OR021@3_3.mat::w0006,source/12kHz_FE_data/OR/Orthogonal/0021/OR021@3_3.mat,source/12kHz_FE_data/OR/Orthogonal/0021/OR021@3_3.mat,source,validation,1,True,6,72000,84000,6,7,-0.0002753317749916831,0,False,0.125,0.10798460966484276,0.08379185790941783,1.1019599201596804,5.237779002319501,3.776266598705839,0.008833885001642767
source/12kHz_FE_data/OR/Orthogonal/0021/OR021@3_3.mat::w0007,source/12kHz_FE_data/OR/Orthogonal/0021/OR021@3_3.mat,source/12kHz_FE_data/OR/Orthogonal/0021/OR021@3_3.mat,source,validation,1,True,7,84000,96000,7,8,5.446568342481711e-05,0,False,0.125,0.11817171998965206,0.09119287472309602,1.103990359281437,4.742993854514179,3.7998582128257308,-0.015688425707901753
source/48kHz_DE_data/B/0007/B007_0.mat::w0000,source/48kHz_DE_data/B/0007/B007_0.mat,source/48kHz_DE_data/B/0007/B007_0.mat,source,test,3,True,0,0,12000,0,1,7.777700426722196e-05,0,True,0.25,0.1470478590493597,0.11666613773625314,1.089559216608655,3.7571209446893654,3.119526030647794,-0.02497231004179898
source/48kHz_DE_data/B/0007/B007_0.mat::w0001,source/48kHz_DE_data/B/0007/B007_0.mat,source/48kHz_DE_data/B/0007/B007_0.mat,source,test,3,True,1,12000,24000,1,2,7.104105785632334e-05,0,False,0.25,0.14660149581200851,0.11556403571867868,1.2359263151186908,4.783517711428409,3.208423708230711,-0.01809895856394442
source/48kHz_DE_data/B/0007/B007_0.mat::w0002,source/48kHz_DE_data/B/0007/B007_0.mat,source/48kHz_DE_data/B/0007/B007_0.mat,source,test,3,True,2,24000,36000,2,3,0.001133821970910036,0,False,0.25,0.14463792314871743,0.11496704734444965,1.2142880733092953,4.397664623749093,3.1031530873175095,-0.020965041263323055
source/48kHz_DE_data/B/0007/B007_0.mat::w0003,source/48kHz_DE_data/B/0007/B007_0.mat,source/48kHz_DE_data/B/0007/B007_0.mat,source,test,3,True,3,36000,48000,3,4,-0.0012814502798843262,0,True,0.25,0.14338580020266592,0.11328072355194374,1.117987412931888,4.190861373440153,3.209625797995685,-0.02612678379819843
source/48kHz_DE_data/B/0007/B007_1.mat::w0000,source/48kHz_DE_data/B/0007/B007_1.mat,source/48kHz_DE_data/B/0007/B007_1.mat,source,validation,3,True,0,0,12000,0,1,-0.0021560534287006516,0,True,0.25,0.13862570836280463,0.1099640911173312,1.0952459856025758,4.036540487883118,3.0360341199348366,-0.022014164347795944
source/48kHz_DE_data/B/0007/B007_1.mat::w0001,source/48kHz_DE_data/B/0007/B007_1.mat,source/48kHz_DE_data/B/0007/B007_1.mat,source,validation,3,True,1,12000,24000,1,2,-4.3986549953413615e-05,0,False,0.25,0.14124929507594083,0.11255506537042076,1.0321271133077845,3.68114096563468,2.972191382194159,-0.0036021214101494862
source/48kHz_DE_data/B/0007/B007_1.mat::w0002,source/48kHz_DE_data/B/0007/B007_1.mat,source/48kHz_DE_data/B/0007/B007_1.mat,source,validation,3,True,2,24000,36000,2,3,0.0012236513586360708,0,False,0.25,0.14029543211565323,0.11105881900943029,1.1073531947549207,4.065984624269471,3.141377651476665,0.005318288306967858
source/48kHz_DE_data/B/0007/B007_1.mat::w0003,source/48kHz_DE_data/B/0007/B007_1.mat,source/48kHz_DE_data/B/0007/B007_1.mat,source,validation,3,True,3,36000,48000,3,4,0.0009616556055973878,0,True,0.25,0.14121549278663217,0.11245374321172953,1.1439250674587282,4.177924169889911,3.0776725401286953,0.0310281788797037
source/48kHz_DE_data/B/0007/B007_2.mat::w0000,source/48kHz_DE_data/B/0007/B007_2.mat,source/48kHz_DE_data/B/0007/B007_2.mat,source,validation,3,True,0,0,12000,0,1,0.000721510985621029,0,True,0.25,0.13602205476423737,0.10861471773504601,0.9921836398902419,3.6605793637702875,3.035084821114969,0.03247805056060483
source/48kHz_DE_data/B/0007/B007_2.mat::w0001,source/48kHz_DE_data/B/0007/B007_2.mat,source/48kHz_DE_data/B/0007/B007_2.mat,source,validation,3,True,1,12000,24000,1,2,-0.0020869208997429793,0,False,0.25,0.1354768078753254,0.10774786401291139,1.0913552691140487,4.082228598602222,3.080429619932138,-0.008473155540409385
source/48kHz_DE_data/B/0007/B007_2.mat::w0002,source/48kHz_DE_data/B/0007/B007_2.mat,source/48kHz_DE_data/B/0007/B007_2.mat,source,validation,3,True,2,24000,36000,2,3,0.00023455369958040774,0,False,0.25,0.14332287572104604,0.11423403589190351,1.136438375231838,4.102868224376403,3.0481442367833465,-0.008194776517221334
source/48kHz_DE_data/B/0007/B007_2.mat::w0003,source/48kHz_DE_data/B/0007/B007_2.mat,source/48kHz_DE_data/B/0007/B007_2.mat,source,validation,3,True,3,36000,48000,3,4,0.0011247687765373361,0,True,0.25,0.14129265296260737,0.11248682358102247,1.3139957493782244,4.906792750311055,3.2268499275626708,-0.012284600464422276
source/48kHz_DE_data/B/0007/B007_3.mat::w0000,source/48kHz_DE_data/B/0007/B007_3.mat,source/48kHz_DE_data/B/0007/B007_3.mat,source,train,3,True,0,0,12000,0,1,-0.0015315429654906183,0,True,0.25,0.14341714273989048,0.11416292808764429,1.0742484583473055,3.787142285944985,3.0114445764806783,0.03262569612031927
source/48kHz_DE_data/B/0007/B007_3.mat::w0001,source/48kHz_DE_data/B/0007/B007_3.mat,source/48kHz_DE_data/B/0007/B007_3.mat,source,train,3,True,1,12000,24000,1,2,0.0005387829604518303,0,False,0.25,0.1413143510962389,0.11304008822306666,1.090875135557642,4.100410696073279,2.943604200920809,0.02243213760511383
source/48kHz_DE_data/B/0007/B007_3.mat::w0002,source/48kHz_DE_data/B/0007/B007_3.mat,source/48kHz_DE_data/B/0007/B007_3.mat,source,train,3,True,2,24000,36000,2,3,-3.4989784516317584e-05,0,False,0.25,0.13758148626348893,0.10923899724237916,1.119905860041107,4.3882359201374,3.129438424718275,0.02069083089890326
source/48kHz_DE_data/B/0007/B007_3.mat::w0003,source/48kHz_DE_data/B/0007/B007_3.mat,source/48kHz_DE_data/B/0007/B007_3.mat,source,train,3,True,3,36000,48000,3,4,0.0010329461494199758,0,True,0.25,0.13905759380294497,0.11082917936805964,1.1754533715597963,4.613658930897662,2.9917825883724545,-0.015270507500585204
source/48kHz_DE_data/B/0014/B014_0.mat::w0000,source/48kHz_DE_data/B/0014/B014_0.mat,source/48kHz_DE_data/B/0014/B014_0.mat,source,train,3,True,0,0,12000,0,1,0.0035189212866981756,0,True,0.25,0.12595704361520987,0.09007181199308316,2.0499750200242657,8.209803042818836,8.147796532516438,-0.05005573028292296
source/48kHz_DE_data/B/0014/B014_0.mat::w0001,source/48kHz_DE_data/B/0014/B014_0.mat,source/48kHz_DE_data/B/0014/B014_0.mat,source,train,3,True,1,12000,24000,1,2,-0.0006485644158200181,0,False,0.25,0.14542093522904487,0.09664234454599406,2.524778971052445,8.734091827576536,14.148176182375016,-0.025784590388910483
source/48kHz_DE_data/B/0014/B014_0.mat::w0002,source/48kHz_DE_data/B/0014/B014_0.mat,source/48kHz_DE_data/B/0014/B014_0.mat,source,train,3,True,2,24000,36000,2,3,-0.0021747592377758204,0,False,0.25,0.13117326804785945,0.09143007013744497,2.127032775540555,8.197144976910945,10.519949791564938,0.06764402577790211
source/48kHz_DE_data/B/0014/B014_0.mat::w0003,source/48kHz_DE_data/B/0014/B014_0.mat,source/48kHz_DE_data/B/0014/B014_0.mat,source,train,3,True,3,36000,48000,3,4,-0.0006994318215771826,0,True,0.25,0.14966762834634806,0.10302589735762432,2.163494594829377,7.380261049123232,9.212281571359668,-0.016609609001058553
source/48kHz_DE_data/B/0014/B014_1.mat::w0000,source/48kHz_DE_data/B/0014/B014_1.mat,source/48kHz_DE_data/B/0014/B014_1.mat,source,train,3,True,0,0,12000,0,1,-0.00021060406463781615,0,True,0.25,0.16762853226888882,0.11352493589456278,3.9175241609927416,12.807872887635131,14.99371975628537,0.1745597710983632
source/48kHz_DE_data/B/0014/B014_1.mat::w0001,source/48kHz_DE_data/B/0014/B014_1.mat,source/48kHz_DE_data/B/0014/B014_1.mat,source,train,3,True,1,12000,24000,1,2,-0.0013787136504411256,0,False,0.25,0.1379833707175201,0.09526747242786629,3.4594901430296607,13.47554167984676,17.701986836663757,-0.057815802470162075
source/48kHz_DE_data/B/0014/B014_1.mat::w0002,source/48kHz_DE_data/B/0014/B014_1.mat,source/48kHz_DE_data/B/0014/B014_1.mat,source,train,3,True,2,24000,36000,2,3,0.001318472106765404,0,False,0.25,0.13674439229967664,0.09606610513546333,2.0371702227144324,8.114979132337739,8.777719766724864,0.04678058607087724
source/48kHz_DE_data/B/0014/B014_1.mat::w0003,source/48kHz_DE_data/B/0014/B014_1.mat,source/48kHz_DE_data/B/0014/B014_1.mat,source,train,3,True,3,36000,48000,3,4,0.0002712499021485967,0,True,0.25,0.15354134644812134,0.10888634205907267,2.652974600324675,10.096997093653584,9.481661406961326,0.30029903613256065
source/48kHz_DE_data/B/0014/B014_2.mat::w0000,source/48kHz_DE_data/B/0014/B014_2.mat,source/48kHz_DE_data/B/0014/B014_2.mat,source,train,3,True,0,0,12000,0,1,-0.00021405609350530768,0,True,0.25,0.13635556983485703,0.09246576987971342,3.52420698649549,13.451601752626063,19.450223077828905,0.2376511549140882
source/48kHz_DE_data/B/0014/B014_2.mat::w0001,source/48kHz_DE_data/B/0014/B014_2.mat,source/48kHz_DE_data/B/0014/B014_2.mat,source,train,3,True,1,12000,24000,1,2,0.0013945697781351416,0,False,0.25,0.1765276954499183,0.11551490433193373,5.313900718238767,16.593660391014136,27.636061892609,0.3784957929222805
source/48kHz_DE_data/B/0014/B014_2.mat::w0002,source/48kHz_DE_data/B/0014/B014_2.mat,source/48kHz_DE_data/B/0014/B014_2.mat,source,train,3,True,2,24000,36000,2,3,-0.00149383507756064,0,False,0.25,0.1790289204076701,0.1124656066647292,4.407615445578189,12.775033547100202,26.98204834872269,0.09728652692877233
source/48kHz_DE_data/B/0014/B014_2.mat::w0003,source/48kHz_DE_data/B/0014/B014_2.mat,source/48kHz_DE_data/B/0014/B014_2.mat,source,train,3,True,3,36000,48000,3,4,0.00030229223644484565,0,True,0.25,0.13053845532546143,0.09301526927395863,2.1061556244085753,8.105427686147587,8.054810125745336,0.02029006178156054
source/48kHz_DE_data/B/0014/B014_3.mat::w0000,source/48kHz_DE_data/B/0014/B014_3.mat,source/48kHz_DE_data/B/0014/B014_3.mat,source,test,3,True,0,0,12000,0,1,-0.00019255277245109004,0,True,0.25,0.1693831858746247,0.11837580798199997,2.989242193054408,9.801432013384835,9.742289495797333,0.21877862677919768
source/48kHz_DE_data/B/0014/B014_3.mat::w0001,source/48kHz_DE_data/B/0014/B014_3.mat,source/48kHz_DE_data/B/0014/B014_3.mat,source,test,3,True,1,12000,24000,1,2,-0.0002218298571990113,0,False,0.25,0.17496903341565703,0.11760379290917232,3.7906370809922274,11.799592905496535,19.056785367782393,0.2540307966680996
source/48kHz_DE_data/B/0014/B014_3.mat::w0002,source/48kHz_DE_data/B/0014/B014_3.mat,source/48kHz_DE_data/B/0014/B014_3.mat,source,test,3,True,2,24000,36000,2,3,6.0406802681252016e-05,0,False,0.25,0.18197509800809453,0.11967123555421123,3.636298510849163,11.42689869191183,17.516881553413544,0.4640235829322287
source/48kHz_DE_data/B/0014/B014_3.mat::w0003,source/48kHz_DE_data/B/0014/B014_3.mat,source/48kHz_DE_data/B/0014/B014_3.mat,source,test,3,True,3,36000,48000,3,4,0.0003446564003217868,0,True,0.25,0.15229306994197492,0.11025220694786536,2.333471156004057,7.690046274412312,7.896474423976135,0.0019321061569666162
source/48kHz_DE_data/B/0021/B021_0.mat::w0000,source/48kHz_DE_data/B/0021/B021_0.mat,source/48kHz_DE_data/B/0021/B021_0.mat,source,train,3,True,0,0,12000,0,1,0.03476189059693977,0,True,0.25,0.34235979743388045,0.2736490284583073,2.733409948280925,4.025447828189874,3.004720545681605,0.022057114007169257
source/48kHz_DE_data/B/0021/B021_0.mat::w0001,source/48kHz_DE_data/B/0021/B021_0.mat,source/48kHz_DE_data/B/0021/B021_0.mat,source,train,3,True,1,12000,24000,1,2,0.009372064357364327,0,False,0.25,0.37246231894103177,0.2896711887294138,3.875071460472604,5.503532507954095,3.8743076473329014,-0.009271914583878025
source/48kHz_DE_data/B/0021/B021_0.mat::w0002,source/48kHz_DE_data/B/0021/B021_0.mat,source/48kHz_DE_data/B/0021/B021_0.mat,source,train,3,True,2,24000,36000,2,3,-0.010588469836944092,0,False,0.25,0.3474664131638646,0.27760405771289226,2.6872581431567815,4.019535960019959,2.929286028042992,-0.015924495227762306
source/48kHz_DE_data/B/0021/B021_0.mat::w0003,source/48kHz_DE_data/B/0021/B021_0.mat,source/48kHz_DE_data/B/0021/B021_0.mat,source,train,3,True,3,36000,48000,3,4,-0.03353047846325297,0,True,0.25,0.34985334704849574,0.27879606850610544,2.754536528745226,4.204692072552472,2.968192758283194,-0.0058490053819007575
source/48kHz_DE_data/B/0021/B021_1.mat::w0000,source/48kHz_DE_data/B/0021/B021_1.mat,source/48kHz_DE_data/B/0021/B021_1.mat,source,train,3,True,0,0,12000,0,1,-1.1915411770473173e-05,0,True,0.25,0.22285483296556888,0.16130291388975201,3.3417529453174417,7.5748265415657965,8.24330655815021,-0.020943415633748325
source/48kHz_DE_data/B/0021/B021_1.mat::w0001,source/48kHz_DE_data/B/0021/B021_1.mat,source/48kHz_DE_data/B/0021/B021_1.mat,source,train,3,True,1,12000,24000,1,2,0.0010908709979555807,0,False,0.25,0.24979612560598943,0.17236830307062884,4.937820765892601,9.907069487726762,13.135566042258183,0.00783837450156877
source/48kHz_DE_data/B/0021/B021_1.mat::w0002,source/48kHz_DE_data/B/0021/B021_1.mat,source/48kHz_DE_data/B/0021/B021_1.mat,source,train,3,True,2,24000,36000,2,3,0.0005955539217683026,0,False,0.25,0.2114933061535819,0.1591457905906741,2.692653194537161,6.41064098081461,6.128966705273272,0.003534622923663543
source/48kHz_DE_data/B/0021/B021_1.mat::w0003,source/48kHz_DE_data/B/0021/B021_1.mat,source/48kHz_DE_data/B/0021/B021_1.mat,source,train,3,True,3,36000,48000,3,4,-0.0016763171676946829,0,True,0.25,0.2316934484745015,0.1691200193752306,3.641212974527418,8.19366782153649,8.138336892768008,0.03213919041403275
source/48kHz_DE_data/B/0021/B021_2.mat::w0000,source/48kHz_DE_data/B/0021/B021_2.mat,source/48kHz_DE_data/B/0021/B021_2.mat,source,train,3,True,0,0,12000,0,1,-0.0004488503738875337,0,True,0.25,0.3286944013960129,0.2121868939139444,6.710938786318913,10.561399806089035,18.333500443957323,0.06305263489598788
source/48kHz_DE_data/B/0021/B021_2.mat::w0001,source/48kHz_DE_data/B/0021/B021_2.mat,source/48kHz_DE_data/B/0021/B021_2.mat,source,train,3,True,1,12000,24000,1,2,-0.0009924162244035121,2,False,0.25,0.33110990664776224,0.21098471613014452,6.8650320389886605,10.462503711303425,17.258648649422963,0.03872966259877345
source/48kHz_DE_data/B/0021/B021_2.mat::w0002,source/48kHz_DE_data/B/0021/B021_2.mat,source/48kHz_DE_data/B/0021/B021_2.mat,source,train,3,True,2,24000,36000,2,3,-0.0005219451245016357,0,False,0.25,0.3880488663101271,0.24932758244864567,6.505059958572204,8.40809547408406,11.249391241030986,0.029294267210291613
source/48kHz_DE_data/B/0021/B021_2.mat::w0003,source/48kHz_DE_data/B/0021/B021_2.mat,source/48kHz_DE_data/B/0021/B021_2.mat,source,train,3,True,3,36000,48000,3,4,0.0019718075167470895,3,True,0.25,0.28545869223667136,0.18502936770652945,6.657656029302008,11.813444074812214,20.02027429770355,0.05283641450378477
source/48kHz_DE_data/B/0021/B021_3.mat::w0000,source/48kHz_DE_data/B/0021/B021_3.mat,source/48kHz_DE_data/B/0021/B021_3.mat,source,test,3,True,0,0,12000,0,1,0.0020744203345578523,7,True,0.25,0.3243823802326082,0.21130046700063637,6.835884203386968,10.588326400251608,16.667542380326367,0.03715888504107753
source/48kHz_DE_data/B/0021/B021_3.mat::w0001,source/48kHz_DE_data/B/0021/B021_3.mat,source/48kHz_DE_data/B/0021/B021_3.mat,source,test,3,True,1,12000,24000,1,2,0.00071435385008943,3,False,0.25,0.3914035668170217,0.24870862282920364,6.945780909318982,9.03974673388101,14.220697959111643,0.06315873137586779
source/48kHz_DE_data/B/0021/B021_3.mat::w0002,source/48kHz_DE_data/B/0021/B021_3.mat,source/48kHz_DE_data/B/0021/B021_3.mat,source,test,3,True,2,24000,36000,2,3,-0.0026298322454239424,26,False,0.25,0.4164912076392623,0.2595328219553908,7.542755444019975,9.298951650273814,16.383284291801523,0.04140468023149814
source/48kHz_DE_data/B/0021/B021_3.mat::w0003,source/48kHz_DE_data/B/0021/B021_3.mat,source/48kHz_DE_data/B/0021/B021_3.mat,source,test,3,True,3,36000,48000,3,4,-0.00015379495037163923,20,True,0.25,0.36313073750567637,0.22358893713286304,7.527785252122154,10.39884607368996,19.538902022076687,0.060177860311346906
source/48kHz_DE_data/IR/0007/IR007_0.mat::w0000,source/48kHz_DE_data/IR/0007/IR007_0.mat,source/48kHz_DE_data/IR/0007/IR007_0.mat,source,train,2,True,0,0,12000,0,1,0.0016233396379407336,0,True,0.25,0.5779666198186021,0.4122376221045486,5.818416195916145,5.52804069981209,5.9847512906048,0.00748360842931942
source/48kHz_DE_data/IR/0007/IR007_0.mat::w0001,source/48kHz_DE_data/IR/0007/IR007_0.mat,source/48kHz_DE_data/IR/0007/IR007_0.mat,source,train,2,True,1,12000,24000,1,2,0.004558980942378466,0,False,0.25,0.5814342204045341,0.4126370288248319,6.046281720794523,5.3470666659834105,6.248463646048417,-0.004639194637007908
source/48kHz_DE_data/IR/0007/IR007_0.mat::w0002,source/48kHz_DE_data/IR/0007/IR007_0.mat,source/48kHz_DE_data/IR/0007/IR007_0.mat,source,train,2,True,2,24000,36000,2,3,-0.001934546811663202,0,False,0.25,0.5810252890138996,0.4122748943892974,5.881618289456268,5.434931717699362,6.254821070482997,-0.00541677379737564
source/48kHz_DE_data/IR/0007/IR007_0.mat::w0003,source/48kHz_DE_data/IR/0007/IR007_0.mat,source/48kHz_DE_data/IR/0007/IR007_0.mat,source,train,2,True,3,36000,48000,3,4,-0.004267121423080742,0,True,0.25,0.5801548623745096,0.4128202032441749,6.199742569942125,5.547789115439986,6.173888578883362,0.008870652450231924
source/48kHz_DE_data/IR/0007/IR007_1.mat::w0000,source/48kHz_DE_data/IR/0007/IR007_1.mat,source/48kHz_DE_data/IR/0007/IR007_1.mat,source,test,2,True,0,0,12000,0,1,-0.00016399830432811324,0,True,0.25,0.2782110021393575,0.18790427388727804,2.9753353861877376,5.630066997222104,7.578723549393647,-0.08451745302239155
source/48kHz_DE_data/IR/0007/IR007_1.mat::w0001,source/48kHz_DE_data/IR/0007/IR007_1.mat,source/48kHz_DE_data/IR/0007/IR007_1.mat,source,test,2,True,1,12000,24000,1,2,-0.0011517167169377198,0,False,0.25,0.27475252423156943,0.18655519659145026,2.938854232064982,5.38478437368776,7.386786377747723,-0.08741507240112897
source/48kHz_DE_data/IR/0007/IR007_1.mat::w0002,source/48kHz_DE_data/IR/0007/IR007_1.mat,source/48kHz_DE_data/IR/0007/IR007_1.mat,source,test,2,True,2,24000,36000,2,3,0.0011254652379582882,0,False,0.25,0.27436996508735,0.1855547624701163,3.0591687094241786,5.662500558709833,7.71863403694395,-0.16535569021538382
source/48kHz_DE_data/IR/0007/IR007_1.mat::w0003,source/48kHz_DE_data/IR/0007/IR007_1.mat,source/48kHz_DE_data/IR/0007/IR007_1.mat,source,test,2,True,3,36000,48000,3,4,0.0001902357054530793,0,True,0.25,0.2771750640517194,0.18743836907392386,3.1279199854001067,5.6874683371340025,7.720566144256378,-0.13843093273386933
source/48kHz_DE_data/IR/0007/IR007_2.mat::w0000,source/48kHz_DE_data/IR/0007/IR007_2.mat,source/48kHz_DE_data/IR/0007/IR007_2.mat,source,train,2,True,0,0,12000,0,1,-0.001230397120315977,0,True,0.25,0.27812192334058145,0.19085044993985692,3.037188746582954,5.506334124200085,7.417694416969227,-0.0899653044412216
source/48kHz_DE_data/IR/0007/IR007_2.mat::w0001,source/48kHz_DE_data/IR/0007/IR007_2.mat,source/48kHz_DE_data/IR/0007/IR007_2.mat,source,train,2,True,1,12000,24000,1,2,-0.0005555048081291189,0,False,0.25,0.27938991228236076,0.1918490737397984,3.141242206332076,5.635956687204963,7.7405334086958515,-0.1105846764904912
source/48kHz_DE_data/IR/0007/IR007_2.mat::w0002,source/48kHz_DE_data/IR/0007/IR007_2.mat,source/48kHz_DE_data/IR/0007/IR007_2.mat,source,train,2,True,2,24000,36000,2,3,0.001850301147850481,0,False,0.25,0.27858445426981104,0.19066412182707776,3.099645937319316,5.736289588453017,7.794054936723717,-0.07978931937223509
source/48kHz_DE_data/IR/0007/IR007_2.mat::w0003,source/48kHz_DE_data/IR/0007/IR007_2.mat,source/48kHz_DE_data/IR/0007/IR007_2.mat,source,train,2,True,3,36000,48000,3,4,-7.05944790607842e-05,0,True,0.25,0.27928392297245025,0.19150280272371156,3.158285212729554,5.82325165180005,7.76415488057983,-0.11228730622947403
source/48kHz_DE_data/IR/0007/IR007_3.mat::w0000,source/48kHz_DE_data/IR/0007/IR007_3.mat,source/48kHz_DE_data/IR/0007/IR007_3.mat,source,test,2,True,0,0,12000,0,1,3.1679166864872525e-05,0,True,0.25,0.27701425574069943,0.19376747290690705,2.8234839141371317,5.224163870234583,6.821585524897163,-0.13588492067172528
source/48kHz_DE_data/IR/0007/IR007_3.mat::w0001,source/48kHz_DE_data/IR/0007/IR007_3.mat,source/48kHz_DE_data/IR/0007/IR007_3.mat,source,test,2,True,1,12000,24000,1,2,0.00034957727425872077,0,False,0.25,0.2771622509080479,0.19315886271409502,2.988377138728146,5.567902516648144,6.967248018259758,-0.17730345214262008
source/48kHz_DE_data/IR/0007/IR007_3.mat::w0002,source/48kHz_DE_data/IR/0007/IR007_3.mat,source/48kHz_DE_data/IR/0007/IR007_3.mat,source,test,2,True,2,24000,36000,2,3,-0.00128544851170493,0,False,0.25,0.27765241998747614,0.19357170973091872,2.958668165029394,5.358141716777198,7.158305400681152,-0.13471722105451112
source/48kHz_DE_data/IR/0007/IR007_3.mat::w0003,source/48kHz_DE_data/IR/0007/IR007_3.mat,source/48kHz_DE_data/IR/0007/IR007_3.mat,source,test,2,True,3,36000,48000,3,4,0.0009220680582373477,0,True,0.25,0.27761519792194195,0.1943025298842762,3.0115536165399197,5.473935461382516,7.017518366003164,-0.16538710670837556
source/48kHz_DE_data/IR/0014/IR014_0.mat::w0000,source/48kHz_DE_data/IR/0014/IR014_0.mat,source/48kHz_DE_data/IR/0014/IR014_0.mat,source,train,2,True,0,0,12000,0,1,0.00034992642271321466,0,True,1.0,0.1802522273457983,0.11739206024600202,2.6826978641546497,7.644855946141466,11.742234537963283,-0.1067979334289984
source/48kHz_DE_data/IR/0014/IR014_1.mat::w0000,source/48kHz_DE_data/IR/0014/IR014_1.mat,source/48kHz_DE_data/IR/0014/IR014_1.mat,source,validation,2,True,0,0,12000,0,1,-0.0007775473380230228,0,True,0.25,0.253576939535515,0.14535261086937543,5.212022620364584,10.646318861270561,20.732902495884005,0.05672529478259474
source/48kHz_DE_data/IR/0014/IR014_1.mat::w0001,source/48kHz_DE_data/IR/0014/IR014_1.mat,source/48kHz_DE_data/IR/0014/IR014_1.mat,source,validation,2,True,1,12000,24000,1,2,0.001473536167633311,0,False,0.25,0.2539963166591295,0.1470603099558804,4.079768752722039,8.537483725807615,18.16595748340857,0.1501644953505315
source/48kHz_DE_data/IR/0014/IR014_1.mat::w0002,source/48kHz_DE_data/IR/0014/IR014_1.mat,source/48kHz_DE_data/IR/0014/IR014_1.mat,source,validation,2,True,2,24000,36000,2,3,0.000744990773458678,0,False,0.25,0.2718225549167541,0.15451906707527308,4.906365874395865,9.824291892030686,18.165585866672185,0.16293115649077736
source/48kHz_DE_data/IR/0014/IR014_1.mat::w0003,source/48kHz_DE_data/IR/0014/IR014_1.mat,source/48kHz_DE_data/IR/0014/IR014_1.mat,source,validation,2,True,3,36000,48000,3,4,-0.0014426501643927528,0,True,0.25,0.26696358648701013,0.15280478056800867,5.075249929671363,10.210889226984547,19.32721443543087,0.06534098397370018
source/48kHz_DE_data/IR/0014/IR014_2.mat::w0000,source/48kHz_DE_data/IR/0014/IR014_2.mat,source/48kHz_DE_data/IR/0014/IR014_2.mat,source,train,2,True,0,0,12000,0,1,-0.0005826718975630511,0,True,0.25,0.23568384406757822,0.13490703571406926,4.333364076664434,9.87379080602171,18.93106033266311,0.0520842256205317
source/48kHz_DE_data/IR/0014/IR014_2.mat::w0001,source/48kHz_DE_data/IR/0014/IR014_2.mat,source/48kHz_DE_data/IR/0014/IR014_2.mat,source,train,2,True,1,12000,24000,1,2,0.001741070602554063,0,False,0.25,0.2394309346871876,0.13688554787752175,4.9893979419581385,10.983583494283428,20.938769972228915,0.17059921939282355
source/48kHz_DE_data/IR/0014/IR014_2.mat::w0002,source/48kHz_DE_data/IR/0014/IR014_2.mat,source/48kHz_DE_data/IR/0014/IR014_2.mat,source,train,2,True,2,24000,36000,2,3,0.0003296644675928707,0,False,0.25,0.23620558685370055,0.1338982958814425,4.521188135326229,10.151159145313667,20.607370312182063,0.12744970490789115
source/48kHz_DE_data/IR/0014/IR014_2.mat::w0003,source/48kHz_DE_data/IR/0014/IR014_2.mat,source/48kHz_DE_data/IR/0014/IR014_2.mat,source,train,2,True,3,36000,48000,3,4,-0.00151618409847449,0,True,0.25,0.2434553381544876,0.1395713298942846,4.557731319488225,9.505507178081743,20.677654181776507,0.03795734042017403
source/48kHz_DE_data/IR/0014/IR014_3.mat::w0000,source/48kHz_DE_data/IR/0014/IR014_3.mat,source/48kHz_DE_data/IR/0014/IR014_3.mat,source,test,2,True,0,0,12000,0,1,0.017407616478358152,0,True,0.25,0.2579312113809068,0.16739271021914015,4.7653890195958475,9.471067883610957,11.336794580417855,0.2471259969476801
source/48kHz_DE_data/IR/0014/IR014_3.mat::w0001,source/48kHz_DE_data/IR/0014/IR014_3.mat,source/48kHz_DE_data/IR/0014/IR014_3.mat,source,test,2,True,1,12000,24000,1,2,-0.007964158516253626,0,False,0.25,0.26544895854709105,0.1598574574226322,4.632562213968182,8.795544825103951,17.493311659218183,0.16718907120521562
source/48kHz_DE_data/IR/0014/IR014_3.mat::w0002,source/48kHz_DE_data/IR/0014/IR014_3.mat,source/48kHz_DE_data/IR/0014/IR014_3.mat,source,test,2,True,2,24000,36000,2,3,-0.005584639706938703,0,False,0.25,0.25108353345816686,0.15723775515362973,4.053318059293368,8.225934618305754,14.544023478009915,0.0538651734947519
source/48kHz_DE_data/IR/0014/IR014_3.mat::w0003,source/48kHz_DE_data/IR/0014/IR014_3.mat,source/48kHz_DE_data/IR/0014/IR014_3.mat,source,test,2,True,3,36000,48000,3,4,-0.003847993932733814,0,True,0.25,0.2601974466119351,0.15828696329699396,4.967679792657904,9.645930928610088,16.818782017793797,0.061344761172394686
source/48kHz_DE_data/IR/0021/IR021_0.mat::w0000,source/48kHz_DE_data/IR/0021/IR021_0.mat,source/48kHz_DE_data/IR/0021/IR021_0.mat,source,test,2,True,0,0,12000,0,1,0.001971655671540762,0,True,0.25,0.5822266091202639,0.4376550708732302,5.129214495094072,4.580848942403719,4.197224573877531,9.85432648278269e-05
source/48kHz_DE_data/IR/0021/IR021_0.mat::w0001,source/48kHz_DE_data/IR/0021/IR021_0.mat,source/48kHz_DE_data/IR/0021/IR021_0.mat,source,test,2,True,1,12000,24000,1,2,-0.0014858033070267321,0,False,0.25,0.5718864457808517,0.43139234378148317,5.017282111242006,4.524896507758468,3.9844829634646244,-0.0336820633116883
source/48kHz_DE_data/IR/0021/IR021_0.mat::w0002,source/48kHz_DE_data/IR/0021/IR021_0.mat,source/48kHz_DE_data/IR/0021/IR021_0.mat,source,test,2,True,2,24000,36000,2,3,-0.0004262704968950285,0,False,0.25,0.5897053569778019,0.44079696255788164,5.953556552141357,5.0875204090541635,4.510016611182782,-0.05426737084721418
source/48kHz_DE_data/IR/0021/IR021_0.mat::w0003,source/48kHz_DE_data/IR/0021/IR021_0.mat,source/48kHz_DE_data/IR/0021/IR021_0.mat,source,test,2,True,3,36000,48000,3,4,-6.648562964468897e-05,0,True,0.25,0.592619220397669,0.4429628453463635,5.282339577439224,4.690320450811922,4.225979754466415,-0.04470711342408534
source/48kHz_DE_data/IR/0021/IR021_1.mat::w0000,source/48kHz_DE_data/IR/0021/IR021_1.mat,source/48kHz_DE_data/IR/0021/IR021_1.mat,source,train,2,True,0,0,12000,0,1,-0.00026449392496685336,0,True,0.25,0.5860832601872581,0.4502275407523277,5.195315151510914,4.463328111039417,3.785106265711906,0.012921871309787834
source/48kHz_DE_data/IR/0021/IR021_1.mat::w0001,source/48kHz_DE_data/IR/0021/IR021_1.mat,source/48kHz_DE_data/IR/0021/IR021_1.mat,source,train,2,True,1,12000,24000,1,2,-0.00028348568803216877,0,False,0.25,0.5925536118751463,0.4599060329116639,5.857305765549961,5.191611546326342,3.7678054049631657,0.01784342435645949
source/48kHz_DE_data/IR/0021/IR021_1.mat::w0002,source/48kHz_DE_data/IR/0021/IR021_1.mat,source/48kHz_DE_data/IR/0021/IR021_1.mat,source,train,2,True,2,24000,36000,2,3,-0.0006114087939153096,0,False,0.25,0.6120569185387043,0.4699444994101059,5.860198551267903,4.904390336109427,3.9931281658275006,0.02588493539294898
source/48kHz_DE_data/IR/0021/IR021_1.mat::w0003,source/48kHz_DE_data/IR/0021/IR021_1.mat,source/48kHz_DE_data/IR/0021/IR021_1.mat,source,train,2,True,3,36000,48000,3,4,0.0011613671076568114,0,True,0.25,0.6267409476144865,0.48156553079303227,5.671599401831305,4.579595645794635,3.8492732678554367,0.033389527278549214
source/48kHz_DE_data/IR/0021/IR021_2.mat::w0000,source/48kHz_DE_data/IR/0021/IR021_2.mat,source/48kHz_DE_data/IR/0021/IR021_2.mat,source,train,2,True,0,0,12000,0,1,-0.00022580603551948064,6,True,0.25,0.7685474486828947,0.5840089869524823,6.8630404763180035,4.578982541201254,3.7783579358709565,0.052381629872017506
source/48kHz_DE_data/IR/0021/IR021_2.mat::w0001,source/48kHz_DE_data/IR/0021/IR021_2.mat,source/48kHz_DE_data/IR/0021/IR021_2.mat,source,train,2,True,1,12000,24000,1,2,0.0014018755337920888,0,False,0.25,0.7776110879382475,0.5934564055410926,6.229836489346656,4.019792441920317,3.605396214346879,0.06393972774691314
source/48kHz_DE_data/IR/0021/IR021_2.mat::w0002,source/48kHz_DE_data/IR/0021/IR021_2.mat,source/48kHz_DE_data/IR/0021/IR021_2.mat,source,train,2,True,2,24000,36000,2,3,-0.000387417833864239,0,False,0.25,0.7692703958216008,0.5850960468030407,6.563558110510236,4.421303997426919,3.627986317740786,0.0592368564874579
source/48kHz_DE_data/IR/0021/IR021_2.mat::w0003,source/48kHz_DE_data/IR/0021/IR021_2.mat,source/48kHz_DE_data/IR/0021/IR021_2.mat,source,train,2,True,3,36000,48000,3,4,-0.0008129252329730825,0,True,0.25,0.7595973910441775,0.5812972390605584,6.594617408889178,4.360008933534646,3.4911837720207344,0.049312571364426856
source/48kHz_DE_data/IR/0021/IR021_3.mat::w0000,source/48kHz_DE_data/IR/0021/IR021_3.mat,source/48kHz_DE_data/IR/0021/IR021_3.mat,source,train,2,True,0,0,12000,0,1,5.735834364897107e-05,0,True,0.25,0.40025561179609576,0.3056874238411833,3.468981034616448,4.33439450157405,3.5898892656043935,0.05020291391829706
source/48kHz_DE_data/IR/0021/IR021_3.mat::w0001,source/48kHz_DE_data/IR/0021/IR021_3.mat,source/48kHz_DE_data/IR/0021/IR021_3.mat,source,train,2,True,1,12000,24000,1,2,-0.0004258566925059478,0,False,0.25,0.4020131042844992,0.3075088015366836,3.3003927494597654,4.172928056614377,3.642022782502627,0.04415078364176678
source/48kHz_DE_data/IR/0021/IR021_3.mat::w0002,source/48kHz_DE_data/IR/0021/IR021_3.mat,source/48kHz_DE_data/IR/0021/IR021_3.mat,source,train,2,True,2,24000,36000,2,3,0.00014703849177268363,0,False,0.25,0.40732260417628524,0.3132692591055982,3.4700172593745764,4.275806985059992,3.5777734942853217,0.041795987638073746
source/48kHz_DE_data/IR/0021/IR021_3.mat::w0003,source/48kHz_DE_data/IR/0021/IR021_3.mat,source/48kHz_DE_data/IR/0021/IR021_3.mat,source,train,2,True,3,36000,48000,3,4,0.0002123194965191204,0,True,0.25,0.40935541668741665,0.3161329895616445,3.4297954083521662,4.243646033581705,3.52317729846256,0.03323289701921562
source/48kHz_DE_data/OR/Centered/0007/OR007@6_0.mat::w0000,source/48kHz_DE_data/OR/Centered/0007/OR007@6_0.mat,source/48kHz_DE_data/OR/Centered/0007/OR007@6_0.mat,source,validation,1,True,0,0,12000,0,1,-0.0012181165154331293,0,True,0.25,1.2880464452899536,0.8115711569229108,12.311315169132726,4.779941642649683,6.700720481985434,0.03433494472816414
source/48kHz_DE_data/OR/Centered/0007/OR007@6_0.mat::w0001,source/48kHz_DE_data/OR/Centered/0007/OR007@6_0.mat,source/48kHz_DE_data/OR/Centered/0007/OR007@6_0.mat,source,validation,1,True,1,12000,24000,1,2,-0.001991252826177026,0,False,0.25,1.254724892335932,0.7923404959165989,11.626362377715317,4.72936186755402,6.712108446909656,0.031829266214438115
source/48kHz_DE_data/OR/Centered/0007/OR007@6_0.mat::w0002,source/48kHz_DE_data/OR/Centered/0007/OR007@6_0.mat,source/48kHz_DE_data/OR/Centered/0007/OR007@6_0.mat,source,validation,1,True,2,24000,36000,2,3,0.0011488002262626286,0,False,0.25,1.1941847746666865,0.7512538829344764,11.203751450000134,4.698401221119457,6.718922163242227,0.027048273846789574
source/48kHz_DE_data/OR/Centered/0007/OR007@6_0.mat::w0003,source/48kHz_DE_data/OR/Centered/0007/OR007@6_0.mat,source/48kHz_DE_data/OR/Centered/0007/OR007@6_0.mat,source,validation,1,True,3,36000,48000,3,4,0.002050257631597488,0,True,0.25,1.2609873324472987,0.7899082101531368,11.825176846662561,4.72346920639486,6.869784175772356,0.029211705743248637
source/48kHz_DE_data/OR/Centered/0007/OR007@6_1.mat::w0000,source/48kHz_DE_data/OR/Centered/0007/OR007@6_1.mat,source/48kHz_DE_data/OR/Centered/0007/OR007@6_1.mat,source,train,1,True,0,0,12000,0,1,-0.0007778184436873626,0,True,0.25,1.051138979234777,0.6680246313796013,10.023099324945775,4.812059734345666,6.73365154714043,0.02493844681146588
source/48kHz_DE_data/OR/Centered/0007/OR007@6_1.mat::w0001,source/48kHz_DE_data/OR/Centered/0007/OR007@6_1.mat,source/48kHz_DE_data/OR/Centered/0007/OR007@6_1.mat,source,train,1,True,1,12000,24000,1,2,4.064090630989484e-06,0,False,0.25,1.0627275535054599,0.6777312501565921,9.963630279969685,4.740343423168684,6.806610148508609,0.028771906652094732
source/48kHz_DE_data/OR/Centered/0007/OR007@6_1.mat::w0002,source/48kHz_DE_data/OR/Centered/0007/OR007@6_1.mat,source/48kHz_DE_data/OR/Centered/0007/OR007@6_1.mat,source,train,1,True,2,24000,36000,2,3,0.0004913588313948731,0,False,0.25,1.063596615878191,0.6795386010274129,10.396133591628917,4.97079665859993,6.9282081302592715,0.03725134075488314
source/48kHz_DE_data/OR/Centered/0007/OR007@6_1.mat::w0003,source/48kHz_DE_data/OR/Centered/0007/OR007@6_1.mat,source/48kHz_DE_data/OR/Centered/0007/OR007@6_1.mat,source,train,1,True,3,36000,48000,3,4,0.00031339260391998456,0,True,0.25,1.0578795373144794,0.6746919550203766,10.212161956259926,4.900557244350768,7.043050427032321,0.030881458872698928
source/48kHz_DE_data/OR/Centered/0007/OR007@6_2.mat::w0000,source/48kHz_DE_data/OR/Centered/0007/OR007@6_2.mat,source/48kHz_DE_data/OR/Centered/0007/OR007@6_2.mat,source,train,1,True,0,0,12000,0,1,0.0006079338121896959,0,True,0.25,1.02485963401673,0.6459949659530058,9.671038433138037,4.79517814064651,6.8295467436283,0.029955001010861102
source/48kHz_DE_data/OR/Centered/0007/OR007@6_2.mat::w0001,source/48kHz_DE_data/OR/Centered/0007/OR007@6_2.mat,source/48kHz_DE_data/OR/Centered/0007/OR007@6_2.mat,source,train,1,True,1,12000,24000,1,2,0.0004248401646600285,0,False,0.25,1.0234702112116618,0.6436727597032567,10.013916479669863,4.928625097186128,7.022892768961242,0.04908918159263749
source/48kHz_DE_data/OR/Centered/0007/OR007@6_2.mat::w0002,source/48kHz_DE_data/OR/Centered/0007/OR007@6_2.mat,source/48kHz_DE_data/OR/Centered/0007/OR007@6_2.mat,source,train,1,True,2,24000,36000,2,3,-0.001916396129190816,0,False,0.25,1.0203145779743514,0.6419548861511418,9.750641972186065,4.782926671913144,6.891903157157323,0.03489063130062735
source/48kHz_DE_data/OR/Centered/0007/OR007@6_2.mat::w0003,source/48kHz_DE_data/OR/Centered/0007/OR007@6_2.mat,source/48kHz_DE_data/OR/Centered/0007/OR007@6_2.mat,source,train,1,True,3,36000,48000,3,4,0.0008826156056835242,0,True,0.25,1.0170154565817977,0.6429860141810552,9.509089936682917,4.711387246170803,6.81046951883444,0.026919934120494978
source/48kHz_DE_data/OR/Centered/0007/OR007@6_3.mat::w0000,source/48kHz_DE_data/OR/Centered/0007/OR007@6_3.mat,source/48kHz_DE_data/OR/Centered/0007/OR007@6_3.mat,source,train,1,True,0,0,12000,0,1,-0.00016388454321326836,0,True,0.25,1.001908749889365,0.6290704937741728,9.536241211149985,4.769516222865344,7.132800814112515,0.025074461315234685
source/48kHz_DE_data/OR/Centered/0007/OR007@6_3.mat::w0001,source/48kHz_DE_data/OR/Centered/0007/OR007@6_3.mat,source/48kHz_DE_data/OR/Centered/0007/OR007@6_3.mat,source,train,1,True,1,12000,24000,1,2,-0.0013799744010741756,0,False,0.25,0.9906818468637753,0.6183372619516303,9.891418815750365,5.031398982056019,7.628403156344735,0.049321016078869385
source/48kHz_DE_data/OR/Centered/0007/OR007@6_3.mat::w0002,source/48kHz_DE_data/OR/Centered/0007/OR007@6_3.mat,source/48kHz_DE_data/OR/Centered/0007/OR007@6_3.mat,source,train,1,True,2,24000,36000,2,3,0.0006329998472521269,0,False,0.25,0.9993758365238521,0.6255911339616558,9.829119282384912,4.939512136506515,7.262646247911129,0.0382527266504223
source/48kHz_DE_data/OR/Centered/0007/OR007@6_3.mat::w0003,source/48kHz_DE_data/OR/Centered/0007/OR007@6_3.mat,source/48kHz_DE_data/OR/Centered/0007/OR007@6_3.mat,source,train,1,True,3,36000,48000,3,4,0.0009155536390936462,0,True,0.25,1.001572117628875,0.6286081760138859,9.988918770423457,5.03995126515497,7.185070064181076,0.023542950230999907
source/48kHz_DE_data/OR/Centered/0014/OR014@6_0.mat::w0000,source/48kHz_DE_data/OR/Centered/0014/OR014@6_0.mat,source/48kHz_DE_data/OR/Centered/0014/OR014@6_0.mat,source,test,1,True,0,0,12000,0,1,0.05956629152443975,0,True,0.25,0.1383291484159627,0.10874626280932731,1.0699647419308507,3.9488375389317287,3.268239756618533,9.153714316084915e-06
source/48kHz_DE_data/OR/Centered/0014/OR014@6_0.mat::w0001,source/48kHz_DE_data/OR/Centered/0014/OR014@6_0.mat,source/48kHz_DE_data/OR/Centered/0014/OR014@6_0.mat,source,test,1,True,1,12000,24000,1,2,0.018174090637566632,0,False,0.25,0.13537030023940244,0.10776005247243343,1.1029968986837368,4.122238950697055,3.1332543712902408,-0.012557517850395186
source/48kHz_DE_data/OR/Centered/0014/OR014@6_0.mat::w0002,source/48kHz_DE_data/OR/Centered/0014/OR014@6_0.mat,source/48kHz_DE_data/OR/Centered/0014/OR014@6_0.mat,source,test,1,True,2,24000,36000,2,3,-0.021331602268063243,0,False,0.25,0.1579629001615753,0.11953121322921453,2.146009862387686,6.82022993227871,5.930409023021018,0.015538989868390056
source/48kHz_DE_data/OR/Centered/0014/OR014@6_0.mat::w0003,source/48kHz_DE_data/OR/Centered/0014/OR014@6_0.mat,source/48kHz_DE_data/OR/Centered/0014/OR014@6_0.mat,source,test,1,True,3,36000,48000,3,4,-0.05639546797292503,0,True,0.25,0.13939020025116958,0.11030272940219792,1.5022879162577298,5.408950474812365,3.4715902475449996,-0.002873068815778121
source/48kHz_DE_data/OR/Centered/0014/OR014@6_1.mat::w0000,source/48kHz_DE_data/OR/Centered/0014/OR014@6_1.mat,source/48kHz_DE_data/OR/Centered/0014/OR014@6_1.mat,source,validation,1,True,0,0,12000,0,1,0.0004549695330791551,0,True,0.25,0.13268289070727327,0.10512562079633392,1.1932910300146058,4.6345317109980835,3.1959888160333443,-0.034285928162776855
source/48kHz_DE_data/OR/Centered/0014/OR014@6_1.mat::w0001,source/48kHz_DE_data/OR/Centered/0014/OR014@6_1.mat,source/48kHz_DE_data/OR/Centered/0014/OR014@6_1.mat,source,validation,1,True,1,12000,24000,1,2,0.001396879062683791,0,False,0.25,0.13745394148372372,0.10935434047030082,1.197580712743143,4.585201037416146,3.0971998619601195,0.009701965411691526
source/48kHz_DE_data/OR/Centered/0014/OR014@6_1.mat::w0002,source/48kHz_DE_data/OR/Centered/0014/OR014@6_1.mat,source/48kHz_DE_data/OR/Centered/0014/OR014@6_1.mat,source,validation,1,True,2,24000,36000,2,3,0.0017252045329303799,0,False,0.25,0.1357389633519708,0.10788514481706712,1.1347277696849005,4.403277990437825,3.148717192969403,0.0020522215852114105
source/48kHz_DE_data/OR/Centered/0014/OR014@6_1.mat::w0003,source/48kHz_DE_data/OR/Centered/0014/OR014@6_1.mat,source/48kHz_DE_data/OR/Centered/0014/OR014@6_1.mat,source,validation,1,True,3,36000,48000,3,4,-0.0035797444259135277,0,True,0.25,0.1334893005982739,0.10605026641668831,1.0356407209466079,4.178436747872445,3.0626005681432082,-0.02091918643775514
source/48kHz_DE_data/OR/Centered/0014/OR014@6_2.mat::w0000,source/48kHz_DE_data/OR/Centered/0014/OR014@6_2.mat,source/48kHz_DE_data/OR/Centered/0014/OR014@6_2.mat,source,train,1,True,0,0,12000,0,1,-0.000778203037514614,0,True,0.25,0.18137182560599482,0.1282557253011379,3.3410825180015755,9.415057965162148,14.728300413320554,-0.026940743177917545
source/48kHz_DE_data/OR/Centered/0014/OR014@6_2.mat::w0001,source/48kHz_DE_data/OR/Centered/0014/OR014@6_2.mat,source/48kHz_DE_data/OR/Centered/0014/OR014@6_2.mat,source,train,1,True,1,12000,24000,1,2,-0.00042607373092979196,0,False,0.25,0.1447422713551634,0.11455081759017162,1.1611789700396717,4.015081475613222,3.2135144899387487,-0.010162206279622941
source/48kHz_DE_data/OR/Centered/0014/OR014@6_2.mat::w0002,source/48kHz_DE_data/OR/Centered/0014/OR014@6_2.mat,source/48kHz_DE_data/OR/Centered/0014/OR014@6_2.mat,source,train,1,True,2,24000,36000,2,3,0.0007912883447727648,0,False,0.25,0.13997162927312362,0.11134933971640183,1.1150503679934158,3.9901063966879944,3.1007256899850413,0.012506398534841296
source/48kHz_DE_data/OR/Centered/0014/OR014@6_2.mat::w0003,source/48kHz_DE_data/OR/Centered/0014/OR014@6_2.mat,source/48kHz_DE_data/OR/Centered/0014/OR014@6_2.mat,source,train,1,True,3,36000,48000,3,4,0.00041404109152734194,0,True,0.25,0.1432111720779268,0.11372847643757138,1.1109663404493184,3.991480503233758,3.1063185574870444,-0.01318848418301835
source/48kHz_DE_data/OR/Centered/0014/OR014@6_3.mat::w0000,source/48kHz_DE_data/OR/Centered/0014/OR014@6_3.mat,source/48kHz_DE_data/OR/Centered/0014/OR014@6_3.mat,source,validation,1,True,0,0,12000,0,1,0.001308868767174064,0,True,0.25,0.15147014526662658,0.12138293187182318,1.3225466709765423,4.391091486580775,2.942049118153141,0.009231456043891114
source/48kHz_DE_data/OR/Centered/0014/OR014@6_3.mat::w0001,source/48kHz_DE_data/OR/Centered/0014/OR014@6_3.mat,source/48kHz_DE_data/OR/Centered/0014/OR014@6_3.mat,source,validation,1,True,1,12000,24000,1,2,8.643041287693801e-05,0,False,0.25,0.15411717784617437,0.12298914298923472,1.2089930527822526,4.090527190926475,2.978604540022012,0.012859159030704437
source/48kHz_DE_data/OR/Centered/0014/OR014@6_3.mat::w0002,source/48kHz_DE_data/OR/Centered/0014/OR014@6_3.mat,source/48kHz_DE_data/OR/Centered/0014/OR014@6_3.mat,source,validation,1,True,2,24000,36000,2,3,-0.0005861756153822074,0,False,0.25,0.15147761266861257,0.12054002832708156,1.259263914578609,4.45368806944159,3.0571209995436437,0.0022617018176016006
source/48kHz_DE_data/OR/Centered/0014/OR014@6_3.mat::w0003,source/48kHz_DE_data/OR/Centered/0014/OR014@6_3.mat,source/48kHz_DE_data/OR/Centered/0014/OR014@6_3.mat,source,validation,1,True,3,36000,48000,3,4,-0.0008123255855944546,0,True,0.25,0.15025380516337467,0.12006178531805045,1.1516608534537025,4.034724223615619,2.9795711672578995,0.009845512342062138
source/48kHz_DE_data/OR/Centered/0021/OR021@6_0.mat::w0000,source/48kHz_DE_data/OR/Centered/0021/OR021@6_0.mat,source/48kHz_DE_data/OR/Centered/0021/OR021@6_0.mat,source,train,1,True,0,0,12000,0,1,0.0011130725102559062,0,True,0.25,0.642572924833157,0.33335111091153213,11.143421625402938,9.451202499592954,18.359054978628805,-0.3737461148567562
source/48kHz_DE_data/OR/Centered/0021/OR021@6_0.mat::w0001,source/48kHz_DE_data/OR/Centered/0021/OR021@6_0.mat,source/48kHz_DE_data/OR/Centered/0021/OR021@6_0.mat,source,train,1,True,1,12000,24000,1,2,0.0016903481488427493,0,False,0.25,0.6649311487956173,0.34217261463569837,11.759515817531732,9.108095583930533,20.286202843352406,-0.23750911865181448
source/48kHz_DE_data/OR/Centered/0021/OR021@6_0.mat::w0002,source/48kHz_DE_data/OR/Centered/0021/OR021@6_0.mat,source/48kHz_DE_data/OR/Centered/0021/OR021@6_0.mat,source,train,1,True,2,24000,36000,2,3,-0.0003024474359454128,0,False,0.25,0.6978916485341502,0.3545607142884502,13.350878580679296,9.832937501573095,21.51290471573808,-0.1317494089046677
source/48kHz_DE_data/OR/Centered/0021/OR021@6_0.mat::w0003,source/48kHz_DE_data/OR/Centered/0021/OR021@6_0.mat,source/48kHz_DE_data/OR/Centered/0021/OR021@6_0.mat,source,train,1,True,3,36000,48000,3,4,-0.002498665779911709,0,True,0.25,0.666848122400539,0.33884737544712923,12.735026659342633,9.861831110960322,22.389735500601915,-0.2056090527363977
source/48kHz_DE_data/OR/Centered/0021/OR021@6_1.mat::w0000,source/48kHz_DE_data/OR/Centered/0021/OR021@6_1.mat,source/48kHz_DE_data/OR/Centered/0021/OR021@6_1.mat,source,train,1,True,0,0,12000,0,1,0.00045862910428370364,0,True,0.25,0.6450023372141671,0.32427701862434555,12.95323582522201,10.343701711468288,22.508481855615866,-0.27941376264650475
source/48kHz_DE_data/OR/Centered/0021/OR021@6_1.mat::w0001,source/48kHz_DE_data/OR/Centered/0021/OR021@6_1.mat,source/48kHz_DE_data/OR/Centered/0021/OR021@6_1.mat,source,train,1,True,1,12000,24000,1,2,0.0005153509925520141,0,False,0.25,0.6218306256903222,0.31845375225136885,12.963404302333945,10.711198987070512,21.20781315596834,-0.3079938335875721
source/48kHz_DE_data/OR/Centered/0021/OR021@6_1.mat::w0002,source/48kHz_DE_data/OR/Centered/0021/OR021@6_1.mat,source/48kHz_DE_data/OR/Centered/0021/OR021@6_1.mat,source,train,1,True,2,24000,36000,2,3,-0.0003004111920160535,0,False,0.25,0.599814284284836,0.3096226306785666,9.68564736265001,8.151359676513353,18.624991372485724,-0.496194857069277
source/48kHz_DE_data/OR/Centered/0021/OR021@6_1.mat::w0003,source/48kHz_DE_data/OR/Centered/0021/OR021@6_1.mat,source/48kHz_DE_data/OR/Centered/0021/OR021@6_1.mat,source,train,1,True,3,36000,48000,3,4,-0.0006850623806815081,0,True,0.25,0.5866182139430766,0.30421642467971427,9.737797181689634,8.709559016236822,18.71768441891236,-0.3448232253470618
source/48kHz_DE_data/OR/Centered/0021/OR021@6_2.mat::w0000,source/48kHz_DE_data/OR/Centered/0021/OR021@6_2.mat,source/48kHz_DE_data/OR/Centered/0021/OR021@6_2.mat,source,train,1,True,0,0,12000,0,1,0.0021660779132283096,0,True,0.25,0.6294873068788881,0.3274012116756473,13.030886902563093,10.399073192698856,20.150437274991493,-0.37082923211646773
source/48kHz_DE_data/OR/Centered/0021/OR021@6_2.mat::w0001,source/48kHz_DE_data/OR/Centered/0021/OR021@6_2.mat,source/48kHz_DE_data/OR/Centered/0021/OR021@6_2.mat,source,train,1,True,1,12000,24000,1,2,0.0007835088789165066,0,False,0.25,0.6112380052231772,0.310688157511146,13.047198539922974,10.779042185000629,24.49072597275751,-0.46434056858731115
source/48kHz_DE_data/OR/Centered/0021/OR021@6_2.mat::w0002,source/48kHz_DE_data/OR/Centered/0021/OR021@6_2.mat,source/48kHz_DE_data/OR/Centered/0021/OR021@6_2.mat,source,train,1,True,2,24000,36000,2,3,-0.0014709508199360825,0,False,0.25,0.6027997255773064,0.3131107518510715,10.709393062284072,8.986043748906837,19.433661046644715,-0.3569339091691933
source/48kHz_DE_data/OR/Centered/0021/OR021@6_2.mat::w0003,source/48kHz_DE_data/OR/Centered/0021/OR021@6_2.mat,source/48kHz_DE_data/OR/Centered/0021/OR021@6_2.mat,source,train,1,True,3,36000,48000,3,4,-0.0014665298101095216,0,True,0.25,0.6046704916031088,0.3098182713477957,10.16940926006433,8.729318885472075,20.07258327412222,-0.38081059918774696
source/48kHz_DE_data/OR/Centered/0021/OR021@6_3.mat::w0000,source/48kHz_DE_data/OR/Centered/0021/OR021@6_3.mat,source/48kHz_DE_data/OR/Centered/0021/OR021@6_3.mat,source,train,1,True,0,0,12000,0,1,-0.0001887317071150594,0,True,0.25,0.5598024633425515,0.2964869612045146,12.306025761256409,11.21864159716898,20.882914652477027,-0.4598873555324764
source/48kHz_DE_data/OR/Centered/0021/OR021@6_3.mat::w0001,source/48kHz_DE_data/OR/Centered/0021/OR021@6_3.mat,source/48kHz_DE_data/OR/Centered/0021/OR021@6_3.mat,source,train,1,True,1,12000,24000,1,2,0.0017326930193916278,0,False,0.25,0.567599182574718,0.301400590553677,8.738351290328193,7.928073776032589,17.874274460323452,-0.3741681122496298
source/48kHz_DE_data/OR/Centered/0021/OR021@6_3.mat::w0002,source/48kHz_DE_data/OR/Centered/0021/OR021@6_3.mat,source/48kHz_DE_data/OR/Centered/0021/OR021@6_3.mat,source,train,1,True,2,24000,36000,2,3,2.1261946700631752e-05,0,False,0.25,0.6061438055220786,0.3137545238815829,11.246613050603791,9.288960632516277,20.007398504719365,-0.17979592833777686
source/48kHz_DE_data/OR/Centered/0021/OR021@6_3.mat::w0003,source/48kHz_DE_data/OR/Centered/0021/OR021@6_3.mat,source/48kHz_DE_data/OR/Centered/0021/OR021@6_3.mat,source,train,1,True,3,36000,48000,3,4,-0.0015510295181389263,0,True,0.25,0.6255977567727042,0.32195038980392404,12.526322278711808,10.145036688282946,21.595521217665173,-0.16942763348049594
source/48kHz_DE_data/OR/Opposite/0007/OR007@12_0.mat::w0000,source/48kHz_DE_data/OR/Opposite/0007/OR007@12_0.mat,source/48kHz_DE_data/OR/Opposite/0007/OR007@12_0.mat,source,train,1,True,0,0,12000,0,1,0.008728537649337006,0,True,0.5,0.22089175749262474,0.16407913392766463,2.5998759784307834,6.076949502194508,5.741327473909371,0.017875474584024432
source/48kHz_DE_data/OR/Opposite/0007/OR007@12_0.mat::w0001,source/48kHz_DE_data/OR/Opposite/0007/OR007@12_0.mat,source/48kHz_DE_data/OR/Opposite/0007/OR007@12_0.mat,source,train,1,True,1,12000,24000,1,2,-0.002726973551955311,0,False,0.5,0.20028848372547167,0.15035951213262005,2.085510815333925,5.487940707712382,4.850296896409366,0.04382300374577333
source/48kHz_DE_data/OR/Opposite/0007/OR007@12_1.mat::w0000,source/48kHz_DE_data/OR/Opposite/0007/OR007@12_1.mat,source/48kHz_DE_data/OR/Opposite/0007/OR007@12_1.mat,source,validation,1,True,0,0,12000,0,1,0.0010898692828195122,0,True,0.25,0.278301814060979,0.1844299122437657,4.446060508295778,8.105839899483739,12.897917099982253,0.03479627527765853
source/48kHz_DE_data/OR/Opposite/0007/OR007@12_1.mat::w0001,source/48kHz_DE_data/OR/Opposite/0007/OR007@12_1.mat,source/48kHz_DE_data/OR/Opposite/0007/OR007@12_1.mat,source,validation,1,True,1,12000,24000,1,2,-0.00028591291992873034,0,False,0.25,0.2631546758931679,0.17813934912587312,3.6064830120628697,6.980613451328749,9.984449392444663,-0.000236546201981129
source/48kHz_DE_data/OR/Opposite/0007/OR007@12_1.mat::w0002,source/48kHz_DE_data/OR/Opposite/0007/OR007@12_1.mat,source/48kHz_DE_data/OR/Opposite/0007/OR007@12_1.mat,source,validation,1,True,2,24000,36000,2,3,0.000301110878015831,0,False,0.25,0.2569825179503769,0.17650786065998358,3.3504978772633027,6.563889520723041,8.740525224031094,0.021559125290275517
source/48kHz_DE_data/OR/Opposite/0007/OR007@12_1.mat::w0003,source/48kHz_DE_data/OR/Opposite/0007/OR007@12_1.mat,source/48kHz_DE_data/OR/Opposite/0007/OR007@12_1.mat,source,validation,1,True,3,36000,48000,3,4,-0.0011064694526149073,0,True,0.25,0.26603588273475437,0.17825848864318403,3.9856225475381084,7.579716366501784,11.765211698933204,0.06891371929879414
source/48kHz_DE_data/OR/Opposite/0007/OR007@12_2.mat::w0000,source/48kHz_DE_data/OR/Opposite/0007/OR007@12_2.mat,source/48kHz_DE_data/OR/Opposite/0007/OR007@12_2.mat,source,train,1,True,0,0,12000,0,1,0.0007858960724508995,0,True,0.25,0.2666731704815971,0.1781083254502968,4.076205737290076,7.746012977798459,11.041369088351368,0.04359397504006733
source/48kHz_DE_data/OR/Opposite/0007/OR007@12_2.mat::w0001,source/48kHz_DE_data/OR/Opposite/0007/OR007@12_2.mat,source/48kHz_DE_data/OR/Opposite/0007/OR007@12_2.mat,source,train,1,True,1,12000,24000,1,2,6.241316796782748e-06,0,False,0.25,0.26132969485630175,0.17428516648408723,3.822279472642612,7.609309901934811,12.185332837427737,0.046684898215221496
source/48kHz_DE_data/OR/Opposite/0007/OR007@12_2.mat::w0002,source/48kHz_DE_data/OR/Opposite/0007/OR007@12_2.mat,source/48kHz_DE_data/OR/Opposite/0007/OR007@12_2.mat,source,train,1,True,2,24000,36000,2,3,-0.00012647369479808454,0,False,0.25,0.2581028132219183,0.17271486363266142,3.8048598405855016,7.4532947040428965,10.751425417585054,0.027048994360651127
source/48kHz_DE_data/OR/Opposite/0007/OR007@12_2.mat::w0003,source/48kHz_DE_data/OR/Opposite/0007/OR007@12_2.mat,source/48kHz_DE_data/OR/Opposite/0007/OR007@12_2.mat,source,train,1,True,3,36000,48000,3,4,-0.0006542019181197392,0,True,0.25,0.2587278444107731,0.17350521936785343,3.652138681247214,7.178060832803934,11.09193923389822,0.027787008300735896
source/48kHz_DE_data/OR/Opposite/0007/OR007@12_3.mat::w0000,source/48kHz_DE_data/OR/Opposite/0007/OR007@12_3.mat,source/48kHz_DE_data/OR/Opposite/0007/OR007@12_3.mat,source,test,1,True,0,0,12000,0,1,0.00035593019102872833,0,True,0.25,0.2430347480228218,0.1680234475830001,4.014292610189878,8.350741805934806,10.955248762132765,0.021008751338333517
source/48kHz_DE_data/OR/Opposite/0007/OR007@12_3.mat::w0001,source/48kHz_DE_data/OR/Opposite/0007/OR007@12_3.mat,source/48kHz_DE_data/OR/Opposite/0007/OR007@12_3.mat,source,test,1,True,1,12000,24000,1,2,-0.0012560923768328944,0,False,0.25,0.24020394076104573,0.1662075135669824,3.5642290293363343,7.683938102028744,10.009340324874028,0.03413920296656006
source/48kHz_DE_data/OR/Opposite/0007/OR007@12_3.mat::w0002,source/48kHz_DE_data/OR/Opposite/0007/OR007@12_3.mat,source/48kHz_DE_data/OR/Opposite/0007/OR007@12_3.mat,source,test,1,True,2,24000,36000,2,3,-0.0003269129975762205,0,False,0.25,0.24299504454397267,0.16789715884835066,3.5562445925908928,7.345726595174901,10.136220422214128,0.011418171810020823
source/48kHz_DE_data/OR/Opposite/0007/OR007@12_3.mat::w0003,source/48kHz_DE_data/OR/Opposite/0007/OR007@12_3.mat,source/48kHz_DE_data/OR/Opposite/0007/OR007@12_3.mat,source,test,1,True,3,36000,48000,3,4,0.001239632339063976,0,True,0.25,0.24011060933813394,0.16573518658588954,3.814958565308755,7.960539192401143,10.557443024678228,0.014312178461028644
source/48kHz_DE_data/OR/Opposite/0021/OR021@12_0.mat::w0000,source/48kHz_DE_data/OR/Opposite/0021/OR021@12_0.mat,source/48kHz_DE_data/OR/Opposite/0021/OR021@12_0.mat,source,test,1,True,0,0,12000,0,1,0.006919763437683692,0,True,0.5,0.6302540024187113,0.28378852984887765,10.350603627480641,8.430840593099566,24.32385244071703,0.10327340937169018
source/48kHz_DE_data/OR/Opposite/0021/OR021@12_0.mat::w0001,source/48kHz_DE_data/OR/Opposite/0021/OR021@12_0.mat,source/48kHz_DE_data/OR/Opposite/0021/OR021@12_0.mat,source,test,1,True,1,12000,24000,1,2,-0.0006723336323265385,0,False,0.5,0.5889712337234713,0.26847705355556556,9.960044839475177,8.744786728782682,24.92547673865583,0.13654242124774385
source/48kHz_DE_data/OR/Opposite/0021/OR021@12_1.mat::w0000,source/48kHz_DE_data/OR/Opposite/0021/OR021@12_1.mat,source/48kHz_DE_data/OR/Opposite/0021/OR021@12_1.mat,source,test,1,True,0,0,12000,0,1,-0.0018356398579413365,0,True,0.25,0.5227814427417062,0.2561095885669844,9.373113825217168,9.406333835287683,21.991188614261286,0.14604481010909887
source/48kHz_DE_data/OR/Opposite/0021/OR021@12_1.mat::w0001,source/48kHz_DE_data/OR/Opposite/0021/OR021@12_1.mat,source/48kHz_DE_data/OR/Opposite/0021/OR021@12_1.mat,source,test,1,True,1,12000,24000,1,2,9.538262377963106e-05,0,False,0.25,0.5768416717692278,0.27167522256628923,9.549927022699208,8.571886128059935,22.32701160063438,0.12062164716810418
source/48kHz_DE_data/OR/Opposite/0021/OR021@12_1.mat::w0002,source/48kHz_DE_data/OR/Opposite/0021/OR021@12_1.mat,source/48kHz_DE_data/OR/Opposite/0021/OR021@12_1.mat,source,test,1,True,2,24000,36000,2,3,0.00013484341697422896,0,False,0.25,0.5189674055721519,0.25137835362578814,9.41751484898248,9.262189695643285,22.845938801844486,0.1318925476077905
source/48kHz_DE_data/OR/Opposite/0021/OR021@12_1.mat::w0003,source/48kHz_DE_data/OR/Opposite/0021/OR021@12_1.mat,source/48kHz_DE_data/OR/Opposite/0021/OR021@12_1.mat,source,test,1,True,3,36000,48000,3,4,0.0016159817248772921,0,True,0.25,0.5516603548892984,0.26874360235463857,9.496942878105516,8.927274603737194,22.48089318547717,0.14752035757679996
source/48kHz_DE_data/OR/Opposite/0021/OR021@12_2.mat::w0000,source/48kHz_DE_data/OR/Opposite/0021/OR021@12_2.mat,source/48kHz_DE_data/OR/Opposite/0021/OR021@12_2.mat,source,train,1,True,0,0,12000,0,1,-0.0008629596303830904,0,True,0.25,0.47991473865179723,0.24641996138751074,8.763825081052673,9.64648111313614,21.49534111524685,0.13014959593976436
source/48kHz_DE_data/OR/Opposite/0021/OR021@12_2.mat::w0001,source/48kHz_DE_data/OR/Opposite/0021/OR021@12_2.mat,source/48kHz_DE_data/OR/Opposite/0021/OR021@12_2.mat,source,train,1,True,1,12000,24000,1,2,-5.5320519816221106e-05,0,False,0.25,0.4777280190430588,0.24538516210733904,8.54548383853102,8.992967066912103,21.952801547495657,0.15694516229302172
source/48kHz_DE_data/OR/Opposite/0021/OR021@12_2.mat::w0002,source/48kHz_DE_data/OR/Opposite/0021/OR021@12_2.mat,source/48kHz_DE_data/OR/Opposite/0021/OR021@12_2.mat,source,train,1,True,2,24000,36000,2,3,0.0003733078779515376,0,False,0.25,0.48404864410629317,0.2434479010391794,9.835170374384425,10.64790108138365,25.54240388851102,0.16038847869931727
source/48kHz_DE_data/OR/Opposite/0021/OR021@12_2.mat::w0003,source/48kHz_DE_data/OR/Opposite/0021/OR021@12_2.mat,source/48kHz_DE_data/OR/Opposite/0021/OR021@12_2.mat,source,train,1,True,3,36000,48000,3,4,0.0005448523280505965,0,True,0.25,0.466647067626685,0.23941710829882376,8.279050972341535,9.27727948915594,21.46974453818133,0.17839501211032915
source/48kHz_DE_data/OR/Opposite/0021/OR021@12_3.mat::w0000,source/48kHz_DE_data/OR/Opposite/0021/OR021@12_3.mat,source/48kHz_DE_data/OR/Opposite/0021/OR021@12_3.mat,source,validation,1,True,0,0,12000,0,1,-0.0014896625373155856,0,True,0.25,0.4358831830384288,0.23120514831376535,7.776152023601324,9.021225919631894,21.34925084965926,0.10818945742221839
source/48kHz_DE_data/OR/Opposite/0021/OR021@12_3.mat::w0001,source/48kHz_DE_data/OR/Opposite/0021/OR021@12_3.mat,source/48kHz_DE_data/OR/Opposite/0021/OR021@12_3.mat,source,validation,1,True,1,12000,24000,1,2,-0.00011882093783374792,0,False,0.25,0.4353124992138203,0.2254690609257978,7.522878551677762,8.923229791686827,21.763706758102508,0.14115637958410354
source/48kHz_DE_data/OR/Opposite/0021/OR021@12_3.mat::w0002,source/48kHz_DE_data/OR/Opposite/0021/OR021@12_3.mat,source/48kHz_DE_data/OR/Opposite/0021/OR021@12_3.mat,source,validation,1,True,2,24000,36000,2,3,0.0010958634469859176,0,False,0.25,0.39903502488323095,0.2126752284585175,7.511221718465106,9.934724467491739,21.714839944085238,0.16318072441420256
source/48kHz_DE_data/OR/Opposite/0021/OR021@12_3.mat::w0003,source/48kHz_DE_data/OR/Opposite/0021/OR021@12_3.mat,source/48kHz_DE_data/OR/Opposite/0021/OR021@12_3.mat,source,validation,1,True,3,36000,48000,3,4,0.0005190928032183314,0,True,0.25,0.40213724574957366,0.21645537776135582,6.828140083363815,8.846875092203835,18.84798838860873,0.15936703759559429
source/48kHz_DE_data/OR/Orthogonal/0007/OR007@3_0.mat::w0000,source/48kHz_DE_data/OR/Orthogonal/0007/OR007@3_0.mat,source/48kHz_DE_data/OR/Orthogonal/0007/OR007@3_0.mat,source,train,1,True,0,0,12000,0,1,0.008955247118180824,0,True,0.5,0.40614503004174696,0.3067688823367025,3.614790112221577,4.4918611784082465,4.317799227915402,0.07147386420594479
source/48kHz_DE_data/OR/Orthogonal/0007/OR007@3_0.mat::w0001,source/48kHz_DE_data/OR/Orthogonal/0007/OR007@3_0.mat,source/48kHz_DE_data/OR/Orthogonal/0007/OR007@3_0.mat,source,train,1,True,1,12000,24000,1,2,-0.0022238807919350892,0,False,0.5,0.39448886792996546,0.29897354754878797,3.5377902070056977,4.68586392689628,4.09192875258671,0.07451875911910893
source/48kHz_DE_data/OR/Orthogonal/0007/OR007@3_1.mat::w0000,source/48kHz_DE_data/OR/Orthogonal/0007/OR007@3_1.mat,source/48kHz_DE_data/OR/Orthogonal/0007/OR007@3_1.mat,source,test,1,True,0,0,12000,0,1,0.0009483615779442661,0,True,0.25,0.4561580493808174,0.3482327960133381,4.114244476629813,4.647302603004146,4.041155634298333,0.04236281851911404
source/48kHz_DE_data/OR/Orthogonal/0007/OR007@3_1.mat::w0001,source/48kHz_DE_data/OR/Orthogonal/0007/OR007@3_1.mat,source/48kHz_DE_data/OR/Orthogonal/0007/OR007@3_1.mat,source,test,1,True,1,12000,24000,1,2,-0.0010672813858439057,0,False,0.25,0.45571926681882036,0.34608124768679027,4.028201953726709,4.46344092967107,4.057934486203476,0.05245932254547824
source/48kHz_DE_data/OR/Orthogonal/0007/OR007@3_1.mat::w0002,source/48kHz_DE_data/OR/Orthogonal/0007/OR007@3_1.mat,source/48kHz_DE_data/OR/Orthogonal/0007/OR007@3_1.mat,source,test,1,True,2,24000,36000,2,3,-0.00021038537029939816,0,False,0.25,0.4550893765192542,0.3452184952294854,4.062525552862494,4.517912376978906,4.18801857001697,0.05633685560327784
source/48kHz_DE_data/OR/Orthogonal/0007/OR007@3_1.mat::w0003,source/48kHz_DE_data/OR/Orthogonal/0007/OR007@3_1.mat,source/48kHz_DE_data/OR/Orthogonal/0007/OR007@3_1.mat,source,test,1,True,3,36000,48000,3,4,0.00032298515657248965,0,True,0.25,0.4556948225563544,0.34553176491670984,4.004079017971478,4.501970775160851,4.080782501023446,0.051964190319098255
source/48kHz_DE_data/OR/Orthogonal/0007/OR007@3_2.mat::w0000,source/48kHz_DE_data/OR/Orthogonal/0007/OR007@3_2.mat,source/48kHz_DE_data/OR/Orthogonal/0007/OR007@3_2.mat,source,train,1,True,0,0,12000,0,1,-0.0005363755843881046,0,True,0.25,0.44417333688126953,0.3304677947763465,3.689873782920005,4.199589994430949,4.2907070854677825,0.05740475015004295
source/48kHz_DE_data/OR/Orthogonal/0007/OR007@3_2.mat::w0001,source/48kHz_DE_data/OR/Orthogonal/0007/OR007@3_2.mat,source/48kHz_DE_data/OR/Orthogonal/0007/OR007@3_2.mat,source,train,1,True,1,12000,24000,1,2,-0.0004981997672597728,0,False,0.25,0.4498716301642013,0.33397730879400317,3.9752260066505736,4.492554048058702,4.368711908268416,0.05013673468181063
source/48kHz_DE_data/OR/Orthogonal/0007/OR007@3_2.mat::w0002,source/48kHz_DE_data/OR/Orthogonal/0007/OR007@3_2.mat,source/48kHz_DE_data/OR/Orthogonal/0007/OR007@3_2.mat,source,train,1,True,2,24000,36000,2,3,0.0007496195647847597,0,False,0.25,0.44268037521621084,0.32983235398394145,3.7127186175791413,4.25915112133203,4.278082399661207,0.063767373126543
source/48kHz_DE_data/OR/Orthogonal/0007/OR007@3_2.mat::w0003,source/48kHz_DE_data/OR/Orthogonal/0007/OR007@3_2.mat,source/48kHz_DE_data/OR/Orthogonal/0007/OR007@3_2.mat,source,train,1,True,3,36000,48000,3,4,0.0002732816817298695,0,True,0.25,0.4404641754008167,0.32651339257289197,3.7403401486213443,4.260623128862775,4.364638252684934,0.05983014008083408
source/48kHz_DE_data/OR/Orthogonal/0007/OR007@3_3.mat::w0000,source/48kHz_DE_data/OR/Orthogonal/0007/OR007@3_3.mat,source/48kHz_DE_data/OR/Orthogonal/0007/OR007@3_3.mat,source,train,1,True,0,0,12000,0,1,0.0016138137449172856,0,True,0.25,0.4438106509462208,0.3368107936502405,3.6538061693832335,4.1204919292640785,4.078484778141697,0.04565105592550344
source/48kHz_DE_data/OR/Orthogonal/0007/OR007@3_3.mat::w0001,source/48kHz_DE_data/OR/Orthogonal/0007/OR007@3_3.mat,source/48kHz_DE_data/OR/Orthogonal/0007/OR007@3_3.mat,source,train,1,True,1,12000,24000,1,2,-0.0004274055458453887,0,False,0.25,0.44533306660466254,0.336813900439961,3.9419908660496317,4.4963414179615615,4.205945978616885,0.03725417986109706
source/48kHz_DE_data/OR/Orthogonal/0007/OR007@3_3.mat::w0002,source/48kHz_DE_data/OR/Orthogonal/0007/OR007@3_3.mat,source/48kHz_DE_data/OR/Orthogonal/0007/OR007@3_3.mat,source,train,1,True,2,24000,36000,2,3,-0.0021177320953588495,0,False,0.25,0.4411304326276969,0.33366049731930253,3.81642999495583,4.423623832388306,4.189872704453499,0.04338401175688558
source/48kHz_DE_data/OR/Orthogonal/0007/OR007@3_3.mat::w0003,source/48kHz_DE_data/OR/Orthogonal/0007/OR007@3_3.mat,source/48kHz_DE_data/OR/Orthogonal/0007/OR007@3_3.mat,source,train,1,True,3,36000,48000,3,4,0.0009205744663423625,0,True,0.25,0.447030195463416,0.33744724586721064,4.015573301227384,4.65566977750228,4.336076105655812,0.04330090904459527
source/48kHz_DE_data/OR/Orthogonal/0021/OR021@3_0.mat::w0000,source/48kHz_DE_data/OR/Orthogonal/0021/OR021@3_0.mat,source/48kHz_DE_data/OR/Orthogonal/0021/OR021@3_0.mat,source,train,1,True,0,0,12000,0,1,-0.0005585791948420612,0,True,0.5,0.4139342180778817,0.2868543769289675,5.3820364464320125,7.200417063817779,8.269958527820894,-0.2690823869576428
source/48kHz_DE_data/OR/Orthogonal/0021/OR021@3_0.mat::w0001,source/48kHz_DE_data/OR/Orthogonal/0021/OR021@3_0.mat,source/48kHz_DE_data/OR/Orthogonal/0021/OR021@3_0.mat,source,train,1,True,1,12000,24000,1,2,-0.00018648705487546698,0,False,0.5,0.4134944017155198,0.2864251518790615,5.677541961900364,7.5449852916336635,8.640217054673942,-0.24489164334916674
source/48kHz_DE_data/OR/Orthogonal/0021/OR021@3_1.mat::w0000,source/48kHz_DE_data/OR/Orthogonal/0021/OR021@3_1.mat,source/48kHz_DE_data/OR/Orthogonal/0021/OR021@3_1.mat,source,validation,1,True,0,0,12000,0,1,0.00012350636919448448,0,True,0.25,0.7724244268030926,0.5293521456133103,9.421863865251645,6.398572667460326,7.066887355648541,0.08693434781125871
source/48kHz_DE_data/OR/Orthogonal/0021/OR021@3_1.mat::w0001,source/48kHz_DE_data/OR/Orthogonal/0021/OR021@3_1.mat,source/48kHz_DE_data/OR/Orthogonal/0021/OR021@3_1.mat,source,validation,1,True,1,12000,24000,1,2,-0.00038545507481154367,0,False,0.25,0.7535001124235938,0.5132005314629563,9.845167605265955,7.278856898249659,7.517047012430051,0.038044864018434946
source/48kHz_DE_data/OR/Orthogonal/0021/OR021@3_1.mat::w0002,source/48kHz_DE_data/OR/Orthogonal/0021/OR021@3_1.mat,source/48kHz_DE_data/OR/Orthogonal/0021/OR021@3_1.mat,source,validation,1,True,2,24000,36000,2,3,-0.00029926086484630013,0,False,0.25,0.7692758281344685,0.5238570969282226,9.450498678097073,6.601940129712976,7.496585829523417,-0.031913146858586004
source/48kHz_DE_data/OR/Orthogonal/0021/OR021@3_1.mat::w0003,source/48kHz_DE_data/OR/Orthogonal/0021/OR021@3_1.mat,source/48kHz_DE_data/OR/Orthogonal/0021/OR021@3_1.mat,source,validation,1,True,3,36000,48000,3,4,0.000501779577362645,0,True,0.25,0.7539148090020733,0.5149361846527095,9.22036497463785,6.731046548474379,7.34489157025251,0.03309423793223646
source/48kHz_DE_data/OR/Orthogonal/0021/OR021@3_2.mat::w0000,source/48kHz_DE_data/OR/Orthogonal/0021/OR021@3_2.mat,source/48kHz_DE_data/OR/Orthogonal/0021/OR021@3_2.mat,source,train,1,True,0,0,12000,0,1,-0.0005138323449776873,0,True,0.25,0.7141311410302528,0.48802803772121583,7.972350989147838,5.597112187784917,6.653190323747084,0.06668106089256312
source/48kHz_DE_data/OR/Orthogonal/0021/OR021@3_2.mat::w0001,source/48kHz_DE_data/OR/Orthogonal/0021/OR021@3_2.mat,source/48kHz_DE_data/OR/Orthogonal/0021/OR021@3_2.mat,source,train,1,True,1,12000,24000,1,2,0.0009570446475540446,0,False,0.25,0.7312107254004101,0.49788962293019867,8.450181688733501,5.902617104629401,7.19553595565176,0.027735232298463343
source/48kHz_DE_data/OR/Orthogonal/0021/OR021@3_2.mat::w0002,source/48kHz_DE_data/OR/Orthogonal/0021/OR021@3_2.mat,source/48kHz_DE_data/OR/Orthogonal/0021/OR021@3_2.mat,source,train,1,True,2,24000,36000,2,3,3.977218836705913e-06,0,False,0.25,0.7129468669197997,0.48259150957722197,8.80225394437445,6.3037992468240684,7.596873511423602,0.014359613814837064
source/48kHz_DE_data/OR/Orthogonal/0021/OR021@3_2.mat::w0003,source/48kHz_DE_data/OR/Orthogonal/0021/OR021@3_2.mat,source/48kHz_DE_data/OR/Orthogonal/0021/OR021@3_2.mat,source,train,1,True,3,36000,48000,3,4,-0.000428310249938061,0,True,0.25,0.7040284718226701,0.4846804122334173,9.450492786154186,6.787586025811629,7.464165857585688,-0.01633236292277943
source/48kHz_DE_data/OR/Orthogonal/0021/OR021@3_3.mat::w0000,source/48kHz_DE_data/OR/Orthogonal/0021/OR021@3_3.mat,source/48kHz_DE_data/OR/Orthogonal/0021/OR021@3_3.mat,source,train,1,True,0,0,12000,0,1,0.0007863308016747146,0,True,0.25,0.6684058536450119,0.4606895360587283,8.741909706641517,7.076302544420945,7.460498205491163,-0.12273834539759425
source/48kHz_DE_data/OR/Orthogonal/0021/OR021@3_3.mat::w0001,source/48kHz_DE_data/OR/Orthogonal/0021/OR021@3_3.mat,source/48kHz_DE_data/OR/Orthogonal/0021/OR021@3_3.mat,source,train,1,True,1,12000,24000,1,2,-8.294032345329009e-05,0,False,0.25,0.678577071938237,0.4673965372755043,8.418236204737017,6.768766847612036,7.720845628604288,-0.1323784324712965
source/48kHz_DE_data/OR/Orthogonal/0021/OR021@3_3.mat::w0002,source/48kHz_DE_data/OR/Orthogonal/0021/OR021@3_3.mat,source/48kHz_DE_data/OR/Orthogonal/0021/OR021@3_3.mat,source,train,1,True,2,24000,36000,2,3,-0.0016552056837249758,0,False,0.25,0.6749199310463462,0.46492133982242406,8.516581939355488,6.83526404374362,7.214872680342208,-0.1161168750564872
source/48kHz_DE_data/OR/Orthogonal/0021/OR021@3_3.mat::w0003,source/48kHz_DE_data/OR/Orthogonal/0021/OR021@3_3.mat,source/48kHz_DE_data/OR/Orthogonal/0021/OR021@3_3.mat,source,train,1,True,3,36000,48000,3,4,0.0009257378542744956,0,True,0.25,0.6757909904581334,0.46701935434494696,7.878232439141173,6.348949633388484,6.803697404969181,-0.055492758438374666
source/48kHz_Normal_data/N_0.mat::w0000,source/48kHz_Normal_data/N_0.mat,source/48kHz_Normal_data/N_0.mat,source,test,0,True,0,0,12000,0,1,-0.0007816719623899553,0,True,0.2,0.07048487418505477,0.056821461463649824,0.5278318438895806,3.9121223118163595,2.7953974623733187,-0.012771259549512854
source/48kHz_Normal_data/N_0.mat::w0001,source/48kHz_Normal_data/N_0.mat,source/48kHz_Normal_data/N_0.mat,source,test,0,True,1,12000,24000,1,2,8.471996870951801e-05,0,False,0.2,0.06969251338408282,0.05615503995096124,0.5150453968323003,3.8665365752693086,2.7879051547144384,0.03942406911076326
source/48kHz_Normal_data/N_0.mat::w0002,source/48kHz_Normal_data/N_0.mat,source/48kHz_Normal_data/N_0.mat,source,test,0,True,2,24000,36000,2,3,0.000514149572152849,0,False,0.2,0.06982580301849207,0.05646906376624577,0.4824627922445596,3.465380585783473,2.7286375491942225,0.010759202358041271
source/48kHz_Normal_data/N_0.mat::w0003,source/48kHz_Normal_data/N_0.mat,source/48kHz_Normal_data/N_0.mat,source,test,0,True,3,36000,48000,3,4,-0.0006093560838842808,0,False,0.2,0.07196633480391991,0.057888588399627926,0.49021016030820447,3.5380407086764087,2.8150398630424447,-0.02250093637277128
source/48kHz_Normal_data/N_0.mat::w0004,source/48kHz_Normal_data/N_0.mat,source/48kHz_Normal_data/N_0.mat,source,test,0,True,4,48000,60000,4,5,0.0009082590522428452,0,False,0.2,0.07120332234955079,0.057474560925597835,0.49254363595240747,3.6575186918592677,2.7939523064729106,0.060581473801215924
source/48kHz_Normal_data/N_1_(1772rpm).mat::w0000,source/48kHz_Normal_data/N_1_(1772rpm).mat,source/48kHz_Normal_data/N_1_(1772rpm).mat,source,validation,0,True,0,0,12000,0,1,-0.001408445243207513,0,True,0.125,0.0601731536281017,0.04820789805722539,0.429492225118159,3.691258704019371,2.91496865783191,0.008227943419952382
source/48kHz_Normal_data/N_1_(1772rpm).mat::w0001,source/48kHz_Normal_data/N_1_(1772rpm).mat,source/48kHz_Normal_data/N_1_(1772rpm).mat,source,validation,0,True,1,12000,24000,1,2,-0.002302113475145783,0,False,0.125,0.06032375728811347,0.048475675353830884,0.4407680551715857,3.681743670380415,2.9026972398716966,0.017330799498803343
source/48kHz_Normal_data/N_1_(1772rpm).mat::w0002,source/48kHz_Normal_data/N_1_(1772rpm).mat,source/48kHz_Normal_data/N_1_(1772rpm).mat,source,validation,0,True,2,24000,36000,2,3,-0.0008295386697274544,0,False,0.125,0.06021680077476885,0.04816996698893655,0.43831884962155276,3.689401079751807,2.882244913209163,0.04938302962571181
source/48kHz_Normal_data/N_1_(1772rpm).mat::w0003,source/48kHz_Normal_data/N_1_(1772rpm).mat,source/48kHz_Normal_data/N_1_(1772rpm).mat,source,validation,0,True,3,36000,48000,3,4,0.0010347356589943439,0,False,0.125,0.06083710419613102,0.04864042575857145,0.5073055361418979,4.220694372922494,2.9920132701860833,0.01702932082637823
source/48kHz_Normal_data/N_1_(1772rpm).mat::w0004,source/48kHz_Normal_data/N_1_(1772rpm).mat,source/48kHz_Normal_data/N_1_(1772rpm).mat,source,validation,0,True,4,48000,60000,4,5,0.0036937542614452557,0,False,0.125,0.0602825878870741,0.048130880760521695,0.5201319839293428,4.351007087317127,3.015069611943248,0.0575088986382126
source/48kHz_Normal_data/N_1_(1772rpm).mat::w0005,source/48kHz_Normal_data/N_1_(1772rpm).mat,source/48kHz_Normal_data/N_1_(1772rpm).mat,source,validation,0,True,5,60000,72000,5,6,-0.002566608287319295,0,False,0.125,0.06033103578406525,0.048105169538833197,0.40307096920034774,3.4496105120428933,2.9604913304705454,0.05293463687915056
source/48kHz_Normal_data/N_1_(1772rpm).mat::w0006,source/48kHz_Normal_data/N_1_(1772rpm).mat,source/48kHz_Normal_data/N_1_(1772rpm).mat,source,validation,0,True,6,72000,84000,6,7,-8.508860240011193e-05,0,False,0.125,0.06035759890749875,0.0480784735321466,0.45530621198395194,4.084653695020925,2.9994531234415076,0.023123401502646815
source/48kHz_Normal_data/N_1_(1772rpm).mat::w0007,source/48kHz_Normal_data/N_1_(1772rpm).mat,source/48kHz_Normal_data/N_1_(1772rpm).mat,source,validation,0,True,7,84000,96000,7,8,0.00246743740783585,0,True,0.125,0.06039428396965601,0.048316781645180155,0.4527874937356611,3.928252813753843,2.958651419837132,0.02294060660132392
source/48kHz_Normal_data/N_2_(1750rpm).mat::w0000,source/48kHz_Normal_data/N_2_(1750rpm).mat,source/48kHz_Normal_data/N_2_(1750rpm).mat,source,train,0,True,0,0,12000,0,1,-0.0009284689655361611,0,True,0.125,0.056131625037503866,0.04474936683641018,0.4513215046244616,4.333560548543932,3.0121101850656116,-0.008169539227970419
source/48kHz_Normal_data/N_2_(1750rpm).mat::w0001,source/48kHz_Normal_data/N_2_(1750rpm).mat,source/48kHz_Normal_data/N_2_(1750rpm).mat,source,train,0,True,1,12000,24000,1,2,-0.001740765325631276,0,False,0.125,0.05611981851254874,0.04493840652331963,0.5101513949743242,5.1262055312613795,2.988974223547813,0.03747971595122053
source/48kHz_Normal_data/N_2_(1750rpm).mat::w0002,source/48kHz_Normal_data/N_2_(1750rpm).mat,source/48kHz_Normal_data/N_2_(1750rpm).mat,source,train,0,True,2,24000,36000,2,3,-0.0006555384169450803,0,False,0.125,0.05611742589128174,0.0448857849261406,0.45911870617597655,4.218058391365646,2.9578109535470114,0.012267575605015088
source/48kHz_Normal_data/N_2_(1750rpm).mat::w0003,source/48kHz_Normal_data/N_2_(1750rpm).mat,source/48kHz_Normal_data/N_2_(1750rpm).mat,source,train,0,True,3,36000,48000,3,4,-0.0003624841302354471,0,False,0.125,0.056094282056040355,0.044679937679019927,0.4931045779236922,4.545654997203025,3.0290244320584896,0.02193742844353859
source/48kHz_Normal_data/N_2_(1750rpm).mat::w0004,source/48kHz_Normal_data/N_2_(1750rpm).mat,source/48kHz_Normal_data/N_2_(1750rpm).mat,source,train,0,True,4,48000,60000,4,5,0.0005381687082097131,0,False,0.125,0.05608213616730823,0.04480914696964524,0.5270739351376994,5.447351022856897,3.0148758965369584,0.01121911144290009
source/48kHz_Normal_data/N_2_(1750rpm).mat::w0005,source/48kHz_Normal_data/N_2_(1750rpm).mat,source/48kHz_Normal_data/N_2_(1750rpm).mat,source,train,0,True,5,60000,72000,5,6,0.0005301038212671409,0,False,0.125,0.05579204254543785,0.044602725526126014,0.4468706712456145,4.097745309624447,2.9476076627268584,0.01766725451666371
source/48kHz_Normal_data/N_2_(1750rpm).mat::w0006,source/48kHz_Normal_data/N_2_(1750rpm).mat,source/48kHz_Normal_data/N_2_(1750rpm).mat,source,train,0,True,6,72000,84000,6,7,0.0013906014810261779,0,False,0.125,0.055555924944369846,0.04450648735262145,0.41512928723866144,3.8704796644870583,2.9418860344503956,-0.001461898346290828
source/48kHz_Normal_data/N_2_(1750rpm).mat::w0007,source/48kHz_Normal_data/N_2_(1750rpm).mat,source/48kHz_Normal_data/N_2_(1750rpm).mat,source,train,0,True,7,84000,96000,7,8,0.0012310242202910767,0,True,0.125,0.05566773058850226,0.04449438037304722,0.40541858918376134,3.74492989052887,2.935203912833641,0.06206314521815648
source/48kHz_Normal_data/N_3.mat::w0000,source/48kHz_Normal_data/N_3.mat,source/48kHz_Normal_data/N_3.mat,source,train,0,True,0,0,12000,0,1,-0.0028149153668426785,0,True,0.125,0.05665324302583664,0.04515202937370611,0.4430662077594175,4.067804429152935,3.007685977742004,0.04840975521826263
source/48kHz_Normal_data/N_3.mat::w0001,source/48kHz_Normal_data/N_3.mat,source/48kHz_Normal_data/N_3.mat,source,train,0,True,1,12000,24000,1,2,0.00011583694858936807,0,False,0.125,0.056081513551681395,0.04468915854036094,0.4065568722255192,3.6506008537324295,3.0113824649474568,0.024754749141658674
source/48kHz_Normal_data/N_3.mat::w0002,source/48kHz_Normal_data/N_3.mat,source/48kHz_Normal_data/N_3.mat,source,train,0,True,2,24000,36000,2,3,0.00092315575392461,0,False,0.125,0.05600518057864314,0.04463902276508563,0.4175938351423977,4.007338915110625,3.0134352377502274,0.020472535776591146
source/48kHz_Normal_data/N_3.mat::w0003,source/48kHz_Normal_data/N_3.mat,source/48kHz_Normal_data/N_3.mat,source,train,0,True,3,36000,48000,3,4,0.00023460397790071126,0,False,0.125,0.056839658584308166,0.04526281726976026,0.422680988932402,3.994939258339047,3.0542308385613435,0.02787342507895562
source/48kHz_Normal_data/N_3.mat::w0004,source/48kHz_Normal_data/N_3.mat,source/48kHz_Normal_data/N_3.mat,source,train,0,True,4,48000,60000,4,5,-0.001215946448653056,0,False,0.125,0.056990679860261934,0.04537614267184009,0.45064916582115633,3.9779810482781084,3.0470391685851723,0.0008586017067144394
source/48kHz_Normal_data/N_3.mat::w0005,source/48kHz_Normal_data/N_3.mat,source/48kHz_Normal_data/N_3.mat,source,train,0,True,5,60000,72000,5,6,8.020562113150083e-05,0,False,0.125,0.05681623372541445,0.045347627411493646,0.467038980086913,4.613649161581773,3.0140417422618158,0.010954022576414854
source/48kHz_Normal_data/N_3.mat::w0006,source/48kHz_Normal_data/N_3.mat,source/48kHz_Normal_data/N_3.mat,source,train,0,True,6,72000,84000,6,7,0.0015987867039766366,0,False,0.125,0.05689063446669339,0.04514756090776512,0.5160280519168636,4.585933756495398,3.112681217040042,0.046002111756170305
source/48kHz_Normal_data/N_3.mat::w0007,source/48kHz_Normal_data/N_3.mat,source/48kHz_Normal_data/N_3.mat,source,train,0,True,7,84000,96000,7,8,0.0010735954841295493,0,True,0.125,0.05650255525891111,0.04489760256382825,0.4674818366180236,4.168632339939542,3.1483526084463884,0.030448836553997216
target/A.mat::w0000,target/A.mat,target/A.mat,target,target,-1,False,0,0,12000,0,1,0.024615669505170246,0,True,0.125,2.815646401007539,2.236088820000099,23.289762037051585,4.1697651279778825,3.141565467980637,0.009353076024116537
target/A.mat::w0001,target/A.mat,target/A.mat,target,target,-1,False,1,12000,24000,1,2,0.017718993408004667,0,False,0.125,2.83020337869549,2.2481074226386624,25.515493764126795,4.770354865261484,3.2055834569997486,0.014466652281627593
target/A.mat::w0002,target/A.mat,target/A.mat,target,target,-1,False,2,24000,36000,2,3,-0.0004996341096536665,0,False,0.125,2.8854186395115744,2.298868244085983,24.641329828002373,4.340127521058644,3.0470615206955225,0.0013361745130869291
target/A.mat::w0003,target/A.mat,target/A.mat,target,target,-1,False,3,36000,48000,3,4,0.012979341545170532,0,False,0.125,2.8185562308349317,2.2430213169238358,23.65148247106316,4.643134197773358,3.0747303169256015,-0.0016330615655295753
target/A.mat::w0004,target/A.mat,target/A.mat,target,target,-1,False,4,48000,60000,4,5,-0.04338025417307968,0,False,0.125,2.857112638269535,2.2754756883132674,22.868084396990547,4.203095175587464,3.083224142877659,-0.0073693781020882365
target/A.mat::w0005,target/A.mat,target/A.mat,target,target,-1,False,5,60000,72000,5,6,-0.009251215688056398,0,False,0.125,2.8295315686045948,2.252123687032506,23.033172678662893,4.230420205914606,3.095182931890173,0.001043283363904545
target/A.mat::w0006,target/A.mat,target/A.mat,target,target,-1,False,6,72000,84000,6,7,0.004216069237738752,0,False,0.125,2.8108143163318644,2.2280675447030776,22.322214190126658,4.0192637565622285,3.1697846832359713,-0.020457589807533032
target/A.mat::w0007,target/A.mat,target/A.mat,target,target,-1,False,7,84000,96000,7,8,-0.0064193808960958335,0,True,0.125,2.8136698631923593,2.235969289971174,23.570774500308634,4.219887676267398,3.109756308928069,0.0236565730875983
target/B.mat::w0000,target/B.mat,target/B.mat,target,target,-1,False,0,0,12000,0,1,-0.0012432805322189471,0,True,0.125,1.1036416866277234,0.8697541593110332,11.295507070246053,5.684384537114752,3.455118233924828,-0.0075692449816599835
target/B.mat::w0001,target/B.mat,target/B.mat,target,target,-1,False,1,12000,24000,1,2,0.0011232774682921219,0,False,0.125,1.0715752642468888,0.8473333944737924,8.686035224401358,4.484543912073435,3.1878335826923405,0.0579111727296178
target/B.mat::w0002,target/B.mat,target/B.mat,target,target,-1,False,2,24000,36000,2,3,-0.0027291543770086987,0,False,0.125,1.0541423175248315,0.8344323980262716,9.9330164126599,5.220799690235072,3.322775927387403,0.009470160852477875
target/B.mat::w0003,target/B.mat,target/B.mat,target,target,-1,False,3,36000,48000,3,4,0.001667761252047419,0,False,0.125,1.0850324523477337,0.8544471530921968,9.624578150899524,4.9966526826674205,3.3892293390684816,0.04511900505188398
target/B.mat::w0004,target/B.mat,target/B.mat,target,target,-1,False,4,48000,60000,4,5,0.006164523662335959,0,False,0.125,1.0431985241778339,0.8242082569895804,8.365686397844277,4.011974998418364,3.210093612734069,-0.010338475064697246
target/B.mat::w0005,target/B.mat,target/B.mat,target,target,-1,False,5,60000,72000,5,6,-0.011900490136918497,0,False,0.125,1.0266773572891823,0.806586067482023,9.802666959457975,5.516561636613364,3.3762216412637147,0.08151263646028725
target/B.mat::w0006,target/B.mat,target/B.mat,target,target,-1,False,6,72000,84000,6,7,0.0024509332181088185,0,False,0.125,1.0920791791574973,0.8589804966443474,10.01106160034484,4.711076928132509,3.385206483620653,0.004108421131720933
target/B.mat::w0007,target/B.mat,target/B.mat,target,target,-1,False,7,84000,96000,7,8,0.004537753848093889,0,True,0.125,1.0394671804270974,0.8262018355812709,7.741660828805156,3.878958333287254,3.054234150159724,-0.0032143996628482122
target/C.mat::w0000,target/C.mat,target/C.mat,target,target,-1,False,0,0,12000,0,1,0.015988782435121127,0,True,0.125,9.954328898810648,6.674018591745628,229.16382412475332,11.595610918139458,18.37632812298035,-0.021730247095015937
target/C.mat::w0001,target/C.mat,target/C.mat,target,target,-1,False,1,12000,24000,1,2,0.043555084201640816,0,False,0.125,10.320971804387334,6.7467653540760715,243.74600187748507,12.998001727610625,21.695146748891915,0.293394124236799
target/C.mat::w0002,target/C.mat,target/C.mat,target,target,-1,False,2,24000,36000,2,3,0.06288264283376284,0,False,0.125,10.164025223199689,6.755916454472983,268.94206203500556,13.406720235543013,21.555602897273353,0.2744190060437767
target/C.mat::w0003,target/C.mat,target/C.mat,target,target,-1,False,3,36000,48000,3,4,0.02451426908966717,0,False,0.125,10.114514888198766,6.752305062449035,245.1760070580111,12.989258499488683,18.277992827458355,0.18325034140876206
target/C.mat::w0004,target/C.mat,target/C.mat,target,target,-1,False,4,48000,60000,4,5,-0.06854981202744863,0,False,0.125,9.562598026417714,6.4283483691432775,219.89096460327306,11.792330975392884,16.82417550004018,-0.2794136081323818
target/C.mat::w0005,target/C.mat,target/C.mat,target,target,-1,False,5,60000,72000,5,6,-0.0006902677885515575,0,False,0.125,10.034677337962945,6.691838347828866,263.12642101686805,14.393742400009044,22.11206720826212,0.8193455231928714
target/C.mat::w0006,target/C.mat,target/C.mat,target,target,-1,False,6,72000,84000,6,7,-0.05557870549020686,0,False,0.125,9.549856147268926,6.532730667533105,209.1273220751999,12.786784570379362,15.318790406884006,-0.29585709101752516
target/C.mat::w0007,target/C.mat,target/C.mat,target,target,-1,False,7,84000,96000,7,8,-0.023353075399258037,0,True,0.125,9.018302025260493,6.332430135039932,211.77754555278165,14.140049556087755,12.877336008651177,-0.08740111301274278
target/D.mat::w0000,target/D.mat,target/D.mat,target,target,-1,False,0,0,12000,0,1,0.032247612089635606,0,True,0.125,5.05855106942471,4.022215124309118,44.00847065058178,4.706705874422133,3.113306591081258,0.023847925868840263
target/D.mat::w0001,target/D.mat,target/D.mat,target,target,-1,False,1,12000,24000,1,2,0.05075644244791744,0,False,0.125,5.04311039821492,4.016423068598766,36.328903367555974,3.6630174058752782,3.0530087223881286,0.005131841695194324
target/D.mat::w0002,target/D.mat,target/D.mat,target,target,-1,False,2,24000,36000,2,3,0.031150806784451705,0,False,0.125,5.055816865019331,4.011842336907216,43.7574223028776,4.508851489491405,3.1081198138865473,0.010098594060745212
target/D.mat::w0003,target/D.mat,target/D.mat,target,target,-1,False,3,36000,48000,3,4,0.017351848530319028,0,False,0.125,5.00632268692353,3.9901531743637455,37.84218407395936,4.250473009070608,3.00596551519058,-0.02181410754238766
target/D.mat::w0004,target/D.mat,target/D.mat,target,target,-1,False,4,48000,60000,4,5,-0.06121424007467487,0,False,0.125,5.052197802624913,4.03303049430987,40.94969073416221,4.220042666079117,3.0385893868212053,0.0174112386831254
target/D.mat::w0005,target/D.mat,target/D.mat,target,target,-1,False,5,60000,72000,5,6,0.03771577344851592,0,False,0.125,5.040464914456554,4.01813700006133,39.150707162857984,4.295308825366137,3.0271429139050356,-0.012833412581281478
target/D.mat::w0006,target/D.mat,target/D.mat,target,target,-1,False,6,72000,84000,6,7,-0.09284731598779085,0,False,0.125,4.930381400629477,3.936634622082535,37.519039758968134,3.9176899662361055,2.9959438146117767,-0.010713228234596393
target/D.mat::w0007,target/D.mat,target/D.mat,target,target,-1,False,7,84000,96000,7,8,-0.014933302866637424,0,True,0.125,5.007270133774529,3.973081672339748,42.09854781999319,4.598070337834049,3.120656449696676,0.0032702595197562894
target/E.mat::w0000,target/E.mat,target/E.mat,target,target,-1,False,0,0,12000,0,1,0.02372246049185677,0,True,0.125,6.816201292394307,4.135821455307012,178.74484800452802,14.78084903740405,34.699935594491706,0.4089220055306447
target/E.mat::w0001,target/E.mat,target/E.mat,target,target,-1,False,1,12000,24000,1,2,-0.024143344863658257,0,False,0.125,6.247699095519666,3.863126722728203,167.99926570403187,13.709165743783888,26.696954859675067,-0.3589319684487725
target/E.mat::w0002,target/E.mat,target/E.mat,target,target,-1,False,2,24000,36000,2,3,0.0008551115473617372,0,False,0.125,6.0387670361636525,3.8519175266483687,170.25163328795463,14.271261218905952,25.52969492412964,-0.056805772109672414
target/E.mat::w0003,target/E.mat,target/E.mat,target,target,-1,False,3,36000,48000,3,4,0.030445558274143386,0,False,0.125,6.386184764109117,4.112417486646031,160.05113624349462,12.86326150255132,22.633840123991142,0.05235778621494152
target/E.mat::w0004,target/E.mat,target/E.mat,target,target,-1,False,4,48000,60000,4,5,-0.023947992083817052,0,False,0.125,6.433297512837055,3.94745070601115,190.1484162749978,17.04631811566755,38.61132743781701,-0.07157222594226681
target/E.mat::w0005,target/E.mat,target/E.mat,target,target,-1,False,5,60000,72000,5,6,0.003747449469752259,0,False,0.125,5.911417904267816,3.872404715470191,137.69694766980723,13.679448561636596,21.69349933356879,-0.34464408251627915
target/E.mat::w0006,target/E.mat,target/E.mat,target,target,-1,False,6,72000,84000,6,7,0.017673331019721374,0,False,0.125,6.606294801194453,4.091204588752861,175.53506355145385,14.060733187784804,27.865186524059382,0.0387908396975733
target/E.mat::w0007,target/E.mat,target/E.mat,target,target,-1,False,7,84000,96000,7,8,-0.02822543049691122,0,True,0.125,6.355860479567132,4.052352969262049,165.4002612161342,13.248780177265061,25.6193554961346,-0.47644646570176047
target/F.mat::w0000,target/F.mat,target/F.mat,target,target,-1,False,0,0,12000,0,1,-0.027348069718066536,0,True,0.125,3.6957241883081813,2.9472434932514684,33.25204739982861,4.647301662468752,3.0995628183813397,0.025125537338881804
target/F.mat::w0001,target/F.mat,target/F.mat,target,target,-1,False,1,12000,24000,1,2,0.052751427168518716,0,False,0.125,3.730264252305336,2.964562987295922,29.77046588770515,4.144463718332348,3.0536093756024782,-0.04107658506861239
target/F.mat::w0002,target/F.mat,target/F.mat,target,target,-1,False,2,24000,36000,2,3,-0.030874253937662577,0,False,0.125,3.7750917132937274,3.0051002591142715,32.424893725616194,4.62307681739068,3.0925707657678596,-0.001580358660335276
target/F.mat::w0003,target/F.mat,target/F.mat,target,target,-1,False,3,36000,48000,3,4,-0.030604717453317495,0,False,0.125,3.7406572642930973,2.972545617494577,28.030391265209744,3.9144526346016555,3.0654061083945825,0.038002129189455176
target/F.mat::w0004,target/F.mat,target/F.mat,target,target,-1,False,4,48000,60000,4,5,0.010011324781175595,0,False,0.125,3.687222017762874,2.9411872182145236,32.56257687927285,4.660842130869357,3.054258557443251,0.0036856386436726622
target/F.mat::w0005,target/F.mat,target/F.mat,target,target,-1,False,5,60000,72000,5,6,0.007095445397998446,0,False,0.125,3.7241709523980138,2.948896310745646,30.65629582509557,4.144836555109724,3.1656697012963466,-0.018194251673457253
target/F.mat::w0006,target/F.mat,target/F.mat,target,target,-1,False,6,72000,84000,6,7,0.026226080213025738,0,False,0.125,3.761570968551559,2.997689389401508,28.000862299177946,3.827601537705791,3.023120941084119,-0.0018215812995115
target/F.mat::w0007,target/F.mat,target/F.mat,target,target,-1,False,7,84000,96000,7,8,-0.007263667320454374,0,True,0.125,3.770578844085678,3.01017702537011,29.422760808123137,4.012640753834908,3.005065140417337,-0.03523698087170004
target/G.mat::w0000,target/G.mat,target/G.mat,target,target,-1,False,0,0,12000,0,1,-0.005001550073901804,0,True,0.125,1.1884185564101124,0.9360424038494707,11.421392899278977,5.312873057639801,3.4734536569315946,-0.01682740624746821
target/G.mat::w0001,target/G.mat,target/G.mat,target,target,-1,False,1,12000,24000,1,2,0.001964085862794247,0,False,0.125,1.1710888592639186,0.9189599173138115,10.854197191071542,4.783169235271334,3.5319445149882767,-0.03677104980470989
target/G.mat::w0002,target/G.mat,target/G.mat,target,target,-1,False,2,24000,36000,2,3,0.008573187597465145,0,False,0.125,1.1905930996616103,0.9295047261170848,10.977716094135154,4.678667433817524,3.588518541008811,-0.0313600816949352
target/G.mat::w0003,target/G.mat,target/G.mat,target,target,-1,False,3,36000,48000,3,4,-0.009032515744678176,0,False,0.125,1.1685145494977969,0.9163148559983252,13.469019107445193,5.897297032679323,3.5942178056118403,-0.03565139583287456
target/G.mat::w0004,target/G.mat,target/G.mat,target,target,-1,False,4,48000,60000,4,5,0.0016587862883755925,0,False,0.125,1.201368865224395,0.9427418909102625,11.601721953810095,4.948645710940687,3.5719691095314254,-0.06207708226321557
target/G.mat::w0005,target/G.mat,target/G.mat,target,target,-1,False,5,60000,72000,5,6,-0.009631056804567318,0,False,0.125,1.1927568993127156,0.9372809591525755,11.72657795793302,5.6594245340496165,3.4289295440107455,-0.04852598537564618
target/G.mat::w0006,target/G.mat,target/G.mat,target,target,-1,False,6,72000,84000,6,7,0.0080046878449854,0,False,0.125,1.169236394206561,0.9193173367721411,12.910774041916792,5.870165749112017,3.5299771333605294,-0.05564983524653744
target/G.mat::w0007,target/G.mat,target/G.mat,target,target,-1,False,7,84000,96000,7,8,0.003493568597926779,0,True,0.125,1.1989033619145337,0.9437749491560404,11.386267600767825,4.88011335903726,3.419588870924808,-0.004720337915290147
target/H.mat::w0000,target/H.mat,target/H.mat,target,target,-1,False,0,0,12000,0,1,0.01721851390721265,0,True,0.125,6.790102856206316,5.353673923578363,51.07383574306721,3.904919445399838,3.1602734456438295,0.010626202317578229
target/H.mat::w0001,target/H.mat,target/H.mat,target,target,-1,False,1,12000,24000,1,2,0.008245834176364935,0,False,0.125,6.760539472383013,5.351669136229288,54.524523561120006,4.296866860092374,3.184661511311393,-0.00415997706511887
target/H.mat::w0002,target/H.mat,target/H.mat,target,target,-1,False,2,24000,36000,2,3,0.006576697995161205,0,False,0.125,6.805994549606294,5.368216561226652,55.05160195267759,4.194729856903123,3.257775826263818,0.001975128041909199
target/H.mat::w0003,target/H.mat,target/H.mat,target,target,-1,False,3,36000,48000,3,4,-0.0014934841573088586,0,False,0.125,6.816828283724296,5.383954173886926,60.707804713710615,4.990814715830613,3.2087900433863554,0.011485233832630318
target/H.mat::w0004,target/H.mat,target/H.mat,target,target,-1,False,4,48000,60000,4,5,-0.021901022345396277,0,False,0.125,6.815414766875732,5.369052408714194,59.99867485214831,5.243793320723672,3.3580938838126517,-0.0421694208635892
target/H.mat::w0005,target/H.mat,target/H.mat,target,target,-1,False,5,60000,72000,5,6,-0.018086655907548495,0,False,0.125,6.783002909025636,5.335294150418968,53.83706373095288,4.3337905573681965,3.240978086470087,-0.03452373423612886
target/H.mat::w0006,target/H.mat,target/H.mat,target,target,-1,False,6,72000,84000,6,7,0.009142893518765276,0,False,0.125,6.815806628051388,5.391072593831015,58.973136725205656,4.82826778863189,3.1564573057356657,0.01057759731644614
target/H.mat::w0007,target/H.mat,target/H.mat,target,target,-1,False,7,84000,96000,7,8,0.0005043153844939059,0,True,0.125,6.877966808343096,5.420099615732219,62.268209251672616,5.480127351178602,3.2933661486066526,-0.020829780380224736
target/I.mat::w0000,target/I.mat,target/I.mat,target,target,-1,False,0,0,12000,0,1,-0.020427659101344746,0,True,0.125,11.472082906436146,8.22137333216561,183.4251653857799,8.165731162784834,8.988989027750096,0.16752984250142774
target/I.mat::w0001,target/I.mat,target/I.mat,target,target,-1,False,1,12000,24000,1,2,-0.07039514560643155,0,False,0.125,12.256951920506332,8.45577261181954,247.0883662016951,13.42699268114858,14.174398695921193,-0.4391692492125158
target/I.mat::w0002,target/I.mat,target/I.mat,target,target,-1,False,2,24000,36000,2,3,-0.004891695295656945,0,False,0.125,11.747807246225875,8.385515167613928,283.2532076826877,13.908047008459876,13.880136513632307,0.4338712252803986
target/I.mat::w0003,target/I.mat,target/I.mat,target,target,-1,False,3,36000,48000,3,4,0.08239248482927425,0,False,0.125,11.54529034809953,8.208443105682646,214.4626840645612,9.953170689643349,11.10749680611819,-0.03542218605278511
target/I.mat::w0004,target/I.mat,target/I.mat,target,target,-1,False,4,48000,60000,4,5,-0.03886001067244421,0,False,0.125,12.223491382484234,8.505756756011293,263.6465498201672,13.39931880402082,13.874114476135665,-0.11737593231465367
target/I.mat::w0005,target/I.mat,target/I.mat,target,target,-1,False,5,60000,72000,5,6,-0.04299186702081902,0,False,0.125,11.557230504135127,8.251896915563348,235.49372226466778,11.108688698264615,11.057825964344827,0.2336283572324218
target/I.mat::w0006,target/I.mat,target/I.mat,target,target,-1,False,6,72000,84000,6,7,0.09733385828248449,0,False,0.125,11.917486973465913,8.517468377059554,214.18690701722423,9.069967470888978,10.506325252716401,0.3440420008937411
target/I.mat::w0007,target/I.mat,target/I.mat,target,target,-1,False,7,84000,96000,7,8,-0.0021454153418987557,0,True,0.125,12.121160530467845,8.472908581305571,268.81633216664505,11.826986122401822,14.398271131796326,-0.18820166153025328
target/J.mat::w0000,target/J.mat,target/J.mat,target,target,-1,False,0,0,12000,0,1,0.005616113829345058,0,True,0.125,9.546957614626653,6.522263697109201,276.2252487609472,16.715392131257993,22.927037151559713,0.9075768998107973
target/J.mat::w0001,target/J.mat,target/J.mat,target,target,-1,False,1,12000,24000,1,2,-0.029610626916171744,0,False,0.125,9.511676616400726,6.481637818901511,315.4271300704886,16.965168073824632,26.713671207080527,0.6036857218284997
target/J.mat::w0002,target/J.mat,target/J.mat,target,target,-1,False,2,24000,36000,2,3,-0.02889623799132169,0,False,0.125,9.59247763599062,6.579774345497189,243.1204584037273,15.065171424998034,16.40631053001698,0.3887573149453353
target/J.mat::w0003,target/J.mat,target/J.mat,target,target,-1,False,3,36000,48000,3,4,0.02831089446265627,0,False,0.125,9.089661705944525,6.360974728255067,199.81643683165134,12.380229783182708,12.084892213991441,0.1065150246104538
target/J.mat::w0004,target/J.mat,target/J.mat,target,target,-1,False,4,48000,60000,4,5,0.012175708594508014,0,False,0.125,9.506344367346559,6.544602319666462,273.7392849337366,17.013738572491754,21.878698636497337,0.8401596337842784
target/J.mat::w0005,target/J.mat,target/J.mat,target,target,-1,False,5,60000,72000,5,6,-0.007126818213926314,0,False,0.125,9.47564742567962,6.506771571711401,223.46357047871012,11.98289931932851,14.129134017962938,0.3041607712383172
target/J.mat::w0006,target/J.mat,target/J.mat,target,target,-1,False,6,72000,84000,6,7,0.027344801678588514,0,False,0.125,9.164531082683235,6.3133718721911425,231.71336390100404,15.040610717391665,19.25029868965591,0.7160733123206207
target/J.mat::w0007,target/J.mat,target/J.mat,target,target,-1,False,7,84000,96000,7,8,-0.007552567597489768,0,True,0.125,9.34779025839885,6.4643204517208455,288.5934112852774,17.12488395973096,20.603707332289158,0.39276952888281136
target/K.mat::w0000,target/K.mat,target/K.mat,target,target,-1,False,0,0,12000,0,1,0.0074034413795036995,0,True,0.125,7.755076927967894,6.0368179031255496,65.16828713296586,4.687030429669017,3.3439935345586096,-0.06540867596608176
target/K.mat::w0001,target/K.mat,target/K.mat,target,target,-1,False,1,12000,24000,1,2,0.007435736583682943,0,False,0.125,7.5786085845621445,5.9121195386067535,58.87298836537383,4.067233899065841,3.3400036662454355,-0.01662763536166861
target/K.mat::w0002,target/K.mat,target/K.mat,target,target,-1,False,2,24000,36000,2,3,0.002557274482733616,0,False,0.125,7.682537328603087,5.992724963689119,58.924103076879746,3.855406682191119,3.422689106881404,-0.04163002945745555
target/K.mat::w0003,target/K.mat,target/K.mat,target,target,-1,False,3,36000,48000,3,4,-0.0017432515543698102,0,False,0.125,7.773451724676213,6.083764828836504,64.21031257655886,4.162729589648374,3.317830100726426,-0.0201046436099135
target/K.mat::w0004,target/K.mat,target/K.mat,target,target,-1,False,4,48000,60000,4,5,-0.0010633835570563169,0,False,0.125,7.526541406519922,5.894347283480448,54.930107629723494,3.8592056456164903,3.2477574233378244,-0.01464826564223191
target/K.mat::w0005,target/K.mat,target/K.mat,target,target,-1,False,5,60000,72000,5,6,-0.007957220724361998,0,False,0.125,7.603843903050838,5.935174827729115,58.9067012123123,3.978729924753248,3.308602878340316,-0.041053033108996134
target/K.mat::w0006,target/K.mat,target/K.mat,target,target,-1,False,6,72000,84000,6,7,-0.0015986643054306164,0,False,0.125,7.63119779966781,5.963793153816948,62.09381281469206,4.099072619790305,3.3287284621566275,-0.016362572494222818
target/K.mat::w0007,target/K.mat,target/K.mat,target,target,-1,False,7,84000,96000,7,8,-0.00429334427948724,0,True,0.125,7.663354591667488,5.987808299438818,58.472078566802516,3.962992226829057,3.2849691439690334,-0.042199792804201164
target/L.mat::w0000,target/L.mat,target/L.mat,target,target,-1,False,0,0,12000,0,1,0.005918054486712232,0,True,0.125,1.124242044135554,0.8862269827779576,9.350453256779387,4.297081829420428,3.3434655793006502,0.040095134299514425
target/L.mat::w0001,target/L.mat,target/L.mat,target,target,-1,False,1,12000,24000,1,2,0.006116943734329008,0,False,0.125,1.1335899781907985,0.8964422489509895,10.084443477914238,4.619882544741977,3.310655956773266,0.027166071628983587
target/L.mat::w0002,target/L.mat,target/L.mat,target,target,-1,False,2,24000,36000,2,3,-0.008191726496610808,0,False,0.125,1.1256703072129188,0.8918877148749386,9.923987908996793,4.494017481706749,3.263258284509887,0.05006848307826039
target/L.mat::w0003,target/L.mat,target/L.mat,target,target,-1,False,3,36000,48000,3,4,0.0067377415375344555,0,False,0.125,1.1743477091460846,0.9247972414842037,11.793691951136042,5.258040813238913,3.4252244413650192,0.03336489189180003
target/L.mat::w0004,target/L.mat,target/L.mat,target,target,-1,False,4,48000,60000,4,5,-0.006481442038936891,0,False,0.125,1.1505827093333418,0.9044845798150594,9.743592242252937,4.302244646848125,3.383589154498657,-0.006214639363053995
target/L.mat::w0005,target/L.mat,target/L.mat,target,target,-1,False,5,60000,72000,5,6,-0.004983860899137538,0,False,0.125,1.119550613701454,0.8847660329933096,9.701892373593022,4.480157460448558,3.3026554187593,0.03721658085757931
target/L.mat::w0006,target/L.mat,target/L.mat,target,target,-1,False,6,72000,84000,6,7,-0.004004900468933416,0,False,0.125,1.1339259902034666,0.9024892076725334,9.840767161111353,4.547173659899227,3.1319002727114262,0.020127846723357698
target/L.mat::w0007,target/L.mat,target/L.mat,target,target,-1,False,7,84000,96000,7,8,0.005015777786017373,0,True,0.125,1.1336553130634508,0.8916944722617507,12.42452760476447,5.781699217069799,3.567783241851606,0.04960634526957257
target/M.mat::w0000,target/M.mat,target/M.mat,target,target,-1,False,0,0,12000,0,1,0.024233978094233968,0,True,0.125,7.6793440995764355,5.9399062253773565,62.826321434557485,4.170857648593047,3.5997769546482226,-0.24753010182760712
target/M.mat::w0001,target/M.mat,target/M.mat,target,target,-1,False,1,12000,24000,1,2,0.002908255867024996,0,False,0.125,7.75467534406328,6.007384465853249,62.28855297568029,4.225452552403795,3.5162700446776167,-0.18732969663784327
target/M.mat::w0002,target/M.mat,target/M.mat,target,target,-1,False,2,24000,36000,2,3,-0.008555448755176921,0,False,0.125,7.82984620142614,6.110872191041594,59.25725424810351,3.818489806939434,3.3799139546305983,-0.19647704999675542
target/M.mat::w0003,target/M.mat,target/M.mat,target,target,-1,False,3,36000,48000,3,4,0.015831507117064186,0,False,0.125,7.680136039729049,5.950610841396364,61.7755553617904,4.1337990869710195,3.5370396617663125,-0.17600115422743093
target/M.mat::w0004,target/M.mat,target/M.mat,target,target,-1,False,4,48000,60000,4,5,-0.0038199495013585836,0,False,0.125,7.782682748608691,6.048586725869325,63.535983179244305,4.232113935087871,3.5068308130126993,-0.1811381369287879
target/M.mat::w0005,target/M.mat,target/M.mat,target,target,-1,False,5,60000,72000,5,6,-0.03719463870450222,0,False,0.125,7.729271066102327,6.013717623989398,63.54114063750316,4.359454443560971,3.517956927357809,-0.22348363090006804
target/M.mat::w0006,target/M.mat,target/M.mat,target,target,-1,False,6,72000,84000,6,7,-0.01612512191343319,0,False,0.125,7.785574485239339,6.063560560988997,62.672522563030796,4.254057374362001,3.448558087146858,-0.19052081254234002
target/M.mat::w0007,target/M.mat,target/M.mat,target,target,-1,False,7,84000,96000,7,8,0.022001403904948633,0,True,0.125,7.79653262815853,6.069660420844886,70.61208024783855,4.884022117938609,3.5040405837448065,-0.19431659830919382
target/N.mat::w0000,target/N.mat,target/N.mat,target,target,-1,False,0,0,12000,0,1,0.004894919435812952,0,True,0.125,4.617707463710735,3.586540810993231,138.4243442623449,17.498757150566444,14.153049386908307,0.39672139197639034
target/N.mat::w0001,target/N.mat,target/N.mat,target,target,-1,False,1,12000,24000,1,2,0.0005234633475941065,0,False,0.125,4.510148746252338,3.5859117975934813,61.63050575733648,7.110332838499751,3.5029944702026357,0.11130112108336893
target/N.mat::w0002,target/N.mat,target/N.mat,target,target,-1,False,2,24000,36000,2,3,-0.0024494796741084757,0,False,0.125,4.612505298210602,3.615115915061795,102.95501711175655,12.94931972939563,7.071902180460097,-0.0759059615689591
target/N.mat::w0003,target/N.mat,target/N.mat,target,target,-1,False,3,36000,48000,3,4,0.0026510228322691514,0,False,0.125,4.473210711160195,3.5663220432306706,39.94010937062335,5.166270161618653,3.120637563027609,0.1227918723361798
target/N.mat::w0004,target/N.mat,target/N.mat,target,target,-1,False,4,48000,60000,4,5,-0.004052835184890808,0,False,0.125,4.4695837774297855,3.560272816770375,49.89459132710862,6.668945313429414,3.216061211762796,0.06363762369294892
target/N.mat::w0005,target/N.mat,target/N.mat,target,target,-1,False,5,60000,72000,5,6,-0.0003107603846676795,0,False,0.125,4.579240283229821,3.5804035413939697,106.72193315227388,12.689893173470661,7.237712633019065,-0.004905282728664394
target/N.mat::w0006,target/N.mat,target/N.mat,target,target,-1,False,6,72000,84000,6,7,-0.0021335791938015378,0,False,0.125,4.530325068492492,3.5808332095028756,117.507831084051,13.482076814893762,7.684001489331343,0.0890564350537887
target/N.mat::w0007,target/N.mat,target/N.mat,target,target,-1,False,7,84000,96000,7,8,0.0006108742628391658,0,True,0.125,4.584976873533121,3.578917608248916,111.28067156417552,12.266898912500645,9.800259978973076,0.07542323132436463
target/O.mat::w0000,target/O.mat,target/O.mat,target,target,-1,False,0,0,12000,0,1,0.0014850747667736653,0,True,0.125,1.1110424863784738,0.8725259952782232,11.238881097921478,5.876882548123062,3.452233530552387,0.024011735667736383
target/O.mat::w0001,target/O.mat,target/O.mat,target,target,-1,False,1,12000,24000,1,2,0.012083839146803844,0,False,0.125,1.0993203241057812,0.8620243381019705,9.04118486255537,4.207007150671087,3.3835161537305662,-0.054278841784345576
target/O.mat::w0002,target/O.mat,target/O.mat,target,target,-1,False,2,24000,36000,2,3,-0.028948297801973014,0,False,0.125,1.1048234681593465,0.8729401887429095,9.132814360718058,4.1873229820366795,3.2774692548454807,-0.04086141139255204
target/O.mat::w0003,target/O.mat,target/O.mat,target,target,-1,False,3,36000,48000,3,4,-0.01526084854538189,0,False,0.125,1.091441794310195,0.859192246557583,9.783077888970109,4.952613639561475,3.3233070216067113,0.016189146486276444
target/O.mat::w0004,target/O.mat,target/O.mat,target,target,-1,False,4,48000,60000,4,5,0.0136233519734468,0,False,0.125,1.0694514592010043,0.8418456141915502,9.786854000261128,4.652844128142807,3.4144930598951633,0.024855325046466894
target/O.mat::w0005,target/O.mat,target/O.mat,target,target,-1,False,5,60000,72000,5,6,0.011913549043892399,0,False,0.125,1.1036385777983706,0.8680100661306059,10.941008098224453,4.967746174083256,3.4089982310369087,0.043292349231577036
target/O.mat::w0006,target/O.mat,target/O.mat,target,target,-1,False,6,72000,84000,6,7,-0.0006736064034331003,0,False,0.125,1.0796824042711939,0.851169615629943,9.473081431673666,4.621996400248638,3.363829482630569,0.054487061287209634
target/O.mat::w0007,target/O.mat,target/O.mat,target,target,-1,False,7,84000,96000,7,8,0.005813860970132452,0,True,0.125,1.1179650207375145,0.8839786197955491,9.603060987772903,4.389612586285294,3.2023009116765007,-0.000385713719724355
target/P.mat::w0000,target/P.mat,target/P.mat,target,target,-1,False,0,0,12000,0,1,0.02455404309595252,0,True,0.125,5.562957229053924,4.431474968422776,43.82161149710976,4.139059166141376,3.04666919730789,-0.0317622379084375
target/P.mat::w0001,target/P.mat,target/P.mat,target,target,-1,False,1,12000,24000,1,2,-0.0037521645514058998,0,False,0.125,5.535006909617049,4.390488387039571,43.04187948098579,4.025360086936863,3.077265502310461,-0.004324051764623683
target/P.mat::w0002,target/P.mat,target/P.mat,target,target,-1,False,2,24000,36000,2,3,-0.009118857478893301,0,False,0.125,5.39565007884881,4.29734264461755,45.69136267313715,4.583605958215453,3.0728626285845846,-0.03704232736023634
target/P.mat::w0003,target/P.mat,target/P.mat,target,target,-1,False,3,36000,48000,3,4,0.04513743849142917,0,False,0.125,5.443327178259958,4.341538267534448,42.95589746051323,4.073660210871202,3.01658212556804,-0.009436520468926558
target/P.mat::w0004,target/P.mat,target/P.mat,target,target,-1,False,4,48000,60000,4,5,-0.022254068865810613,0,False,0.125,5.543569163447454,4.403538374387533,45.0254814751877,4.153005028244522,3.1454103538197176,0.004737639118997587
target/P.mat::w0005,target/P.mat,target/P.mat,target,target,-1,False,5,60000,72000,5,6,-0.008375633005876196,0,False,0.125,5.488129652417965,4.352903953360305,42.14860531678681,3.917777589940545,3.0805421962375306,0.025023334064779655
target/P.mat::w0006,target/P.mat,target/P.mat,target,target,-1,False,6,72000,84000,6,7,0.017154029689298578,0,False,0.125,5.4236006907078975,4.316646890596258,40.787276279431495,3.989694023830159,3.0319032616592025,0.01122481717613952
target/P.mat::w0007,target/P.mat,target/P.mat,target,target,-1,False,7,84000,96000,7,8,-0.043592309486638614,0,True,0.125,5.601098023522777,4.458380310964419,45.46294904794139,4.096502377021167,3.0646203507332865,0.0018988923266114643
