file_id,domain,split,label,label_code,window_index,start_seconds,end_seconds,actual_revolutions,rpm_used,ac_rms,mean_abs,peak_to_peak,crest_factor,kurtosis_pearson,skewness,env_entropy,env_centroid_order,env_spread_order,env_peak_order,env_harmonic_ratio,env_low_order_ratio
source/12kHz_DE_data/B/0007/B007_0.mat,source,validation,B,3,0,0.05,1.05,29.9333333333333,1796,0.13695713375699,0.109230898717864,1.03844778443114,3.85246131161415,2.98864119974753,-0.0342961436688435,0.75982132625083,4.57388297459164,3.54723781425842,3.6,0.187595663524083,0.278010569380863
source/12kHz_DE_data/B/0007/B007_0.mat,source,validation,B,3,1,1.05,2.05,29.9333333333333,1796,0.13929485166329,0.111472646708387,1.12502570858283,4.10943794860952,2.89653051109657,0.00716177774784239,0.796248255985461,4.80018693960102,3.86215290715064,2,0.151994400692318,0.299229375721566
source/12kHz_DE_data/B/0007/B007_0.mat,source,validation,B,3,2,2.05,3.05,29.9333333333333,1796,0.13806237098999,0.110035251016949,1.06768610778443,4.19090909115631,2.98297694080352,-0.00359662864672442,0.811454278982248,4.98775352266786,3.9906279642085,3.6,0.14241673696439,0.312293987862995
source/12kHz_DE_data/B/0007/B007_0.mat,source,validation,B,3,3,3.05,4.05,29.9333333333333,1796,0.137481173640956,0.110090070605913,1.14565497005988,4.50688624543745,2.96200543222363,-0.0282850619858675,0.808261682621427,4.36204843408505,3.62740192270754,2,0.138094503142803,0.386674958825398
source/12kHz_DE_data/B/0007/B007_0.mat,source,validation,B,3,4,4.05,5.05,29.9333333333333,1796,0.135843662307049,0.108363547781104,1.03487421157685,4.13447911015337,2.93843180181006,-0.0105995018675179,0.773746500647044,4.50259854542,3.63472226175784,2,0.132605971823481,0.317120789483389
source/12kHz_DE_data/B/0007/B007_0.mat,source,validation,B,3,5,5.05,6.05,29.9333333333333,1796,0.1376295314413,0.110085987122114,1.0896148502994,4.29325163328566,2.92455125310142,0.00070712584834983,0.770873892823608,4.52899749069462,3.87507310386982,2,0.124486484682529,0.363646339320289
source/12kHz_DE_data/B/0007/B007_0.mat,source,validation,B,3,6,6.05,7.05,29.9333333333333,1796,0.138421397708819,0.110617012325825,1.04104674650699,3.81378713145132,2.98661059646506,0.0114310734435612,0.79194591819061,4.48353840472766,3.66764859027463,2.2,0.142490228850372,0.280541702035502
source/12kHz_DE_data/B/0007/B007_1.mat,source,test,B,3,0,0.05,1.05,29.5333333333333,1772,0.139490918053512,0.111022118620113,1.23109584830339,4.55955294313456,3.11242494533847,0.00703523050437568,0.756928348933396,4.89117847301221,3.73721234699309,2,0.130530791069237,0.300326440138076
source/12kHz_DE_data/B/0007/B007_1.mat,source,test,B,3,1,1.05,2.05,29.5333333333333,1772,0.135015382662417,0.108098433038155,0.999625788423154,3.89946351056612,2.92633237374447,0.0405957741855316,0.788499693291771,5.17994661592968,3.80422936221389,5.2,0.0918647572697845,0.244887964836772
source/12kHz_DE_data/B/0007/B007_1.mat,source,test,B,3,2,2.05,3.05,29.5333333333333,1772,0.138539516594974,0.110592094614488,1.25107536926148,4.78840839220575,2.99427504820341,0.0246921349372979,0.789829367492035,5.36659421697804,3.73111309126208,5.2,0.0994933814282414,0.248959412880627
source/12kHz_DE_data/B/0007/B007_1.mat,source,test,B,3,3,3.05,4.05,29.5333333333333,1772,0.140847398074862,0.112615707715763,1.03000115768463,3.67362644951259,2.9658543912539,0.0125975637984404,0.741822094045034,5.23966635485392,3.76802323236489,2.6,0.174364999012808,0.242439269423605
source/12kHz_DE_data/B/0007/B007_1.mat,source,test,B,3,4,4.05,5.05,29.5333333333333,1772,0.138790825476009,0.111070758827054,1.0399097005988,3.97036435010901,2.97693155866256,0.00400440119637416,0.792807183666009,5.59676700209364,3.84485959542043,5.2,0.085066744275281,0.210591201407268
source/12kHz_DE_data/B/0007/B007_1.mat,source,test,B,3,5,5.05,6.05,29.5333333333333,1772,0.140070429878657,0.112407717541085,1.04153405189621,3.74590684360814,2.90254320415385,0.00659523691084448,0.792242037537391,5.75002192625819,3.93941776591752,2,0.192867777297592,0.194758904395972
source/12kHz_DE_data/B/0007/B007_1.mat,source,test,B,3,6,6.05,7.05,29.5333333333333,1772,0.139971490071249,0.111904085320948,1.0775946506986,4.04445405879606,2.99927691618696,-0.019197030241473,0.762460101360139,5.05437499976643,3.87825797915638,2,0.241354564519055,0.318212009730083
source/12kHz_DE_data/B/0007/B007_2.mat,source,train,B,3,0,0.05,1.05,29.1333333333333,1748,0.147494715350056,0.119267463765055,1.08457936127745,3.71190473558682,2.77893933680101,0.0234820411792106,0.830493202675625,6.51081598004379,4.61184877447328,2,0.176075916586623,0.214661253562442
source/12kHz_DE_data/B/0007/B007_2.mat,source,train,B,3,1,1.05,2.05,29.1333333333333,1748,0.150824436279467,0.12093627021627,1.03747317365269,3.48865230746213,2.82740528082169,0.0329449221495148,0.803510320316905,5.90659919489478,4.34543929099812,2,0.217271468543337,0.282692799206516
source/12kHz_DE_data/B/0007/B007_2.mat,source,train,B,3,2,2.05,3.05,29.1333333333333,1748,0.148383442036426,0.119006910728463,1.13493425149701,4.04279787386771,2.89324917821543,0.0306446747595019,0.784419990925895,5.46636629246462,4.3879716687369,2,0.241321877486246,0.346737244498744
source/12kHz_DE_data/B/0007/B007_2.mat,source,train,B,3,3,3.05,4.05,29.1333333333333,1748,0.146928996146722,0.117657665333234,1.08149309381238,3.72425633839162,2.84936685597474,0.03999026889893,0.803569210692788,5.6213575050673,4.08138521915132,2,0.188099898244584,0.251020202033638
source/12kHz_DE_data/B/0007/B007_2.mat,source,train,B,3,4,4.05,5.05,29.1333333333333,1748,0.148400666546692,0.118997350879627,1.03260011976048,3.57830149697078,2.86935227740645,0.0363988704795336,0.801807758119849,5.37519644570077,3.91473638862446,5.2,0.099619054616176,0.225222027869261
source/12kHz_DE_data/B/0007/B007_2.mat,source,train,B,3,5,5.05,6.05,29.1333333333333,1748,0.146336814223212,0.117654494283655,1.08181796407186,3.85013900640368,2.82738626655464,0.0487176259970382,0.790280778903723,5.50647225806398,4.06824736132148,5.2,0.117637132004843,0.228400653416344
source/12kHz_DE_data/B/0007/B007_2.mat,source,train,B,3,6,6.05,7.05,29.1333333333333,1748,0.145344476998816,0.116769479821505,1.10407157684631,3.84529333152117,2.90861002058877,0.0308072471187487,0.786401287364444,5.49331906313305,3.89349837424983,5.2,0.100370843907394,0.22700374626514
source/12kHz_DE_data/B/0007/B007_3.mat,source,train,B,3,0,0.05,1.05,28.7,1722,0.153266687102251,0.123305193233842,1.16888319361277,4.00302114628278,2.87872386018168,0.00781772563774429,0.79110441439908,6.80321405249636,4.58992030696831,2,0.116997228167432,0.178249444988481
source/12kHz_DE_data/B/0007/B007_3.mat,source,train,B,3,1,1.05,2.05,28.7,1722,0.155472881215361,0.125273141684159,1.04315840319361,3.5039982122865,2.77692514755217,0.0239709182629768,0.79782148058648,6.08790308170942,4.63820040079809,2,0.223509233322603,0.294039234920314
source/12kHz_DE_data/B/0007/B007_3.mat,source,train,B,3,2,2.05,3.05,28.7,1722,0.153606799147817,0.123341821245625,1.17343137724551,3.84190765523136,2.88917530903298,0.0183394293825067,0.779480419409308,6.36352060993002,4.55233632221983,2,0.19726743903898,0.240540176511957
source/12kHz_DE_data/B/0007/B007_3.mat,source,train,B,3,3,3.05,4.05,28.7,1722,0.157476747974947,0.126253112104462,1.20900467065868,4.00017420144928,2.86908815099239,0.0185865611993301,0.817487619176478,6.22218763338086,4.77242273750264,2,0.198479638732821,0.285034916078328
source/12kHz_DE_data/B/0007/B007_3.mat,source,train,B,3,4,4.05,5.05,28.7,1722,0.157951711664626,0.12709218358372,1.11430499001996,3.65490618533592,2.804278914521,-0.00711829130834359,0.843959306711377,6.28992221262139,4.66399556618484,2,0.180545835641137,0.26347086112236
source/12kHz_DE_data/B/0007/B007_3.mat,source,train,B,3,5,5.05,6.05,28.7,1722,0.15265841960387,0.121603909870522,1.39206906187625,4.74915591685789,3.12167136597044,0.0355752347961545,0.794398367018078,5.85950136927094,4.53115522267069,2,0.206364702214315,0.274464229314557
source/12kHz_DE_data/B/0007/B007_3.mat,source,train,B,3,6,6.05,7.05,28.7,1722,0.153169073571792,0.122107378786953,1.17489329341317,4.03369861851483,2.98013368648478,0.0242355373987373,0.850084732652113,6.10388299479285,4.63389525792694,3.6,0.168200389113464,0.233365893899494
source/12kHz_DE_data/B/0014/B014_0.mat,source,train,B,3,0,0.05,1.05,29.9333333333333,1796,0.183571163813972,0.120402220350873,3.53653764471058,10.032479554908,14.577516867335,-0.049867342178162,0.778461002333767,3.37305490456674,3.19649247172734,1.4,0.180963203122523,0.459282853200033
source/12kHz_DE_data/B/0014/B014_0.mat,source,train,B,3,1,1.05,2.05,29.9333333333333,1796,0.131723249792637,0.0894894140161278,2.89638079840319,11.1839294650208,15.5456699637779,0.0879688624309341,0.765415636662916,3.17763080804628,3.07594419106094,1.8,0.195131432034184,0.458565014677806
source/12kHz_DE_data/B/0014/B014_0.mat,source,train,B,3,2,2.05,3.05,29.9333333333333,1796,0.138871442073827,0.0896763843585718,4.22461285429142,16.245909795419,34.0174776170845,0.642598130937261,0.753238238007366,2.77024397282603,2.95986501615199,2,0.134137191979699,0.539838997664342
source/12kHz_DE_data/B/0014/B014_0.mat,source,train,B,3,3,3.05,4.05,29.9333333333333,1796,0.0942807670409894,0.0706997395880506,1.34788670658683,7.83652558200447,6.35535763830835,-0.0263772121895425,0.834045056039177,4.48715271906951,3.91158172763018,1,0.317931267011042,0.338015102143861
source/12kHz_DE_data/B/0014/B014_0.mat,source,train,B,3,4,4.05,5.05,29.9333333333333,1796,0.0951605605860795,0.0718423682923775,2.13488491017964,11.5054506401056,10.098401002556,0.0561851333998916,0.830730916313347,4.33960338021392,4.01873153123959,2.5,0.103793928841713,0.337660857154203
source/12kHz_DE_data/B/0014/B014_0.mat,source,train,B,3,5,5.05,6.05,29.9333333333333,1796,0.139279061672958,0.0908572836818829,3.97836119760479,16.3270645705032,27.2088720076465,0.41841561922715,0.804654262600821,3.64069387237702,3.50991814776289,1.2,0.259798027557739,0.447749473016983
source/12kHz_DE_data/B/0014/B014_0.mat,source,train,B,3,6,6.05,7.05,29.9333333333333,1796,0.16910373837674,0.111679932289105,3.00131389221557,9.62246332888405,11.5844822389833,0.160504703810572,0.730750135151191,2.72212634341432,3.09577293933878,4.5,0.0781437418447602,0.567263062624148
source/12kHz_DE_data/B/0014/B014_1.mat,source,train,B,3,0,0.05,1.05,29.5333333333333,1772,0.147066057483591,0.102670118081677,2.51238415169661,8.74617557191721,8.8516188534494,-0.00201592955664613,0.790570506715255,3.91210304426976,3.27903268540157,1.2,0.25112174155124,0.389087211986492
source/12kHz_DE_data/B/0014/B014_1.mat,source,train,B,3,1,1.05,2.05,29.5333333333333,1772,0.171618510697495,0.115746045275399,2.48964323353293,7.62391311696342,8.7522953932026,-0.0274692855226862,0.743176543263991,3.24744079047733,3.00287477204818,1.4,0.170391220841074,0.496896638960267
source/12kHz_DE_data/B/0014/B014_1.mat,source,train,B,3,2,2.05,3.05,29.5333333333333,1772,0.123692790154626,0.0900809307592715,1.67909193612774,6.95830559251209,6.39843713557302,0.0425414630367079,0.805504498116293,4.27434971253829,3.34754655428851,2,0.138879741993278,0.302791950406737
source/12kHz_DE_data/B/0014/B014_1.mat,source,train,B,3,3,3.05,4.05,29.5333333333333,1772,0.134965111601533,0.0962535429859725,2.02264223552894,7.7401622275034,7.35957228503578,0.109698683720131,0.834143893826263,4.54138227822714,3.71458024950453,3.5,0.0894903185557145,0.331742021249139
source/12kHz_DE_data/B/0014/B014_1.mat,source,train,B,3,4,4.05,5.05,29.5333333333333,1772,0.162954181748604,0.111725493172684,2.59620067864271,8.19374552946499,9.30934768520987,0.0270417590137089,0.77153758364329,3.85334267411292,3.18447628065585,1.2,0.267280906113957,0.362580186038536
source/12kHz_DE_data/B/0014/B014_1.mat,source,train,B,3,5,5.05,6.05,29.5333333333333,1772,0.132933683663116,0.0924533266060767,1.9394754491018,7.78944044260482,8.44746193301234,0.0420604686277272,0.785433938336957,3.82270755349127,3.41810346706934,1.2,0.222294672722834,0.424829010272303
source/12kHz_DE_data/B/0014/B014_1.mat,source,train,B,3,6,6.05,7.05,29.5333333333333,1772,0.124196835491761,0.089310102539684,1.87076538922156,7.57335389850481,7.89862870217144,-0.0336236980025454,0.806100165132886,4.02784452643801,3.70977949921521,1.4,0.187598152483075,0.430887231841211
source/12kHz_DE_data/B/0014/B014_2.mat,source,train,B,3,0,0.05,1.05,29.15,1749,0.145175484739996,0.096959724395025,3.122490499002,12.6351364775493,17.2145183462968,0.370348052094678,0.768790438137717,3.02960902143002,3.06777361413128,1.2,0.225374736653084,0.504736334335535
source/12kHz_DE_data/B/0014/B014_2.mat,source,train,B,3,1,1.05,2.05,29.15,1749,0.155546270725863,0.110864912635909,2.79745780439122,9.46228001441243,8.42909468473663,0.0513964839376739,0.784785895887421,3.92853102899772,4.13320324148757,1.2,0.295089835789446,0.505626450334182
source/12kHz_DE_data/B/0014/B014_2.mat,source,train,B,3,2,2.05,3.05,29.15,1749,0.172317394114998,0.120036293811455,2.73313349301397,9.01094881810218,8.73118158321487,0.0902510121224245,0.743233350018464,2.94390876542776,2.96363626912114,1.2,0.294174615475384,0.555209945004325
source/12kHz_DE_data/B/0014/B014_2.mat,source,train,B,3,3,3.05,4.05,29.15,1749,0.112358895444336,0.0805548799228809,1.73838075848303,8.06000780161572,8.20538213887905,0.112147662391566,0.813784258223396,4.0842778568284,3.73128804051351,1.4,0.214978117580453,0.35669677940293
source/12kHz_DE_data/B/0014/B014_2.mat,source,train,B,3,4,4.05,5.05,29.15,1749,0.117451765618854,0.0867333538806836,1.3646175249501,6.49680883126658,5.33389801214448,0.0378911954592449,0.817831615796861,4.57250880539528,4.18437618000552,1.2,0.250035399542432,0.41622643048136
source/12kHz_DE_data/B/0014/B014_2.mat,source,train,B,3,5,5.05,6.05,29.15,1749,0.164053474267031,0.115080941971249,2.42840518962076,8.48882697620142,8.2372763926264,0.241706355427913,0.719627367747214,3.26032356075605,3.73073513879316,1.2,0.260466407265895,0.580642810214297
source/12kHz_DE_data/B/0014/B014_2.mat,source,train,B,3,6,6.05,7.05,29.15,1749,0.160634211814861,0.114159556880291,3.19802283433134,11.2565737753202,9.65184452436079,0.179624189943844,0.748725927328084,3.44961275616469,3.59618700788356,1.2,0.205647006199253,0.516681595341635
source/12kHz_DE_data/B/0014/B014_3.mat,source,train,B,3,0,0.05,1.05,28.7333333333333,1724,0.139981958867556,0.0944495440842071,3.70205904191617,14.1783871799682,23.2585933630126,0.199723447458138,0.802646914820343,4.5139881841084,3.89905459368478,1.2,0.220560763119859,0.369923380840454
source/12kHz_DE_data/B/0014/B014_3.mat,source,train,B,3,1,1.05,2.05,28.7333333333333,1724,0.117855925174962,0.0863847600855622,1.80497916167665,7.66163920317292,6.82048048046097,0.0504243394098226,0.838680879653191,4.73074743442291,4.07585127645126,1,0.312733443339162,0.319602870739322
source/12kHz_DE_data/B/0014/B014_3.mat,source,train,B,3,2,2.05,3.05,28.7333333333333,1724,0.17069140466793,0.107380778292182,3.1473430738523,10.7926609093906,17.0270895144522,0.329752363123159,0.739456953423064,3.30728382001575,3.23446430729611,1.2,0.223551553012146,0.465707743357346
source/12kHz_DE_data/B/0014/B014_3.mat,source,train,B,3,3,3.05,4.05,28.7333333333333,1724,0.137537114549221,0.0904540087466733,2.88614738522954,10.6712414067787,15.9782310087861,0.225865485683383,0.743388666913715,3.12473313386312,3.92564733103685,1,0.263069069057144,0.605005777335574
source/12kHz_DE_data/B/0014/B014_3.mat,source,train,B,3,4,4.05,5.05,28.7333333333333,1724,0.157226799686962,0.104356388134478,2.94364942115768,10.0564582325228,13.4332306352658,0.270343421986992,0.791872950445687,3.97321804795698,3.7610867558133,1.2,0.275131788945442,0.413088002795838
source/12kHz_DE_data/B/0014/B014_3.mat,source,train,B,3,5,5.05,6.05,28.7333333333333,1724,0.134857565522071,0.095014996193147,2.19677269461078,9.73058715884859,9.84991204681431,0.206653401638392,0.823362080839347,4.24147088892184,4.02915432239356,1.2,0.204138355040682,0.38503001960004
source/12kHz_DE_data/B/0014/B014_3.mat,source,train,B,3,6,6.05,7.05,28.7333333333333,1724,0.110352247674966,0.083316073434817,1.14630471057884,5.30887493464478,4.66965015752307,-0.0925592898424032,0.801379606973844,4.08592542721115,4.04760314107791,2,0.203125264203203,0.458701385018913
source/12kHz_DE_data/B/0021/B021_0.mat,source,train,B,3,0,0.05,1.05,29.9333333333333,1796,0.116956362252954,0.0904306423878349,1.10602079840319,5.08506228619469,3.81771247550299,0.00991759327096405,0.841625744406303,5.99860168534783,4.42450073541107,3.6,0.169769452268167,0.233489003292553
source/12kHz_DE_data/B/0021/B021_0.mat,source,train,B,3,1,1.05,2.05,29.9333333333333,1796,0.122725555557186,0.0957002596799606,1.07418351297405,4.74205447410547,3.58441150705667,0.00793582432232864,0.872936216179713,6.40536553947744,4.56205687532805,7.2,0.0505010792797643,0.200253289647642
source/12kHz_DE_data/B/0021/B021_0.mat,source,train,B,3,2,2.05,3.05,29.9333333333333,1796,0.125588879528479,0.0974063494423686,1.61866606786427,6.94226613436117,4.16756919203544,-0.0191117865536497,0.856414118753041,5.59254203918924,4.50227833093209,3.9,0.0732601950069715,0.23602321523356
source/12kHz_DE_data/B/0021/B021_0.mat,source,train,B,3,3,3.05,4.05,29.9333333333333,1796,0.154499577976611,0.108329829476569,2.9537203992016,10.0783474835117,11.3310392565887,0.054318477312742,0.813090495791012,4.66575844836101,3.9628043221313,4.6,0.106878453142396,0.307624714180593
source/12kHz_DE_data/B/0021/B021_0.mat,source,train,B,3,4,4.05,5.05,29.9333333333333,1796,0.142193251816838,0.103247471063566,3.18129201596806,11.4664287262071,10.9123726398544,0.0348445728970229,0.856662589825902,5.68729801508355,4.15801470826348,5.4,0.067239180702208,0.221784114076351
source/12kHz_DE_data/B/0021/B021_0.mat,source,train,B,3,5,5.05,6.05,29.9333333333333,1796,0.172523531658233,0.118509609767194,3.17024642714571,9.53154637431671,11.7194690235739,-0.0424377042754559,0.855969735772115,5.81295131403704,3.86140777160046,5.4,0.0869742607404529,0.189092044259948
source/12kHz_DE_data/B/0021/B021_0.mat,source,train,B,3,6,6.05,7.05,29.9333333333333,1796,0.141827313595532,0.106768459531033,1.56295081836327,6.00248256399962,4.69989525570647,-0.0113234015702287,0.848274004685826,5.743720685487,4.18454868190001,3.1,0.119228835874336,0.227340639158535
source/12kHz_DE_data/B/0021/B021_1.mat,source,validation,B,3,0,0.05,1.05,29.5666666666667,1774,0.10943056575491,0.0854342361289271,1.04981824351297,5.05404763550693,3.59404636716182,-0.0304708330872753,0.824013111685346,6.04421191277085,4.06263313214642,7.2,0.087133947540056,0.194298779024109
source/12kHz_DE_data/B/0021/B021_1.mat,source,validation,B,3,1,1.05,2.05,29.5666666666667,1774,0.106670418273228,0.0840388199016949,0.86399245508982,4.08387945676286,3.36773249258649,0.0216480904355949,0.821153810215207,6.02284745588173,4.01875743792477,5.4,0.0909111232590843,0.192660368740398
source/12kHz_DE_data/B/0021/B021_1.mat,source,validation,B,3,2,2.05,3.05,29.5666666666667,1774,0.126318732296171,0.0936717595170193,2.5492569261477,10.4018119044496,9.60717549792507,0.105566075812799,0.849298482849821,5.33540996962585,4.18648903886291,4.7,0.121067372005953,0.274664960731642
source/12kHz_DE_data/B/0021/B021_1.mat,source,validation,B,3,3,3.05,4.05,29.5666666666667,1774,0.107788665118133,0.0848376805871457,0.871951776447106,4.11136105484257,3.36012456587104,-0.0196210619632773,0.806176628302437,5.8841354484687,4.06326397364764,5.4,0.166574577350626,0.202148652930532
source/12kHz_DE_data/B/0021/B021_1.mat,source,validation,B,3,4,4.05,5.05,29.5666666666667,1774,0.114391232753955,0.0887141934716705,1.34155173652695,6.17367907610584,4.21764226756258,-0.0214956474291793,0.826324513057007,5.71562578114005,4.20310749365804,5.4,0.131653304952071,0.229848426278904
source/12kHz_DE_data/B/0021/B021_1.mat,source,validation,B,3,5,5.05,6.05,29.5666666666667,1774,0.138195659823563,0.10009709056559,2.88825904191617,10.6422071968824,12.323971139461,-0.0110826146073276,0.85053723805523,5.8374524758314,4.07483951667713,5.4,0.0707676607469423,0.206113273323724
source/12kHz_DE_data/B/0021/B021_1.mat,source,validation,B,3,6,6.05,7.05,29.5666666666667,1774,0.13532777264332,0.0965955893255799,2.7308594011976,10.8222002857746,11.4338467834362,0.0111298598678359,0.840328806273845,5.14209197659711,3.86651974401025,2,0.176223569333857,0.21220713554392
source/12kHz_DE_data/B/0021/B021_2.mat,source,validation,B,3,0,0.05,1.05,29.2333333333333,1754,0.104659510413738,0.0829189522055988,0.812662954091816,3.94371750080471,3.22257472291786,-0.0120781552135475,0.814064823021481,6.08296529932357,4.08221299250393,5.4,0.128196920054162,0.187598014646877
source/12kHz_DE_data/B/0021/B021_2.mat,source,validation,B,3,1,1.05,2.05,29.2333333333333,1754,0.107156161853349,0.0845642777496241,0.871626906187625,4.18135899930616,3.30246008242455,0.0238800571040697,0.848641611184054,6.22608489774275,4.33662914770639,3.6,0.14011939638012,0.180761853471883
source/12kHz_DE_data/B/0021/B021_2.mat,source,validation,B,3,2,2.05,3.05,29.2333333333333,1754,0.106597759079985,0.0839664195164549,0.925717804391218,4.77359517031711,3.26990306416898,0.0457726056556287,0.860270089721458,6.27917404802452,4.77041566012866,3.6,0.147007310042708,0.222049841285516
source/12kHz_DE_data/B/0021/B021_2.mat,source,validation,B,3,3,3.05,4.05,29.2333333333333,1754,0.107168755411694,0.0849780466078587,0.806165548902196,3.81008333889721,3.14112482717122,0.00718060756821376,0.850507181807453,6.31216802796385,4.45000151896957,3.6,0.153612361225331,0.198306957319204
source/12kHz_DE_data/B/0021/B021_2.mat,source,validation,B,3,4,4.05,5.05,29.2333333333333,1754,0.107699118971936,0.0850688987372122,0.892743473053892,4.38482363739544,3.2498713118137,-0.0343950832738309,0.83222440017614,6.13784926423405,4.38860691603853,5.4,0.119236317554443,0.191351367191092
source/12kHz_DE_data/B/0021/B021_2.mat,source,validation,B,3,5,5.05,6.05,29.2333333333333,1754,0.106684614668601,0.0838220544556498,0.880723273453094,4.23056871641703,3.25150225615928,-0.0530609611963395,0.858092305053172,6.79175750430048,4.53475924894304,5.4,0.106991209755158,0.15935778443152
source/12kHz_DE_data/B/0021/B021_2.mat,source,validation,B,3,6,6.05,7.05,29.2333333333333,1754,0.107441480950043,0.0848956292542554,0.89518,4.4906592733533,3.23075630192876,-0.00797086826569715,0.861897491203315,6.44361230985532,4.40370453741596,3.6,0.134615100670692,0.171745352117949
source/12kHz_DE_data/B/0021/B021_3.mat,source,train,B,3,0,0.05,1.05,28.8166666666667,1729,0.116487607211341,0.0923981354444977,0.874713173652695,3.85871840069959,3.13114801705183,0.0107046113813587,0.87531597150076,7.31931445451464,5.26531485216186,3.6,0.177443345869679,0.203897871963829
source/12kHz_DE_data/B/0021/B021_3.mat,source,train,B,3,1,1.05,2.05,28.8166666666667,1729,0.117243936521867,0.0927006716722788,1.00726023952096,4.34556521136645,3.17529852366487,-0.00291677647119503,0.878658961532404,7.19655641407086,5.08670981829791,5.4,0.0932136460124745,0.178990482933233
source/12kHz_DE_data/B/0021/B021_3.mat,source,train,B,3,2,2.05,3.05,28.8166666666667,1729,0.118365094463746,0.0942161681503892,0.925392934131737,4.04300255535057,3.039790165297,0.0349438378697135,0.890106012037553,7.40679275652556,5.12866746957896,3.6,0.156577465812213,0.208373847979341
source/12kHz_DE_data/B/0021/B021_3.mat,source,train,B,3,3,3.05,4.05,28.8166666666667,1729,0.11777296242701,0.093566078436507,0.881697884231537,3.85215937154771,3.08642071933769,0.0551027511680056,0.884863085682175,7.09307353830781,5.4296412199542,3.6,0.181153234947252,0.223776898092442
source/12kHz_DE_data/B/0021/B021_3.mat,source,train,B,3,4,4.05,5.05,28.8166666666667,1729,0.11726984567922,0.0929392686185972,0.912073253493014,3.98026164120032,3.11682167845235,0.0226190940929287,0.891514072928215,7.82094104604835,4.95969207852163,3.6,0.16680773197874,0.154739291974635
source/12kHz_DE_data/B/0021/B021_3.mat,source,train,B,3,5,5.05,6.05,28.8166666666667,1729,0.117597410680145,0.0931023471132779,0.929128942115768,4.19867198642524,3.11309875067554,0.0130910073901135,0.858389302414388,7.46607198211207,5.18827177729875,2,0.146383076685939,0.200470492776203
source/12kHz_DE_data/B/0021/B021_3.mat,source,train,B,3,6,6.05,7.05,28.8166666666667,1729,0.120034681907526,0.0950141301612286,0.919870139720559,3.88060247103485,3.17929883559135,0.011300863109584,0.891320789133712,7.86565328559201,5.11223001938684,5.4,0.067109868279053,0.140275321287928
source/12kHz_DE_data/B/0028/B028_0_(1797rpm).mat,source,train,B,3,0,0.05,1.05,29.95,1797,2.02041344544808,1.52320119838683,19.7232568,5.3137143131212,3.91595000461615,0.0552798594267548,0.619414222180101,2.77098998750672,3.16100979687309,1.2,0.303158134594013,0.670858817887102
source/12kHz_DE_data/B/0028/B028_0_(1797rpm).mat,source,train,B,3,1,1.05,2.05,29.95,1797,2.0539927362303,1.55622305762824,19.3977368,5.00462722822603,3.86168313340804,0.0573242909245039,0.650187915064353,2.81299317072904,3.12140754160348,1.2,0.307851227985752,0.638750373405831
source/12kHz_DE_data/B/0028/B028_0_(1797rpm).mat,source,train,B,3,2,2.05,3.05,29.95,1797,1.9734197767944,1.48680598347822,19.1218586,5.21258745662963,3.89671654431388,0.056668234333217,0.714475769721098,3.15999009697637,3.43359188253538,1.8,0.129306315511947,0.604928248717985
source/12kHz_DE_data/B/0028/B028_0_(1797rpm).mat,source,train,B,3,3,3.05,4.05,29.95,1797,2.05600185744484,1.57068734061142,18.058222,4.64787649274925,3.69953327190416,0.0513962078710717,0.706193434668652,3.41349778981844,3.62888671429709,1.8,0.157937709124817,0.573705552195709
source/12kHz_DE_data/B/0028/B028_0_(1797rpm).mat,source,train,B,3,4,4.05,5.05,29.95,1797,2.12651465199203,1.60273584910703,19.315543,4.82785411475977,3.81995691646701,0.0561434434259019,0.67396882334437,3.18225490676102,3.5038156365024,1.2,0.234572018068225,0.625376346783323
source/12kHz_DE_data/B/0028/B028_0_(1797rpm).mat,source,train,B,3,5,5.05,6.05,29.95,1797,2.07993453455621,1.57809718496863,16.8342668,4.32577648818631,3.71226751614255,0.0565473882809965,0.686949527045966,3.11727126342593,3.54971730558372,1.2,0.233049664292167,0.610415501170531
source/12kHz_DE_data/B/0028/B028_0_(1797rpm).mat,source,train,B,3,6,6.05,7.05,29.95,1797,2.13766766528462,1.6181792685132,19.7948712,4.92507389860413,3.74075427553532,0.0548788700257278,0.683747398245766,3.12633454045237,3.39796681807609,1.2,0.22542820371539,0.603709375476368
source/12kHz_DE_data/B/0028/B028_1_(1772rpm).mat,source,test,B,3,0,0.05,1.05,29.5333333333333,1772,2.07398425402261,1.54716290913264,19.217887,4.79167165014633,4.19373226971958,0.0539613566467983,0.640720323549946,2.49878342376719,2.92225024911046,1.2,0.274168977312184,0.68115347467634
source/12kHz_DE_data/B/0028/B028_1_(1772rpm).mat,source,test,B,3,1,1.05,2.05,29.5333333333333,1772,1.91783008474668,1.44747970040765,17.3518436,4.75630473137293,3.7983295759132,0.045894287672494,0.726345670501969,3.31936653563768,3.45278569304384,1.8,0.201312874945382,0.547905047954217
source/12kHz_DE_data/B/0028/B028_1_(1772rpm).mat,source,test,B,3,2,2.05,3.05,29.5333333333333,1772,1.96913327425535,1.4758619896059,19.6239732,5.39034681541837,4.09775622610044,0.048818690030985,0.717098593461676,3.22713895568123,3.54700635966562,1.2,0.239618673435787,0.566119107902965
source/12kHz_DE_data/B/0028/B028_1_(1772rpm).mat,source,test,B,3,3,3.05,4.05,29.5333333333333,1772,2.07136958272332,1.56587054178071,19.6703598,5.19968973415787,4.07554165154277,0.0594272167748899,0.676997961404297,3.23821927927717,3.31119967238185,4.7,0.124961675693655,0.562095927986049
source/12kHz_DE_data/B/0028/B028_1_(1772rpm).mat,source,test,B,3,4,4.05,5.05,29.5333333333333,1772,2.05813981948559,1.56048220207736,16.8692602,4.22655294537157,3.63368209335242,0.0447227264656363,0.647834778871637,2.91447644480397,3.33776870449384,1.8,0.157320031548434,0.623300729167745
source/12kHz_DE_data/B/0028/B028_1_(1772rpm).mat,source,test,B,3,5,5.05,6.05,29.5333333333333,1772,2.02816907753943,1.54208899866901,16.080688,4.0274447005144,3.59819540319405,0.0432126345924525,0.717313772968052,3.62486562233938,3.83501542620964,1.8,0.152404141194966,0.535764752189725
source/12kHz_DE_data/B/0028/B028_1_(1772rpm).mat,source,test,B,3,6,6.05,7.05,29.5333333333333,1772,1.99792180009894,1.51080401129233,18.5489434,4.79409057633071,3.83597852153354,0.0522531003347821,0.753291544458933,4.01810872085665,4.05868942703558,1.8,0.184019978997441,0.485199583716023
source/12kHz_DE_data/B/0028/B028_2_(1750rpm).mat,source,train,B,3,0,0.05,1.05,29.1666666666667,1750,2.17567449500634,1.65929445372889,18.1143742,4.30548648346377,3.61651357376721,0.0386338589056417,0.664081827608172,2.89981144032849,3.31965419229157,1.2,0.304778088209045,0.623648234889909
source/12kHz_DE_data/B/0028/B028_2_(1750rpm).mat,source,train,B,3,1,1.05,2.05,29.1666666666667,1750,2.06350193308683,1.58291216172375,16.414346,4.11669046966959,3.44210209336545,0.0360326079486367,0.669401176947441,3.01958559357416,3.67088070840162,1.2,0.230412450015606,0.648980839657217
source/12kHz_DE_data/B/0028/B028_2_(1750rpm).mat,source,train,B,3,2,2.05,3.05,29.1666666666667,1750,2.15577214166618,1.62883816979939,17.980911,4.30126380715264,3.85764502917325,0.0451083489216557,0.618599647924783,2.57419034682051,3.03830559957604,1.2,0.275031244558303,0.658666395693785
source/12kHz_DE_data/B/0028/B028_2_(1750rpm).mat,source,train,B,3,3,3.05,4.05,29.1666666666667,1750,2.14350253357146,1.63585115231178,18.6978688,4.38741167087894,3.78506714621637,0.0471138683592513,0.6082246742949,2.62616631656214,2.96413402588341,1.2,0.296125062503457,0.655424143530195
source/12kHz_DE_data/B/0028/B028_2_(1750rpm).mat,source,train,B,3,4,4.05,5.05,29.1666666666667,1750,2.16505794586685,1.63348925584722,18.1013534,4.32091927632962,3.99778036839953,0.0519728972828759,0.593917520474959,2.39561063278331,2.74213637212827,1.2,0.278690750833935,0.686509243465733
source/12kHz_DE_data/B/0028/B028_2_(1750rpm).mat,source,train,B,3,5,5.05,6.05,29.1666666666667,1750,2.15781410969676,1.64773543375047,19.8461406,4.77769337430653,3.63875166845806,0.040491886051782,0.612188070675254,2.31718591084328,2.94143089594348,1.2,0.203576148174485,0.723564446458655
source/12kHz_DE_data/B/0028/B028_2_(1750rpm).mat,source,train,B,3,6,6.05,7.05,29.1666666666667,1750,2.15813427438695,1.6470944373988,19.7598778,4.82477216123381,3.74880287690338,0.0392196406720046,0.616553325640035,2.49934592842263,2.92543322412411,1.2,0.26107357093561,0.7099546488574
source/12kHz_DE_data/B/0028/B028_3_(1730rpm).mat,source,train,B,3,0,0.05,1.05,28.8333333333333,1730,2.14440973423942,1.61983350144063,19.4490062,4.68831635542473,3.90706547637513,0.045028725680831,0.648951050545115,2.86823463668499,3.16279024010542,1.2,0.255007757989501,0.62133979922645
source/12kHz_DE_data/B/0028/B028_3_(1730rpm).mat,source,train,B,3,1,1.05,2.05,28.8333333333333,1730,2.11481633888556,1.59600610437233,20.6412232,5.19723719060258,4.07474570970955,0.0440937392976902,0.682410015169424,2.98534837471039,3.31865026759356,1.2,0.274409398728862,0.616403079250279
source/12kHz_DE_data/B/0028/B028_3_(1730rpm).mat,source,train,B,3,2,2.05,3.05,28.8333333333333,1730,2.16055920329507,1.63212782227105,18.1973818,4.27197217922729,3.92571296453788,0.0392906954008971,0.6223321687923,2.43330429941541,2.96843219806677,1.2,0.263270289983398,0.718857062060618
source/12kHz_DE_data/B/0028/B028_3_(1730rpm).mat,source,train,B,3,3,3.05,4.05,28.8333333333333,1730,2.10274757343886,1.58894861626822,18.6343924,4.59255203053539,3.94765976770354,0.0452378415538674,0.608669617975391,2.47774098336404,3.10198537209913,1.2,0.321527489120736,0.7122812131459
source/12kHz_DE_data/B/0028/B028_3_(1730rpm).mat,source,train,B,3,4,4.05,5.05,28.8333333333333,1730,2.12633771136625,1.61374683631778,18.2567892,4.50981924715296,3.77162826584701,0.0345848765128587,0.689927087576199,3.04138506215596,3.32531226387326,1.2,0.291173371563155,0.599550933819563
source/12kHz_DE_data/B/0028/B028_3_(1730rpm).mat,source,train,B,3,5,5.05,6.05,28.8333333333333,1730,2.2499086250165,1.69687687297989,21.4444438,5.05061342997873,3.82673560148084,0.0496521438072581,0.610485737034478,2.47842608581753,2.86430554172346,1.2,0.271464913086435,0.676392270004898
source/12kHz_DE_data/B/0028/B028_3_(1730rpm).mat,source,train,B,3,6,6.05,7.05,28.8333333333333,1730,2.08675855971959,1.57504199381533,18.7027516,4.7254347703383,3.85523773923422,0.0419029224000659,0.626439389311285,2.5398798747554,3.07442344551377,1.2,0.279840954788839,0.683225499178929
source/12kHz_DE_data/IR/0007/IR007_0.mat,source,train,IR,2,0,0.05,1.05,29.95,1797,0.29114737954629,0.210445942054366,2.73995576846307,5.11832219031291,5.04065309007232,0.141924774742696,0.388066873026317,5.77102691356433,3.14254509485959,5.4,0.546129252347397,0.131132282281232
source/12kHz_DE_data/IR/0007/IR007_0.mat,source,train,IR,2,1,1.05,2.05,29.95,1797,0.293459190299266,0.211555318439936,2.82019872255489,5.53521616995342,5.35551076654713,0.136236328548983,0.390214607755755,5.71817293572477,3.15480085417944,5.4,0.547983731931597,0.129265796848931
source/12kHz_DE_data/IR/0007/IR007_0.mat,source,train,IR,2,2,2.05,3.05,29.95,1797,0.29213501538446,0.209174301179416,2.99725301397206,5.77945492867066,5.50920811128015,0.166184761887689,0.386537448581215,5.68798528120638,3.13111942031492,5.4,0.553800571993479,0.135230533707811
source/12kHz_DE_data/IR/0007/IR007_0.mat,source,train,IR,2,3,3.05,4.05,29.95,1797,0.289235161160981,0.20657954823094,2.85333548902196,5.45240071088365,5.43115530916287,0.139112027583515,0.39564671674923,5.62842712192444,3.12494823294463,5.4,0.533978000381725,0.137279350216405
source/12kHz_DE_data/IR/0007/IR007_0.mat,source,train,IR,2,4,4.05,5.05,29.95,1797,0.290652340970769,0.209128236934187,2.68554,5.11356666128207,5.16649299476042,0.178162448564805,0.408366470666709,5.73174553220286,3.1925247567416,5.4,0.537913613660224,0.13483926941179
source/12kHz_DE_data/IR/0007/IR007_0.mat,source,train,IR,2,5,5.05,6.05,29.95,1797,0.293774188345827,0.211671642060337,2.96086754491018,5.87735691732988,5.20619501597488,0.203368307123821,0.397433122150713,5.71175632633644,3.17405124692957,5.4,0.540820455813188,0.129237042450821
source/12kHz_DE_data/IR/0007/IR007_0.mat,source,train,IR,2,6,6.05,7.05,29.95,1797,0.29155268543503,0.208132363645426,2.85479740518962,5.77554939729279,5.5590267578645,0.206008550985227,0.395948752795331,5.7260924820969,3.11055889284023,5.4,0.553774365877678,0.12387998567132
source/12kHz_DE_data/IR/0007/IR007_1.mat,source,test,IR,2,0,0.05,1.05,29.5333333333333,1772,0.290887641216906,0.20718256802084,2.78706195608782,5.0852978989422,5.41111096350095,0.159185455676771,0.381565963237899,6.06898773666311,3.2677705406371,5.4,0.588981847040792,0.140269414776573
source/12kHz_DE_data/IR/0007/IR007_1.mat,source,test,IR,2,1,1.05,2.05,29.5333333333333,1772,0.290467720629308,0.205900060535764,2.76935652694611,5.28482995246587,5.49715172078347,0.111951611719066,0.379200844714751,6.03288080332021,3.33137330267124,5.4,0.585290247562558,0.16027579692486
source/12kHz_DE_data/IR/0007/IR007_1.mat,source,test,IR,2,2,2.05,3.05,29.5333333333333,1772,0.292826931467421,0.206659240099037,2.85479740518962,5.3639537868311,5.72815995098363,0.148903892424091,0.381995218681693,6.05910512214256,3.3356259407681,5.4,0.584307659993838,0.15928388848185
source/12kHz_DE_data/IR/0007/IR007_1.mat,source,test,IR,2,3,3.05,4.05,29.5333333333333,1772,0.29146738114545,0.20648971842994,2.89248235528942,5.39602568078657,5.80903711523165,0.131755484783627,0.391056045791837,6.12382502358712,3.31943879293765,5.4,0.589383798649151,0.145181351226177
source/12kHz_DE_data/IR/0007/IR007_1.mat,source,test,IR,2,4,4.05,5.05,29.5333333333333,1772,0.295299352354331,0.208713950632079,2.88874634730539,5.25435236269014,5.62697314423442,0.11891566130421,0.390178585357359,5.99026487224224,3.30563308373791,5.4,0.564707664670549,0.158673782186165
source/12kHz_DE_data/IR/0007/IR007_1.mat,source,test,IR,2,5,5.05,6.05,29.5333333333333,1772,0.292851532195882,0.207334444736297,2.7548998003992,5.08480730040921,5.55274445520111,0.127136376811951,0.384760316098987,6.07630921662101,3.27611949910351,5.4,0.588365973288211,0.140890062712684
source/12kHz_DE_data/IR/0007/IR007_1.mat,source,test,IR,2,6,6.05,7.05,29.5333333333333,1772,0.292701986882864,0.20854389972,2.80281816367265,5.04469102148772,5.32558525315114,0.123679832723694,0.378319912857489,6.08714020886205,3.25062602582741,5.4,0.597211931263469,0.139485609809459
source/12kHz_DE_data/IR/0007/IR007_2.mat,source,train,IR,2,0,0.05,1.05,29.1333333333333,1748,0.299921311352654,0.214773611172836,3.02925273453094,5.45112809326888,5.58093924428997,0.0996938286008835,0.420518223155132,5.67235512259308,3.32548521633993,5.4,0.548653032252338,0.197844909615143
source/12kHz_DE_data/IR/0007/IR007_2.mat,source,train,IR,2,1,1.05,2.05,29.1333333333333,1748,0.296208176760409,0.210852209092043,2.88744686626747,5.34756891928027,5.61344348672635,0.0950573057111752,0.402911558015856,5.72693083336206,3.33788178723221,5.4,0.557261543242929,0.206172346984891
source/12kHz_DE_data/IR/0007/IR007_2.mat,source,train,IR,2,2,2.05,3.05,29.1333333333333,1748,0.30150684476697,0.214670237654801,2.88566007984032,5.16735393515167,5.5315034628359,0.0839506381356717,0.400944725548399,5.63565830193662,3.29767114739594,5.4,0.546913711167718,0.213160975597842
source/12kHz_DE_data/IR/0007/IR007_2.mat,source,train,IR,2,3,3.05,4.05,29.1333333333333,1748,0.300803840356034,0.215303292117558,2.86892926147705,5.04373259798541,5.48437472544869,0.079238865129073,0.402767139361175,5.61815982731714,3.27149312791229,5.4,0.537310829980218,0.213447286271358
source/12kHz_DE_data/IR/0007/IR007_2.mat,source,train,IR,2,4,4.05,5.05,29.1333333333333,1748,0.299848354275746,0.21373178740435,2.78527516966068,4.9002771374286,5.62240894592518,0.103731070181156,0.403720050040394,5.60166708130797,3.25148484635604,5.4,0.537885177479812,0.211371701619749
source/12kHz_DE_data/IR/0007/IR007_2.mat,source,train,IR,2,5,5.05,6.05,29.1333333333333,1748,0.297681252082368,0.21206408096609,2.72826043912176,4.82275859385553,5.53666090640302,0.0846688710039736,0.408885614576423,5.58468378157173,3.30576285141063,5.4,0.524194718005766,0.218724695384602
source/12kHz_DE_data/IR/0007/IR007_2.mat,source,train,IR,2,6,6.05,7.05,29.1333333333333,1748,0.303094085912481,0.215502624621648,2.84245233532934,4.95918911251485,5.60307662761021,0.0874729821724727,0.409730494289763,5.574544624525,3.26971512025069,5.4,0.529832789671294,0.215056331002579
source/12kHz_DE_data/IR/0007/IR007_3.mat,source,train,IR,2,0,0.05,1.05,28.6833333333333,1721,0.307410883935351,0.220449517068158,2.72744826347305,4.55707964417677,5.17902833741499,-0.00301524136560878,0.489688704059938,7.62961061261598,4.10450627138198,5.4,0.524449425726143,0.108535265934455
source/12kHz_DE_data/IR/0007/IR007_3.mat,source,train,IR,2,1,1.05,2.05,28.6833333333333,1721,0.306996262684255,0.220264989991462,2.72484930139721,4.54207423988907,5.24555690308306,-0.0064422648203328,0.485924654715451,7.75691890558427,4.14732032571604,5.4,0.514737787132453,0.111296319072615
source/12kHz_DE_data/IR/0007/IR007_3.mat,source,train,IR,2,2,2.05,3.05,28.6833333333333,1721,0.317492290160239,0.227690462415605,2.96070510978044,4.6685121679089,5.21101860520587,-0.0129218169086321,0.492433232886802,7.59932024066176,4.0815198508381,5.4,0.520308610672055,0.113576440374441
source/12kHz_DE_data/IR/0007/IR007_3.mat,source,train,IR,2,3,3.05,4.05,28.6833333333333,1721,0.311917200816974,0.222674753396891,2.89816758483034,4.81659776552879,5.20699058723541,-0.0116074719505569,0.476402398794227,7.80468364263432,4.08899471217423,5.4,0.529769427616743,0.109834553245872
source/12kHz_DE_data/IR/0007/IR007_3.mat,source,train,IR,2,4,4.05,5.05,28.6833333333333,1721,0.31286907733344,0.223048002958655,2.90726395209581,4.80884933885143,5.28128445240249,-0.0207112370516708,0.491075062878845,7.63742869400513,4.20343676019263,5.4,0.504239752106725,0.130220599617132
source/12kHz_DE_data/IR/0007/IR007_3.mat,source,train,IR,2,5,5.05,6.05,28.6833333333333,1721,0.312898416297499,0.223421651788224,2.88712199600798,4.80198085792487,5.28791857775059,-0.0138169670897997,0.485905436466212,7.52635587272002,4.18163803461597,5.4,0.518091442713913,0.12785890598673
source/12kHz_DE_data/IR/0007/IR007_3.mat,source,train,IR,2,6,6.05,7.05,28.6833333333333,1721,0.313748659475229,0.223776430064025,2.80899069860279,4.71738797893082,5.33785859887026,0.00576041822507571,0.500721835932003,7.68285386212841,4.19036811701124,5.4,0.503375527588289,0.118164133362682
source/12kHz_DE_data/IR/0014/IR014_0.mat,source,validation,IR,2,0,0.05,1.05,29.9333333333333,1796,0.188655204056466,0.107827949967578,3.94506199600798,10.8929637445829,23.6023423787939,-0.0989474069368084,0.551378751144138,3.58849623710927,2.67117839847217,1,0.386710036427208,0.347259366469663
source/12kHz_DE_data/IR/0014/IR014_0.mat,source,validation,IR,2,1,1.05,2.05,29.9333333333333,1796,0.189863903758997,0.110308686589662,3.53994878243513,9.53724259058293,21.3847817772742,-0.119799920642762,0.549213340363146,3.67453796985656,2.70088226634382,1,0.398945129417318,0.328211046190688
source/12kHz_DE_data/IR/0014/IR014_0.mat,source,validation,IR,2,2,2.05,3.05,29.9333333333333,1796,0.202642664737519,0.11672398265085,3.78603800399202,9.56509436539103,22.2592748733863,0.0602910928494743,0.553210146726619,3.50800240044493,2.64237245350187,1,0.386000568615712,0.362465822220131
source/12kHz_DE_data/IR/0014/IR014_0.mat,source,validation,IR,2,3,3.05,4.05,29.9333333333333,1796,0.196761739720106,0.114378434111617,3.60281117764471,9.38626185579946,21.1019274664047,-0.118083609229185,0.552348393594065,3.63496086493385,2.71877849812412,1,0.403083809430338,0.347768603174028
source/12kHz_DE_data/IR/0014/IR014_0.mat,source,validation,IR,2,4,4.05,5.05,29.9333333333333,1796,0.188710608996251,0.108522795841102,3.78084007984032,10.5068773681354,22.6075375720261,-0.144998673749476,0.548188536018741,3.60867531370961,2.69620935976518,1,0.406969980049796,0.360660738986239
source/12kHz_DE_data/IR/0014/IR014_0.mat,source,validation,IR,2,5,5.05,6.05,29.9333333333333,1796,0.190667025702022,0.109405052161517,3.52776614770459,9.47062034610087,23.5430862737806,0.011027660233367,0.564459950318597,3.59621160820086,2.73808754960291,1,0.382171679572221,0.352959575715221
source/12kHz_DE_data/IR/0014/IR014_0.mat,source,validation,IR,2,6,6.05,7.05,29.9333333333333,1796,0.194262876747731,0.110699739052925,3.53231433133733,9.45844488294949,22.2093015618061,-0.148329731109014,0.544220328216316,3.57708929308926,2.69011672547248,1,0.41150136836875,0.360819409019358
source/12kHz_DE_data/IR/0014/IR014_1.mat,source,train,IR,2,0,0.05,1.05,29.5666666666667,1774,0.165915859613163,0.0986445234578515,3.52435500998004,10.6352097317749,22.278301740221,0.0940409766284143,0.589867649566843,3.9100180401356,2.92745487983196,2.4,0.143068816812377,0.290717514380588
source/12kHz_DE_data/IR/0014/IR014_1.mat,source,train,IR,2,1,1.05,2.05,29.5666666666667,1774,0.167127159239466,0.100104304057025,3.1541653493014,9.5031118857281,20.3815356124761,-0.0892018093033529,0.599482190666232,3.99966555689157,2.98305118730101,1,0.313799885342694,0.296612815968136
source/12kHz_DE_data/IR/0014/IR014_1.mat,source,train,IR,2,2,2.05,3.05,29.5666666666667,1774,0.169592235097144,0.102244614914182,3.20793137724551,9.95833931183491,18.7195714816669,0.0297561372714318,0.588138007227526,3.95540326972358,3.01188737704065,1,0.381373947512407,0.305044532279685
source/12kHz_DE_data/IR/0014/IR014_1.mat,source,train,IR,2,3,3.05,4.05,29.5666666666667,1774,0.160697762690908,0.0955418249484503,3.68565309381238,11.7978877846629,24.8362000572482,0.0745602519441246,0.587010439720314,3.91275214363809,2.90002015436148,1,0.349119214769624,0.295622939390812
source/12kHz_DE_data/IR/0014/IR014_1.mat,source,train,IR,2,4,4.05,5.05,29.5666666666667,1774,0.165583176262464,0.10036747488012,3.3305699001996,10.3190160569357,20.4488254029882,-0.106206336444195,0.588006285549984,3.81958687217554,2.84711912622115,1,0.369902136790415,0.31063289009679
source/12kHz_DE_data/IR/0014/IR014_1.mat,source,train,IR,2,5,5.05,6.05,29.5666666666667,1774,0.169341337213455,0.101976988457125,3.40139161676647,10.5809430198263,20.6533410592324,0.124500357433332,0.593412754957888,3.88188381740019,2.93419741687784,1,0.347848035820375,0.306137646870137
source/12kHz_DE_data/IR/0014/IR014_1.mat,source,train,IR,2,6,6.05,7.05,29.5666666666667,1774,0.169835454005734,0.102879224438373,3.4504470259481,10.1886740740095,21.006865814154,0.0634878585261785,0.604575317208846,3.9902846502377,3.05520143049346,1,0.323593054578651,0.295825888335732
source/12kHz_DE_data/IR/0014/IR014_2.mat,source,validation,IR,2,0,0.05,1.05,29.2,1752,0.166697817874527,0.0994909139256487,3.32163596806387,10.1457435589172,23.2305996518865,0.0947353672582162,0.624841642358957,3.93508736423113,3.14742741665144,1,0.370346650507667,0.349271774177462
source/12kHz_DE_data/IR/0014/IR014_2.mat,source,validation,IR,2,1,1.05,2.05,29.2,1752,0.157238167643265,0.0944677175340785,3.28817433133733,10.5772581137189,22.9959595774943,-0.0549302284750509,0.602339000924293,3.7786120125924,3.06659092631335,1,0.367647588267147,0.384046333227879
source/12kHz_DE_data/IR/0014/IR014_2.mat,source,validation,IR,2,2,2.05,3.05,29.2,1752,0.162982638158244,0.0983493198586488,2.8611323752495,8.84782369323036,21.625783802823,0.153077401044484,0.602255926770535,3.88464257665808,3.04604743022627,1,0.362596112240698,0.347998735439818
source/12kHz_DE_data/IR/0014/IR014_2.mat,source,validation,IR,2,3,3.05,4.05,29.2,1752,0.162416472086507,0.0984696844905744,3.51720786427146,11.3228872382416,22.2243941382597,0.111541097344613,0.612951090199231,3.86051694682207,3.07169131466379,1,0.35907764186065,0.346289889079523
source/12kHz_DE_data/IR/0014/IR014_2.mat,source,validation,IR,2,4,4.05,5.05,29.2,1752,0.166235942263898,0.100801303287942,3.64000882235529,11.3335164588556,22.5597327940534,-0.104689699369984,0.618839972208302,3.84131627022432,3.05355852865168,1,0.374521455469686,0.355465643776006
source/12kHz_DE_data/IR/0014/IR014_2.mat,source,validation,IR,2,5,5.05,6.05,29.2,1752,0.157243306364061,0.0948996766384281,2.9974154491018,9.88410436010244,21.4444549917438,0.0396548557016523,0.598171741868308,3.91252282013352,3.06283238627452,1,0.372081750434894,0.345534699751693
source/12kHz_DE_data/IR/0014/IR014_2.mat,source,validation,IR,2,6,6.05,7.05,29.2,1752,0.158260455441431,0.0970523068352695,3.01284678642715,9.63313670423872,20.1605009096585,-0.00500939491339877,0.598989754280146,3.91948141739973,3.10903998900534,1,0.357551186281456,0.342273464629793
source/12kHz_DE_data/IR/0014/IR014_3.mat,source,test,IR,2,0,0.05,1.05,28.8,1728,0.183327183723865,0.11582061429596,3.45418303393214,9.6335926324159,18.1905242325914,0.0862807174958971,0.599884246905439,3.74291310323315,3.04413880456385,1,0.380588604028721,0.362136978487175
source/12kHz_DE_data/IR/0014/IR014_3.mat,source,test,IR,2,1,1.05,2.05,28.8,1728,0.179376641088374,0.117586621646806,3.21394147704591,9.23516280980565,16.2191545497956,0.0523724072631711,0.587938366828024,3.87167931542281,3.05879930927428,1,0.394916822406088,0.351273059852637
source/12kHz_DE_data/IR/0014/IR014_3.mat,source,test,IR,2,2,2.05,3.05,28.8,1728,0.182403531285857,0.117092915916409,3.7238253493014,10.3832895809275,17.5734869634242,-0.0383913146631192,0.593058762051706,3.90367963108561,3.15963335920105,1,0.38600401719195,0.344137504133478
source/12kHz_DE_data/IR/0014/IR014_3.mat,source,test,IR,2,3,3.05,4.05,28.8,1728,0.178067595893967,0.112722695729025,3.97105161676647,11.3478420730379,20.0986459006693,0.113738870088648,0.608431839279896,3.90559786826552,3.10620830844297,1,0.380928977513908,0.350811106640492
source/12kHz_DE_data/IR/0014/IR014_3.mat,source,test,IR,2,4,4.05,5.05,28.8,1728,0.180068182336477,0.114547615027909,3.54693349301397,10.5729496636633,18.2829815536943,0.038093900253021,0.579428323721083,3.76535610315303,3.04316599446993,1,0.404371732695976,0.383744332047766
source/12kHz_DE_data/IR/0014/IR014_3.mat,source,test,IR,2,5,5.05,6.05,28.8,1728,0.186344069385481,0.118356913616141,4.11253261477046,11.3965914500753,18.857499240949,-0.0250724791670214,0.600363375807863,3.81478685075962,3.15223243202506,1,0.393587534210649,0.362371996131918
source/12kHz_DE_data/IR/0014/IR014_3.mat,source,test,IR,2,6,6.05,7.05,28.8,1728,0.180153319954781,0.115396958212166,3.33300642714571,9.80918722277825,17.5798768025091,0.111588806807994,0.605082914418396,3.86595259226211,3.14958492163573,1,0.379475501342524,0.359417745668765
source/12kHz_DE_data/IR/0021/IR021_0.mat,source,validation,IR,2,0,0.05,1.05,29.95,1797,0.507250642928,0.345359022867458,6.44664421157685,6.90652688330194,7.51693636773093,0.345037486890754,0.483271084397675,3.76277153162143,2.84160900126438,1,0.443918211000412,0.400722754105407
source/12kHz_DE_data/IR/0021/IR021_0.mat,source,validation,IR,2,1,1.05,2.05,29.95,1797,0.520799184109238,0.35649174519287,6.29557954091816,6.64597827294796,7.34862616073471,0.292756701094388,0.491822684299801,3.90329585184899,2.90841403412955,5.4,0.278945663967083,0.366027358667831
source/12kHz_DE_data/IR/0021/IR021_0.mat,source,validation,IR,2,2,2.05,3.05,29.95,1797,0.541124441933588,0.36798097049081,7.11831347305389,6.89469920984172,8.55905203426311,0.288494920270062,0.499460656238818,3.88731001668032,2.90430108179034,5.4,0.265077617885212,0.351975649369577
source/12kHz_DE_data/IR/0021/IR021_0.mat,source,validation,IR,2,3,3.05,4.05,29.95,1797,0.539427821341558,0.367102220234532,6.49699910179641,6.45823519985879,7.87641862112272,0.275471208596037,0.49107248017979,3.85117203856857,2.82173583036565,5.4,0.28177603247488,0.359229712289859
source/12kHz_DE_data/IR/0021/IR021_0.mat,source,validation,IR,2,4,4.05,5.05,29.95,1797,0.517219203483781,0.359353017899663,6.09740868263473,6.60507125462699,7.02898111972225,0.310656590153864,0.489470681363582,3.95467100041687,2.94071916610205,5.4,0.295515313028963,0.370997775599257
source/12kHz_DE_data/IR/0021/IR021_0.mat,source,validation,IR,2,5,5.05,6.05,29.95,1797,0.526965561642287,0.361639463341936,6.77801187624751,7.16478608488852,7.56768773380128,0.321512779173535,0.502268914801584,3.79585381266051,2.89953972866744,5.4,0.282855619221791,0.391583896639888
source/12kHz_DE_data/IR/0021/IR021_0.mat,source,validation,IR,2,6,6.05,7.05,29.95,1797,0.537308472708041,0.368048431977273,6.33659441117764,6.59819339658289,7.43553107464341,0.31697591392924,0.476954996561157,3.81101097449289,2.90170203887276,5.4,0.2789871860481,0.38537637991672
source/12kHz_DE_data/IR/0021/IR021_1.mat,source,validation,IR,2,0,0.05,1.05,29.5666666666667,1774,0.433585665896236,0.294015045746574,5.21376157684631,6.53903463774346,7.15339382161348,0.262733930471957,0.507558883408627,4.36868113649076,2.93054973497804,5.4,0.312645881982402,0.220495504202846
source/12kHz_DE_data/IR/0021/IR021_1.mat,source,validation,IR,2,1,1.05,2.05,29.5666666666667,1774,0.441258312567447,0.298308194449068,6.97009141716567,8.34700781639232,7.95227493627593,0.288745718589534,0.509353973194138,4.37690073327275,2.97715622242729,5.4,0.30248139960231,0.249275633281896
source/12kHz_DE_data/IR/0021/IR021_1.mat,source,validation,IR,2,2,2.05,3.05,29.5666666666667,1774,0.430529308355106,0.292889698568717,5.02005768463074,6.3897325710453,7.47272016441556,0.295905665456892,0.485495855321275,4.43000364823172,2.97918213233991,5.4,0.329156883391557,0.246860250139555
source/12kHz_DE_data/IR/0021/IR021_1.mat,source,validation,IR,2,3,3.05,4.05,29.5666666666667,1774,0.4385960677119,0.296351934984098,5.94471966067864,7.37708053379168,7.98975497146878,0.299974992416235,0.524218570524296,4.36959193461782,2.95241481849366,5.4,0.312240795399447,0.246146180027532
source/12kHz_DE_data/IR/0021/IR021_1.mat,source,validation,IR,2,4,4.05,5.05,29.5666666666667,1774,0.451174671144142,0.308952678550765,5.08746826347305,5.82848938675283,6.97769689043183,0.246646440857135,0.499381775680896,4.40107023923504,2.97424877263959,5.4,0.319597976513461,0.258309985847788
source/12kHz_DE_data/IR/0021/IR021_1.mat,source,validation,IR,2,5,5.05,6.05,29.5666666666667,1774,0.435540778177944,0.295529491771364,5.63284421157685,6.96396803696397,7.60549732065578,0.252502504546194,0.506287412127222,4.45554951860091,3.04465438695824,5.4,0.326949456118546,0.277788585333765
source/12kHz_DE_data/IR/0021/IR021_1.mat,source,validation,IR,2,6,6.05,7.05,29.5666666666667,1774,0.448584333469811,0.302804743321203,5.34127315369262,6.22657433206268,7.90842836016237,0.213792191095613,0.519575021464303,4.37260935862341,2.95289857165904,5.4,0.30886353151201,0.26135761745638
source/12kHz_DE_data/IR/0021/IR021_2.mat,source,train,IR,2,0,0.05,1.05,29.2,1752,0.470597098269781,0.315024845812537,5.5707127744511,6.39144116588069,7.75901531533968,0.29592123431696,0.516411767296379,4.30201292292563,2.96682638196927,5.4,0.303895303843604,0.26968933161239
source/12kHz_DE_data/IR/0021/IR021_2.mat,source,train,IR,2,1,1.05,2.05,29.2,1752,0.474248414763834,0.317062321703076,5.51629700598802,6.28276828072728,7.75890738480218,0.241074667841822,0.503082521538328,4.32091274724939,2.99613552064806,5.4,0.299832139521786,0.274466111580913
source/12kHz_DE_data/IR/0021/IR021_2.mat,source,train,IR,2,2,2.05,3.05,29.2,1752,0.459983437377934,0.308754862252273,5.73923922155689,6.46992779955352,7.98389966945583,0.228935442744919,0.507418811089624,4.40085497917134,2.96953226500823,5.4,0.302953141331567,0.237980743527155
source/12kHz_DE_data/IR/0021/IR021_2.mat,source,train,IR,2,3,3.05,4.05,29.2,1752,0.491595596135361,0.33006161747462,5.16990409181637,5.45707120859786,7.33099064257282,0.196689854428144,0.524434334994329,4.28586488404041,2.94859713118198,5.4,0.294073433446918,0.280304972380656
source/12kHz_DE_data/IR/0021/IR021_2.mat,source,train,IR,2,4,4.05,5.05,29.2,1752,0.501146895975604,0.333513289678815,5.6174128742515,5.91616281360229,8.23864134970485,0.227854895453296,0.540298016390647,4.21832161624012,2.97203594540206,5.4,0.286086202305118,0.300075935095902
source/12kHz_DE_data/IR/0021/IR021_2.mat,source,train,IR,2,5,5.05,6.05,29.2,1752,0.514165264473438,0.34122425775084,6.74714920159681,7.04046727450718,8.35580706226393,0.248020807395718,0.522011294727323,4.31369520507195,2.97122079788233,5.4,0.291441366717089,0.298000182459891
source/12kHz_DE_data/IR/0021/IR021_2.mat,source,train,IR,2,6,6.05,7.05,29.2,1752,0.490146216008998,0.328825820742382,5.77944191616766,6.24247292345356,7.71795446699709,0.26645524131874,0.502547031368247,4.28547195475362,3.01743187231522,5.4,0.304429926203361,0.328023918843525
source/12kHz_DE_data/IR/0021/IR021_3.mat,source,train,IR,2,0,0.05,1.05,28.8,1728,0.438811873160175,0.293444272490644,5.39081586826347,6.56205685068612,8.25856881741048,0.347835922141059,0.533402348565774,4.59900335240581,3.50519210078993,1,0.354064917049896,0.305300330798937
source/12kHz_DE_data/IR/0021/IR021_3.mat,source,train,IR,2,1,1.05,2.05,28.8,1728,0.438845048248269,0.291825020336527,5.7741627744511,6.99008443181014,9.40130171743249,0.304777345066064,0.532884795076023,4.64535764269795,3.35999891159392,5.4,0.301666965597315,0.246579018867851
source/12kHz_DE_data/IR/0021/IR021_3.mat,source,train,IR,2,2,2.05,3.05,28.8,1728,0.449558569877642,0.30458714266314,5.46837864271457,6.67314638984928,8.13596242688006,0.227441010384246,0.542878619860554,4.78251946155406,3.5263789018849,5.4,0.309662320779486,0.263114839381875
source/12kHz_DE_data/IR/0021/IR021_3.mat,source,train,IR,2,3,3.05,4.05,28.8,1728,0.459411917102457,0.314507560871241,6.02390678642715,7.01569432546188,7.51917653622802,0.261855757711445,0.553252412459262,4.84200985771093,3.50445700018362,5.4,0.302487675308324,0.241216539827004
source/12kHz_DE_data/IR/0021/IR021_3.mat,source,train,IR,2,4,4.05,5.05,28.8,1728,0.455910265473035,0.308781564472562,5.16421886227545,6.12092390770987,7.98451518556953,0.314581415989974,0.555429582531438,4.80822396194261,3.49623218903033,5.4,0.296040802026732,0.244315632719726
source/12kHz_DE_data/IR/0021/IR021_3.mat,source,train,IR,2,5,5.05,6.05,28.8,1728,0.449716396388891,0.306218783423116,6.64237854291417,7.92479917363336,8.21013593348899,0.327089088622897,0.565422738998388,4.8000604963135,3.4852658566547,5.4,0.290489291854727,0.236450415329426
source/12kHz_DE_data/IR/0021/IR021_3.mat,source,train,IR,2,6,6.05,7.05,28.8,1728,0.432965985421708,0.294076337529441,5.58898672654691,6.9245773944484,8.37767029717686,0.359957250329491,0.554102023838699,4.7851509014911,3.43779379128222,5.4,0.29301670524566,0.232333276654533
source/12kHz_DE_data/IR/0028/IR028_0_(1797rpm).mat,source,train,IR,2,0,0.05,1.05,29.95,1797,0.838445571617056,0.656736595478889,6.8310372,4.40812279208355,3.41912870706734,0.143770569336429,0.808499694318423,6.14044619538234,4.85814846441943,3.7,0.194087426091118,0.20838909368355
source/12kHz_DE_data/IR/0028/IR028_0_(1797rpm).mat,source,train,IR,2,1,1.05,2.05,29.95,1797,0.848042144981217,0.667680093215778,7.8161421,5.21705602115406,3.33194459354021,0.114791062751202,0.834767714836387,6.59635292482382,5.11131354598334,3.7,0.17713432114893,0.19428484636474
source/12kHz_DE_data/IR/0028/IR028_0_(1797rpm).mat,source,train,IR,2,2,2.05,3.05,29.95,1797,0.823531382331331,0.647657521171375,7.1240052,4.7658356107077,3.3789323977947,0.08900909908185,0.775046652184029,6.02703711724791,4.73495176960701,3.7,0.156721381566522,0.22450454758938
source/12kHz_DE_data/IR/0028/IR028_0_(1797rpm).mat,source,train,IR,2,3,3.05,4.05,29.95,1797,0.835155794769779,0.657461157787778,7.279441,4.77382414969936,3.28449009196777,0.0907712134207232,0.847056003151821,6.32946113174311,4.94853728708533,3.7,0.128958528546161,0.179818783804747
source/12kHz_DE_data/IR/0028/IR028_0_(1797rpm).mat,source,train,IR,2,4,4.05,5.05,29.95,1797,0.828056221175754,0.647967154314711,6.6756014,4.07253308456323,3.35356393102426,0.088085036189992,0.824279485583384,5.96700828834557,4.83322942422288,3.7,0.135303801972591,0.254191161995454
source/12kHz_DE_data/IR/0028/IR028_0_(1797rpm).mat,source,train,IR,2,5,5.05,6.05,29.95,1797,0.812786197763077,0.638173328989788,6.6247389,4.13945632476041,3.29750809746065,0.0969891553896663,0.817248960068206,6.14238521230775,4.83819557592833,3.7,0.173161853372034,0.18427580505249
source/12kHz_DE_data/IR/0028/IR028_0_(1797rpm).mat,source,train,IR,2,6,6.05,7.05,29.95,1797,0.867448294133903,0.678408115791756,7.4714978,4.45386163810583,3.41450162766553,0.106535255750133,0.811490280887964,5.8425529060872,4.66608839864939,3.7,0.158463897625452,0.236896706536766
source/12kHz_DE_data/IR/0028/IR028_1_(1772rpm).mat,source,train,IR,2,0,0.05,1.05,29.5333333333333,1772,0.83372523212285,0.664719413488415,6.4326821,4.03713848438783,3.05404799982518,0.0693228447675853,0.858362059300013,6.63076909067535,5.15845600147734,3.7,0.122206637461006,0.216216021478229
source/12kHz_DE_data/IR/0028/IR028_1_(1772rpm).mat,source,train,IR,2,1,1.05,2.05,29.5333333333333,1772,0.840592916486679,0.664649412147392,6.9950179,4.22220721762559,3.19377773255604,0.12578497826907,0.844522829367989,6.28634587551254,5.04178073096595,2,0.153505588319178,0.242824133984579
source/12kHz_DE_data/IR/0028/IR028_1_(1772rpm).mat,source,train,IR,2,2,2.05,3.05,29.5333333333333,1772,0.836124490617396,0.659724655230333,7.4922497,4.50532339707982,3.27180407334919,0.108411392750586,0.851257516011702,6.34745374394305,5.05625874887477,3.7,0.148781943153783,0.237085249151301
source/12kHz_DE_data/IR/0028/IR028_1_(1772rpm).mat,source,train,IR,2,3,3.05,4.05,29.5333333333333,1772,0.852909445072523,0.6762815194473,6.8147612,4.20574160597044,3.14360950621018,0.111800659160653,0.852013184148004,6.20455946193049,5.09945863367205,3.7,0.123103719071905,0.283239516639554
source/12kHz_DE_data/IR/0028/IR028_1_(1772rpm).mat,source,train,IR,2,4,4.05,5.05,29.5333333333333,1772,0.838278542732054,0.662905209967867,6.7317536,4.36099882960006,3.23530022515329,0.0834574354167446,0.810716696791647,6.56064466648275,4.91720409833853,3.7,0.187106387209438,0.175827568977182
source/12kHz_DE_data/IR/0028/IR028_1_(1772rpm).mat,source,train,IR,2,5,5.05,6.05,29.5333333333333,1772,0.834742652905291,0.656804552808625,7.5158499,4.69888530807274,3.33500431608514,0.117253848901172,0.867143057554856,6.32468023531549,4.87757136983359,3.7,0.14201450262641,0.216738874659704
source/12kHz_DE_data/IR/0028/IR028_1_(1772rpm).mat,source,train,IR,2,6,6.05,7.05,29.5333333333333,1772,0.842937872996419,0.665700460267339,6.6052077,4.01358242843009,3.17864448903507,0.0709106120425879,0.8463270600945,6.13836891769512,4.6865720233167,8.5,0.0778591805266644,0.219344325695998
source/12kHz_DE_data/IR/0028/IR028_2_(1750rpm).mat,source,validation,IR,2,0,0.05,1.05,29.1666666666667,1750,0.842634030747156,0.669184713155671,7.9162395,4.98324270350013,3.1859504781925,0.128782432944322,0.872506233671054,6.17229945015052,4.74982324858097,3.7,0.116868612264757,0.195361269310363
source/12kHz_DE_data/IR/0028/IR028_2_(1750rpm).mat,source,validation,IR,2,1,1.05,2.05,29.1666666666667,1750,0.847698316646676,0.669188040117007,6.5156897,4.18021559424106,3.24064122466617,0.182105448195566,0.87079718594053,6.41278580689493,5.00041989918853,1,0.333642786419073,0.252972413187045
source/12kHz_DE_data/IR/0028/IR028_2_(1750rpm).mat,source,validation,IR,2,2,2.05,3.05,29.1666666666667,1750,0.817440480739003,0.645984813605011,6.709781,4.5774633522968,3.26331628637244,0.140990755838686,0.842468446732931,5.80968030186497,4.65899367420582,2,0.153815500523091,0.257658306634418
source/12kHz_DE_data/IR/0028/IR028_2_(1750rpm).mat,source,validation,IR,2,3,3.05,4.05,29.1666666666667,1750,0.841363466320855,0.663706398916167,7.3388484,4.37709658102616,3.29129316629112,0.160847967613025,0.834844527113934,5.9412524908387,4.51806871361191,3.7,0.143124994032217,0.237307645096786
source/12kHz_DE_data/IR/0028/IR028_2_(1750rpm).mat,source,validation,IR,2,4,4.05,5.05,29.1666666666667,1750,0.829437440134544,0.651997289114275,7.2179991,4.5711801557551,3.40036486585777,0.122709228856871,0.863696085326317,6.30307369040556,4.73148291915166,3.7,0.150576980684008,0.198289686566425
source/12kHz_DE_data/IR/0028/IR028_2_(1750rpm).mat,source,validation,IR,2,5,5.05,6.05,29.1666666666667,1750,0.827173323410903,0.653261693259933,6.8473132,4.59354617032602,3.30425697271335,0.14597404076134,0.853225666618566,6.08437339215251,4.71648382749038,4.3,0.097995142951794,0.221517534810108
source/12kHz_DE_data/IR/0028/IR028_2_(1750rpm).mat,source,validation,IR,2,6,6.05,7.05,29.1666666666667,1750,0.853715296635732,0.671227888111083,7.2831031,4.38115540536685,3.33235650476549,0.129956164072992,0.841816856267282,5.66802026293819,4.54855250697744,1,0.351173245755155,0.240516783823219
source/12kHz_DE_data/IR/0028/IR028_3_(1730rpm).mat,source,validation,IR,2,0,0.05,1.05,28.8333333333333,1730,0.821818979183691,0.646420530251708,6.5698074,4.30655405654598,3.26337068574627,0.141807018095934,0.83820614113309,6.0638748033395,4.79497851579248,3.7,0.151523399871664,0.235161892687133
source/12kHz_DE_data/IR/0028/IR028_3_(1730rpm).mat,source,validation,IR,2,1,1.05,2.05,28.8333333333333,1730,0.832117104129655,0.6512765285286,6.5840489,4.16135768200777,3.37331164202962,0.178717816188034,0.856593218957375,6.15240476902805,4.87435303261397,3.7,0.132591871122886,0.197553267192096
source/12kHz_DE_data/IR/0028/IR028_3_(1730rpm).mat,source,validation,IR,2,2,2.05,3.05,28.8333333333333,1730,0.822166492150639,0.648629636789171,6.6251458,4.4952440464429,3.2389772663991,0.185779810276383,0.854834236743275,6.12318024623248,4.89299524191611,1,0.28517283052037,0.28309522560097
source/12kHz_DE_data/IR/0028/IR028_3_(1730rpm).mat,source,validation,IR,2,3,3.05,4.05,28.8333333333333,1730,0.823409338361575,0.650287453064492,6.7142569,4.27093029327625,3.21801159455613,0.134757949949676,0.867890276330315,6.31411215299648,4.79682519341574,1,0.325541273752953,0.2208416349163
source/12kHz_DE_data/IR/0028/IR028_3_(1730rpm).mat,source,validation,IR,2,4,4.05,5.05,28.8333333333333,1730,0.822458288990645,0.643471659457467,6.2723635,3.98282164358967,3.36780220352239,0.182164426774525,0.842314899312289,6.13819596670312,4.4518128067044,4.3,0.112824396196902,0.18494439850126
source/12kHz_DE_data/IR/0028/IR028_3_(1730rpm).mat,source,validation,IR,2,5,5.05,6.05,28.8333333333333,1730,0.831702723913978,0.654800462920933,7.5016084,4.6028463357491,3.36929994897565,0.16677471151496,0.844667842930495,5.55387651011166,4.63135632382137,3.7,0.125400688642305,0.27061245348789
source/12kHz_DE_data/IR/0028/IR028_3_(1730rpm).mat,source,validation,IR,2,6,6.05,7.05,28.8333333333333,1730,0.820125458863542,0.644175009662456,6.4229165,3.98128416505676,3.3351852969182,0.176976846757057,0.860424610371728,6.28585858621664,4.4596563592965,4.3,0.111419292423707,0.173318574053761
source/12kHz_DE_data/OR/Centered/0007/OR007@6_0.mat,source,train,OR,1,0,0.05,1.05,29.9333333333333,1796,0.670525840554027,0.408058882164197,6.70491606786427,5.15919421765002,7.5102129234017,0.0528120295334891,0.312100147846417,4.42018740447553,2.58090080928677,3.6,0.807342306608607,0.114561150681347
source/12kHz_DE_data/OR/Centered/0007/OR007@6_0.mat,source,train,OR,1,1,1.05,2.05,29.9333333333333,1796,0.642705836331435,0.390112580032868,6.54857225548902,5.19315141201844,7.56622873276898,0.051581667110862,0.290038635605508,4.50412419672021,2.53511149280521,3.6,0.843736717708603,0.0934774190157139
source/12kHz_DE_data/OR/Centered/0007/OR007@6_0.mat,source,train,OR,1,2,2.05,3.05,29.9333333333333,1796,0.687380655377136,0.415142973251386,6.70897694610778,4.94528054196071,7.6226241432904,0.0632495123506122,0.322962274032424,4.30842350770083,2.63154470666148,3.6,0.770750189687961,0.143141826579854
source/12kHz_DE_data/OR/Centered/0007/OR007@6_0.mat,source,train,OR,1,3,3.05,4.05,29.9333333333333,1796,0.687425697866926,0.416492112332823,6.70085518962076,5.00295384243989,7.63273031736261,0.0411651691101418,0.319308521289959,4.29658522948927,2.5879108638816,3.6,0.776517217918501,0.143238045919888
source/12kHz_DE_data/OR/Centered/0007/OR007@6_0.mat,source,train,OR,1,4,4.05,5.05,29.9333333333333,1796,0.654971713206544,0.399252574057801,6.62451067864271,5.25739848101482,7.42987841251457,0.0700721204642397,0.285804717854168,4.44523955941983,2.49173226645573,3.6,0.843062027292703,0.100381774528091
source/12kHz_DE_data/OR/Centered/0007/OR007@6_0.mat,source,train,OR,1,5,5.05,6.05,29.9333333333333,1796,0.656934583306126,0.398195972641712,6.74958572854291,5.22112306983966,7.72678698567094,0.0401718093823515,0.30094026934457,4.36448591364485,2.4828999213793,3.6,0.809675964125439,0.119569539081942
source/12kHz_DE_data/OR/Centered/0007/OR007@6_0.mat,source,train,OR,1,6,6.05,7.05,29.9333333333333,1796,0.690379577942679,0.416029784909348,6.87628512974052,5.23167006523678,7.75352603658891,0.07667908093861,0.334547427270185,4.22668237426166,2.56844931282343,3.6,0.742550669206545,0.158626146702026
source/12kHz_DE_data/OR/Centered/0007/OR007@6_1.mat,source,train,OR,1,0,0.05,1.05,29.55,1773,0.592228485281308,0.366594161687566,5.96015099800399,5.07871402654852,7.55649509905809,0.0331932530195318,0.324017085460201,4.45561553437042,2.53487591841963,3.6,0.787236192244214,0.10400296950072
source/12kHz_DE_data/OR/Centered/0007/OR007@6_1.mat,source,train,OR,1,1,1.05,2.05,29.55,1773,0.584672267905627,0.36269428383167,6.02228243512974,5.28996442101739,7.62873044294088,0.0342325557720158,0.332894188375731,4.43500862480645,2.52164495990176,3.6,0.775534607796472,0.110804967006697
source/12kHz_DE_data/OR/Centered/0007/OR007@6_1.mat,source,train,OR,1,2,2.05,3.05,29.55,1773,0.58890010730071,0.365703294577146,5.94553183632735,5.19546787583092,7.5566554701465,0.0350652406052545,0.328212189172101,4.43022884926574,2.49663570425047,3.6,0.780364753762521,0.105398861100924
source/12kHz_DE_data/OR/Centered/0007/OR007@6_1.mat,source,train,OR,1,3,3.05,4.05,29.55,1773,0.593139824534482,0.368085046739313,5.88461866267465,4.97789954020984,7.43551845062689,0.0301137966383497,0.318968565502026,4.43407932165462,2.46892627815167,3.6,0.792518010869417,0.10230490592028
source/12kHz_DE_data/OR/Centered/0007/OR007@6_1.mat,source,train,OR,1,4,4.05,5.05,29.55,1773,0.596322469810473,0.369451647089587,5.91994830339321,5.15913880268836,7.44475894021733,0.0422139374053217,0.309649861491056,4.42880891472042,2.38910035479208,3.6,0.803268317979328,0.0970431709791405
source/12kHz_DE_data/OR/Centered/0007/OR007@6_1.mat,source,train,OR,1,5,5.05,6.05,29.55,1773,0.593605591693633,0.367307187305323,5.72502614770459,4.94339451359267,7.56599084286178,0.0211351183155991,0.312115744663533,4.40255630863221,2.41342962487316,3.6,0.8028548866084,0.102024121862929
source/12kHz_DE_data/OR/Centered/0007/OR007@6_1.mat,source,train,OR,1,6,6.05,7.05,29.55,1773,0.596126617217347,0.367333808042961,6.06451556886227,5.21351789294099,7.56965575377981,0.0314299859286419,0.33182215440206,4.36328031364016,2.46415822101335,3.6,0.78056715673371,0.118969374675961
source/12kHz_DE_data/OR/Centered/0007/OR007@6_2.mat,source,train,OR,1,0,0.05,1.05,29.1666666666667,1750,0.558823596757463,0.343231079481545,5.6799503992016,5.33554614872514,7.82127874717227,0.0443588978488536,0.251395887279981,4.2469836656207,2.02081640111301,3.6,0.860361676048875,0.0698681055176665
source/12kHz_DE_data/OR/Centered/0007/OR007@6_2.mat,source,train,OR,1,1,1.05,2.05,29.1666666666667,1750,0.571585762202922,0.351147561652861,6.02065808383234,5.39864275486163,7.76422217110645,0.0110567107021257,0.249077354342989,4.22881255145164,1.99251116620517,3.6,0.860220251114189,0.0678974376098404
source/12kHz_DE_data/OR/Centered/0007/OR007@6_2.mat,source,train,OR,1,2,2.05,3.05,29.1666666666667,1750,0.571621305557096,0.350351585608886,5.6490877245509,5.08693689788099,7.92679085887075,0.0152407829614461,0.25152219665279,4.212270647483,1.99099829174436,3.6,0.856726108415346,0.0727078296742277
source/12kHz_DE_data/OR/Centered/0007/OR007@6_2.mat,source,train,OR,1,3,3.05,4.05,29.1666666666667,1750,0.567940862980075,0.348945007553576,5.8533499001996,5.29233363850734,7.7869470579047,0.019148465036036,0.263140799690374,4.24460119258695,2.07050284496888,3.6,0.846471980308968,0.0795795124810438
source/12kHz_DE_data/OR/Centered/0007/OR007@6_2.mat,source,train,OR,1,4,4.05,5.05,29.1666666666667,1750,0.572346419243547,0.349922884925039,5.72462005988024,5.09289987237944,7.89644651455978,0.0212481900232672,0.273363885985462,4.25726335579486,2.1065470078946,3.6,0.842537265526289,0.0796111212662116
source/12kHz_DE_data/OR/Centered/0007/OR007@6_2.mat,source,train,OR,1,5,5.05,6.05,29.1666666666667,1750,0.571717642179753,0.350099596833659,5.82370548902196,5.25057443570181,7.96433687955168,0.0172130562620133,0.264453546583154,4.28829913954091,2.13231580063921,3.6,0.854394038700489,0.0721216922887513
source/12kHz_DE_data/OR/Centered/0007/OR007@6_2.mat,source,train,OR,1,6,6.05,7.05,29.1666666666667,1750,0.575007636634612,0.353656642562112,6.03121636726547,5.38631650341745,7.80424493691316,0.0199139922208009,0.253453259829547,4.32005230046447,2.10981315260633,3.6,0.862013216448587,0.0651348076670523
source/12kHz_DE_data/OR/Centered/0007/OR007@6_3.mat,source,validation,OR,1,0,0.05,1.05,28.75,1725,0.574136311663837,0.351705931734531,6.12299221556886,5.53730082004633,8.056991497355,-0.0118346411994553,0.332599726815562,4.70674080415747,2.71833380756934,3.6,0.804523922923882,0.114391426582089
source/12kHz_DE_data/OR/Centered/0007/OR007@6_3.mat,source,validation,OR,1,1,1.05,2.05,28.75,1725,0.581412076979359,0.355096395460263,6.12299221556886,5.38277193293019,7.96592141358243,-0.00658922438625719,0.330397377862945,4.74151740080244,2.70272317268891,3.6,0.807228177321071,0.111027797172067
source/12kHz_DE_data/OR/Centered/0007/OR007@6_3.mat,source,validation,OR,1,2,2.05,3.05,28.75,1725,0.579982476093331,0.356781807465283,6.13314441117764,5.38842160236936,8.0073871043674,-0.0102504854283372,0.307959648489421,4.83464307382196,2.69801534175848,3.6,0.840774653709442,0.0891748028859931
source/12kHz_DE_data/OR/Centered/0007/OR007@6_3.mat,source,validation,OR,1,3,3.05,4.05,28.75,1725,0.585871088813138,0.360043641530306,6.18512365269461,5.51640684218539,7.91123254921432,-0.00118881189196316,0.322776120004376,4.80644502746131,2.71845098660745,3.6,0.829308932183433,0.0942002303608487
source/12kHz_DE_data/OR/Centered/0007/OR007@6_3.mat,source,validation,OR,1,4,4.05,5.05,28.75,1725,0.58021681637478,0.35579172306562,6.0267494011976,5.38348791437539,7.93685368476311,0.00255371957644983,0.305834971347841,4.85283622045538,2.69234532194373,3.6,0.840521475499184,0.0810194173887829
source/12kHz_DE_data/OR/Centered/0007/OR007@6_3.mat,source,validation,OR,1,5,5.05,6.05,28.75,1725,0.58281272791024,0.357512798385828,6.12542874251497,5.41403026015613,8.00777798840239,-0.0128421834504994,0.31379973926524,4.80443203391363,2.70014725212091,3.6,0.832132928647625,0.0902810771132929
source/12kHz_DE_data/OR/Centered/0007/OR007@6_3.mat,source,validation,OR,1,6,6.05,7.05,28.75,1725,0.581771748033396,0.355409654219338,5.94959271457086,5.11608888043726,7.89880156481106,0.00928683033233526,0.30984520114672,4.80274732334567,2.64307346539289,3.6,0.837522886627349,0.0858823517954587
source/12kHz_DE_data/OR/Centered/0014/OR014@6_0.mat,source,train,OR,1,0,0.05,1.05,29.9333333333333,1796,0.102308314359379,0.081560956679491,0.798294251497006,4.07071257769861,3.08407426573563,0.00594385243563906,0.883821872070989,6.20958439571504,4.79096293460563,2,0.153462344238732,0.279313416123525
source/12kHz_DE_data/OR/Centered/0014/OR014@6_0.mat,source,train,OR,1,1,1.05,2.05,29.9333333333333,1796,0.0979870108869625,0.0783209641625748,0.724120239520958,3.96361438045231,2.93222773339295,0.00749864843971192,0.837295178153416,6.10085064675449,4.52763732349857,2,0.205526489691633,0.289009723271968
source/12kHz_DE_data/OR/Centered/0014/OR014@6_0.mat,source,train,OR,1,2,2.05,3.05,29.9333333333333,1796,0.0995091516353309,0.0793060731734481,0.773082395209581,3.9734416779885,3.01372607618613,0.00105866194217443,0.828305484053855,5.54682590328734,4.56193202583637,2,0.249868571708514,0.337673914129433
source/12kHz_DE_data/OR/Centered/0014/OR014@6_0.mat,source,train,OR,1,3,3.05,4.05,29.9333333333333,1796,0.0978478702209563,0.0776578161264222,0.83783748502994,4.42580901821588,3.06767683642066,-0.0287492378213554,0.874321515018468,5.68751950699158,4.58535998559266,4.4,0.0808413839132921,0.273312723225651
source/12kHz_DE_data/OR/Centered/0014/OR014@6_0.mat,source,train,OR,1,4,4.05,5.05,29.9333333333333,1796,0.0994986549806499,0.0799647454228243,0.718071017964072,3.70620208651389,2.86452140968727,0.00309478155477212,0.883874099470674,6.44213498219054,4.54955426778625,2,0.201389177576099,0.221981119485565
source/12kHz_DE_data/OR/Centered/0014/OR014@6_0.mat,source,train,OR,1,5,5.05,6.05,29.9333333333333,1796,0.0995503719933444,0.0791665079566467,0.751768023952096,3.80552733466164,3.02088171324804,0.00567129907702258,0.861849994058956,5.53101251033101,4.58693301373774,2,0.176959174772093,0.296324635154272
source/12kHz_DE_data/OR/Centered/0014/OR014@6_0.mat,source,train,OR,1,6,6.05,7.05,29.9333333333333,1796,0.100769086081603,0.0802338566206437,0.893295449101796,4.73017332852811,3.11819533989265,-0.0150916600760313,0.894958952394887,6.41593484270079,4.75692309109918,2,0.189515923640595,0.241396198581268
source/12kHz_DE_data/OR/Centered/0014/OR014@6_1.mat,source,train,OR,1,0,0.05,1.05,29.5333333333333,1772,0.0938464055991438,0.0747513788950948,0.735163113772455,4.18554776494473,3.01248109198747,0.028935239190293,0.870139183359555,6.28528128151076,4.65795632851979,2,0.198781343125339,0.216303690968892
source/12kHz_DE_data/OR/Centered/0014/OR014@6_1.mat,source,train,OR,1,1,1.05,2.05,29.5333333333333,1772,0.0946868254246347,0.0759039246770858,0.732686586826347,4.26676475981007,2.9251326044112,-0.00269850199606014,0.881031997066109,6.14940983896123,4.82902375719019,2.4,0.153427422479278,0.27615199216005
source/12kHz_DE_data/OR/Centered/0014/OR014@6_1.mat,source,train,OR,1,2,2.05,3.05,29.5333333333333,1772,0.0943698829074535,0.075974077208523,0.693995928143712,3.76946911094089,2.83619335172769,0.0114386546696373,0.849242807966279,5.83224018589598,4.50704861602464,2,0.212531883276769,0.302645719690664
source/12kHz_DE_data/OR/Centered/0014/OR014@6_1.mat,source,train,OR,1,3,3.05,4.05,29.5333333333333,1772,0.0914578896141093,0.0729677430579741,0.777304670658683,4.39159494509701,3.07677706911989,-0.0401710353928213,0.86766892869546,5.88025071029426,4.89083904963817,2.4,0.162628401861244,0.245224446485254
source/12kHz_DE_data/OR/Centered/0014/OR014@6_1.mat,source,train,OR,1,4,4.05,5.05,29.5333333333333,1772,0.0964436317021113,0.0772194893480239,0.757127065868264,4.14714957254423,2.92791673424199,-0.011824515057739,0.875174503469755,6.32306777452587,4.56786733571146,2,0.171540257636517,0.220388846108991
source/12kHz_DE_data/OR/Centered/0014/OR014@6_1.mat,source,train,OR,1,5,5.05,6.05,29.5333333333333,1772,0.0931044511045381,0.0743431833851297,0.717583832335329,4.05877580555883,2.94089700819332,0.00275200235857736,0.872374092574718,6.33900026958002,4.53015784121383,2,0.174403578506912,0.224436944780882
source/12kHz_DE_data/OR/Centered/0014/OR014@6_1.mat,source,train,OR,1,6,6.05,7.05,29.5333333333333,1772,0.0925475022315455,0.0739991487389222,0.647388502994012,3.5488200590613,2.91539657983039,-0.0334791477542575,0.87303359736893,6.1223520331299,4.46418472778502,2,0.159146396962872,0.254121344565208
source/12kHz_DE_data/OR/Centered/0014/OR014@6_2.mat,source,validation,OR,1,0,0.05,1.05,29.15,1749,0.0977210144904287,0.0777942298025449,0.733051976047904,3.76056732636162,3.04722083298609,0.0129655059907442,0.868353789487301,6.33489913179626,5.04783566586114,2,0.178181679794314,0.30610171236921
source/12kHz_DE_data/OR/Centered/0014/OR014@6_2.mat,source,validation,OR,1,1,1.05,2.05,29.15,1749,0.0972147945555005,0.0776074175405589,0.707637125748503,3.74591273859545,2.98781573822241,-0.00219839282026725,0.846942649844091,6.03055737456286,4.57537676891351,3.6,0.160874063577934,0.232776131118186
source/12kHz_DE_data/OR/Centered/0014/OR014@6_2.mat,source,validation,OR,1,2,2.05,3.05,29.15,1749,0.0975301222252811,0.0779111914697704,0.708976886227545,3.73019872685228,2.95287779902876,-0.0361247971246397,0.855588464397814,6.54978972771926,4.82469613768302,2,0.216947988063382,0.272717011164972
source/12kHz_DE_data/OR/Centered/0014/OR014@6_2.mat,source,validation,OR,1,3,3.05,4.05,29.15,1749,0.100284223493054,0.0794939495994012,0.869626347305389,4.72781525420762,3.11824829112844,0.0199337870671686,0.845716820963,6.53341811164837,4.50821389003184,5.6,0.0955811736821502,0.181803872331374
source/12kHz_DE_data/OR/Centered/0014/OR014@6_2.mat,source,validation,OR,1,4,4.05,5.05,29.15,1749,0.0983548399001712,0.0785144313430339,0.773610179640719,4.06882829259432,2.98864810278834,0.0069458114724611,0.853777720155819,6.50894197254043,4.59916357053937,3.6,0.170489141284881,0.178286804224967
source/12kHz_DE_data/OR/Centered/0014/OR014@6_2.mat,source,validation,OR,1,5,5.05,6.05,29.15,1749,0.0951642258732285,0.0759748551684132,0.749210299401198,4.08953657494956,2.9765091692984,0.032514466832511,0.867401437435866,7.01312049215278,4.96881018565019,2,0.196160970529212,0.231254099318744
source/12kHz_DE_data/OR/Centered/0014/OR014@6_2.mat,source,validation,OR,1,6,6.05,7.05,29.15,1749,0.0923413457045987,0.0733056268040519,0.783638083832335,4.47318844497012,3.09939164681426,-0.0139519199671621,0.861262078460949,6.55232304619042,4.65000472726996,3.6,0.10459257479106,0.202840453100527
source/12kHz_DE_data/OR/Centered/0014/OR014@6_3.mat,source,train,OR,1,0,0.05,1.05,28.7166666666667,1723,0.0980241923522133,0.0771929226589521,1.19198083832335,6.4561996914517,3.9315911470565,-0.0313170444237464,0.874296025386875,6.64911576103122,5.06594860998936,2,0.180921363372862,0.266240944985913
source/12kHz_DE_data/OR/Centered/0014/OR014@6_3.mat,source,train,OR,1,1,1.05,2.05,28.7166666666667,1723,0.0943133874719307,0.0747420344937325,0.702643473053892,3.79785113026699,3.08547607764931,-0.0191010459677074,0.889597267267739,6.56269221840419,5.19364878937989,2,0.144064601262304,0.272625845041398
source/12kHz_DE_data/OR/Centered/0014/OR014@6_3.mat,source,train,OR,1,2,2.05,3.05,28.7166666666667,1723,0.103018734020115,0.079922459989985,1.11285377245509,5.98256271442427,3.91281584160049,0.0285181004081276,0.858977679890236,5.13152802560541,4.50843446423575,2,0.147853271485631,0.324416789705034
source/12kHz_DE_data/OR/Centered/0014/OR014@6_3.mat,source,train,OR,1,3,3.05,4.05,28.7166666666667,1723,0.0884436268353,0.0704803088314122,0.685957365269461,4.02646482609843,2.99513176849184,-0.00525271505824941,0.867496770898031,6.28567611625116,4.95491232048156,2,0.132655908046269,0.271021050409788
source/12kHz_DE_data/OR/Centered/0014/OR014@6_3.mat,source,train,OR,1,4,4.05,5.05,28.7166666666667,1723,0.0932154283593164,0.0726290184170958,1.33030095808383,7.16573801033178,5.46417738213523,0.034560212907913,0.873339947476738,6.35935805627591,4.96554240699017,2,0.125880162780879,0.258270043589451
source/12kHz_DE_data/OR/Centered/0014/OR014@6_3.mat,source,train,OR,1,5,5.05,6.05,28.7166666666667,1723,0.0971996853054995,0.0756151445746507,1.27025532934132,6.59983059328106,4.57756443352967,0.0344979560478758,0.857458073959852,5.23070732523619,4.53778752850213,2,0.129870255805431,0.313504072237073
source/12kHz_DE_data/OR/Centered/0014/OR014@6_3.mat,source,train,OR,1,6,6.05,7.05,28.7166666666667,1723,0.0909162573956102,0.0723069226272854,0.784490658682635,4.38388954370822,3.09560328301551,-0.00999571102012869,0.889069182019637,6.66861930095602,4.9876627973832,2,0.141884441805931,0.248120237552832
source/12kHz_DE_data/OR/Centered/0021/OR021@6_0.mat,source,train,OR,1,0,0.05,1.05,29.9333333333333,1796,0.584619256483562,0.296668685382169,11.068329740519,9.63920252303144,20.1538922620465,0.0730527872998782,0.472662457428461,2.87892301144688,2.22312217111788,1,0.353885926415657,0.489987053840486
source/12kHz_DE_data/OR/Centered/0021/OR021@6_0.mat,source,train,OR,1,1,1.05,2.05,29.9333333333333,1796,0.57496839816188,0.295469913430951,10.0937189620758,9.12741818658921,19.1088938421371,0.102096895304481,0.505386459087137,2.72195710247142,2.15934131282998,1,0.335598873003224,0.515054805983439
source/12kHz_DE_data/OR/Centered/0021/OR021@6_0.mat,source,train,OR,1,2,2.05,3.05,29.9333333333333,1796,0.575017109364204,0.289111221406764,12.6325800399202,11.5606331941932,21.0327668200723,0.0820490156248048,0.504972324303445,2.78609447166674,2.17471626060667,1,0.335427666431621,0.506839449464782
source/12kHz_DE_data/OR/Centered/0021/OR021@6_0.mat,source,train,OR,1,3,3.05,4.05,29.9333333333333,1796,0.588819011463734,0.300173409565269,10.4502640718563,9.11288943715979,19.6118043791341,0.0976744102059819,0.48486243708298,2.79104124886666,2.19848279086599,1,0.343688604403869,0.501289002705553
source/12kHz_DE_data/OR/Centered/0021/OR021@6_0.mat,source,train,OR,1,4,4.05,5.05,29.9333333333333,1796,0.620153234510838,0.304307515088099,12.5359311377245,10.172209626513,23.9830092535041,0.30747042010802,0.499736279921307,2.82924863882532,2.22556239376053,1,0.329059810854173,0.49588242118408
source/12kHz_DE_data/OR/Centered/0021/OR021@6_0.mat,source,train,OR,1,5,5.05,6.05,29.9333333333333,1796,0.579753722621539,0.292736375626747,10.6853889221557,9.90361817605464,20.8442540558321,0.118232298049938,0.47830550684164,2.80027978740809,2.16429372816728,1,0.365911539812209,0.504420336672703
source/12kHz_DE_data/OR/Centered/0021/OR021@6_0.mat,source,train,OR,1,6,6.05,7.05,29.9333333333333,1796,0.541574419734396,0.2854982554165,9.16377784431138,9.46729207549487,16.2534669963403,0.00618211320127402,0.51386436295966,2.73947005038861,2.23006275782396,1,0.322953360786079,0.518652233633619
source/12kHz_DE_data/OR/Centered/0021/OR021@6_1.mat,source,train,OR,1,0,0.05,1.05,29.5166666666667,1771,0.521124867146298,0.264848607947145,11.2543179640719,11.1127091055129,22.489008003369,0.231559679688924,0.544704313892052,2.92210374221012,2.20211564195139,3.6,0.217059187619561,0.476584976861914
source/12kHz_DE_data/OR/Centered/0021/OR021@6_1.mat,source,train,OR,1,1,1.05,2.05,29.5166666666667,1771,0.55832773860173,0.286462391091833,10.2143270459082,9.87892542848841,17.3327278860685,0.118822104652567,0.533132846164937,2.92843061106249,2.24249625857901,3.6,0.214158938156443,0.474194625007571
source/12kHz_DE_data/OR/Centered/0021/OR021@6_1.mat,source,train,OR,1,2,2.05,3.05,29.5166666666667,1771,0.582103532787765,0.288162883687101,11.9710629740519,10.5077209905198,21.576530409811,0.142759667478162,0.525675035660984,3.03351683921697,2.2833478115106,3.6,0.236339345020807,0.453888116429934
source/12kHz_DE_data/OR/Centered/0021/OR021@6_1.mat,source,train,OR,1,3,3.05,4.05,29.5166666666667,1771,0.585355602108747,0.281203121632637,11.3176676646707,9.90024078657134,25.1270087495285,0.168126429186866,0.493838705970057,3.13047962426555,2.26961824426335,3.6,0.244927793521406,0.45205971158427
source/12kHz_DE_data/OR/Centered/0021/OR021@6_1.mat,source,train,OR,1,4,4.05,5.05,29.5166666666667,1771,0.52245086087773,0.265503449312708,10.8250831337325,10.5219258534493,22.1941902982211,0.0748224228563254,0.531192806290126,2.98638386087457,2.1857307561756,3.6,0.214592788245046,0.48175810256948
source/12kHz_DE_data/OR/Centered/0021/OR021@6_1.mat,source,train,OR,1,5,5.05,6.05,29.5166666666667,1771,0.544992759597349,0.276776480480539,11.6973597804391,11.3825209679047,18.9399527411759,0.046544852575862,0.535832088954147,2.95576613991724,2.25250799532068,3.6,0.214522583552406,0.475911547583038
source/12kHz_DE_data/OR/Centered/0021/OR021@6_1.mat,source,train,OR,1,6,6.05,7.05,29.5166666666667,1771,0.628785076696064,0.304672174300739,11.1097506986028,8.84650378853394,21.1666976655683,0.110323885228075,0.524790737667648,3.13973301992184,2.35074715072156,3.6,0.2540482668743,0.440711339928211
source/12kHz_DE_data/OR/Centered/0021/OR021@6_2.mat,source,validation,OR,1,0,0.05,1.05,29.1333333333333,1748,0.627102724061023,0.295793799598631,12.899379740519,10.6036647911586,23.8769842038819,0.13922588944105,0.496736478677598,3.02635748074648,2.22309153798309,1,0.307379736545215,0.455947162273586
source/12kHz_DE_data/OR/Centered/0021/OR021@6_2.mat,source,validation,OR,1,1,1.05,2.05,29.1333333333333,1748,0.513072761056771,0.265291354515103,10.5842730538922,10.4445684229462,21.3541465478926,0.0502662583368886,0.535045547586162,2.90090681020623,2.18866789173148,1,0.307698811909865,0.481080068889051
source/12kHz_DE_data/OR/Centered/0021/OR021@6_2.mat,source,validation,OR,1,2,2.05,3.05,29.1333333333333,1748,0.514528750358456,0.260666375140136,11.1442681636727,10.9333264062693,22.7094866975347,0.169096448269558,0.53411898879355,2.91654317531318,2.21237930147006,3.6,0.207089086222262,0.472178689439665
source/12kHz_DE_data/OR/Centered/0021/OR021@6_2.mat,source,validation,OR,1,3,3.05,4.05,29.1333333333333,1748,0.575274482013952,0.287127505655897,10.4064065868263,9.38190199018541,20.2165734220143,0.207584659580262,0.549193652508207,2.8440113778446,2.19236486339263,1,0.294134102714758,0.488513964980188
source/12kHz_DE_data/OR/Centered/0021/OR021@6_2.mat,source,validation,OR,1,4,4.05,5.05,29.1333333333333,1748,0.600313900593588,0.288377606515901,11.8577644710579,9.9377962716086,24.4751687613132,0.253643743879908,0.520426617014625,2.94034680754478,2.20422108219824,3.6,0.228589085520083,0.463467664541701
source/12kHz_DE_data/OR/Centered/0021/OR021@6_2.mat,source,validation,OR,1,5,5.05,6.05,29.1333333333333,1748,0.592532526587981,0.284733634208699,13.2997823353293,11.234194972416,27.0337564106878,0.220892309389608,0.504225892738027,3.04791822328623,2.27052510657687,3.6,0.24026271442532,0.454795922405189
source/12kHz_DE_data/OR/Centered/0021/OR021@6_2.mat,source,validation,OR,1,6,6.05,7.05,29.1333333333333,1748,0.540160643320171,0.267601077018629,13.306279740519,12.3232351801851,25.5219055777523,0.0925083336602951,0.51670261448994,3.0834366849009,2.2951623564712,1,0.318812560075483,0.456449083981325
source/12kHz_DE_data/OR/Centered/0021/OR021@6_3.mat,source,test,OR,1,0,0.05,1.05,28.6833333333333,1721,0.538692890221801,0.26442845181925,11.6782736526946,10.9378068159724,23.1515382677789,0.105244773411886,0.5212096533132,3.3265520068922,2.47278333865173,3.6,0.264008189750667,0.424251525386144
source/12kHz_DE_data/OR/Centered/0021/OR021@6_3.mat,source,test,OR,1,1,1.05,2.05,28.6833333333333,1721,0.487085875493067,0.251134790017049,8.8900746506986,9.2282224023099,19.7544199587633,0.0746359687143951,0.566440492347208,3.06800131761209,2.38214293216425,3.6,0.221469491986581,0.454443559110733
source/12kHz_DE_data/OR/Centered/0021/OR021@6_3.mat,source,test,OR,1,2,2.05,3.05,28.6833333333333,1721,0.513979769221201,0.259877647103934,11.4135043912176,11.4961673399239,22.1766469381522,0.161312780792704,0.556070560655216,3.04981747227029,2.42440166751318,3.6,0.204416947573639,0.468529628961924
source/12kHz_DE_data/OR/Centered/0021/OR021@6_3.mat,source,test,OR,1,3,3.05,4.05,28.6833333333333,1721,0.574155308236436,0.279529254636782,10.5485373253493,9.5359724057915,20.5489187239931,0.126515585549416,0.555647103256994,3.11788142140742,2.44034157404222,3.6,0.230045162474331,0.442614522531654
source/12kHz_DE_data/OR/Centered/0021/OR021@6_3.mat,source,test,OR,1,4,4.05,5.05,28.6833333333333,1721,0.58024231874363,0.280401729837874,13.306279740519,11.4723055943931,27.1891334760366,0.209884187499985,0.520639174940772,3.18032601841948,2.36567916340867,3.6,0.245602495526578,0.440210013581284
source/12kHz_DE_data/OR/Centered/0021/OR021@6_3.mat,source,test,OR,1,5,5.05,6.05,28.6833333333333,1721,0.573687424211685,0.270157553368478,13.2701379241517,11.6029448249547,27.1843260815094,0.221366480460958,0.525245706759362,3.16487087093136,2.37825922150131,3.6,0.230798412060999,0.449272537208798
source/12kHz_DE_data/OR/Centered/0021/OR021@6_3.mat,source,test,OR,1,6,6.05,7.05,28.6833333333333,1721,0.492871980506327,0.25304702644852,9.01880449101796,9.75996961933469,18.3609949942378,-0.101252490887485,0.546638903506146,3.05213716706088,2.36017627264987,3.6,0.211898669780149,0.47064775026648
source/12kHz_DE_data/OR/Opposite/0007/OR007@12_0.mat,source,test,OR,1,0,0.05,1.05,29.95,1797,0.250430766725466,0.172034491124534,3.2628344510978,6.98192443916342,7.28173374789234,-0.0421822753417019,0.645442395650681,3.7080848339732,3.16090934476973,3.6,0.265305271312133,0.364804601044799
source/12kHz_DE_data/OR/Opposite/0007/OR007@12_0.mat,source,test,OR,1,1,1.05,2.05,29.95,1797,0.244030465110846,0.16633135848897,2.72452443113772,5.64800201872931,7.43348449112636,-0.0256512779575368,0.675107436003851,4.4731576863275,3.55945211734615,3.6,0.309303198663645,0.305396487774516
source/12kHz_DE_data/OR/Opposite/0007/OR007@12_0.mat,source,test,OR,1,2,2.05,3.05,29.95,1797,0.228425742088295,0.158114311495105,2.86096994011976,6.35799977373942,7.86064540119158,-0.0238767715971846,0.713245752917317,4.53866557896915,3.47093309742266,3.6,0.289299145465643,0.272361948042155
source/12kHz_DE_data/OR/Opposite/0007/OR007@12_0.mat,source,test,OR,1,3,3.05,4.05,29.95,1797,0.226218379903065,0.157418887760864,3.35655952095808,7.65277297477,8.17764714920074,-0.0466511340282287,0.649917165349221,3.81075727717688,3.22015501423148,3.6,0.24746740554077,0.344512664497207
source/12kHz_DE_data/OR/Opposite/0007/OR007@12_0.mat,source,test,OR,1,4,4.05,5.05,29.95,1797,0.247818897661795,0.168390621237193,3.45369572854291,7.14961356827182,8.20776114559375,-0.0454685338869026,0.655712711940853,3.84958802472823,3.20640249412209,3.6,0.245445619491741,0.351243673447339
source/12kHz_DE_data/OR/Opposite/0007/OR007@12_0.mat,source,test,OR,1,5,5.05,6.05,29.95,1797,0.249606925456996,0.167964962104901,3.04988199600798,6.46515441268708,8.14788534824457,-0.0191471024911265,0.685452383707361,4.63828957311956,3.59637348214843,3.6,0.281264339929041,0.271049512504474
source/12kHz_DE_data/OR/Opposite/0007/OR007@12_0.mat,source,test,OR,1,6,6.05,7.05,29.95,1797,0.229041085172291,0.156212191676926,3.13369852295409,7.44031896271479,8.92256009657033,-0.0707495024195832,0.664189214325135,4.44344696974806,3.4302199126612,3.6,0.297377600659233,0.253410155166008
source/12kHz_DE_data/OR/Opposite/0007/OR007@12_1.mat,source,test,OR,1,0,0.05,1.05,29.55,1773,0.247670767056031,0.170849853850786,2.92838051896208,5.95704049096486,6.93182826708682,-0.0212641004400774,0.713014624110717,4.55382034720084,3.83151296625374,7.3,0.106591512463186,0.357490431216137
source/12kHz_DE_data/OR/Opposite/0007/OR007@12_1.mat,source,test,OR,1,1,1.05,2.05,29.55,1773,0.23403333422774,0.162811461610391,2.62397708582834,5.67360537817118,7.1136022789612,-0.0615092235227217,0.755417368700438,5.02155782493893,3.89611086723921,7.3,0.137950133491332,0.286321674124087
source/12kHz_DE_data/OR/Opposite/0007/OR007@12_1.mat,source,test,OR,1,2,2.05,3.05,29.55,1773,0.227020824923188,0.157530543264105,3.29044842315369,7.26156148482888,8.10659123141673,-0.0318026275837012,0.72204254987118,4.17990250284104,3.61400981432078,1,0.291431049976026,0.38802105149405
source/12kHz_DE_data/OR/Opposite/0007/OR007@12_1.mat,source,test,OR,1,3,3.05,4.05,29.55,1773,0.236020996133163,0.161552291818866,3.83216958083832,8.65943204236673,8.89086135793852,-0.065902645039772,0.661551635444061,3.85139003819043,3.48369503154615,1,0.265576775543074,0.437506448695931
source/12kHz_DE_data/OR/Opposite/0007/OR007@12_1.mat,source,test,OR,1,4,4.05,5.05,29.55,1773,0.242277818003963,0.163863478079491,3.15806379241517,6.61683210839029,8.04960467860666,-0.0317424556953899,0.705000320599269,4.3918243185408,3.60385809162843,7.3,0.107741652190601,0.368925298544234
source/12kHz_DE_data/OR/Opposite/0007/OR007@12_1.mat,source,test,OR,1,5,5.05,6.05,29.55,1773,0.227951478652382,0.155635290282746,2.84212746506986,6.24995541069146,8.13998920461292,-0.0478895194824989,0.751122683354729,4.95716747002016,3.75040615591773,7.3,0.129412360714912,0.277833937890867
source/12kHz_DE_data/OR/Opposite/0007/OR007@12_1.mat,source,test,OR,1,6,6.05,7.05,29.55,1773,0.221264842318707,0.154325833210111,3.2191394011976,7.92984277918738,8.5418652583265,-0.0854169846841134,0.736510466016658,4.17948233568402,3.69936041014644,7.3,0.089343688032886,0.385317674745194
source/12kHz_DE_data/OR/Opposite/0007/OR007@12_2.mat,source,test,OR,1,0,0.05,1.05,29.1666666666667,1750,0.277285516905096,0.182536264560454,3.692150499002,6.88431862291445,8.59557411634622,-0.0213040921149928,0.605517624299528,4.14680574161591,3.27045103220289,3.6,0.300200006509316,0.315890781294962
source/12kHz_DE_data/OR/Opposite/0007/OR007@12_2.mat,source,test,OR,1,1,1.05,2.05,29.1666666666667,1750,0.26411057381831,0.177471456586407,3.56756275449102,7.11574197072018,8.14412478268904,-0.00375875002263033,0.603408210477961,4.1943067870901,3.31642133796017,3.6,0.298770243857637,0.314512106171074
source/12kHz_DE_data/OR/Opposite/0007/OR007@12_2.mat,source,test,OR,1,2,2.05,3.05,29.1666666666667,1750,0.263459751034628,0.174931460777355,3.73698259481038,7.11773118225982,8.82431094214398,-0.00257114998117128,0.634288814977936,4.21488297676072,3.35337217559309,3.6,0.312820673402304,0.305976530174249
source/12kHz_DE_data/OR/Opposite/0007/OR007@12_2.mat,source,test,OR,1,3,3.05,4.05,29.1666666666667,1750,0.271041603264254,0.178599652415079,4.56637636726547,8.51885251694686,8.7825040098121,-0.0154364263496862,0.632078794183768,4.00338610858868,3.28396499787043,3.6,0.287136067177558,0.341780018777429
source/12kHz_DE_data/OR/Opposite/0007/OR007@12_2.mat,source,test,OR,1,4,4.05,5.05,29.1666666666667,1750,0.274201248101731,0.179282731192262,3.3434022754491,6.36406745236875,8.55560573481392,-0.00578043069227349,0.622473393980745,3.97129754367231,3.22211708195093,3.6,0.284398833298819,0.343641735880923
source/12kHz_DE_data/OR/Opposite/0007/OR007@12_2.mat,source,test,OR,1,5,5.05,6.05,29.1666666666667,1750,0.27387363919129,0.179500110374629,3.5045379241517,6.7257483123944,8.49945744274105,-0.037733019261945,0.621017936711678,4.17457462499808,3.31819418835073,3.6,0.324009315913939,0.301887023278286
source/12kHz_DE_data/OR/Opposite/0007/OR007@12_2.mat,source,test,OR,1,6,6.05,7.05,29.1666666666667,1750,0.269225527377337,0.177815178410537,3.47075141716567,6.8352651660428,8.46772764493446,-0.0370176406672658,0.627414806750987,4.08257173754799,3.30976933437885,3.6,0.30571176559927,0.326512466823716
source/12kHz_DE_data/OR/Opposite/0007/OR007@12_3.mat,source,train,OR,1,0,0.05,1.05,28.7333333333333,1724,0.262295444083593,0.176827526647273,3.52143117764471,7.28549811646744,8.01582632196488,-0.0255482962516313,0.637638754361151,4.34171135507615,3.27142812608041,3.6,0.278069307734253,0.298677714687764
source/12kHz_DE_data/OR/Opposite/0007/OR007@12_3.mat,source,train,OR,1,1,1.05,2.05,28.7333333333333,1724,0.257251419501548,0.171732119145742,3.10153636726547,6.09242510803484,8.26083122312418,-0.0377781304803333,0.628628701325647,4.31580294020215,3.24092544659572,3.6,0.282078137619147,0.307265297335084
source/12kHz_DE_data/OR/Opposite/0007/OR007@12_3.mat,source,train,OR,1,2,2.05,3.05,28.7333333333333,1724,0.258474803314611,0.173292135438124,3.10413532934132,6.02994858125174,7.95579613898848,-0.0316484233607865,0.640348639096488,4.26663937794374,3.31893009303138,3.6,0.245972691245693,0.34327638451484
source/12kHz_DE_data/OR/Opposite/0007/OR007@12_3.mat,source,train,OR,1,3,3.05,4.05,28.7333333333333,1724,0.254754902322852,0.171684436733031,3.34518906187625,6.84963789482996,8.49149185225195,-0.0324015498857246,0.636812646728962,4.2563747913814,3.31085006200114,3.6,0.258584717928944,0.332956578779789
source/12kHz_DE_data/OR/Opposite/0007/OR007@12_3.mat,source,train,OR,1,4,4.05,5.05,28.7333333333333,1724,0.253430353716543,0.170519952783573,3.2363575249501,6.70260839011273,8.10034929685606,-0.0274244710506457,0.655432573083053,4.14928952450871,3.29790831478183,3.6,0.240847550309519,0.351772619472743
source/12kHz_DE_data/OR/Opposite/0007/OR007@12_3.mat,source,train,OR,1,5,5.05,6.05,28.7333333333333,1724,0.25566497129235,0.172077157215569,3.20484510978044,6.45287600263744,7.89139666358674,-0.0526816208255581,0.638187447260852,4.08654206393452,3.27952517751197,3.6,0.250886534917321,0.350649908659665
source/12kHz_DE_data/OR/Opposite/0007/OR007@12_3.mat,source,train,OR,1,6,6.05,7.05,28.7333333333333,1724,0.250288491601436,0.167756246210672,3.12232806387226,6.37277484465242,8.38689174696269,-0.0428213005585754,0.658031630567518,4.2403894257878,3.32037616043654,3.6,0.253272837089307,0.313177253156737
source/12kHz_DE_data/OR/Opposite/0021/OR021@12_0.mat,source,validation,OR,1,0,0.05,1.05,29.9333333333333,1796,0.381247319574894,0.167475234458209,8.52500169660679,11.7469571232943,33.3308366604751,-0.321846186829061,0.547606730095935,2.54049580821063,2.31266353755765,1,0.352419562273224,0.605841746669198
source/12kHz_DE_data/OR/Opposite/0021/OR021@12_0.mat,source,validation,OR,1,1,1.05,2.05,29.9333333333333,1796,0.391203312640065,0.168732006732036,8.65210718562874,11.101542098028,35.9109643970046,-0.363046214199081,0.543863376631996,2.52931769285299,2.32724046389958,1,0.358917562194726,0.605014572815654
source/12kHz_DE_data/OR/Opposite/0021/OR021@12_0.mat,source,validation,OR,1,2,2.05,3.05,29.9333333333333,1796,0.386290774683517,0.168685346169397,7.964600499002,10.5241864579677,31.8412599376002,-0.292364885929604,0.55676335731412,2.55886928669825,2.38385494329114,1,0.357864716442898,0.607479226526151
source/12kHz_DE_data/OR/Opposite/0021/OR021@12_0.mat,source,validation,OR,1,3,3.05,4.05,29.9333333333333,1796,0.366366045462574,0.162100682982601,7.58693882235529,10.4346447786116,30.6792941011905,-0.275512761562616,0.54493876735558,2.60355813207187,2.42885372887961,1,0.353697851537387,0.608120079695933
source/12kHz_DE_data/OR/Opposite/0021/OR021@12_0.mat,source,validation,OR,1,4,4.05,5.05,29.9333333333333,1796,0.366055820374169,0.158458183962026,7.68074510978044,10.6640159279175,32.803432665958,-0.394442868428445,0.537102503645032,2.58065696986928,2.38157041365587,1,0.35585802539407,0.604086260260772
source/12kHz_DE_data/OR/Opposite/0021/OR021@12_0.mat,source,validation,OR,1,5,5.05,6.05,29.9333333333333,1796,0.381150111479619,0.162092218420309,8.43931716566866,11.1675765119451,36.9316718085914,-0.368579882078064,0.537063116401207,2.5377351928913,2.30251578037755,1,0.352420078542201,0.600738588040847
source/12kHz_DE_data/OR/Opposite/0021/OR021@12_0.mat,source,validation,OR,1,6,6.05,7.05,29.9333333333333,1796,0.398552966822813,0.172253965778731,8.54449391217565,11.3842941333686,34.4489024563622,-0.313383463725385,0.54858215450276,2.47716190957571,2.25105955533767,1,0.364467406274934,0.612413773858495
source/12kHz_DE_data/OR/Opposite/0021/OR021@12_1.mat,source,train,OR,1,0,0.05,1.05,29.5166666666667,1771,0.358298769648177,0.158889676392504,7.66896856287425,10.8206391948252,33.9611604897156,-0.421158993090456,0.563321622241292,2.68917757129117,2.3443431232657,2,0.192020233853567,0.57221057418059
source/12kHz_DE_data/OR/Opposite/0021/OR021@12_1.mat,source,train,OR,1,1,1.05,2.05,29.5166666666667,1771,0.355325378254164,0.159050241081725,7.98368662674651,11.2423083530029,35.8874120104115,-0.397562920849719,0.568828734423053,2.65790721318939,2.35703854018353,2,0.188935984720185,0.581049620997255
source/12kHz_DE_data/OR/Opposite/0021/OR021@12_1.mat,source,train,OR,1,2,2.05,3.05,29.5166666666667,1771,0.333751542307455,0.154762401565806,7.02004021956088,10.8020773397435,31.3905288348407,-0.341227548955496,0.551142058141354,2.79495886648226,2.48669819066635,2,0.190586387238504,0.5683076450181
source/12kHz_DE_data/OR/Opposite/0021/OR021@12_1.mat,source,train,OR,1,3,3.05,4.05,29.5166666666667,1771,0.359999935355664,0.162725316749576,8.15546177644711,11.8825140855978,32.5923828150266,-0.43870338989226,0.554605745834019,2.71991280832596,2.41352681092838,2,0.188891894951048,0.57251580058997
source/12kHz_DE_data/OR/Opposite/0021/OR021@12_1.mat,source,train,OR,1,4,4.05,5.05,29.5166666666667,1771,0.350665693966545,0.15802387657023,7.62551716566866,11.203906043982,33.8486044369876,-0.393655577127374,0.565597050424975,2.642755900658,2.30861296385627,2,0.189735259704507,0.582400625710286
source/12kHz_DE_data/OR/Opposite/0021/OR021@12_1.mat,source,train,OR,1,5,5.05,6.05,29.5166666666667,1771,0.360853850542689,0.164063105710163,8.14246696606786,11.5315216316573,32.1841936134225,-0.435301335412442,0.547872240090036,2.7353679490735,2.41804791379767,2,0.187079730294367,0.571669161783754
source/12kHz_DE_data/OR/Opposite/0021/OR021@12_1.mat,source,train,OR,1,6,6.05,7.05,29.5166666666667,1771,0.340383669302928,0.15479065485546,7.93779870259481,12.1665833164432,34.8102932564129,-0.371568727887377,0.545646373756825,2.77856393866144,2.47832435898291,2,0.189211171025094,0.56651554049916
source/12kHz_DE_data/OR/Opposite/0021/OR021@12_2.mat,source,train,OR,1,0,0.05,1.05,29.1,1746,0.345520015013564,0.159251948118943,7.26612944111776,10.5970358668348,31.3772014987834,-0.41736801976513,0.576498864642717,2.72992694087151,2.48737679788575,1,0.343251150508399,0.554410271384802
source/12kHz_DE_data/OR/Opposite/0021/OR021@12_2.mat,source,train,OR,1,1,1.05,2.05,29.1,1746,0.346575245208389,0.160148573092224,7.25516506986028,10.843176117129,30.2579181991447,-0.398084514010514,0.560344278311921,2.80057634545776,2.50419729921351,1,0.371905354464928,0.554287514524609
source/12kHz_DE_data/OR/Opposite/0021/OR021@12_2.mat,source,train,OR,1,2,2.05,3.05,29.1,1746,0.349001572484361,0.157214714048064,7.23039371257485,10.4310435799846,33.4444561698249,-0.438661961814661,0.560806180151226,2.84524550277539,2.63012927520901,2,0.168944958378043,0.553069114990191
source/12kHz_DE_data/OR/Opposite/0021/OR021@12_2.mat,source,train,OR,1,3,3.05,4.05,29.1,1746,0.354139479545129,0.156598015812468,8.06368592814371,11.5899636177621,36.0954875361571,-0.569284289457938,0.571740317767293,2.6293344698772,2.41295667329182,1,0.332377400770893,0.571539421086617
source/12kHz_DE_data/OR/Opposite/0021/OR021@12_2.mat,source,train,OR,1,4,4.05,5.05,29.1,1746,0.35290536415829,0.160128433087614,7.75708962075848,11.5415489917009,34.3979583012486,-0.356356563015432,0.58274437977533,2.66467550737048,2.40378367081596,1,0.323689772394803,0.563810510035656
source/12kHz_DE_data/OR/Opposite/0021/OR021@12_2.mat,source,train,OR,1,5,5.05,6.05,29.1,1746,0.326869698481481,0.153465420026641,6.75121007984032,10.3327737533225,31.0995198664153,-0.391055865735878,0.542270182722852,2.88438823924611,2.67508052391177,1,0.367367242299384,0.55183645004466
source/12kHz_DE_data/OR/Opposite/0021/OR021@12_2.mat,source,train,OR,1,6,6.05,7.05,29.1,1746,0.338143652172192,0.154492197907341,7.26206856287425,11.0898335839929,34.426812473187,-0.393839741497708,0.546007961365771,2.71250885713965,2.46393870986549,1,0.370514203590737,0.574627459676619
source/12kHz_DE_data/OR/Opposite/0021/OR021@12_3.mat,source,test,OR,1,0,0.05,1.05,28.6333333333333,1718,0.300094773254864,0.140846461695179,7.18206926147705,12.259693935584,36.0287439158749,-0.427509011598824,0.575996863578429,2.9408262538042,2.84657384760523,3.6,0.143590070843296,0.535203461291931
source/12kHz_DE_data/OR/Opposite/0021/OR021@12_3.mat,source,test,OR,1,1,1.05,2.05,28.6333333333333,1718,0.312929837701004,0.149142258563111,6.84014331337325,11.0810905401516,31.4958609575868,-0.464379376328263,0.567494393841129,2.82912990474413,2.864318137583,1.6,0.165191017608528,0.567385698586398
source/12kHz_DE_data/OR/Opposite/0021/OR021@12_3.mat,source,test,OR,1,2,2.05,3.05,28.6333333333333,1718,0.316295847318248,0.149693776375234,6.88521906187625,11.1719127706546,32.9674922473973,-0.456029038119829,0.565868011731617,2.81535270396756,2.7974267718192,2,0.153666190527582,0.56785168290445
source/12kHz_DE_data/OR/Opposite/0021/OR021@12_3.mat,source,test,OR,1,3,3.05,4.05,28.6333333333333,1718,0.307876678511094,0.145477127687153,6.93273133732535,11.8618102521157,32.5395866586775,-0.502827316022103,0.58282493205889,2.74600045792832,2.667899399677,1.6,0.16093380781601,0.565423794035144
source/12kHz_DE_data/OR/Opposite/0021/OR021@12_3.mat,source,test,OR,1,4,4.05,5.05,28.6333333333333,1718,0.314578508784074,0.149047368929253,6.31019870259481,10.1534476010249,30.0939260243844,-0.47737694815339,0.563625824831949,2.93216835122084,2.84981306323947,2,0.154644310237665,0.54632745508979
source/12kHz_DE_data/OR/Opposite/0021/OR021@12_3.mat,source,test,OR,1,5,5.05,6.05,28.6333333333333,1718,0.310322484304827,0.144701079574063,7.1524248502994,11.6344089590267,36.7372029793613,-0.400466493046326,0.567526634273189,2.84520719997274,2.83026555943368,1.6,0.161141910964245,0.558205798645283
source/12kHz_DE_data/OR/Opposite/0021/OR021@12_3.mat,source,test,OR,1,6,6.05,7.05,28.6333333333333,1718,0.324013395771465,0.154177468529411,6.81455978043912,11.0453967135944,32.801099381674,-0.411040543975971,0.589215598954142,2.65732983435974,2.58056725369661,1.6,0.158434436451714,0.574918642709287
source/12kHz_DE_data/OR/Orthogonal/0007/OR007@3_0.mat,source,train,OR,1,0,0.05,1.05,29.95,1797,0.744691565425428,0.557091037678643,5.89639520958084,4.01243671908202,4.21506766367282,0.0633717303437523,0.505202462016275,4.75395872044354,2.91556796082032,3.6,0.426261741695782,0.142865205936502
source/12kHz_DE_data/OR/Orthogonal/0007/OR007@3_0.mat,source,train,OR,1,1,1.05,2.05,29.95,1797,0.762572908654806,0.569427988591209,6.1977123752495,4.21898537906735,4.22482350081077,0.0679251705379432,0.513906017834646,4.83287944195576,2.90128385602345,3.6,0.409453879106632,0.146372564317717
source/12kHz_DE_data/OR/Orthogonal/0007/OR007@3_0.mat,source,train,OR,1,2,2.05,3.05,29.95,1797,0.77721159761203,0.577594288298958,6.0100998003992,3.89316697483868,4.29319265308431,0.0631188697909606,0.524216342165778,4.7916437434318,2.92754644601847,3.6,0.388492022861384,0.153034543699569
source/12kHz_DE_data/OR/Orthogonal/0007/OR007@3_0.mat,source,train,OR,1,3,3.05,4.05,29.95,1797,0.768423334010293,0.573912410005797,6.23182375249501,4.25687162831049,4.25326385334106,0.0647537344620021,0.508850257498476,4.85515979858834,2.94077946319702,3.6,0.415751056910982,0.13601433817922
source/12kHz_DE_data/OR/Orthogonal/0007/OR007@3_0.mat,source,train,OR,1,4,4.05,5.05,29.95,1797,0.75622192978798,0.566383168243047,5.80624371257485,3.85838121675982,4.08526720234307,0.0612779292699044,0.490924458802007,4.83322522296602,2.85957947670998,3.6,0.447775469861265,0.123399875947636
source/12kHz_DE_data/OR/Orthogonal/0007/OR007@3_0.mat,source,train,OR,1,5,5.05,6.05,29.95,1797,0.775332506927655,0.577214629645954,6.19324540918164,4.10111258849811,4.16402427374327,0.0653153896391974,0.502283237047801,4.76585062698626,2.87286331279199,3.6,0.428836185116168,0.144949046950553
source/12kHz_DE_data/OR/Orthogonal/0007/OR007@3_0.mat,source,train,OR,1,6,6.05,7.05,29.95,1797,0.793080910052528,0.588489540611244,6.29882824351297,4.21395870714613,4.27397682710686,0.0686637775922823,0.504182658397067,4.76421035846249,2.91851130191004,3.6,0.415232015095244,0.151943375255281
source/12kHz_DE_data/OR/Orthogonal/0007/OR007@3_1.mat,source,train,OR,1,0,0.05,1.05,29.5666666666667,1774,0.841712956571436,0.642438998436896,6.3995380239521,3.88463227974134,4.03437242542923,0.0722716125521577,0.501507494781435,4.85449510107987,2.82968891550529,3.6,0.387014272390406,0.125638523131056
source/12kHz_DE_data/OR/Orthogonal/0007/OR007@3_1.mat,source,train,OR,1,1,1.05,2.05,29.5666666666667,1774,0.842772714125799,0.642585409927659,6.52095828343313,3.98132461083251,4.10491558772586,0.0752263117342362,0.495696241098736,4.83857459025395,2.79539342965725,3.6,0.415868669521139,0.115755966064985
source/12kHz_DE_data/OR/Orthogonal/0007/OR007@3_1.mat,source,train,OR,1,2,2.05,3.05,29.5666666666667,1774,0.848626039789632,0.646597138346571,6.42227894211577,3.98233035222739,4.0238025636266,0.0726290627386368,0.497082827078188,4.87382470158341,2.80541911620064,3.6,0.403251126646692,0.121311134722794
source/12kHz_DE_data/OR/Orthogonal/0007/OR007@3_1.mat,source,train,OR,1,3,3.05,4.05,29.5666666666667,1774,0.856454739074157,0.656504865170858,6.63222634730539,4.04860563954042,3.95787507667554,0.0726668275838703,0.497118261318168,4.85766201780869,2.81614058540013,3.6,0.407994954240656,0.119038091950587
source/12kHz_DE_data/OR/Orthogonal/0007/OR007@3_1.mat,source,train,OR,1,4,4.05,5.05,29.5666666666667,1774,0.849838935615209,0.648478205078435,6.59973932135729,4.07469161829178,4.07490478413601,0.0744386480312787,0.496482532456993,4.85412333755501,2.85545739214791,3.6,0.420161603102241,0.118427721801242
source/12kHz_DE_data/OR/Orthogonal/0007/OR007@3_1.mat,source,train,OR,1,5,5.05,6.05,29.5666666666667,1774,0.85540957846573,0.650822101248567,6.49293822355289,3.92383572329701,4.07823715356926,0.073622498222565,0.491837606434525,4.83203294304059,2.8074077445098,3.6,0.418140010492248,0.116181877748742
source/12kHz_DE_data/OR/Orthogonal/0007/OR007@3_1.mat,source,train,OR,1,6,6.05,7.05,29.5666666666667,1774,0.847997859497171,0.64757014832117,6.73862135728543,4.04149930771403,4.08263872333084,0.073819101681132,0.507111128103791,4.89779135550789,2.86239887896735,3.6,0.409174901889016,0.119014547256442
source/12kHz_DE_data/OR/Orthogonal/0007/OR007@3_2.mat,source,test,OR,1,0,0.05,1.05,29.1833333333333,1751,0.850959420125908,0.65372524259143,6.55506966067864,4.0046357615031,4.00506222559792,0.0739830679706505,0.483890622285188,4.98244214441015,2.8813382619855,3.6,0.503058071472916,0.124131715677879
source/12kHz_DE_data/OR/Orthogonal/0007/OR007@3_2.mat,source,test,OR,1,1,1.05,2.05,29.1833333333333,1751,0.847385317207165,0.649897892613174,6.57740449101796,3.96586279412111,3.9944776027023,0.0721118370919352,0.476470004223813,4.88351780347453,2.88229176587379,3.6,0.512970513287815,0.131540725285874
source/12kHz_DE_data/OR/Orthogonal/0007/OR007@3_2.mat,source,test,OR,1,2,2.05,3.05,29.1833333333333,1751,0.853959225768296,0.654750942856046,6.73618483033932,4.12038162522249,4.00437111408293,0.0734122221646657,0.474376596780537,4.83755872508661,2.86135041535508,3.6,0.514554803510321,0.133284630889867
source/12kHz_DE_data/OR/Orthogonal/0007/OR007@3_2.mat,source,test,OR,1,3,3.05,4.05,29.1833333333333,1751,0.848282297623256,0.65049137162683,6.66999251497006,4.0774033934357,4.01518461462434,0.0757743942212883,0.466174156922395,4.93989769886188,2.86677992732531,3.6,0.534700674721894,0.11902680755902
source/12kHz_DE_data/OR/Orthogonal/0007/OR007@3_2.mat,source,test,OR,1,4,4.05,5.05,29.1833333333333,1751,0.854265055850994,0.655596917549697,6.83242764471058,4.09386146526611,3.98308047682193,0.0741533491228165,0.466790403497785,4.92076347506898,2.86665019245082,3.6,0.532153449072866,0.121833055122208
source/12kHz_DE_data/OR/Orthogonal/0007/OR007@3_2.mat,source,test,OR,1,5,5.05,6.05,29.1833333333333,1751,0.857049291241753,0.661854585876275,6.98836536926148,4.23704957606121,3.89846237189873,0.0732391575410338,0.46952434500472,4.85750991438664,2.86896549034271,3.6,0.518272068540137,0.131517670664786
source/12kHz_DE_data/OR/Orthogonal/0007/OR007@3_2.mat,source,test,OR,1,6,6.05,7.05,29.1833333333333,1751,0.850805781941809,0.657769162556637,6.80521976047904,4.13332308428416,3.86979626274728,0.0720227356538998,0.47388509271473,4.88606777752859,2.87843875171555,3.6,0.508139989853681,0.13333811343229
source/12kHz_DE_data/OR/Orthogonal/0007/OR007@3_3.mat,source,train,OR,1,0,0.05,1.05,28.75,1725,0.786632050692006,0.599896240865602,6.39669540918164,4.13810207702245,4.02748913302961,0.0795235069258276,0.534111912086294,5.55101209496536,3.12158625553695,3.6,0.40351326471494,0.0964266534330695
source/12kHz_DE_data/OR/Orthogonal/0007/OR007@3_3.mat,source,train,OR,1,1,1.05,2.05,28.75,1725,0.790953862349779,0.603139171632643,6.20055499001996,3.98626417452187,4.02229546805047,0.0813627699772124,0.524204700960281,5.5785825292704,3.11230422021846,3.6,0.420140676831524,0.0981813976346503
source/12kHz_DE_data/OR/Orthogonal/0007/OR007@3_3.mat,source,train,OR,1,2,2.05,3.05,28.75,1725,0.787466224613637,0.602657011206953,6.48278602794411,4.20018639602593,4.05242255622915,0.0834526542806161,0.533013675180598,5.61576128913258,3.13819460339176,3.6,0.404368149588228,0.092754701720479
source/12kHz_DE_data/OR/Orthogonal/0007/OR007@3_3.mat,source,train,OR,1,3,3.05,4.05,28.75,1725,0.797344430503533,0.607181678575785,6.66105858283433,4.34945082621635,4.13012079952798,0.087063806008483,0.520055798191404,5.55061043231704,3.12190482843362,3.6,0.42209634979435,0.0995921152322321
source/12kHz_DE_data/OR/Orthogonal/0007/OR007@3_3.mat,source,train,OR,1,4,4.05,5.05,28.75,1725,0.797533423068874,0.610444146295736,6.25294031936128,4.01065306534646,4.10867665767052,0.0812764965084718,0.530654448283934,5.54224909367663,3.12947936161838,3.6,0.410914033135514,0.096158038740697
source/12kHz_DE_data/OR/Orthogonal/0007/OR007@3_3.mat,source,train,OR,1,5,5.05,6.05,28.75,1725,0.802456546990579,0.610464515311319,6.73171786427146,4.27304837010055,4.08376315649794,0.083528021629442,0.51996219648605,5.53300753032956,3.14501349535131,3.6,0.427529110089096,0.0933772216785883
source/12kHz_DE_data/OR/Orthogonal/0007/OR007@3_3.mat,source,train,OR,1,6,6.05,7.05,28.75,1725,0.797636235110854,0.607970134217299,6.5428870259481,4.29106380600504,4.08384693473338,0.0823981797847275,0.522331447534311,5.48701228693553,3.13001490540132,3.6,0.424146383355162,0.0993076177872085
source/12kHz_DE_data/OR/Orthogonal/0021/OR021@3_0.mat,source,train,OR,1,0,0.05,1.05,29.9333333333333,1796,0.313806438932801,0.222361712311042,3.73487093812375,6.1219862657001,6.6595769334252,0.0328734592706524,0.476028857029352,2.90909639667708,2.90273029787891,1,0.464721623296885,0.551944564558537
source/12kHz_DE_data/OR/Orthogonal/0021/OR021@3_0.mat,source,train,OR,1,1,1.05,2.05,29.9333333333333,1796,0.316737212243616,0.225145499689973,3.94051381237525,7.06325412569562,6.47374304579182,0.0822337976953169,0.468683967277257,2.92358699954653,2.90757203323629,1,0.474670301996665,0.551169423374791
source/12kHz_DE_data/OR/Orthogonal/0021/OR021@3_0.mat,source,train,OR,1,2,2.05,3.05,29.9333333333333,1796,0.315276328673315,0.222949414368942,4.11025852295409,7.37944772238088,7.07800805152436,0.105126880148755,0.470280278649758,2.93447955726206,2.94825939588756,1,0.455339764614731,0.544223245975745
source/12kHz_DE_data/OR/Orthogonal/0021/OR021@3_0.mat,source,train,OR,1,3,3.05,4.05,29.9333333333333,1796,0.322315543355449,0.224034226102697,4.64060922155689,8.22821062094324,8.35580901981997,0.212062711714617,0.490357935139131,2.87655892580929,2.90882249154641,1,0.459005790910874,0.562981105176831
source/12kHz_DE_data/OR/Orthogonal/0021/OR021@3_0.mat,source,train,OR,1,4,4.05,5.05,29.9333333333333,1796,0.315989039851546,0.222771006171694,4.1932628742515,7.36035880499475,6.87654657808434,0.0440110197241105,0.455915985271679,2.77619985316166,2.79527428133666,1,0.487081117421116,0.567589511680455
source/12kHz_DE_data/OR/Orthogonal/0021/OR021@3_0.mat,source,train,OR,1,5,5.05,6.05,29.9333333333333,1796,0.314861945752209,0.222456633117782,3.80731700598802,6.74399675636274,6.67395880345735,0.090229467811972,0.477883078206488,2.87265881997948,2.86757474326372,1,0.466139754858522,0.563937223885937
source/12kHz_DE_data/OR/Orthogonal/0021/OR021@3_0.mat,source,train,OR,1,6,6.05,7.05,29.9333333333333,1796,0.310447585767385,0.220870061576191,3.82453512974052,6.35782211694088,6.45838209858154,0.0295322774331081,0.45937542102625,2.90615038089837,2.90824641078731,1,0.486153839920772,0.568913964056153
source/12kHz_DE_data/OR/Orthogonal/0021/OR021@3_1.mat,source,train,OR,1,0,0.05,1.05,29.5166666666667,1771,0.28669894827259,0.201605987365313,3.66583600798403,7.00839551930963,7.03164194981141,0.180152110058249,0.501628889533411,3.39764265546311,3.09601447669171,1,0.37135154589977,0.455228463311318
source/12kHz_DE_data/OR/Orthogonal/0021/OR021@3_1.mat,source,train,OR,1,1,1.05,2.05,29.5166666666667,1771,0.282529246278552,0.200261477157159,3.71359193612774,7.41680687113895,6.76677449258689,0.134630831879993,0.519039903899749,3.58827379423628,3.27427339511348,1,0.358904676069983,0.441493753269568
source/12kHz_DE_data/OR/Orthogonal/0021/OR021@3_1.mat,source,train,OR,1,2,2.05,3.05,29.5166666666667,1771,0.280832834034025,0.197302284101856,4.06169041916168,7.78457336236404,7.30107868675329,0.0923763561682693,0.503888825159221,3.42163820743746,3.14432761934385,1,0.392345586517065,0.451691017176864
source/12kHz_DE_data/OR/Orthogonal/0021/OR021@3_1.mat,source,train,OR,1,3,3.05,4.05,29.5166666666667,1771,0.2889942336219,0.201755327908896,3.66567357285429,6.80719126903401,7.21016859203563,0.110901762235515,0.510236565421115,3.46345801605539,3.1354648461741,1,0.370613127464917,0.444737051302264
source/12kHz_DE_data/OR/Orthogonal/0021/OR021@3_1.mat,source,train,OR,1,4,4.05,5.05,29.5166666666667,1771,0.283289550938601,0.197969707958782,3.66940958083832,7.6154115836019,7.37733590382509,0.273416077499423,0.511330104252881,3.52058109322083,3.18236843012537,1,0.366544513392504,0.447953057401001
source/12kHz_DE_data/OR/Orthogonal/0021/OR021@3_1.mat,source,train,OR,1,5,5.05,6.05,29.5166666666667,1771,0.284470628427489,0.199600651945373,3.62149121756487,6.72323690320926,7.13375405609371,0.137196743712923,0.503487341312,3.46324359922033,3.05281258202259,1,0.371179827207877,0.422074829875823
source/12kHz_DE_data/OR/Orthogonal/0021/OR021@3_1.mat,source,train,OR,1,6,6.05,7.05,29.5166666666667,1771,0.280949589391612,0.198910116660264,3.23197177644711,5.91140657430233,6.74719913420876,0.131267200537915,0.51345243727827,3.44992530686479,3.09679499679293,1,0.36896566289523,0.450464948607218
source/12kHz_DE_data/OR/Orthogonal/0021/OR021@3_2.mat,source,train,OR,1,0,0.05,1.05,29.1166666666667,1747,0.282985200131479,0.198661246305634,3.45207137724551,6.78367452603412,7.04121697969028,0.193144075530788,0.485451001985017,3.10410705736472,3.00478976997263,1,0.447985865922867,0.511467697437351
source/12kHz_DE_data/OR/Orthogonal/0021/OR021@3_2.mat,source,train,OR,1,1,1.05,2.05,29.1166666666667,1747,0.273624769332496,0.193363611949654,3.02080610778443,5.80437712643158,6.87085586411479,0.126445658029311,0.465769837872901,3.07411477099808,2.8928686137978,1,0.431138208664625,0.495559373111609
source/12kHz_DE_data/OR/Orthogonal/0021/OR021@3_2.mat,source,train,OR,1,2,2.05,3.05,29.1166666666667,1747,0.278344716379129,0.198162497774378,3.16391145708583,6.01880975701814,6.28647908221418,0.102558288733719,0.476800975127947,3.08632055193953,2.88416104550195,1,0.435516251149666,0.504325933539775
source/12kHz_DE_data/OR/Orthogonal/0021/OR021@3_2.mat,source,train,OR,1,3,3.05,4.05,29.1166666666667,1747,0.281388288348739,0.197696144418772,3.36273205588822,6.22450106228227,6.92330687091034,0.120111501694661,0.506284036576326,3.27489800941939,3.11965476532838,1,0.417518649098973,0.493543408112114
source/12kHz_DE_data/OR/Orthogonal/0021/OR021@3_2.mat,source,train,OR,1,4,4.05,5.05,29.1166666666667,1747,0.283173010300682,0.20057992086024,3.6055725748503,7.06399075491824,6.7199110640046,0.171648372906665,0.518411987336145,3.25256485948004,3.15795506277236,1,0.417905880416359,0.503164503140918
source/12kHz_DE_data/OR/Orthogonal/0021/OR021@3_2.mat,source,train,OR,1,5,5.05,6.05,29.1166666666667,1747,0.282704792281031,0.198210588021091,3.75192662674651,7.47698980892088,7.25584784246436,0.22320894770861,0.500163699884575,3.33370483536208,3.17342613261044,1,0.42045814399654,0.483207290844669
source/12kHz_DE_data/OR/Orthogonal/0021/OR021@3_2.mat,source,train,OR,1,6,6.05,7.05,29.1166666666667,1747,0.279520536838982,0.197394964217503,3.60833397205589,7.06668475154063,6.61174107619722,0.139874777168439,0.493663936481428,3.36150230049133,3.26712893570127,1,0.426017892699567,0.491202115203038
source/12kHz_DE_data/OR/Orthogonal/0021/OR021@3_3.mat,source,train,OR,1,0,0.05,1.05,28.65,1719,0.271923751866687,0.195628745502456,2.99237996007984,5.78930096403448,6.05548914814788,0.140217404275932,0.503853830100848,3.40679377142365,3.19820350849649,1,0.383793914710445,0.459533361853414
source/12kHz_DE_data/OR/Orthogonal/0021/OR021@3_3.mat,source,train,OR,1,1,1.05,2.05,28.65,1719,0.288961482747494,0.205494769160182,3.6809424750499,7.25535336031498,6.76656120685261,0.183940955148227,0.549600842941298,3.47413471477605,3.16051861626997,1,0.35397384343962,0.45039505914049
source/12kHz_DE_data/OR/Orthogonal/0021/OR021@3_3.mat,source,train,OR,1,2,2.05,3.05,28.65,1719,0.284274243236405,0.200517566142492,3.66242487025948,6.98465174767561,6.95166510611918,0.152741902538941,0.537146489201405,3.66046191105503,3.41222244006617,1,0.364958791542573,0.43370979232782
source/12kHz_DE_data/OR/Orthogonal/0021/OR021@3_3.mat,source,train,OR,1,3,3.05,4.05,28.65,1719,0.275354035321665,0.197234308745092,3.20533241516966,5.96728731765822,6.08829622865914,0.191000660115877,0.519496455433277,3.64725197185671,3.36021293709447,1,0.355114124206827,0.439185424893867
source/12kHz_DE_data/OR/Orthogonal/0021/OR021@3_3.mat,source,train,OR,1,4,4.05,5.05,28.65,1719,0.275982247444623,0.199062907296674,3.08318119760479,5.98123359067459,5.96644792252912,0.100178771823206,0.511709675174164,3.42688579915864,3.23654814214933,1,0.389760372590273,0.464233628581318
source/12kHz_DE_data/OR/Orthogonal/0021/OR021@3_3.mat,source,train,OR,1,5,5.05,6.05,28.65,1719,0.279961408332269,0.201022667793677,3.00862347305389,5.61251725342332,5.99307115153622,0.114812873819024,0.516181338539032,3.64886939023876,3.36878585925765,1,0.351299116031205,0.42776529333626
source/12kHz_DE_data/OR/Orthogonal/0021/OR021@3_3.mat,source,train,OR,1,6,6.05,7.05,28.65,1719,0.277716413797584,0.199132883939967,3.09650087824351,6.25149064618284,5.87990424048038,0.121303865150466,0.506425353153217,3.56397750090286,3.34314144077515,1,0.35810484933742,0.435776279796299
source/48kHz_DE_data/B/0007/B007_0.mat,source,test,B,3,0,0.05,1.05,29.9333333333333,1796,0.147751909775235,0.117190674838708,1.12881784615385,3.87581554487828,3.09876407411811,-0.023642011403732,0.770666428762205,4.44362291546865,3.47350904182155,3.6,0.173233068815759,0.330775275121647
source/48kHz_DE_data/B/0007/B007_0.mat,source,test,B,3,1,1.05,2.05,29.9333333333333,1796,0.146352478467528,0.115737498772702,1.33305230769231,4.78318520848344,3.17516412394808,-0.0157363371785678,0.746070306699267,4.84252609362531,3.63328314615488,3.6,0.201236070879265,0.286931543063447
source/48kHz_DE_data/B/0007/B007_0.mat,source,test,B,3,2,2.05,3.05,29.9333333333333,1796,0.144318342286583,0.115081879238692,1.23521169230769,4.56057584223144,3.04650326042513,-0.0173368842949825,0.779092269238824,4.67991241748596,3.69790124084729,3.6,0.215621619284184,0.305220042243107
source/48kHz_DE_data/B/0007/B007_1.mat,source,validation,B,3,0,0.05,1.05,29.5333333333333,1772,0.138894868115625,0.110557651817423,1.10795630769231,4.08951943331197,3.03469854897968,-0.027017824913315,0.819646192555455,5.13469528610281,3.78355432930745,2.6,0.163153315597083,0.213454497418153
source/48kHz_DE_data/B/0007/B007_1.mat,source,validation,B,3,1,1.05,2.05,29.5333333333333,1772,0.140607390922803,0.112314992721687,1.209552,4.67388985000114,2.99555429186452,0.00288358035123958,0.792354143480441,5.17896237484167,3.77056816803495,2.6,0.153473615626483,0.224887327257329
source/48kHz_DE_data/B/0007/B007_1.mat,source,validation,B,3,2,2.05,3.05,29.5333333333333,1772,0.141223018429767,0.112036851953654,1.20767446153846,4.34830261261833,3.11176346725127,0.00547301128087795,0.788762598236742,4.77315449013482,3.86684251893627,2.6,0.15914236647647,0.317130482920188
source/48kHz_DE_data/B/0007/B007_2.mat,source,validation,B,3,0,0.05,1.05,29.1166666666667,1747,0.135195199299119,0.107656181105769,1.18284923076923,4.57099494864202,3.1166177400303,0.0268100728362688,0.844855884986872,6.16023523149607,4.28388250761384,5.2,0.0979482315064148,0.167173206199919
source/48kHz_DE_data/B/0007/B007_2.mat,source,validation,B,3,1,1.05,2.05,29.1166666666667,1747,0.136744057192722,0.10888848260332,1.12464553846154,4.11492958291952,3.02921102110598,-0.00769681452595873,0.862132658262171,6.34336383840556,4.3934969803685,5.2,0.108721663812032,0.147696272973001
source/48kHz_DE_data/B/0007/B007_2.mat,source,validation,B,3,2,2.05,3.05,29.1166666666667,1747,0.144238468595322,0.114896707714535,1.21747938461538,4.42267641686698,3.04855536860681,-0.0114139445382914,0.82683135174788,5.34159617010854,4.02419467922072,2.1,0.175576648925191,0.204445147954462
source/48kHz_DE_data/B/0007/B007_3.mat,source,train,B,3,0,0.05,1.05,28.6833333333333,1721,0.143786931996419,0.114293416682304,1.23896676923077,4.33488773069918,3.0658383226967,0.028205387778032,0.792072478975351,6.11349128871527,4.32773769495531,3.6,0.258874696663066,0.168146068896529
source/48kHz_DE_data/B/0007/B007_3.mat,source,train,B,3,1,1.05,2.05,28.6833333333333,1721,0.141170029763306,0.112874490279587,1.01011569230769,3.60712772261452,2.94877287482541,0.0281938172091218,0.841818475086003,5.96294661058954,4.44657117290051,3.6,0.168250704526816,0.200090707809038
source/48kHz_DE_data/B/0007/B007_3.mat,source,train,B,3,2,2.05,3.05,28.6833333333333,1721,0.137432450778694,0.109163555332439,1.14488123076923,4.33882930883105,3.10105641560959,0.0158021458660378,0.847720626224689,6.09043088985456,4.57332766110712,7.2,0.0654141291486807,0.215157011079008
source/48kHz_DE_data/B/0014/B014_0.mat,source,train,B,3,0,0.05,1.05,29.95,1797,0.128974287263959,0.0911163560850994,2.23135015384615,8.83381959643989,9.21414147221661,-0.0532395457414006,0.762655812449353,3.7011028571121,3.52827898519765,4.6,0.112477374492106,0.455529826657018
source/48kHz_DE_data/B/0014/B014_0.mat,source,train,B,3,1,1.05,2.05,29.95,1797,0.141894481881703,0.0948044992404615,2.55157476923077,9.08342775008145,12.9271877343447,-0.018846308111242,0.775150847301528,3.74039152237551,3.26834455943656,4.5,0.0824526858966388,0.419117480689428
source/48kHz_DE_data/B/0014/B014_0.mat,source,train,B,3,2,2.05,3.05,29.95,1797,0.13419959556201,0.0938081306862949,2.22196246153846,8.40979929104106,9.96295225870508,0.0622729587802668,0.778502164979265,4.10353092755511,3.41851605243927,5,0.0952579368813601,0.354262510878441
source/48kHz_DE_data/B/0014/B014_1.mat,source,train,B,3,0,0.05,1.05,29.5333333333333,1772,0.166544105726002,0.112348228053333,4.15561846153846,13.8350393368423,16.2173973502923,0.174357832848744,0.761013290160432,3.52799601064656,3.35662657662868,1.2,0.280833854722679,0.52175832796423
source/48kHz_DE_data/B/0014/B014_1.mat,source,train,B,3,1,1.05,2.05,29.5333333333333,1772,0.138080490326209,0.0955484542012708,3.46656184615385,13.5268867305841,16.7576483980392,-0.0534119766685103,0.796944936640086,3.65803798628728,3.67497738988381,1.2,0.269521406767738,0.494826176320468
source/48kHz_DE_data/B/0014/B014_1.mat,source,train,B,3,2,2.05,3.05,29.5333333333333,1772,0.137035192150682,0.0963516857234712,2.14581784615385,8.3525117158555,8.91495233179839,0.0508421831563564,0.818235611955881,4.46708640011748,3.41181600456657,4.7,0.0957505281355819,0.308056586936028
source/48kHz_DE_data/B/0014/B014_2.mat,source,train,B,3,0,0.05,1.05,29.1333333333333,1748,0.131364812494771,0.0898153576744952,3.72733107692308,14.8490469525962,20.9307985100982,0.242310331526163,0.786504916054839,3.98123646528766,3.64409023098203,3.8,0.110920347879938,0.399509956343823
source/48kHz_DE_data/B/0014/B014_2.mat,source,train,B,3,1,1.05,2.05,29.1333333333333,1748,0.186642469756028,0.120271379393904,5.27963815384615,15.5901885851788,25.8745646162514,0.45180784631208,0.75288357632773,3.09945099338216,3.32087997888987,1.2,0.27076367000961,0.571050770558982
source/48kHz_DE_data/B/0014/B014_2.mat,source,train,B,3,2,2.05,3.05,29.1333333333333,1748,0.171358372926564,0.110187619720662,4.07446707692308,12.7023415853504,24.0062893728242,-0.0501902118569925,0.770242329376589,3.18805958796141,3.150490138285,1.2,0.215573652586056,0.503414256001155
source/48kHz_DE_data/B/0014/B014_3.mat,source,test,B,3,0,0.05,1.05,28.75,1725,0.168585096386351,0.117551435065808,3.60216184615385,11.6717880010249,10.3696430720866,0.222097867327485,0.718755467331499,3.72376420459655,4.13353312573027,1.2,0.269648826006017,0.548272308757702
source/48kHz_DE_data/B/0014/B014_3.mat,source,test,B,3,1,1.05,2.05,28.75,1725,0.175305848301611,0.117847832467147,4.12536923076923,13.2046896857679,18.95060456869,0.255411070975802,0.784121645193556,3.47478348475673,3.41631349166701,1.6,0.126991837363561,0.482297143537652
source/48kHz_DE_data/B/0014/B014_3.mat,source,test,B,3,2,2.05,3.05,28.75,1725,0.182142451867405,0.119823799346167,3.90006461538462,12.348654444627,18.3416243710219,0.465958054479754,0.729494052350647,3.46053115789494,3.47627685052481,2,0.128167008649636,0.491235250346294
source/48kHz_DE_data/B/0021/B021_0.mat,source,train,B,3,0,0.05,1.05,29.95,1797,0.342437738422949,0.273852264588569,2.809488,4.13883282573558,2.99772821571352,0.0192835569186348,0.824979223003975,5.21120146495232,3.84282282107723,1.6,0.224338839850751,0.283197131396267
source/48kHz_DE_data/B/0021/B021_0.mat,source,train,B,3,1,1.05,2.05,29.95,1797,0.370930892261448,0.288569608983368,4.13577333333333,5.76627207935296,3.87348643074932,-0.0086273944727344,0.847395226402536,5.04120427484713,4.07493096529474,3.4,0.0916309871092454,0.285591556809062
source/48kHz_DE_data/B/0021/B021_0.mat,source,train,B,3,2,2.05,3.05,29.95,1797,0.34879651480476,0.27851824016088,2.845796,4.30876464002744,2.96885081152118,-0.019831802055466,0.814331582896195,5.39554652936563,3.7249813846852,7.2,0.0880509647607361,0.246334011246059
source/48kHz_DE_data/B/0021/B021_1.mat,source,train,B,3,0,0.05,1.05,29.5666666666667,1774,0.223061303518717,0.161109222650731,3.54646153846154,7.99537478133901,8.22622072699899,-0.0225080564766517,0.804607196255627,4.02124346457135,3.76890905620205,1.2,0.277663863438089,0.432735583787285
source/48kHz_DE_data/B/0021/B021_1.mat,source,train,B,3,1,1.05,2.05,29.5666666666667,1774,0.249899646577274,0.172326123385154,4.95732738461538,10.010068460373,13.1371814462668,0.0107893039625192,0.814214752354151,3.9739691155445,3.69723470140299,1.2,0.236362395060976,0.419166705072932
source/48kHz_DE_data/B/0021/B021_1.mat,source,train,B,3,2,2.05,3.05,29.5666666666667,1774,0.211910738840349,0.159227300078574,2.87951815384615,6.8079066447187,6.18220251441138,0.00624810325046338,0.826559675241087,4.61236093016901,3.5734290693388,4.7,0.0945937171988322,0.299300696738039
source/48kHz_DE_data/B/0021/B021_2.mat,source,train,B,3,0,0.05,1.05,29.2333333333333,1754,0.328038901154307,0.211514581349808,6.62604184615385,10.3823905393542,18.1602397692638,0.0674145642132006,0.817139009948038,4.45266629849336,3.62099878063057,4.5,0.0824119659594245,0.292804903562951
source/48kHz_DE_data/B/0021/B021_2.mat,source,train,B,3,1,1.05,2.05,29.2333333333333,1754,0.331090292279664,0.211387971849288,6.82672984615385,10.329636404962,17.3579372107029,0.0468567770942337,0.767397166875482,3.76757279319881,3.12709870011227,4.5,0.0887346920413818,0.316995239330551
source/48kHz_DE_data/B/0021/B021_2.mat,source,train,B,3,2,2.05,3.05,29.2333333333333,1754,0.388402110303356,0.249904965353292,6.804408,8.7692845672466,11.2553556968228,0.0366826427353668,0.782479034890088,3.55395439326295,3.44217418024509,2.3,0.163059499494894,0.467923310893435
source/48kHz_DE_data/B/0021/B021_3.mat,source,test,B,3,0,0.05,1.05,28.8166666666667,1729,0.324353269425676,0.211646957188173,6.83570030769231,10.5754225574807,16.836181898563,0.0430963163237498,0.80147503957603,4.34994105466893,3.85351101751264,1.2,0.297577996114019,0.352712572700211
source/48kHz_DE_data/B/0021/B021_3.mat,source,test,B,3,1,1.05,2.05,28.8166666666667,1729,0.392224006472846,0.249560274308034,6.83570030769231,8.74155648615318,13.831080147489,0.0706434381996554,0.791452394189695,4.08739540134127,3.68530967851612,1.1,0.324917691623812,0.392203985990839
source/48kHz_DE_data/B/0021/B021_3.mat,source,test,B,3,2,2.05,3.05,28.8166666666667,1729,0.416644795746359,0.259646351683168,6.83570030769231,8.22175901966253,16.3284036508004,0.0458353767810005,0.80475362038808,3.9444876306487,3.32792561059394,1.2,0.360193746060464,0.357353056254488
source/48kHz_DE_data/IR/0007/IR007_0.mat,source,train,IR,2,0,0.05,1.05,29.9333333333333,1796,0.58114823239423,0.414481543186622,6.03672666666667,5.4833211976066,5.98611690027761,0.0200453764239238,0.432096828934442,6.3450058829643,3.52962356475573,5.4,0.52218567094073,0.104397617895596
source/48kHz_DE_data/IR/0007/IR007_0.mat,source,train,IR,2,1,1.05,2.05,29.9333333333333,1796,0.583122390959447,0.415785085658472,6.073452,5.4479714053219,6.07255280137719,-0.00528530328783514,0.448118159929564,6.25621352548006,3.59938953845601,5.4,0.498773474234305,0.12181293851413
source/48kHz_DE_data/IR/0007/IR007_0.mat,source,train,IR,2,2,2.05,3.05,29.9333333333333,1796,0.582678611949441,0.414765165890194,6.417752,6.00079082455388,6.07345353351167,-0.00241041476841393,0.44612464021591,6.26980142296394,3.62638899298098,5.4,0.502892105471977,0.121015855666646
source/48kHz_DE_data/IR/0007/IR007_1.mat,source,test,IR,2,0,0.05,1.05,29.5333333333333,1772,0.279575205564215,0.190250720076843,3.12589292307692,5.64766051357082,7.38008897439528,-0.0560419328019779,0.380569366893537,6.52558933954365,3.26700473842686,5.4,0.621623472544159,0.0903485700224151
source/48kHz_DE_data/IR/0007/IR007_1.mat,source,test,IR,2,1,1.05,2.05,29.5333333333333,1772,0.276391216101334,0.188583699147391,3.05204307692308,5.5522987069408,7.30190973845075,-0.0980763959230265,0.390195305970191,6.53416273645435,3.31961406900495,5.4,0.618137076554034,0.0932875102580728
source/48kHz_DE_data/IR/0007/IR007_1.mat,source,test,IR,2,2,2.05,3.05,29.5333333333333,1772,0.275653838205566,0.187832553544763,3.13611507692308,5.78936915130511,7.37600918227114,-0.135032874950769,0.391894844893101,6.45839084939544,3.41383103462942,5.4,0.595801621712716,0.111922759485084
source/48kHz_DE_data/IR/0007/IR007_2.mat,source,train,IR,2,0,0.05,1.05,29.1333333333333,1748,0.279003502895128,0.192287277619606,3.15384738461538,5.71414168403422,7.47339889536768,-0.0820444777884499,0.421548054942744,6.3360078291508,3.54911175400443,5.4,0.571063649379465,0.112317450710381
source/48kHz_DE_data/IR/0007/IR007_2.mat,source,train,IR,2,1,1.05,2.05,29.1333333333333,1748,0.282084956892678,0.194826177110385,3.202872,5.86389834790671,7.45877773045704,-0.0604397150586519,0.422685736642585,6.30044079298019,3.54491076053432,5.4,0.567408849405201,0.114849254215575
source/48kHz_DE_data/IR/0007/IR007_2.mat,source,train,IR,2,2,2.05,3.05,29.1333333333333,1748,0.280987362117327,0.194123693057038,3.26858584615385,5.98040700448036,7.43162032445683,-0.0780916167740575,0.410681160854285,6.31360957202214,3.46533926129089,5.4,0.583152572384936,0.10588903955188
source/48kHz_DE_data/IR/0007/IR007_3.mat,source,test,IR,2,0,0.05,1.05,28.6833333333333,1721,0.279038630944587,0.195739400790617,2.94836123076923,5.34189793470628,6.79260799778945,-0.166470731363606,0.494128763855429,8.36405371995696,4.32805806381417,5.4,0.541295755491466,0.0835581791129471
source/48kHz_DE_data/IR/0007/IR007_3.mat,source,test,IR,2,1,1.05,2.05,28.6833333333333,1721,0.279462797208361,0.195915198138462,3.03097292307692,5.47068774876392,6.80237871722634,-0.148504555018315,0.496904763097965,8.27868248449673,4.36051868034587,5.4,0.530202841451368,0.0990737362421019
source/48kHz_DE_data/IR/0007/IR007_3.mat,source,test,IR,2,2,2.05,3.05,28.6833333333333,1721,0.278595001054546,0.19579513259887,2.97589846153846,5.50573261627959,6.76796944447287,-0.154082350998573,0.509785512135351,8.27530133641895,4.30141766442957,5.4,0.521956683584931,0.0846079021602412
source/48kHz_DE_data/IR/0014/IR014_0.mat,source,train,IR,2,0,0.05,1.05,29.9333333333333,1796,0.180122329011623,0.117408894522208,2.75147866666667,7.83930823351719,11.8391777071013,-0.0987926548721169,0.779346772922786,4.17950220579232,3.27115801709568,2.2,0.173094848040064,0.26881080567264
source/48kHz_DE_data/IR/0014/IR014_1.mat,source,validation,IR,2,0,0.05,1.05,29.5333333333333,1772,0.260304732567145,0.148395382654181,5.45329466666667,11.1630347989262,20.2897607015566,0.0666887904713276,0.59374617927501,3.46662872033731,2.71632378565155,1,0.403679131005234,0.367343403641388
source/48kHz_DE_data/IR/0014/IR014_1.mat,source,validation,IR,2,1,1.05,2.05,29.5333333333333,1772,0.243829852314241,0.142833593803896,4.35529066666667,9.38847136649927,18.9401071609852,0.186417630889467,0.590735558648956,3.37671255405599,2.65340306601035,1,0.354562287127207,0.384935593763266
source/48kHz_DE_data/IR/0014/IR014_1.mat,source,validation,IR,2,2,2.05,3.05,29.5333333333333,1772,0.272403652467615,0.155306861420769,5.212076,10.0535343887139,18.061737565262,0.168973546121329,0.572384087621621,3.35617038716941,2.58383332708945,1,0.401503660018026,0.376567942049452
source/48kHz_DE_data/IR/0014/IR014_2.mat,source,train,IR,2,0,0.05,1.05,29.1833333333333,1751,0.231667492947244,0.133319031140365,4.478404,10.1724880749574,19.3488440669275,0.0592475838575063,0.583851564829626,3.2527102098699,2.66687438130602,1,0.372823169940406,0.421537658208778
source/48kHz_DE_data/IR/0014/IR014_2.mat,source,train,IR,2,1,1.05,2.05,29.1833333333333,1751,0.239912794074531,0.13727462604,5.17868933333333,11.0426425549874,20.8820906990115,0.186664415818307,0.632488337598029,3.37472062304954,2.70910898897107,1,0.374139864202209,0.393698303208134
source/48kHz_DE_data/IR/0014/IR014_2.mat,source,train,IR,2,2,2.05,3.05,29.1833333333333,1751,0.234893672106331,0.134006821570574,4.90074533333333,10.5538542930845,20.8606240292676,0.129624747724521,0.588348630473726,3.31422301300779,2.65154154991419,1,0.409714593027972,0.406559399007316
source/48kHz_DE_data/IR/0014/IR014_3.mat,source,test,IR,2,0,0.05,1.05,28.7666666666667,1726,0.364124660715338,0.209258579381561,4.940392,6.81455499333743,8.68485806812844,0.510040685719987,0.682654997958875,3.06058545456917,2.63569291142023,1,0.333008742263491,0.44139675380242
source/48kHz_DE_data/IR/0014/IR014_3.mat,source,test,IR,2,1,1.05,2.05,28.7666666666667,1726,0.261985736170268,0.158092818927028,4.975448,10.1162450658712,17.808901139628,0.178729415493702,0.593204375795852,3.17131161379196,2.50336490534321,1,0.37504121646896,0.407886102525432
source/48kHz_DE_data/IR/0014/IR014_3.mat,source,test,IR,2,2,2.05,3.05,28.7666666666667,1726,0.24872649217032,0.156240425344,4.57063466666667,9.52692946729988,14.7779636727836,0.069652519830927,0.582509906920233,3.1544095472965,2.59006098537665,1,0.381745370704947,0.415740948082419
source/48kHz_DE_data/IR/0021/IR021_0.mat,source,test,IR,2,0,0.05,1.05,29.9333333333333,1796,0.582701657939877,0.438027694063048,5.19327138461538,4.68198233940305,4.17580538027087,-2.12601117185104e-05,0.613255679352958,5.41501596854805,3.73689816451637,5.4,0.274133405199092,0.208247771920114
source/48kHz_DE_data/IR/0021/IR021_0.mat,source,test,IR,2,1,1.05,2.05,29.9333333333333,1796,0.576698221422748,0.433472407351676,5.31426830769231,4.95109484277395,4.08240223438037,-0.0374424124593716,0.62701472450903,5.34560387311502,3.77771188234935,5.4,0.263004354995007,0.249764200468488
source/48kHz_DE_data/IR/0021/IR021_0.mat,source,test,IR,2,2,2.05,3.05,29.9333333333333,1796,0.589054486507793,0.440060301500667,6.10262584615385,5.20171378165854,4.4542458746021,-0.0531904990420617,0.630269106120426,5.17827462066039,3.66520690583163,5.4,0.25204948311996,0.248318923220642
source/48kHz_DE_data/IR/0021/IR021_1.mat,source,train,IR,2,0,0.05,1.05,29.5666666666667,1774,0.5862893647544,0.450745038245199,5.35327938461538,4.65718564085992,3.82418656794864,0.0151854416050391,0.659326046258198,5.11090091474331,4.22061765990597,2,0.189961315959171,0.33576800223013
source/48kHz_DE_data/IR/0021/IR021_1.mat,source,train,IR,2,1,1.05,2.05,29.5666666666667,1774,0.589254020180334,0.456793960051077,6.042336,5.38870177733261,3.75682355070574,0.0185437407287847,0.643718711441349,5.20495382348576,4.13991178345947,2,0.189838556024475,0.32090713296677
source/48kHz_DE_data/IR/0021/IR021_1.mat,source,train,IR,2,2,2.05,3.05,29.5666666666667,1774,0.61848826521692,0.475274212192192,6.00749723076923,5.05327966853178,4.02876217148491,0.0248365965120397,0.62575504542455,5.02277837223814,3.97399010224524,2,0.173050446632724,0.298381247717733
source/48kHz_DE_data/IR/0021/IR021_2.mat,source,train,IR,2,0,0.05,1.05,29.2,1752,0.769368528202653,0.585459880696763,6.83570030769231,4.45721831104441,3.76053828946668,0.0532558008135014,0.584552528883523,4.26245726773824,3.68025260273649,2,0.272159524044794,0.47261980990141
source/48kHz_DE_data/IR/0021/IR021_2.mat,source,train,IR,2,1,1.05,2.05,29.2,1752,0.777960767504484,0.592798668070487,6.45914953846154,4.195821901061,3.64975254436476,0.0641800486086493,0.583732192224433,4.37002357626023,3.74868620090038,2,0.27345054322417,0.482261027722358
source/48kHz_DE_data/IR/0021/IR021_2.mat,source,train,IR,2,2,2.05,3.05,29.2,1752,0.7633529620007,0.580140844082798,6.55135753846154,4.43751129662768,3.62975233205528,0.0619334977821995,0.589162781405357,4.12423562582259,3.60414467043243,2,0.235666224944652,0.469210777919412
source/48kHz_DE_data/IR/0021/IR021_3.mat,source,train,IR,2,0,0.05,1.05,28.7833333333333,1727,0.401591842546423,0.30584780439237,3.62510953846154,4.56013686156562,3.6798286676078,0.0515930467433236,0.603257900292281,4.60437050417834,3.78820027099148,2,0.200039961762742,0.363421685815802
source/48kHz_DE_data/IR/0021/IR021_3.mat,source,train,IR,2,1,1.05,2.05,28.7833333333333,1727,0.40384016399208,0.309328220805077,3.48825784615385,4.39733636261726,3.62759786963987,0.0439604497712488,0.60175845487476,4.45234147467623,3.74378671910154,2,0.202961187858245,0.384472510478288
source/48kHz_DE_data/IR/0021/IR021_3.mat,source,train,IR,2,2,2.05,3.05,28.7833333333333,1727,0.405006628705647,0.311845080468546,3.54833907692308,4.47242418528303,3.54039920914285,0.0410464563939885,0.59745248460351,4.67111504291644,3.78794033281006,2,0.22693361927284,0.372085074828318
source/48kHz_DE_data/OR/Centered/0007/OR007@6_0.mat,source,validation,OR,1,0,0.05,1.05,29.9333333333333,1796,1.28149650228306,0.805520006158889,12.690272,5.0958509736072,6.79786033384147,0.0833319789045887,0.330921708680562,4.39724072110745,2.61448866054172,3.6,0.770556052528099,0.136073934255217
source/48kHz_DE_data/OR/Centered/0007/OR007@6_0.mat,source,validation,OR,1,1,1.05,2.05,29.9333333333333,1796,1.25821126190715,0.797415585527773,11.771304,4.7871441480019,6.47801521006714,0.0713177841024606,0.303125432353566,4.51953578460818,2.52784253326484,3.6,0.829830618016721,0.100897288796242
source/48kHz_DE_data/OR/Centered/0007/OR007@6_0.mat,source,validation,OR,1,2,2.05,3.05,29.9333333333333,1796,1.19755718539801,0.752145898822494,11.547196,4.84617019013775,6.74906555978758,0.0739097323800555,0.289516075313764,4.52788071284326,2.48656504528852,3.6,0.848400476769858,0.0944237359512501
source/48kHz_DE_data/OR/Centered/0007/OR007@6_1.mat,source,train,OR,1,0,0.05,1.05,29.5666666666667,1774,1.06114067724549,0.675047554365146,10.4383413333333,4.96296669110878,6.82534138329693,0.070013997702922,0.319069426988149,4.54387723218562,2.46302643658786,3.6,0.811073798860383,0.102372820694203
source/48kHz_DE_data/OR/Centered/0007/OR007@6_1.mat,source,train,OR,1,1,1.05,2.05,29.5666666666667,1774,1.05909083470104,0.673902866877038,10.3173146666667,4.90108862154785,6.87537699818185,0.0727441997074755,0.32333759812435,4.54753263146412,2.47713051408496,3.6,0.811369384452204,0.101963588350628
source/48kHz_DE_data/OR/Centered/0007/OR007@6_1.mat,source,train,OR,1,2,2.05,3.05,29.5666666666667,1774,1.06266545357459,0.678160141514368,10.500524,4.95276309291815,6.95017566011276,0.0781895302858393,0.315040054964026,4.57005965733446,2.49847561401218,3.6,0.81613384290031,0.101152966533982
source/48kHz_DE_data/OR/Centered/0007/OR007@6_2.mat,source,train,OR,1,0,0.05,1.05,29.1666666666667,1750,1.02090003020008,0.6414919583185,9.83446,4.86496625517773,6.9980014504265,0.0804644234919688,0.264744747572968,4.3354590000128,2.07073997969304,3.6,0.859371495707218,0.0737088175379234
source/48kHz_DE_data/OR/Centered/0007/OR007@6_2.mat,source,train,OR,1,1,1.05,2.05,29.1666666666667,1750,1.02521286036721,0.643952612033856,10.56062,5.32264173387363,7.02328295347967,0.0918115721836309,0.271647093354081,4.32748009938361,2.10230538878537,3.6,0.849732635424726,0.0802405267917198
source/48kHz_DE_data/OR/Centered/0007/OR007@6_2.mat,source,train,OR,1,2,2.05,3.05,29.1666666666667,1750,1.01741504778743,0.638826565156171,9.87118533333333,4.88529819435064,6.92099577640758,0.0764904406605625,0.266590505621047,4.32179245514983,2.07900600394139,3.6,0.851612196725444,0.0807711846189194
source/48kHz_DE_data/OR/Centered/0007/OR007@6_3.mat,source,train,OR,1,0,0.05,1.05,28.75,1725,0.992403845881037,0.621761366789528,9.970928,5.056459396707,7.34803950429804,0.0761824177282727,0.310057211719144,4.70485023775772,2.5004371130726,3.6,0.829861229504957,0.0997360653982195
source/48kHz_DE_data/OR/Centered/0007/OR007@6_3.mat,source,train,OR,1,1,1.05,2.05,28.75,1725,0.997041080258173,0.622164896542827,10.057316,5.10335158193973,7.45274656515334,0.0901983865833435,0.322670284377654,4.65769135202445,2.5145676127449,3.6,0.812270052519448,0.108875337346247
source/48kHz_DE_data/OR/Centered/0007/OR007@6_3.mat,source,train,OR,1,2,2.05,3.05,28.75,1725,1.00137493004855,0.625410356549778,10.0331106666667,5.02879891237836,7.3953798554567,0.0791497781065717,0.311916728879364,4.70015916302452,2.5080938555324,3.6,0.823674387524131,0.103431244285822
source/48kHz_DE_data/OR/Centered/0014/OR014@6_0.mat,source,test,OR,1,0,0.05,1.05,29.9333333333333,1796,0.138792477682572,0.109385672723788,1.15134830769231,4.20777227032967,3.25142295394053,0.000479190052537566,0.774094289577067,5.10232528729537,3.66082829205384,2,0.219969538947134,0.274081432427117
source/48kHz_DE_data/OR/Centered/0014/OR014@6_0.mat,source,test,OR,1,1,1.05,2.05,29.9333333333333,1796,0.135482245664438,0.107735167811498,1.13424184615385,4.26649747218923,3.13880815666092,-0.00945116132918851,0.803815639835559,4.81086873167286,3.64915168418161,3.6,0.186967393251814,0.268986987027406
source/48kHz_DE_data/OR/Centered/0014/OR014@6_0.mat,source,test,OR,1,2,2.05,3.05,29.9333333333333,1796,0.157833025795891,0.119513976472413,2.22217107692308,7.10511511964396,5.86938445166298,0.0222386241636657,0.812531657608996,4.21385940580696,3.78920997531215,3.6,0.0987955720744381,0.349003231604891
source/48kHz_DE_data/OR/Centered/0014/OR014@6_1.mat,source,validation,OR,1,0,0.05,1.05,29.5333333333333,1772,0.132364265690343,0.105046999875308,1.08125353846154,4.20122572316529,3.10399138414527,-0.0278336456112612,0.8538188615928,5.1897428981876,3.99759151074738,1.6,0.183062246622631,0.286122086061972
source/48kHz_DE_data/OR/Centered/0014/OR014@6_1.mat,source,validation,OR,1,1,1.05,2.05,29.5333333333333,1772,0.138616057663996,0.110480717713413,1.19202830769231,4.48627280009112,3.04982051050529,0.0159009382219304,0.860941901225233,5.49646912401736,4.28551195686899,1.3,0.294373062263199,0.282188014930702
source/48kHz_DE_data/OR/Centered/0014/OR014@6_1.mat,source,validation,OR,1,2,2.05,3.05,29.5333333333333,1772,0.135399466181338,0.107345393408679,1.19098523076923,4.43709862366699,3.16974029308233,-0.0030896007398907,0.835353797660514,5.03495132547839,3.91198993100648,2,0.161703613674379,0.321327966655539
source/48kHz_DE_data/OR/Centered/0014/OR014@6_2.mat,source,train,OR,1,0,0.05,1.05,29.15,1749,0.182028860602412,0.128919923520119,3.76383876923077,10.3801515752077,14.7911468450405,-0.0224780544197079,0.744044804565154,3.65697439575963,3.25185340522796,3.7,0.17282762944831,0.39388267899006
source/48kHz_DE_data/OR/Centered/0014/OR014@6_2.mat,source,train,OR,1,1,1.05,2.05,29.15,1749,0.144857881831809,0.114799286355409,1.24459938461538,4.37357177433276,3.2071356582685,-0.00700784770775768,0.854179185626434,5.8718009310644,4.50033400534235,2,0.151485998843378,0.303130866242567
source/48kHz_DE_data/OR/Centered/0014/OR014@6_2.mat,source,train,OR,1,2,2.05,3.05,29.15,1749,0.139161478006666,0.110579243796939,1.22019138461538,4.41759666068661,3.12201372559877,0.00805122067766199,0.843503483568907,5.3985623338913,4.19543631742402,2,0.162414695157184,0.25491161823675
source/48kHz_DE_data/OR/Centered/0014/OR014@6_3.mat,source,validation,OR,1,0,0.05,1.05,28.7166666666667,1723,0.152606611322171,0.121987540076867,1.36601353846154,4.49038931402581,2.97047171524835,0.0173675713775777,0.854738925741412,5.69157428938933,4.63612247746553,2,0.13711182602742,0.342024652750777
source/48kHz_DE_data/OR/Centered/0014/OR014@6_3.mat,source,validation,OR,1,1,1.05,2.05,28.7166666666667,1723,0.153830892925922,0.122566796221516,1.25169230769231,4.30393876493012,3.04015552008524,0.0143113267282135,0.853335150272356,5.39835757366101,4.57667041442964,1.4,0.194233990907818,0.316310300956472
source/48kHz_DE_data/OR/Centered/0014/OR014@6_3.mat,source,validation,OR,1,2,2.05,3.05,28.7166666666667,1723,0.15217904161619,0.121178862167447,1.33242646153846,4.48888512716357,3.03684212380438,-0.00429169407519738,0.832587756451167,5.51926098188533,4.58101744612386,1.6,0.214925210502308,0.34281527725224
source/48kHz_DE_data/OR/Centered/0021/OR021@6_0.mat,source,train,OR,1,0,0.05,1.05,29.9333333333333,1796,0.648455930668804,0.336839129210778,11.9732933333333,9.59751686444688,18.971065169913,-0.315616484162259,0.514481896948335,2.87686583986652,2.2689243202935,1,0.310842749443944,0.489754647819564
source/48kHz_DE_data/OR/Centered/0021/OR021@6_0.mat,source,train,OR,1,1,1.05,2.05,29.9333333333333,1796,0.657468150573038,0.340295212054333,11.9081893333333,9.50811720891616,19.6754414404946,-0.231650387012377,0.5214807435822,2.78166853051327,2.22533468599281,1,0.319911759136556,0.507191211983817
source/48kHz_DE_data/OR/Centered/0021/OR021@6_0.mat,source,train,OR,1,2,2.05,3.05,29.9333333333333,1796,0.691955568812399,0.350866604540556,14.9530533333333,11.0951962046719,22.1438499572913,-0.103620283714791,0.499673989968233,2.83030808580705,2.16514952711678,1,0.343418342197526,0.497983287466963
source/48kHz_DE_data/OR/Centered/0021/OR021@6_1.mat,source,train,OR,1,0,0.05,1.05,29.5166666666667,1771,0.645714745560134,0.325034543446206,12.6819253333333,10.1733099058942,21.6973895458569,-0.269241930706347,0.544958810107814,3.04828047377428,2.25339110648919,3.6,0.212019704926305,0.450646332559583
source/48kHz_DE_data/OR/Centered/0021/OR021@6_1.mat,source,train,OR,1,1,1.05,2.05,29.5166666666667,1771,0.6178521862801,0.316793690329722,12.8213146666667,10.7687761326376,20.9109000660589,-0.318378224920212,0.502546315439058,3.06338832723165,2.16897203502536,3.6,0.226085075753644,0.453138358309098
source/48kHz_DE_data/OR/Centered/0021/OR021@6_1.mat,source,train,OR,1,2,2.05,3.05,29.5166666666667,1771,0.601939001426262,0.3086633419625,10.7505066666667,9.13818103988371,19.6333734465378,-0.423846209677828,0.500546275282491,3.01519766582768,2.16180687847601,3.6,0.220445357966325,0.478163986342124
source/48kHz_DE_data/OR/Centered/0021/OR021@6_2.mat,source,train,OR,1,0,0.05,1.05,29.1166666666667,1747,0.63354235778782,0.327861544822875,13.516592,11.0112340365457,21.3354968989215,-0.340292042219284,0.518093317769432,3.09041359415837,2.22285703451961,1,0.317915689172727,0.44953525421316
source/48kHz_DE_data/OR/Centered/0021/OR021@6_2.mat,source,train,OR,1,1,1.05,2.05,29.1166666666667,1747,0.605198406040381,0.30815725594822,14.1192213333333,11.8576552665993,24.6290117490698,-0.41844890384342,0.534078268207048,3.09688883227864,2.28557598887041,1,0.320541940637643,0.458859600937562
source/48kHz_DE_data/OR/Centered/0021/OR021@6_2.mat,source,train,OR,1,2,2.05,3.05,29.1166666666667,1747,0.603100988368611,0.313398644842361,11.5701493333333,9.63563892507829,19.5691811444105,-0.282998557921862,0.537277117689414,2.99102551767505,2.22339682816486,1,0.31845739860089,0.471204744826012
source/48kHz_DE_data/OR/Centered/0021/OR021@6_3.mat,source,train,OR,1,0,0.05,1.05,28.65,1719,0.574658194205691,0.302522719307546,12.4390373333333,11.229920802512,21.3511108976923,-0.390146046734865,0.537547345850171,3.37186698513919,2.57353300273547,3.6,0.28007008741695,0.413034743709702
source/48kHz_DE_data/OR/Centered/0021/OR021@6_3.mat,source,train,OR,1,1,1.05,2.05,28.65,1719,0.567073602589273,0.301176079808819,11.2371173333333,10.0038579032727,18.1169873817139,-0.312928315086046,0.5545088221397,3.21827405033578,2.54289319067694,3.6,0.251160537546533,0.432864186673374
source/48kHz_DE_data/OR/Centered/0021/OR021@6_3.mat,source,train,OR,1,2,2.05,3.05,28.65,1719,0.594587670098634,0.311913181962845,12.7587146666667,11.1510924435343,19.4859284939211,-0.118668949215784,0.567245097418301,3.01081299265287,2.38093817885635,3.6,0.197969081520994,0.463253729857614
source/48kHz_DE_data/OR/Opposite/0007/OR007@12_0.mat,source,train,OR,1,0,0.05,1.05,29.9333333333333,1796,0.22072074438485,0.163627775185128,2.75017661538462,6.3437332163529,5.73762145001508,0.021757176019447,0.640828494582117,4.50050985200039,3.35545496503578,3.6,0.387325862723233,0.284197022349281
source/48kHz_DE_data/OR/Opposite/0007/OR007@12_0.mat,source,train,OR,1,1,1.05,2.05,29.9333333333333,1796,0.199921511811555,0.149979778009885,2.16042092307692,5.54702020783691,4.79605189802236,0.0365564132440801,0.680854179393676,4.63649978729952,3.34603041222708,3.6,0.370411815302169,0.238139490585383
source/48kHz_DE_data/OR/Opposite/0007/OR007@12_1.mat,source,validation,OR,1,0,0.05,1.05,29.5333333333333,1772,0.270898155765397,0.181586709330059,4.25199876923077,7.85142293714859,12.2009049295094,0.0392964671294586,0.648039294758397,3.80931856162791,3.15488017790624,3.6,0.246628153206829,0.364461661231627
source/48kHz_DE_data/OR/Opposite/0007/OR007@12_1.mat,source,validation,OR,1,1,1.05,2.05,29.5333333333333,1772,0.264423726786867,0.179164329171764,3.73817907692308,7.17877178286257,9.89893812030347,-0.0010668588315384,0.638192497017029,3.97874277087321,3.13071586432487,3.6,0.291828287308262,0.319802474530609
source/48kHz_DE_data/OR/Opposite/0007/OR007@12_1.mat,source,validation,OR,1,2,2.05,3.05,29.5333333333333,1772,0.256160195655826,0.175684213097484,3.42609046153846,6.69528874467303,8.81265677514851,0.0284397702394685,0.64048318656941,4.0298817993086,3.03686749014744,3.6,0.30343753644078,0.306989290287524
source/48kHz_DE_data/OR/Opposite/0007/OR007@12_2.mat,source,train,OR,1,0,0.05,1.05,29.15,1749,0.262292428720113,0.176836272681322,3.79554830769231,7.28504375579002,10.3430708849367,0.0497064809024048,0.623712472932537,3.81035901248577,2.87070082332645,3.6,0.304359277688213,0.309417557671807
source/48kHz_DE_data/OR/Opposite/0007/OR007@12_2.mat,source,train,OR,1,1,1.05,2.05,29.15,1749,0.257825361415137,0.172681730310091,3.97933846153846,7.76331233778974,12.2257464776054,0.0465870035619438,0.652430474617718,3.72326949591618,2.89273325775751,3.6,0.264184734033523,0.347211729325934
source/48kHz_DE_data/OR/Opposite/0007/OR007@12_2.mat,source,train,OR,1,2,2.05,3.05,29.15,1749,0.258692189783331,0.173510762948808,3.95347015384615,8.01573598607017,10.6762632873353,0.0280690275998062,0.629171534319267,3.75697294811478,2.92119525075302,3.6,0.286880517501141,0.332847141457646
source/48kHz_DE_data/OR/Opposite/0007/OR007@12_3.mat,source,test,OR,1,0,0.05,1.05,28.7166666666667,1723,0.245630584206817,0.169763629447654,4.08468923076923,8.38910450266457,10.5767294649078,0.0260407719918891,0.660303958073747,4.09750321992651,3.19409867779405,3.6,0.26416437708193,0.299516821639577
source/48kHz_DE_data/OR/Opposite/0007/OR007@12_3.mat,source,test,OR,1,1,1.05,2.05,28.7166666666667,1723,0.245076997145173,0.167617692683668,3.67017046153846,7.59238987158963,10.516631398826,0.0361624607522472,0.674741389302741,3.82107906650276,3.13379188212227,3.6,0.227326839039101,0.339047821589938
source/48kHz_DE_data/OR/Opposite/0007/OR007@12_3.mat,source,test,OR,1,2,2.05,3.05,28.7166666666667,1723,0.239540983649623,0.166609931628679,3.60925476923077,7.66946990805281,9.70861081595518,0.00287748076778713,0.695647093632383,3.74505550149244,3.14736023450738,3.6,0.224296178002165,0.371758611757931
source/48kHz_DE_data/OR/Opposite/0021/OR021@12_0.mat,source,test,OR,1,0,0.05,1.05,29.9333333333333,1796,0.622474950728143,0.277841903107456,11.0009066666667,9.10930627218262,25.9817266527734,0.13321491994022,0.507507384516722,2.30155176394653,1.74202045516166,1,0.396814365571564,0.615709530122504
source/48kHz_DE_data/OR/Opposite/0021/OR021@12_0.mat,source,test,OR,1,1,1.05,2.05,29.9333333333333,1796,0.589233992945083,0.269098369100069,10.5259813333333,9.08942149838717,25.1216338480337,0.158459739893991,0.541693803081572,2.33878944937365,1.77457870477062,1,0.385281625261422,0.60593548053226
source/48kHz_DE_data/OR/Opposite/0021/OR021@12_1.mat,source,test,OR,1,0,0.05,1.05,29.5166666666667,1771,0.545112481522868,0.263722701249678,9.37163733333333,9.07824988015425,21.952001272157,0.165338130231808,0.504091645336002,2.41564613532045,1.70476770122831,2,0.221888173253678,0.599050171245981
source/48kHz_DE_data/OR/Opposite/0021/OR021@12_1.mat,source,test,OR,1,1,1.05,2.05,29.5166666666667,1771,0.558087256519325,0.26545879455081,9.80149066666667,9.04233291448222,22.8726385865181,0.143339553440673,0.505166717884439,2.40736346786581,1.75079832256769,2,0.232073142453523,0.604456542942679
source/48kHz_DE_data/OR/Opposite/0021/OR021@12_1.mat,source,test,OR,1,2,2.05,3.05,29.5166666666667,1771,0.537515850259325,0.256870471310914,9.58865066666667,9.34831260111404,23.1263320435268,0.148227881380764,0.519373453777468,2.41260319951617,1.76509918577172,2,0.229550062570479,0.601779379224525
source/48kHz_DE_data/OR/Opposite/0021/OR021@12_2.mat,source,train,OR,1,0,0.05,1.05,29.1,1746,0.465437894534508,0.243040534479104,9.08117333333333,10.0212268428502,20.6016297341343,0.153680035661681,0.500099532958123,2.41310721800354,1.80443884603617,2,0.216895893275555,0.610972639647289
source/48kHz_DE_data/OR/Opposite/0021/OR021@12_2.mat,source,train,OR,1,1,1.05,2.05,29.1,1746,0.470005458512419,0.240519297267697,8.804064,9.60369362141179,22.7228247788883,0.177706257744092,0.522111214878224,2.42551732235441,1.79610364764915,2,0.1964973850391,0.596436632189773
source/48kHz_DE_data/OR/Opposite/0021/OR021@12_2.mat,source,train,OR,1,2,2.05,3.05,29.1,1746,0.488801525184645,0.245855372281625,9.82235733333333,10.6001671023348,24.6826466782686,0.178155714084388,0.535078383813503,2.41580832905889,1.80042955807223,2,0.209222521512432,0.603864775605217
source/48kHz_DE_data/OR/Opposite/0021/OR021@12_3.mat,source,validation,OR,1,0,0.05,1.05,28.6333333333333,1718,0.427319293888215,0.22709987065034,7.77492,9.21228887137707,22.2752020160875,0.133398519505347,0.558473302826626,2.48272390639955,1.88442582724161,2,0.186599251283151,0.572561144966196
source/48kHz_DE_data/OR/Opposite/0021/OR021@12_3.mat,source,validation,OR,1,1,1.05,2.05,28.6333333333333,1718,0.433464493099171,0.224315768817472,8.170552,9.466049333378,22.0392545641045,0.15367321326616,0.560446182613547,2.48874442964544,1.87803790507038,2,0.184215851816511,0.563508673128679
source/48kHz_DE_data/OR/Opposite/0021/OR021@12_3.mat,source,validation,OR,1,2,2.05,3.05,28.6333333333333,1718,0.414097123125272,0.218313355738715,7.62384533333333,9.62605862061847,20.6905346657612,0.173507263484265,0.533008293593356,2.53319986185679,1.91295052345923,2,0.19152875692804,0.564583889340394
source/48kHz_DE_data/OR/Orthogonal/0007/OR007@3_0.mat,source,train,OR,1,0,0.05,1.05,29.95,1797,0.405087051376072,0.305960938259885,3.84311261538461,4.83976412532751,4.20766733207075,0.0728058667033173,0.484597338523437,4.65828981834701,3.11573367607401,3.6,0.512490340045135,0.179586603713039
source/48kHz_DE_data/OR/Orthogonal/0007/OR007@3_0.mat,source,train,OR,1,1,1.05,2.05,29.95,1797,0.393955934088636,0.298935902594256,3.61071507692308,4.68096182136535,4.06027702509165,0.0766877145684994,0.46718886464364,4.78282575664349,3.08696221528291,3.6,0.550763208402126,0.147248734358935
source/48kHz_DE_data/OR/Orthogonal/0007/OR007@3_1.mat,source,test,OR,1,0,0.05,1.05,29.55,1773,0.459047730135244,0.350101049467356,4.21111015384615,4.68722839256137,4.00672831617086,0.0499477399191815,0.441729107422686,5.09455104089171,3.00816004891198,3.6,0.588991028598794,0.0914428407603231
source/48kHz_DE_data/OR/Orthogonal/0007/OR007@3_1.mat,source,test,OR,1,1,1.05,2.05,29.55,1773,0.454789259268833,0.345039517951673,4.18899692307692,4.61157243582594,4.11567229261684,0.0540380421310871,0.435801237441724,5.04006738825825,2.96943760397011,3.6,0.5965235588827,0.0893462320401755
source/48kHz_DE_data/OR/Orthogonal/0007/OR007@3_1.mat,source,test,OR,1,2,2.05,3.05,29.55,1773,0.456985840332502,0.346471808852801,4.23322338461538,4.7476698151048,4.18900977922821,0.0648463325211445,0.442801291645043,5.05263049086313,2.97486376450014,3.6,0.583964300462731,0.0949284278092777
source/48kHz_DE_data/OR/Orthogonal/0007/OR007@3_2.mat,source,train,OR,1,0,0.05,1.05,29.1666666666667,1750,0.447045722155544,0.331965116579224,3.97558338461538,4.54285167395955,4.36062257756047,0.0636363006198717,0.42001192323904,5.09420953150314,2.91702826716206,3.6,0.628390447878817,0.0933367289780404
source/48kHz_DE_data/OR/Orthogonal/0007/OR007@3_2.mat,source,train,OR,1,1,1.05,2.05,29.1666666666667,1750,0.44643763264235,0.332725122694572,4.008336,4.59204378202768,4.29421748892191,0.0545145317965514,0.420000532494828,5.03334589377525,2.9377724520905,3.6,0.630423520500886,0.0997356056094846
source/48kHz_DE_data/OR/Orthogonal/0007/OR007@3_2.mat,source,train,OR,1,2,2.05,3.05,29.1666666666667,1750,0.444311886792612,0.330544083648615,4.00896184615385,4.53730282212129,4.35631567053179,0.0680565486086289,0.415204479398429,5.03370004360442,2.93689243590716,3.6,0.62949530816219,0.104193066071919
source/48kHz_DE_data/OR/Orthogonal/0007/OR007@3_3.mat,source,train,OR,1,0,0.05,1.05,28.7333333333333,1724,0.447749154751405,0.340127048684652,3.72211569230769,4.18077783496211,4.02700892479171,0.0510325733295029,0.488479593139094,5.40071617455037,3.38543851845667,3.6,0.51219545893967,0.122187699817327
source/48kHz_DE_data/OR/Orthogonal/0007/OR007@3_3.mat,source,train,OR,1,1,1.05,2.05,28.7333333333333,1724,0.441520094710547,0.335638627439377,3.98538830769231,4.59281629661417,4.05288162527355,0.0437691455368078,0.489746000520112,5.32417302302874,3.30465302585684,3.6,0.497566400436191,0.126944063675817
source/48kHz_DE_data/OR/Orthogonal/0007/OR007@3_3.mat,source,train,OR,1,2,2.05,3.05,28.7333333333333,1724,0.444615726300165,0.33649528542858,3.91821415384615,4.43369379091108,4.19357390969561,0.0470221993355838,0.485007765531719,5.36654001718639,3.36555980658307,3.6,0.512618563352403,0.123353158967509
source/48kHz_DE_data/OR/Orthogonal/0021/OR021@3_0.mat,source,train,OR,1,0,0.05,1.05,29.9333333333333,1796,0.411741009979929,0.285547284589389,5.44578266666667,7.23304959707197,8.281090069269,-0.27573817782818,0.52968629441081,3.48836246497715,4.11024405440604,1,0.447104706832472,0.57907950352725
source/48kHz_DE_data/OR/Orthogonal/0021/OR021@3_0.mat,source,train,OR,1,1,1.05,2.05,29.9333333333333,1796,0.411059670517019,0.285710159292659,5.935732,7.92006364047573,8.35378014906266,-0.193250336911593,0.513987563481544,3.37724701074958,3.96859030896031,1,0.469430637324848,0.5858254817422
source/48kHz_DE_data/OR/Orthogonal/0021/OR021@3_1.mat,source,validation,OR,1,0,0.05,1.05,29.5,1770,0.760643239181949,0.520932722148,9.77895466666667,6.60849480831145,7.20059784648261,0.10657682868743,0.552240642976814,3.65003759635035,3.65934456310178,1,0.348826935560992,0.479743438183064
source/48kHz_DE_data/OR/Orthogonal/0021/OR021@3_1.mat,source,validation,OR,1,1,1.05,2.05,29.5,1770,0.761897837148063,0.519416147952419,10.8080986666667,7.63950228092207,7.4484025883108,0.0548588144136914,0.550162467531971,3.70238072923913,3.65368770559695,1,0.350808659011444,0.465505927030821
source/48kHz_DE_data/OR/Orthogonal/0021/OR021@3_1.mat,source,validation,OR,1,2,2.05,3.05,29.5,1770,0.759707752413684,0.518061721402044,9.71385066666667,6.88889542632259,7.6163631216019,-0.00995457371350397,0.544440749912471,3.82190143056972,3.7223902008312,1,0.364033263814251,0.462840494132046
source/48kHz_DE_data/OR/Orthogonal/0021/OR021@3_2.mat,source,train,OR,1,0,0.05,1.05,29.1,1746,0.718385913617871,0.491534325490317,8.70223466666667,6.30321727329936,6.73773238842776,0.0844313954572214,0.527974248116452,3.53677373058498,3.74659435346472,1,0.435417065383561,0.522406876873191
source/48kHz_DE_data/OR/Orthogonal/0021/OR021@3_2.mat,source,train,OR,1,1,1.05,2.05,29.1,1746,0.719878318130712,0.487424648971778,9.38332266666667,6.63546709264736,7.55152978552011,0.0660837841894477,0.545784362887645,3.55426364667126,3.62956757025175,1,0.400537562498544,0.498755732041946
source/48kHz_DE_data/OR/Orthogonal/0021/OR021@3_2.mat,source,train,OR,1,2,2.05,3.05,29.1,1746,0.718399255804476,0.486668298669806,8.98769066666667,6.50894638097916,7.50336711406987,0.0241338755316813,0.549243651727491,3.88804836595292,3.9390753299911,1,0.375652477994549,0.45539620113533
source/48kHz_DE_data/OR/Orthogonal/0021/OR021@3_3.mat,source,train,OR,1,0,0.05,1.05,28.65,1719,0.671660458316736,0.461116134410713,9.26396533333333,6.99628845949756,7.79650748267869,-0.107260762104119,0.557479138434105,3.69784779347723,3.74017956047093,1,0.354999648675004,0.445225532416259
source/48kHz_DE_data/OR/Orthogonal/0021/OR021@3_3.mat,source,train,OR,1,1,1.05,2.05,28.65,1719,0.677499139604467,0.467212584401611,9.25394933333333,7.18641099834412,7.58795763460328,-0.0953967188970638,0.568445084107928,3.77578768748114,3.70795931500677,1,0.342242696253271,0.442232145046637
source/48kHz_DE_data/OR/Orthogonal/0021/OR021@3_3.mat,source,train,OR,1,2,2.05,3.05,28.65,1719,0.671120461944789,0.462623911388444,8.89838133333333,6.95393562750677,7.25380266039317,-0.0972984173670482,0.547154777292273,3.86573886238605,3.88316042888854,1,0.343115726373231,0.436038247033804
source/48kHz_Normal_data/N_0.mat,source,test,N,0,0,0.05,1.05,29.9333333333333,1796,0.0726252748214006,0.0585068532081346,0.597891692307692,4.12320380047095,2.79636784028257,-0.0592096674965484,0.908153145571712,7.67552889558228,5.57115419316755,2.9,0.101289091857773,0.178998619522425
source/48kHz_Normal_data/N_0.mat,source,test,N,0,1,1.05,2.05,29.9333333333333,1796,0.0716708195368014,0.0578793970569087,0.535932923076923,3.86742125455068,2.76222765030107,-0.0120025545808655,0.890749881230159,6.62595423163472,5.1306869079805,5.4,0.109447330181035,0.190012273905831
source/48kHz_Normal_data/N_0.mat,source,test,N,0,2,2.05,3.05,29.9333333333333,1796,0.0720015385913799,0.0583184423528173,0.516114461538462,3.66582528878903,2.71200978651597,-0.0391357302094904,0.893932750534374,7.40600983943246,5.13064330860624,3.1,0.0964087096710717,0.169150006414099
source/48kHz_Normal_data/N_0.mat,source,test,N,0,3,3.05,4.05,29.9333333333333,1796,0.0738692872641263,0.0594667058246154,0.531760615384615,3.85838352001805,2.79183601969085,-0.0629639163511329,0.898743025609141,7.26053248854351,5.27631870221735,6.3,0.0626511781869192,0.207716222376082
source/48kHz_Normal_data/N_1_(1772rpm).mat,source,validation,N,0,0,0.05,1.05,29.5333333333333,1772,0.064994860613179,0.05221260521725,0.478563692307692,4.03382940571115,2.87130382302941,-0.188386458063778,0.887891813600979,6.57988631713039,4.63986482770229,2,0.178397236027397,0.196902533028708
source/48kHz_Normal_data/N_1_(1772rpm).mat,source,validation,N,0,1,1.05,2.05,29.5333333333333,1772,0.06532336466434,0.0524736234100176,0.520495384615385,4.27778145180747,2.88767751992021,-0.17191709718575,0.896899149681798,6.58387422617982,5.308481686232,3.4,0.077533206110599,0.245153209848485
source/48kHz_Normal_data/N_1_(1772rpm).mat,source,validation,N,0,2,2.05,3.05,29.5333333333333,1772,0.0652562515748537,0.052244574600117,0.542191384615385,4.89348069556001,2.89660524551653,-0.158690633471414,0.874053390344883,6.64281343358039,4.76178114056686,5.4,0.0947940682801751,0.228672324912014
source/48kHz_Normal_data/N_1_(1772rpm).mat,source,validation,N,0,3,3.05,4.05,29.5333333333333,1772,0.0653644500037657,0.0522146738311058,0.547615384615385,4.65170735571245,2.98007025715531,-0.184647904748967,0.865748784767618,6.18883694633002,4.49667422534376,2,0.175630708133917,0.202515488759456
source/48kHz_Normal_data/N_1_(1772rpm).mat,source,validation,N,0,4,4.05,5.05,29.5333333333333,1772,0.0653212229283723,0.0522280002012516,0.534681230769231,4.38618934895637,2.95682221537237,-0.149031898922843,0.876544607854215,6.23279415555596,4.59428061962586,5.4,0.114761178270382,0.2057713690523
source/48kHz_Normal_data/N_1_(1772rpm).mat,source,validation,N,0,5,5.05,6.05,29.5333333333333,1772,0.0649780247160242,0.0520002193525801,0.468550153846154,3.69105158554782,2.90708480051386,-0.150891525171246,0.85709634942452,5.86718385755896,4.50054771268938,2,0.164659673449037,0.24290694117884
source/48kHz_Normal_data/N_1_(1772rpm).mat,source,validation,N,0,6,6.05,7.05,29.5333333333333,1772,0.0655049670897953,0.0522810492591202,0.484404923076923,3.87968593279005,2.97108621332823,-0.177764255213152,0.890781925319496,6.83778559681891,5.28535303567942,2,0.129107186626863,0.260391904296692
source/48kHz_Normal_data/N_2_(1750rpm).mat,source,train,N,0,0,0.05,1.05,29.1666666666667,1750,0.0631974897447987,0.0506117074471154,0.507561230769231,4.48300950641809,2.94563296966624,-0.18421452271747,0.903129980804625,6.91622977049228,5.01391219356678,5.4,0.0831757292754727,0.176461690945147
source/48kHz_Normal_data/N_2_(1750rpm).mat,source,train,N,0,1,1.05,2.05,29.1666666666667,1750,0.0633822098737697,0.0508078146661538,0.604776,5.50403488131411,2.93520391458963,-0.157901155247363,0.896986619438414,6.3965160915909,5.07637734562468,1.2,0.307043999724146,0.251041325123193
source/48kHz_Normal_data/N_2_(1750rpm).mat,source,train,N,0,2,2.05,3.05,29.1666666666667,1750,0.0631532620988916,0.0505758929790224,0.499842461538462,4.32457683346753,2.92465400085176,-0.184051187927867,0.904098032146904,7.47671535830048,5.21989401840711,1.9,0.169036504970321,0.18792952629229
source/48kHz_Normal_data/N_2_(1750rpm).mat,source,train,N,0,3,3.05,4.05,29.1666666666667,1750,0.0633223215257668,0.0506851135726923,0.544903384615385,4.59360294574711,2.94728372386869,-0.177297452323612,0.876934024634127,5.7632383529055,5.07760414488617,3.4,0.0776991542490729,0.320002489274071
source/48kHz_Normal_data/N_2_(1750rpm).mat,source,train,N,0,4,4.05,5.05,29.1666666666667,1750,0.0631723514633848,0.0506708891102372,0.557003076923077,5.37708278129516,2.89995031622326,-0.156635518613555,0.893153025303371,7.12407802463047,5.34938661036452,1.1,0.317539279302591,0.156375527073418
source/48kHz_Normal_data/N_2_(1750rpm).mat,source,train,N,0,5,5.05,6.05,29.1666666666667,1750,0.0627948305292657,0.0503103041475865,0.472305230769231,4.0966202996861,2.89604712826241,-0.17394187912592,0.890545166031148,6.63547814077641,5.35161346896571,2,0.191806847237855,0.209838315262889
source/48kHz_Normal_data/N_2_(1750rpm).mat,source,train,N,0,6,6.05,7.05,29.1666666666667,1750,0.0627742314794178,0.0503942681268301,0.491706461538461,4.18442686166857,2.89426907895361,-0.171697167673758,0.913436445587286,7.36812105209109,5.06063498742651,9.8,0.0551061761225732,0.159082066325387
source/48kHz_Normal_data/N_3.mat,source,train,N,0,0,0.05,1.05,28.75,1725,0.0646978352010366,0.0516966066915385,0.511316307692308,4.00005439433704,2.94701086015744,-0.112932251998831,0.910759709166166,7.8861878399751,5.56869486370393,2,0.158855034612824,0.206827616324602
source/48kHz_Normal_data/N_3.mat,source,train,N,0,1,1.05,2.05,28.75,1725,0.0643879618698583,0.0515772942954984,0.530717538461538,4.16067143054712,2.91141902010467,-0.132099293936104,0.90853643228329,8.01660562756825,5.53279459337679,1,0.327119266917893,0.167761975114392
source/48kHz_Normal_data/N_3.mat,source,train,N,0,2,2.05,3.05,28.75,1725,0.0641342952976021,0.0512635351145529,0.504223384615385,4.0290424610185,2.94990575123931,-0.141297207256836,0.906186036553023,7.84487993716372,5.72834885450028,2,0.158119553095812,0.20543839873034
source/48kHz_Normal_data/N_3.mat,source,train,N,0,3,3.05,4.05,28.75,1725,0.0648236825626002,0.0518049433093878,0.479398153846154,3.73172402689654,2.95374876868607,-0.134572603974744,0.906704547422948,8.0457858948425,5.4151456512384,2,0.173923599800487,0.165808857758008
source/48kHz_Normal_data/N_3.mat,source,train,N,0,4,4.05,5.05,28.75,1725,0.0653368547102237,0.0521462741880946,0.539270769230769,4.5550029301805,2.96829327738917,-0.136518824619324,0.891637639136809,8.15325822081531,5.66731055750632,2,0.186027723297158,0.210714920855717
source/48kHz_Normal_data/N_3.mat,source,train,N,0,5,5.05,6.05,28.75,1725,0.0647425964700323,0.0518775311391266,0.52884,4.13923907008789,2.92687080656598,-0.126667606916498,0.906703855474454,8.50502397219038,5.57172485194612,3.8,0.113214101441963,0.137536619111879
source/48kHz_Normal_data/N_3.mat,source,train,N,0,6,6.05,7.05,28.75,1725,0.0648077752320462,0.0517340602644712,0.589338461538462,4.92848265817671,2.99837102494486,-0.117620477704037,0.891824680268164,7.10967921148674,5.35262555235876,2,0.166962428945468,0.231001413325005
target/A.mat,target,target,,-1,0,0.05,1.05,10,600,3.38113922507998,2.68291455425804,29.3553440167969,4.47223690748714,3.16921523693988,0.0336528842243589,0.924929782507765,8.50488871064103,5.6945309405533,3.2,0.152188963854364,0.134407042062532
target/A.mat,target,target,,-1,1,1.05,2.05,10,600,3.40662326195384,2.7079892383991,30.0397184144531,4.58489327033388,3.17087849792006,0.0314089284279013,0.922034897848551,10.2074948932657,6.15562652473573,2.4,0.177528487146178,0.117944754940945
target/A.mat,target,target,,-1,2,2.05,3.05,10,600,3.49991494823887,2.78274506758892,30.2181716320313,4.39126197050601,3.08976399519257,-0.0206437813581822,0.909413579152337,9.26735662844662,5.79241133309811,3.2,0.134695962279777,0.11152325679601
target/A.mat,target,target,,-1,3,3.05,4.05,10,600,3.43387188599833,2.72469795197641,28.2438313992187,4.37407002103162,3.09736496394133,0.0110590325357661,0.911151564638048,8.18225271697723,6.21464833119104,1,0.317074026748032,0.226850094821997
target/A.mat,target,target,,-1,4,4.05,5.05,10,600,3.45777525337303,2.74233032286824,29.1097430449219,4.63235006063338,3.15653361468404,0.0238576032685915,0.92089297077176,8.96026925381698,5.79577605041503,6.9,0.0764790126561397,0.164188783788691
target/A.mat,target,target,,-1,5,5.05,6.05,10,600,3.46228152711165,2.74052336538125,31.1679128332031,4.61655474617377,3.17183487220264,-0.0144140936278675,0.916946339283981,9.07583555684207,5.6100941151452,5.1,0.0952458259592777,0.137897842209754
target/A.mat,target,target,,-1,6,6.05,7.05,10,600,3.40437846147735,2.69659910906417,30.9353488992187,4.70153496465591,3.19103455954478,-0.00617245612711682,0.917898791909841,9.02246740831325,5.67112833163821,6.9,0.0860925899251472,0.128487974998094
target/B.mat,target,target,,-1,0,0.05,1.05,10,600,1.55962898992136,1.1922738299864,19.4425691742188,6.48642940030157,4.56815536064381,0.00167428174525516,0.916835946750256,8.59624542192394,5.81401018818317,2.3,0.139077187179088,0.123378504978797
target/B.mat,target,target,,-1,1,1.05,2.05,10,600,1.46433360971337,1.12145133025342,21.110468925,7.81292100398419,4.86076691618034,0.0937075333958326,0.936511853883144,8.86617917631415,5.73832429290306,6.8,0.074450627874974,0.141878929314474
target/B.mat,target,target,,-1,2,2.05,3.05,10,600,1.41580194454425,1.09531078595513,18.3799804945312,6.93892203709098,4.16704467457802,-0.00156504220739195,0.928243538514062,8.50750728006446,5.6317716812473,1.3,0.214231186239139,0.159246694092417
target/B.mat,target,target,,-1,3,3.05,4.05,10,600,1.51129323647528,1.15043725265682,24.9241529660156,8.89209889598611,5.36513977778712,0.0401970277049213,0.879503668390757,7.94122808511841,6.5106986588945,1.8,0.151950212264185,0.307368185790962
target/B.mat,target,target,,-1,4,4.05,5.05,10,600,1.40604824614919,1.08752070934967,18.359513746875,7.38898109909299,4.14536985369864,-0.00494034372928319,0.918194108507641,8.59796100662885,6.09849000037838,1.2,0.226622673757944,0.211483465088374
target/B.mat,target,target,,-1,5,5.05,6.05,10,600,1.41404420288174,1.09296048460406,19.3846735113281,6.88036354195206,4.33546894519465,0.0546785477682091,0.912281984296662,8.91529251850824,5.95622139211249,2.8,0.144596958498858,0.183287041739457
target/B.mat,target,target,,-1,6,6.05,7.05,10,600,1.53992588570333,1.17456491393862,20.48917696875,6.6902051491394,4.88718244435729,0.0345288563046627,0.901812669483558,7.2853803460199,5.71543381916588,7,0.0572070302290691,0.227440185142527
target/C.mat,target,target,,-1,0,0.05,1.05,10,600,31.992960258168,15.8471900054188,667.183030541016,10.8582339447534,28.7304550329377,0.17711526896096,0.759198093362497,5.52181439096443,4.75015739018992,1,0.638882386994579,0.355469615638981
target/C.mat,target,target,,-1,1,1.05,2.05,10,600,32.052241123214,16.0335512099048,678.539131642969,10.6643671176038,29.7237722078222,0.104409003956712,0.731400802589269,5.28918123398913,4.43276842523122,1,0.70185565248346,0.376502776610508
target/C.mat,target,target,,-1,2,2.05,3.05,10,600,32.1207171460815,16.2566151917859,685.521096257812,10.8539783743167,27.6604335168473,0.0553861100954541,0.751084718092864,5.20382265992893,4.59399548964575,1,0.66829771006122,0.364681265835008
target/C.mat,target,target,,-1,3,3.05,4.05,10,600,31.0560586080701,15.5143492823134,684.079592380078,11.0172597538139,28.8026069672552,0.0626290290804687,0.766579239253835,5.83429254095682,4.67175650087641,1,0.663680989784113,0.308623412116909
target/C.mat,target,target,,-1,4,4.05,5.05,10,600,31.6594908342707,16.0056657131966,690.25984925625,11.0371559400293,27.784885953575,-0.0313963758296449,0.768184173020218,5.37280866811723,4.39803070913483,1,0.630171304761694,0.319268096257337
target/C.mat,target,target,,-1,5,5.05,6.05,10,600,31.2170588551163,15.8497996981514,664.317545685937,11.008229620707,27.8452114582139,0.134579607125675,0.735983842923527,5.38035737326404,4.60947558824726,1,0.6822786107001,0.382850845886496
target/C.mat,target,target,,-1,6,6.05,7.05,10,600,31.0739353470357,15.740006478149,677.987370555469,11.0926221200851,27.96574122714,-0.0142070313938461,0.740678634881611,5.25126191609499,4.52329596413871,1,0.679516408741165,0.366323470126584
target/D.mat,target,target,,-1,0,0.05,1.05,10,600,8.34763549045819,6.64899579969055,68.3764600722656,4.3223825944237,3.03003967486296,0.0243064117642592,0.920239555669301,9.74114986945832,5.73873197719996,6.9,0.0574032488074427,0.124808851568976
target/D.mat,target,target,,-1,1,1.05,2.05,10,600,8.36010393907087,6.6653754248224,67.4623254046875,4.15013035016864,3.01971333345699,0.01176847872664,0.916573378917567,8.21808456372689,5.37007092209624,1.9,0.202627350700188,0.168857665539232
target/D.mat,target,target,,-1,2,2.05,3.05,10,600,8.37349747439507,6.64821994934536,71.3896980234375,4.51626715526188,3.07992231407185,0.0109526939724744,0.906316915469367,8.53745148210588,5.15580171341856,8.9,0.125035162154438,0.0956230105848623
target/D.mat,target,target,,-1,3,3.05,4.05,10,600,8.19788409876285,6.51274117902553,68.3873943621094,4.18118852861393,3.08939519801729,0.00687612063841207,0.918569921156218,9.34232098313205,5.92110471401286,6.3,0.0616135977824723,0.130894214961615
target/D.mat,target,target,,-1,4,4.05,5.05,10,600,8.25535759604038,6.56653574335868,68.6984608898437,4.26134052403853,3.08812215595763,0.00648366795013481,0.915763205223185,9.7731350870242,5.95536427194614,2.1,0.223492881000723,0.104966538105577
target/D.mat,target,target,,-1,5,5.05,6.05,10,600,8.33390379728603,6.62360176012872,66.7379987941406,4.18634737071897,3.09708328974763,0.0215485753278802,0.913281170557195,9.69227729010993,5.95832924700482,6.7,0.0506868952633063,0.107688298510291
target/D.mat,target,target,,-1,6,6.05,7.05,10,600,8.15904975065588,6.51366677169509,67.0213090476562,4.30642559286457,3.05527080383231,0.00925823306962767,0.932774920092659,9.28181870128891,5.81003427812211,4.9,0.107548417053646,0.141763252565636
target/E.mat,target,target,,-1,0,0.05,1.05,10,600,16.2020083975033,7.1028190013743,356.360421580078,11.0864834705078,39.1933568160475,0.174797132923492,0.848297192577916,6.94212972941236,5.20813645007551,1,0.526755488481498,0.240464779420576
target/E.mat,target,target,,-1,1,1.05,2.05,10,600,14.6701301533903,6.38078576963617,355.53376123125,12.2377380501091,41.4960253025805,-0.380925751199386,0.840628002638347,6.83946546837054,5.15858929887188,1,0.565995453610021,0.259301654770946
target/E.mat,target,target,,-1,2,2.05,3.05,10,600,16.5820953748898,7.18254092595283,358.652276767969,10.8252124082659,39.1702360415204,-0.0168122572679313,0.848243633799904,7.70435208870094,5.75269492850116,1,0.466056967504811,0.269123916236768
target/E.mat,target,target,,-1,3,3.05,4.05,10,600,15.5701547919251,6.76925626032471,356.77185928125,11.5486990592812,42.3205289857404,0.164943419884709,0.823253682556991,6.69230790329162,5.48778110818026,1,0.58581524115546,0.329148871639774
target/E.mat,target,target,,-1,4,4.05,5.05,10,600,15.3209433769689,6.63820608062716,358.670921133984,11.7173516489598,43.2266559643061,-0.259852425159381,0.842318668854908,7.16400214363378,5.48342385258914,1,0.563782810171422,0.24748978531221
target/E.mat,target,target,,-1,5,5.05,6.05,10,600,15.4706736626343,6.87697405109718,357.930473455078,11.568937319763,39.2311771470849,0.0146950205759304,0.836743311998583,7.16804699089231,5.39580276612563,1.9,0.225842531149379,0.284409320444997
target/E.mat,target,target,,-1,6,6.05,7.05,10,600,15.4937822816278,6.68673055360754,355.446146729297,11.5645308011496,43.6201632410226,0.0533448068096912,0.845702913325144,7.21158786503261,5.2260600614159,1,0.550719563165427,0.246771642427827
target/F.mat,target,target,,-1,0,0.05,1.05,10,600,5.70854962428254,4.53368719088263,44.6768073855469,4.06790772022528,3.09226039414299,0.0178369499458502,0.924470863003909,9.80278524014837,6.05079573210674,6.2,0.0797274439490132,0.103448515317276
target/F.mat,target,target,,-1,1,1.05,2.05,10,600,5.75382009105389,4.58391544182528,43.670992903125,3.8033205784218,3.03468944377408,0.0185428324806078,0.927633209699599,11.298105535065,5.92284563127109,6.3,0.0989630437538837,0.0843814707712874
target/F.mat,target,target,,-1,2,2.05,3.05,10,600,5.81280001176848,4.61872799664545,49.6827495691406,4.27376542476215,3.13537893866793,0.0123503751566423,0.905648123611264,9.3202641557554,5.74711894164743,8.3,0.130928505267162,0.153125138704609
target/F.mat,target,target,,-1,3,3.05,4.05,10,600,5.75368830899511,4.58013825784237,51.3589201289062,4.63678096658534,3.10706483558013,0.0144285919699462,0.905051138988957,8.54777921478522,6.0325624759182,6.3,0.0583135351605367,0.191783825746867
target/F.mat,target,target,,-1,4,4.05,5.05,10,600,5.75107268286882,4.5758772555599,44.7103111710937,4.11811647493539,3.06093124140745,-0.00511138627736802,0.912347371554012,10.5519789264602,5.48970140347456,8.2,0.0925450328298831,0.0829050741397397
target/F.mat,target,target,,-1,5,5.05,6.05,10,600,5.79088328657423,4.59275929869099,46.6500261527344,4.14792394599304,3.06951936747351,0.00185851541321626,0.91907010569429,8.40241592766807,6.3018845642301,1,0.286673161260231,0.233761812219259
target/F.mat,target,target,,-1,6,6.05,7.05,10,600,5.8389419228669,4.6417962623247,46.4480221570312,4.00077793532934,3.0837702495298,0.0175572704550282,0.910586591131745,10.1457245865892,5.38005692639628,8.3,0.0862973252487443,0.0714500836249082
target/G.mat,target,target,,-1,0,0.05,1.05,10,600,1.6473420888718,1.26794791942551,17.8643866734375,5.51578161958307,4.28440662011329,-0.0334091274083804,0.901087350631632,8.85625048388729,6.00401314286994,8.4,0.0833444756123523,0.19452955755705
target/G.mat,target,target,,-1,1,1.05,2.05,10,600,1.59145605229259,1.22899884517599,18.70380369375,6.18439121573629,4.08935856245478,-0.0518030669371227,0.913865169182141,8.64702415782546,5.48012222289945,9.4,0.0812697133066405,0.165252330649833
target/G.mat,target,target,,-1,2,2.05,3.05,10,600,1.61362705905471,1.23700120509527,20.0788607332031,6.53720133998311,4.54673379737764,0.000136073138804157,0.903057124034755,7.18046328131041,5.5773458876737,2.5,0.137717523274918,0.231058398208926
target/G.mat,target,target,,-1,3,3.05,4.05,10,600,1.57982313716013,1.21631817102017,17.924385084375,5.87415413970313,4.1389870656396,-0.0134379862535928,0.910364318585221,9.40808349881445,6.161982206484,1.2,0.243809255339105,0.180715685615123
target/G.mat,target,target,,-1,4,4.05,5.05,10,600,1.57720994825514,1.21529100501998,19.9032111796875,6.3216583003126,4.23151965175816,-0.0686708686828866,0.920000321160336,8.67578225156988,6.0479763091879,3.1,0.107020982717398,0.142250067147952
target/G.mat,target,target,,-1,5,5.05,6.05,10,600,1.61194605564481,1.23848902001979,18.8812756289062,5.95507492186259,4.24645694870151,-0.0280742869048796,0.919362426494264,8.49990743729407,5.69484439657996,9.6,0.0484041122089186,0.183254233705656
target/G.mat,target,target,,-1,6,6.05,7.05,10,600,1.60191888055267,1.23237317187413,20.4312813058594,6.51835809378721,4.51619107513865,-0.0287137479213217,0.903194468317961,7.5690333238142,5.77881886830696,1,0.315956222042548,0.266777585108195
target/H.mat,target,target,,-1,0,0.05,1.05,10,600,10.9008565651092,8.31999271419564,125.340885944531,6.10029397385233,4.80122991777162,-0.24686006537416,0.605832172862687,9.20708507480076,4.38597044610433,8.3,0.600085175983302,0.0665342863902208
target/H.mat,target,target,,-1,1,1.05,2.05,10,600,10.7988832876103,8.2213434652131,125.914936161328,6.24132023209601,4.99215136442939,-0.300975132010032,0.583126047912755,9.13523915347476,3.93976764036948,8.3,0.621494343528782,0.0416917600939184
target/H.mat,target,target,,-1,2,2.05,3.05,10,600,10.806080425911,8.24573789029363,129.288865494141,6.46901740929211,4.85334112239745,-0.235852441943031,0.60847581046965,9.00165754914745,3.82976571267355,8.3,0.618633645527275,0.049574097417281
target/H.mat,target,target,,-1,3,3.05,4.05,10,600,10.839617410306,8.2610649788934,125.986009045312,6.41579709111966,4.99151275438722,-0.306518490483214,0.639690998212721,8.68336382321247,4.20189187622848,8.3,0.555059565523214,0.0768603082997221
target/H.mat,target,target,,-1,4,4.05,5.05,10,600,10.814924817059,8.26851155759212,123.172952708203,6.22705206705949,4.86088758078732,-0.277291547698319,0.604128496186576,9.53436160832962,4.13880138446098,8.3,0.610199690342219,0.0422116891462814
target/H.mat,target,target,,-1,5,5.05,6.05,10,600,10.8185915643746,8.24109365981456,126.389736670312,6.31303191600546,4.89748156969782,-0.234713181772553,0.623227230404841,8.53206685100343,4.13951624284332,8.3,0.588692450024307,0.0884547052997738
target/H.mat,target,target,,-1,6,6.05,7.05,10,600,10.9183731768985,8.32247888190044,128.158147777734,6.36258476220706,4.91044017467742,-0.238664209794738,0.629793669728966,9.24248766403459,4.29955094928497,8.3,0.584938392851206,0.0634319533326739
target/I.mat,target,target,,-1,0,0.05,1.05,10,600,30.0110759331168,18.3387442384547,587.776395314062,9.88899998536788,21.6761683429085,0.0413293293550671,0.754685811801198,6.47918594221222,5.1349906159978,1,0.706965450223559,0.311100718882168
target/I.mat,target,target,,-1,1,1.05,2.05,10,600,29.8559413430928,18.1711903454715,597.726879438281,10.0430376277149,21.8812378951205,-0.123004349780883,0.739625372291382,6.31729526672714,5.1143027805473,1,0.737456747151472,0.336138595211181
target/I.mat,target,target,,-1,2,2.05,3.05,10,600,28.1956537442467,17.4057619953026,597.769775498437,10.6295429516365,22.0010351898188,0.13108413790752,0.781316995258639,6.44037184794379,5.0285715457443,1,0.684840446946168,0.323982810421775
target/I.mat,target,target,,-1,3,3.05,4.05,10,600,30.129530307951,18.5287541134044,587.696911437891,9.83490999102614,20.278132516561,-0.0397318913870454,0.725589063856462,6.14383932020031,4.72725176215709,1,0.740105157646552,0.348773612698513
target/I.mat,target,target,,-1,4,4.05,5.05,10,600,29.6579474297212,18.0667231829479,591.136025960156,10.0771242774481,22.2688864971573,0.0308294096520432,0.777669284851074,7.24065827899379,5.55474565361497,1,0.703680692962204,0.303008182969082
target/I.mat,target,target,,-1,5,5.05,6.05,10,600,29.3347324205191,17.9954644237264,586.078636541016,10.145242574288,21.4264716603707,-0.0168535162367921,0.755819671232033,6.24637109088173,4.76006662046579,1,0.717686304754277,0.293846604047109
target/I.mat,target,target,,-1,6,6.05,7.05,10,600,30.5393016354551,18.6739794425746,593.724648989062,9.77668188889671,20.2453060000521,0.061257970888104,0.778771453402912,7.470646578073,5.69804916647366,1,0.71729079811452,0.317042053609023
target/J.mat,target,target,,-1,0,0.05,1.05,10,600,30.4261340032773,15.2491245984128,828.862066216406,14.2124725493087,38.5249950492184,0.252971459529864,0.758361081893341,6.43638525023264,4.72793117389437,1,0.707166517041832,0.269416881677718
target/J.mat,target,target,,-1,1,1.05,2.05,10,600,30.9541974437624,15.7289180411768,772.582715657813,13.078094253949,34.8759797575466,0.207634677000088,0.766888543239611,6.68556285371615,5.15075055570134,1,0.715992998132829,0.299698093718171
target/J.mat,target,target,,-1,2,2.05,3.05,10,600,29.4995960244831,14.8827306043631,826.125269541797,14.2208928673596,41.5669070788704,0.271790765130502,0.773275788864574,6.5616807596766,5.05330803662213,1,0.673604619250301,0.2911191064168
target/J.mat,target,target,,-1,3,3.05,4.05,10,600,30.6503563563322,15.5548597247782,791.591698184766,13.2825550786661,36.0045939790599,0.173084005934642,0.745168097757373,6.2317690643611,5.02744341724871,1,0.738091785564368,0.328537739175943
target/J.mat,target,target,,-1,4,4.05,5.05,10,600,29.7056645493094,15.2095533362997,776.951385,13.8002138055877,34.8015714054609,0.236391328558514,0.769354548997524,6.79902586554369,5.08319451860339,1.9,0.255374494475254,0.290153105663083
target/J.mat,target,target,,-1,5,5.05,6.05,10,600,29.5155093603599,14.9732422624974,734.162004261328,12.5082297564799,37.4141914005044,0.150652257562592,0.762077415249983,6.68969312820991,4.91668372375781,1,0.744750641816516,0.269608725234773
target/J.mat,target,target,,-1,6,6.05,7.05,10,600,30.5002459011965,15.4915770645353,777.081054462891,13.3859624826624,37.5324230191815,0.459350242882452,0.748975479912179,6.43029092433233,5.01123664529158,1,0.742344591468116,0.31553463660205
target/K.mat,target,target,,-1,0,0.05,1.05,10,600,10.403196486537,8.12933682021259,105.772432253906,5.26070240136434,3.5155178919223,-0.0517344583203591,0.500997965662329,8.73998658450543,3.42458552507692,8.3,0.70049151077998,0.0425757351097714
target/K.mat,target,target,,-1,1,1.05,2.05,10,600,10.2803033989669,8.06383455772511,114.4567816875,5.66396657360038,3.55913558261975,-0.00561395914837997,0.504148685322022,9.0231469827794,3.47303471933544,8.3,0.707136619229099,0.0238517745216589
target/K.mat,target,target,,-1,2,2.05,3.05,10,600,10.2821509378305,8.05288635045344,104.852269708594,5.35051209069877,3.55782848490678,-0.0483740831340916,0.540837700687389,9.19191325110024,3.95934333437834,8.3,0.674088163659087,0.0465579935439813
target/K.mat,target,target,,-1,3,3.05,4.05,10,600,10.3430284682521,8.12258195468722,112.981353474609,5.77650928353533,3.44054872194142,-0.0177262456342344,0.498032640415331,9.04900855601231,3.3526795755885,8.3,0.705637984192143,0.0218030082502297
target/K.mat,target,target,,-1,4,4.05,5.05,10,600,10.2486448121867,8.03311357512894,114.436735489453,5.65119536410819,3.55908602596528,-0.0161372399851808,0.521356544560077,9.08559547969566,3.78311368059616,8.3,0.680324250993257,0.0386256910089133
target/K.mat,target,target,,-1,5,5.05,6.05,10,600,10.2343206561938,8.03364462511577,106.433255873438,6.02903755958189,3.52443388827967,-0.0501910340269105,0.506517623004287,8.96508532922581,3.53027600714377,8.3,0.701275072095645,0.0394600879375269
target/K.mat,target,target,,-1,6,6.05,7.05,10,600,10.2631806558797,8.02362843737784,110.853512634375,5.42172656489712,3.58914009732331,-0.00667579519114587,0.478133243008818,8.69529343407905,3.3091364301526,8.3,0.740578295821175,0.0279440222606467
target/L.mat,target,target,,-1,0,0.05,1.05,10,600,1.82085209626488,1.42455602076066,19.368832809375,5.38164426999247,3.67035503247096,0.0243631713944159,0.905210802650949,8.68244391719633,5.70599275026692,5.1,0.0792742623512546,0.129069549988923
target/L.mat,target,target,,-1,1,1.05,2.05,10,600,1.79379397780304,1.40176064648846,19.5189690199219,5.49647734757687,3.70108932259433,0.014057039786693,0.897820252069117,8.07945132568017,5.57054806882854,2.8,0.143680222082551,0.150573157803319
target/L.mat,target,target,,-1,2,2.05,3.05,10,600,1.84459508372483,1.44815192295155,18.9620211539062,5.35393026840922,3.45131860379818,0.00452402621007263,0.888359240110715,6.93173914479259,5.8080443610457,3.8,0.0776942121795434,0.288335017936867
target/L.mat,target,target,,-1,3,3.05,4.05,10,600,1.86376393048963,1.45257142082764,18.682495846875,5.36394313208068,3.70464479852184,0.0384608126930171,0.910337989913467,7.74818070716815,5.51671573740001,3.1,0.103006541014027,0.177814277127255
target/L.mat,target,target,,-1,4,4.05,5.05,10,600,1.85439562562091,1.44255795396084,19.8416707535156,5.54929492433408,3.754451005409,0.00614695024975068,0.87518850791586,7.16547855549196,6.42927723088623,1.3,0.24531138322069,0.360911050937101
target/L.mat,target,target,,-1,5,5.05,6.05,10,600,1.83334661223683,1.43354679351373,19.3619638324219,5.35808975468552,3.63815421056037,0.022659486747202,0.894784349834491,7.89530420407157,6.11102988813808,3.8,0.101977470487692,0.205305939869663
target/L.mat,target,target,,-1,6,6.05,7.05,10,600,1.84331203507695,1.44972608134386,18.2225547574219,5.02247744550499,3.38615999604869,0.00568033363842272,0.914452832265076,8.62972564301814,6.0236039929318,9.1,0.0416077177290281,0.223960827305185
target/M.mat,target,target,,-1,0,0.05,1.05,10,600,10.0221644585038,7.85398845719159,101.246196991406,5.41607996567015,3.44386174501849,-0.0735971511893371,0.569975723072222,8.73394870756677,3.66734295806182,8.3,0.62437077743748,0.0414195970163269
target/M.mat,target,target,,-1,1,1.05,2.05,10,600,10.0182316720485,7.88694459168512,81.6638651636719,4.08270209650061,3.29314448669847,-0.0753457828489227,0.574887974916152,8.9124806899569,3.84225154469797,8.3,0.609513732395345,0.0465116308671259
target/M.mat,target,target,,-1,2,2.05,3.05,10,600,10.0631662595587,7.91463814339631,87.9254282976563,4.38097950152427,3.29111213428092,-0.0844882215513168,0.540857171302683,8.72758414149875,3.56097561593589,8.3,0.656335851323396,0.0616319434446334
target/M.mat,target,target,,-1,3,3.05,4.05,10,600,10.008884582158,7.86340529012017,85.4356344269531,4.29654352603456,3.32966430282515,-0.0508891745966513,0.56631226626965,9.20537147302679,4.0220266776545,8.3,0.640813322498498,0.0501757712361929
target/M.mat,target,target,,-1,4,4.05,5.05,10,600,9.95263181278039,7.82245050480599,86.9761076460938,4.46562042673234,3.31037305259673,-0.0489432469002082,0.5689248870551,9.23548179889303,3.94093414113555,8.2,0.629743090629647,0.038277976641834
target/M.mat,target,target,,-1,5,5.05,6.05,10,600,9.98295156788349,7.86005067544583,87.5857643964844,4.51911351323137,3.28325158458324,-0.0880437375892466,0.547069693380224,9.11748704409345,4.00713590848503,8.2,0.647638788438514,0.0585571434691671
target/M.mat,target,target,,-1,6,6.05,7.05,10,600,9.93501952039554,7.84270009704007,91.3458984539062,4.72279201377287,3.24007884785876,-0.0369366908914316,0.547497705505507,8.87837200538632,3.65885050669939,8.3,0.657999798821306,0.0425743041345245
target/N.mat,target,target,,-1,0,0.05,1.05,10,600,9.32793094755111,6.05664098689569,288.18302165625,16.1024152706999,30.3653298387025,-0.184042076832711,0.915672074964145,9.91255843344829,5.39046752643831,7.8,0.0433770427210574,0.0994090822567547
target/N.mat,target,target,,-1,1,1.05,2.05,10,600,9.0523300344371,5.94788772365248,291.689283932812,16.8619553836269,32.2106247428634,-0.246296360715595,0.928759027568427,9.52056770194899,5.94713126112372,8.3,0.106486825166998,0.114185657874443
target/N.mat,target,target,,-1,2,2.05,3.05,10,600,9.67668958814087,6.16960808388693,290.52015601875,15.4608444957524,33.5496836392185,-0.00144474169238527,0.920368712435174,10.4444814446593,6.0750093633054,1.7,0.176636878831879,0.108355477826483
target/N.mat,target,target,,-1,3,3.05,4.05,10,600,9.06674183752696,6.00947717563916,269.980092547266,16.4716504993518,26.4614994793327,-0.0897725468736894,0.896607418810382,10.9053822322761,5.95896150780179,10,0.0585269164910976,0.121641499650568
target/N.mat,target,target,,-1,4,4.05,5.05,10,600,8.86483329586279,5.90662636563124,294.479910957422,17.1725252850414,28.0016803254271,-0.204797146586625,0.91707948702709,10.1107747629974,5.68284850879875,8.3,0.0947901640520746,0.116045802616489
target/N.mat,target,target,,-1,5,5.05,6.05,10,600,10.1382757506461,6.25566737060678,340.331033035547,17.2153684027134,44.521868762654,-0.0913776688536274,0.902679323149773,11.0813638381707,5.39986326258684,6.6,0.0543416981016236,0.0582664827341029
target/N.mat,target,target,,-1,6,6.05,7.05,10,600,9.05437951600605,5.99531487472868,303.391497363281,17.7096808049403,28.6116924763657,-0.0641218228959945,0.911478301526466,9.91310288283568,5.6651555049514,1.6,0.162615770937686,0.111858875690689
target/O.mat,target,target,,-1,0,0.05,1.05,10,600,1.50171965174318,1.15166937276207,19.7016277335937,6.8816348350158,4.62490187929703,0.0738529930497756,0.87513722629653,7.56720551394399,5.78582084891302,1,0.357605885151718,0.267114896254257
target/O.mat,target,target,,-1,1,1.05,2.05,10,600,1.46617983047974,1.13862249809449,15.1413279527344,5.18786162123832,3.81159648917497,-0.0208757044366645,0.888177043291329,8.14603676495181,6.15360371733517,1,0.401085699480315,0.21976426708665
target/O.mat,target,target,,-1,2,2.05,3.05,10,600,1.45113765285855,1.13053654201755,16.3701739113281,5.75936635450947,3.73581931830858,0.00545068714028407,0.90549664043942,8.06842450288275,5.83668566084181,1,0.374613738325519,0.187887252475518
target/O.mat,target,target,,-1,3,3.05,4.05,10,600,1.44824596301398,1.12703127698142,14.7905895785156,5.17423318749435,3.77761673099659,0.0307469849564713,0.900946596481406,7.67616678254243,5.70671979119627,1,0.328353640435564,0.200582363536053
target/O.mat,target,target,,-1,4,4.05,5.05,10,600,1.42075367438234,1.10695488140021,14.7385816101562,5.24859993401915,3.79318824719791,0.0291519501827678,0.90418904631067,9.15155729935945,6.18475969718415,1.3,0.255075801128332,0.197243462630338
target/O.mat,target,target,,-1,5,5.05,6.05,10,600,1.47884051079474,1.14424562728408,16.163684053125,5.54796141656438,3.95919273685466,0.0187180719050178,0.890156539723244,8.29644727980012,6.1821618267785,1,0.325740628562102,0.243891631045849
target/O.mat,target,target,,-1,6,6.05,7.05,10,600,1.43308872406389,1.11378076804812,14.5086811570312,5.16571983575974,3.76799903740615,0.057120217150758,0.882186569953917,7.72275528395196,6.05667991762027,1,0.380107581889346,0.2702441027068
target/P.mat,target,target,,-1,0,0.05,1.05,10,600,8.4491136136681,6.68741926016635,69.5635314363281,4.20036570778444,3.14830537968351,0.0123544486553764,0.928013076148533,9.4213951421383,6.04127355252474,2.8,0.148835593293711,0.116588457466188
target/P.mat,target,target,,-1,1,1.05,2.05,10,600,8.53933913733812,6.80500257889023,68.5396333207031,4.11045734396477,3.04175310356808,0.00688474951032324,0.900609154873651,10.462324858039,5.38928696387175,6.2,0.0799277690884302,0.0672892093254997
target/P.mat,target,target,,-1,2,2.05,3.05,10,600,8.44945442311218,6.69675183743687,71.7709963359375,4.37103741533008,3.14223843265388,0.000984318553122625,0.917951480351744,8.56822171473867,5.31424026619375,9.6,0.05653661075716,0.121869001266299
target/P.mat,target,target,,-1,3,3.05,4.05,10,600,8.43382223458869,6.69270020409451,66.9793942699219,3.99979423697158,3.09893310196879,0.0207710640460889,0.903511885136995,8.55378366123623,5.88903960630215,2.8,0.198683758446378,0.119019639153552
target/P.mat,target,target,,-1,4,4.05,5.05,10,600,8.49555057791842,6.76411475536248,70.3275298933594,4.27788181884431,3.09347728602398,0.0197518165054151,0.928791837959402,8.44882302755216,5.83010840916299,1.8,0.201464902233226,0.176296247533783
target/P.mat,target,target,,-1,5,5.05,6.05,10,600,8.44069808870204,6.70519334300824,68.9293426253906,4.30589230978957,3.08871471083816,0.0225523287467629,0.916468891117692,10.1300418924077,6.04396687076183,5.9,0.0713103808097806,0.105996741738289
target/P.mat,target,target,,-1,6,6.05,7.05,10,600,8.35414269899911,6.6527242415378,68.6207993953125,4.36465811813537,3.03347173029075,0.0138933000819396,0.933918540716205,9.10793174217182,5.21309739179401,1.5,0.223594849310884,0.0939798563614904
