file_id,domain,split,label,label_code,window_index,start_seconds,end_seconds,actual_revolutions,rpm_used,env_spread_order,env_entropy,env_centroid_order,skewness,peak_to_peak,env_harmonic_ratio,crest_factor,env_low_order_ratio
source/12kHz_DE_data/B/0007/B007_0.mat,source,validation,B,3,0,0.05,1.05,29.9333333333333,1796,0.185386565496462,0.834671728912467,0.0558252199303905,-0.355526159292142,-1.07598603901705,-0.740653367413004,-1.06832560355695,-0.284046587678673
source/12kHz_DE_data/B/0007/B007_0.mat,source,validation,B,3,1,1.05,2.05,29.9333333333333,1796,0.555294577174088,1.04261841680294,0.225394222820848,-0.0799185128109324,-1.05590210810885,-0.918944887612355,-0.974124364059166,-0.157343568391864
source/12kHz_DE_data/B/0007/B007_0.mat,source,validation,B,3,2,2.05,3.05,29.9333333333333,1796,0.706204946283356,1.12942348495454,0.36593740095251,-0.151439200895926,-1.06920347323192,-0.966909934079385,-0.944259070852192,-0.0793313665011849
source/12kHz_DE_data/B/0007/B007_0.mat,source,validation,B,3,3,3.05,4.05,29.9333333333333,1796,0.279549553024252,1.11119823666048,-0.102901878863361,-0.315565157417491,-1.05111663113823,-0.988555729127424,-0.828429710120057,0.364816784299488
source/12kHz_DE_data/B/0007/B007_0.mat,source,validation,B,3,4,4.05,5.05,29.9333333333333,1796,0.288148226520753,0.914164947668068,0.00241197294750997,-0.197993522507727,-1.07681501927968,-1.01604235501505,-0.964944897460661,-0.0505092768424816
source/12kHz_DE_data/B/0007/B007_0.mat,source,validation,B,3,5,5.05,6.05,29.9333333333333,1796,0.570470998967601,0.897766385207727,0.0221926375390133,-0.122828320106737,-1.06411654889307,-1.05670483691745,-0.906742842004847,0.227306899226109
source/12kHz_DE_data/B/0007/B007_0.mat,source,validation,B,3,6,6.05,7.05,29.9333333333333,1796,0.32682440619074,1.01805810109303,-0.0118697434688039,-0.0515367102839046,-1.07538314428059,-0.966541885897051,-1.08250259548313,-0.268932535341854
source/12kHz_DE_data/B/0007/B007_1.mat,source,test,B,3,0,0.05,1.05,29.5333333333333,1772,0.408535926258662,0.81815688520521,0.293573954410481,-0.0807597847982566,-1.03129646667723,-1.02643488331133,-0.809123409511055,-0.150792711020718
source/12kHz_DE_data/B/0007/B007_1.mat,source,test,B,3,1,1.05,2.05,29.5333333333333,1772,0.48725597305356,0.998384989506083,0.509947211763774,0.14234697363345,-1.08499177914287,-1.22007481060158,-1.05109576721009,-0.481830286487818
source/12kHz_DE_data/B/0007/B007_1.mat,source,test,B,3,2,2.05,3.05,29.5333333333333,1772,0.401371571132168,1.00597556460897,0.6498017989353,0.0366213503047378,-1.02666171339072,-1.18187057597462,-0.72523069762722,-0.457518609773174
source/12kHz_DE_data/B/0007/B007_1.mat,source,test,B,3,3,3.05,4.05,29.5333333333333,1772,0.444727247675603,0.731921353049516,0.554695064864107,-0.0437820122584051,-1.07794544691053,-0.806912682429722,-1.13388201316818,-0.496452084584296
source/12kHz_DE_data/B/0007/B007_1.mat,source,test,B,3,4,4.05,5.05,29.5333333333333,1772,0.534981373069796,1.02297471921891,0.822269699190407,-0.100908400645851,-1.07564691072779,-1.25411933528185,-1.02510528401105,-0.686625193821875
source/12kHz_DE_data/B/0007/B007_1.mat,source,test,B,3,5,5.05,6.05,29.5333333333333,1772,0.646052025527922,1.01974852731978,0.937103235922999,-0.0836848132279535,-1.07527010151751,-0.714250563001693,-1.10738581960443,-0.781163962938623
source/12kHz_DE_data/B/0007/B007_1.mat,source,test,B,3,6,6.05,7.05,29.5333333333333,1772,0.57421204190674,0.849735434474973,0.415856709446401,-0.255148934060692,-1.06690493704918,-0.471428193352942,-0.997945840748214,-0.0439933165314747
source/12kHz_DE_data/B/0007/B007_2.mat,source,train,B,3,0,0.05,1.05,29.1333333333333,1748,1.43590815811531,1.23810904126903,1.50716434422072,0.0285767817086429,-1.06528465744495,-0.798344388192163,-1.11985014616189,-0.662321852322114
source/12kHz_DE_data/B/0007/B007_2.mat,source,train,B,3,1,1.05,2.05,29.1333333333333,1748,1.12297618200933,1.08407462066016,1.05442619717521,0.0914849609910632,-1.07621212454322,-0.592036605838424,-1.20168893001451,-0.256087773861372
source/12kHz_DE_data/B/0007/B007_2.mat,source,train,B,3,2,2.05,3.05,29.1333333333333,1748,1.17293589380587,0.975095609897561,0.724560769048216,0.0761931724058579,-1.05360357192611,-0.471591890376777,-0.99855295692388,0.126338289922819
source/12kHz_DE_data/B/0007/B007_2.mat,source,train,B,3,3,3.05,4.05,29.1333333333333,1748,0.812810937799645,1.08441080212542,0.840695302425619,0.138321641892988,-1.06600059494449,-0.738128154324913,-1.11532235597987,-0.44521310098972
source/12kHz_DE_data/B/0007/B007_2.mat,source,train,B,3,4,4.05,5.05,29.1333333333333,1748,0.617060594485068,1.07435537799039,0.656247427703179,0.114446424995408,-1.07734255217408,-1.18124120325178,-1.16882576832623,-0.599260718288687
source/12kHz_DE_data/B/0007/B007_2.mat,source,train,B,3,5,5.05,6.05,29.1333333333333,1748,0.797378845222214,1.00855249076279,0.754612070165991,0.196340140351586,-1.06592523310244,-1.09100647130208,-1.06917690284967,-0.58028031724581
source/12kHz_DE_data/B/0007/B007_2.mat,source,train,B,3,6,6.05,7.05,29.1333333333333,1748,0.592113833130607,0.986406034221732,0.744756413641508,0.0772739353525717,-1.06076294692153,-1.17747623412036,-1.07095320666263,-0.588621613682516
source/12kHz_DE_data/B/0007/B007_3.mat,source,train,B,3,0,0.05,1.05,28.7,1722,1.41015037134363,1.01325429447055,1.72625749882284,-0.0755578442590012,-1.04572825943115,-1.0942111168365,-1.01313411529484,-0.879746245096005
source/12kHz_DE_data/B/0007/B007_3.mat,source,train,B,3,1,1.05,2.05,28.7,1722,1.46686151004506,1.05159932316735,1.19027675244962,0.0318267821397107,-1.07489329230722,-0.560797810450839,-1.19606350323418,-0.188335250934385
source/12kHz_DE_data/B/0007/B007_3.mat,source,train,B,3,2,2.05,3.05,28.7,1722,1.36600317934483,0.946897583219077,1.39679628664144,-0.00561072904016224,-1.04467319364235,-0.692217008070179,-1.07219431132789,-0.507792062995353
source/12kHz_DE_data/B/0007/B007_3.mat,source,train,B,3,3,3.05,4.05,28.7,1722,1.62452279339962,1.16386539700824,1.2908958358562,-0.003967824232641,-1.03642107193711,-0.686146298521994,-1.01417773441615,-0.242102383994652
source/12kHz_DE_data/B/0007/B007_3.mat,source,train,B,3,4,4.05,5.05,28.7,1722,1.49716122750692,1.31498161201333,1.34164918904002,-0.174850822238789,-1.05838904889673,-0.77595898385515,-1.14074439610613,-0.370866972686274
source/12kHz_DE_data/B/0007/B007_3.mat,source,train,B,3,5,5.05,6.05,28.7,1722,1.34112327172462,1.03205814486856,1.01913591258382,0.10897098665945,-0.993954673937969,-0.646657812913289,-0.73961967817564,-0.305222707890332
source/12kHz_DE_data/B/0007/B007_3.mat,source,train,B,3,6,6.05,7.05,28.7,1722,1.46180456969701,1.34994920454923,1.20225046191477,0.0335859406968371,-1.0443340653531,-0.837785117365075,-1.00188851747433,-0.550631573079963
source/12kHz_DE_data/B/0014/B014_0.mat,source,train,B,3,0,0.05,1.05,29.9333333333333,1796,-0.22660865222805,0.941078141229812,-0.84395229156199,-0.459041753595858,-0.496491154519491,-0.773868802866635,1.19711527637688,0.798377432981062
source/12kHz_DE_data/B/0014/B014_0.mat,source,train,B,3,1,1.05,2.05,29.9333333333333,1796,-0.368208009702239,0.866607396554491,-0.990383085146934,0.457277990715439,-0.644991664292875,-0.702914154905703,1.61920815618291,0.794091032197429
source/12kHz_DE_data/B/0014/B014_0.mat,source,train,B,3,2,2.05,3.05,29.9333333333333,1796,-0.504557831469741,0.797091526400435,-1.29563703611564,4.14439162640054,-0.336874773042694,-1.00837398744331,3.47480416293403,1.27939915314037
source/12kHz_DE_data/B/0014/B014_0.mat,source,train,B,3,3,3.05,4.05,29.9333333333333,1796,0.613355042092527,1.2583851432684,-0.00916154664576855,-0.302881984353413,-1.00420388445773,-0.0879312156286579,0.392133202728953,0.0742561061624072
source/12kHz_DE_data/B/0014/B014_0.mat,source,train,B,3,4,4.05,5.05,29.9333333333333,1796,0.739216176409044,1.23946605279843,-0.119719902376969,0.245983298282632,-0.821639822074562,-1.16033338669961,1.73706981696231,0.0721408170629066
source/12kHz_DE_data/B/0014/B014_0.mat,source,train,B,3,5,5.05,6.05,29.9333333333333,1796,0.141549849056324,1.09060492696956,-0.643411073009583,2.6540512445549,-0.393999049321925,-0.379063125337052,3.50455348370298,0.729508615936822
source/12kHz_DE_data/B/0014/B014_0.mat,source,train,B,3,6,6.05,7.05,29.9333333333333,1796,-0.344916611433116,0.668715993794513,-1.33169145717034,0.939488189515477,-0.620649789308454,-1.28878980844777,1.04681353238467,1.44315538785654
source/12kHz_DE_data/B/0014/B014_1.mat,source,train,B,3,0,0.05,1.05,29.5333333333333,1772,-0.129654625530656,1.01020643028602,-0.440044849835948,-0.14093088930855,-0.734069361604289,-0.422514062150531,0.725588249696802,0.379220976217132
source/12kHz_DE_data/B/0014/B014_1.mat,source,train,B,3,1,1.05,2.05,29.5333333333333,1772,-0.45403737803519,0.739653358767532,-0.938074637470625,-0.310141966302519,-0.739344690548281,-0.826813407707963,0.314194764535799,1.02297914459982
source/12kHz_DE_data/B/0014/B014_1.mat,source,train,B,3,2,2.05,3.05,29.5333333333333,1772,-0.0491763328596117,1.09545857949139,-0.168614314643425,0.155281696521935,-0.92737248648058,-0.984623244231246,0.0701996116865532,-0.136070507042502
source/12kHz_DE_data/B/0014/B014_1.mat,source,train,B,3,3,3.05,4.05,29.5333333333333,1772,0.381951636172084,1.25894936843403,0.0314725282948428,0.601735423681737,-0.847677338505267,-1.23196602608886,0.35680879525634,0.0367979062604191
source/12kHz_DE_data/B/0014/B014_1.mat,source,train,B,3,4,4.05,5.05,29.5333333333333,1772,-0.240723203888216,0.901555129105214,-0.484073850284773,0.0522413896045032,-0.714626006353574,-0.341588786307007,0.523081144991589,0.220940620291675
source/12kHz_DE_data/B/0014/B014_1.mat,source,train,B,3,5,5.05,6.05,29.5333333333333,1772,0.0337017758939811,0.98088382777267,-0.507028670616922,0.152084099235342,-0.866969970071868,-0.566880343442159,0.374872962478186,0.592644563050348
source/12kHz_DE_data/B/0014/B014_1.mat,source,train,B,3,6,6.05,7.05,29.5333333333333,1772,0.376312541590192,1.09885900286192,-0.353320042678811,-0.351055815359262,-0.88290899966693,-0.740640902678694,0.295661013364771,0.628819781955886
source/12kHz_DE_data/B/0014/B014_2.mat,source,train,B,3,0,0.05,1.05,29.15,1749,-0.377805396218557,0.885872780546093,-1.1012954448201,2.33450340914108,-0.59253982222118,-0.551455349024677,2.15118452939125,1.0697920076038
source/12kHz_DE_data/B/0014/B014_2.mat,source,train,B,3,1,1.05,2.05,29.15,1749,0.873677825554771,0.977184414125263,-0.427735401392545,0.214148889730395,-0.667939345199242,-0.202321357216375,0.988094315935573,1.07510712207033
source/12kHz_DE_data/B/0014/B014_2.mat,source,train,B,3,2,2.05,3.05,29.15,1749,-0.500128013023951,0.739977645676378,-1.16551043529611,0.472449467815502,-0.682860989926535,-0.206904790727782,0.822647532081788,1.3711830832071
source/12kHz_DE_data/B/0014/B014_2.mat,source,train,B,3,3,3.05,4.05,29.15,1749,0.40157707138034,1.1427243991293,-0.311034687388237,0.618015961269066,-0.913618950305171,-0.603521732965949,0.474056222421501,0.185809266884986
source/12kHz_DE_data/B/0014/B014_2.mat,source,train,B,3,4,4.05,5.05,29.15,1749,0.933786979946286,1.16582913532974,0.0547955583404105,0.124367235334872,-1.00032274959179,-0.427954475012344,-0.098973615272307,0.541276318500357
source/12kHz_DE_data/B/0014/B014_2.mat,source,train,B,3,5,5.05,6.05,29.15,1749,0.400927617668388,0.605220589194595,-0.928421609471148,1.47930773009753,-0.753550397776032,-0.375715872325252,0.631250659389401,1.52304934559135
source/12kHz_DE_data/B/0014/B014_2.mat,source,train,B,3,6,6.05,7.05,29.15,1749,0.242883647394962,0.771332559962005,-0.78658768215993,1.06659240494776,-0.57501819394292,-0.650252042538544,1.64583775236987,1.14112027232049
source/12kHz_DE_data/B/0014/B014_3.mat,source,train,B,3,0,0.05,1.05,28.7333333333333,1724,0.59864032274643,1.07914578601435,0.010946201128595,1.2002100314529,-0.458094295991432,-0.575563782017459,2.71690182853356,0.264788749054199
source/12kHz_DE_data/B/0014/B014_3.mat,source,train,B,3,1,1.05,2.05,28.7333333333333,1724,0.806310615055124,1.28484919536396,0.173363372836534,0.207686181128394,-0.89816977268348,-0.113961974384796,0.328024208814813,-0.0356881231832104
source/12kHz_DE_data/B/0014/B014_3.mat,source,train,B,3,2,2.05,3.05,28.7333333333333,1724,-0.182005879887114,0.718419716696494,-0.893234403017137,2.0646277879716,-0.586774641303817,-0.560585872974949,1.47577884156574,0.836742125530051
source/12kHz_DE_data/B/0014/B014_3.mat,source,train,B,3,3,3.05,4.05,28.7333333333333,1724,0.629876890383206,0.740864287349891,-1.03001918196076,1.37399939144194,-0.647365562317672,-0.362681713129287,1.43126947379214,1.66852696782355
source/12kHz_DE_data/B/0014/B014_3.mat,source,train,B,3,4,4.05,5.05,28.7333333333333,1724,0.43657946972796,1.01764155759101,-0.394251528289596,1.66968376070328,-0.634026516273577,-0.302271477773688,1.20590526281008,0.522535949358757
source/12kHz_DE_data/B/0014/B014_3.mat,source,train,B,3,5,5.05,6.05,28.7333333333333,1724,0.751459076285608,1.19740033544067,-0.193250336096345,1.24627959540055,-0.807283391162697,-0.657807384319064,1.08644903746792,0.354994423745851
source/12kHz_DE_data/B/0014/B014_3.mat,source,train,B,3,6,6.05,7.05,28.7333333333333,1724,0.773129570940697,1.07191123533613,-0.309800166963539,-0.742853069198981,-1.05096590745412,-0.662880954500205,-0.534440616520472,0.794905335023044
source/12kHz_DE_data/B/0021/B021_0.mat,source,train,B,3,0,0.05,1.05,29.9333333333333,1796,1.21584394974495,1.30166024356803,1.12336343638318,-0.0615981579906772,-1.06031077586919,-0.829927231636055,-0.616484763201641,-0.549896454829075
source/12kHz_DE_data/B/0021/B021_0.mat,source,train,B,3,1,1.05,2.05,29.9333333333333,1796,1.37742121091532,1.48039913122616,1.42815058915701,-0.0747727373506332,-1.06769623639078,-1.42722456999992,-0.74222289034824,-0.748355557539489
source/12kHz_DE_data/B/0021/B021_0.mat,source,train,B,3,2,2.05,3.05,29.9333333333333,1796,1.30720367292625,1.3860811235898,0.81910394490537,-0.254582243513373,-0.941389789103188,-1.31324666532356,0.0643199455178469,-0.534764015271324
source/12kHz_DE_data/B/0021/B021_0.mat,source,train,B,3,3,3.05,4.05,29.9333333333333,1796,0.673522523780569,1.13876398849222,0.124667285850506,0.233573976411467,-0.631690299169809,-1.14488605469738,1.21392931744375,-0.107212815812586
source/12kHz_DE_data/B/0021/B021_0.mat,source,train,B,3,4,4.05,5.05,29.9333333333333,1796,0.902822063316101,1.38749954498886,0.890104363964069,0.104113627691325,-0.578899328808857,-1.34339997192426,1.72276535450301,-0.619789396981317
source/12kHz_DE_data/B/0021/B021_0.mat,source,train,B,3,5,5.05,6.05,29.9333333333333,1796,0.554419320268275,1.38354431991977,0.984256070994728,-0.409650347886157,-0.581461631438796,-1.24456647160991,1.01348563957797,-0.815002260794848
source/12kHz_DE_data/B/0021/B021_0.mat,source,train,B,3,6,6.05,7.05,29.9333333333333,1796,0.933989605461051,1.33961248701627,0.932381731752713,-0.202805927146814,-0.954314345015969,-1.08303520062159,-0.28018132207914,-0.586609938469314
source/12kHz_DE_data/B/0021/B021_1.mat,source,validation,B,3,0,0.05,1.05,29.5666666666667,1774,0.790784215755031,1.2011168086413,1.15753906731129,-0.330095920379553,-1.07334837454505,-1.24376675834155,-0.627853962252333,-0.783911491377754
source/12kHz_DE_data/B/0021/B021_1.mat,source,validation,B,3,1,1.05,2.05,29.5666666666667,1774,0.739246607120757,1.184794206799,1.14153073245143,0.0163848813205315,-1.11645534820168,-1.22485062033296,-0.983493471071383,-0.793694865920292
source/12kHz_DE_data/B/0021/B021_1.mat,source,validation,B,3,2,2.05,3.05,29.5666666666667,1774,0.936268802623368,1.34546082072353,0.626435519298172,0.574262306355814,-0.725515792530816,-1.07382779122726,1.33250332378947,-0.30402408831664
source/12kHz_DE_data/B/0021/B021_1.mat,source,validation,B,3,3,3.05,4.05,29.5666666666667,1774,0.791525219697581,1.09929550033699,1.03759416737628,-0.257967849744025,-1.11460898307128,-0.84592720075476,-0.973419401176324,-0.737037849713161
source/12kHz_DE_data/B/0021/B021_1.mat,source,validation,B,3,4,4.05,5.05,29.5666666666667,1774,0.955789301034424,1.21431166923273,0.91133028921074,-0.270429885242438,-1.00567344037784,-1.02081332130211,-0.217424941473246,-0.571635288398172
source/12kHz_DE_data/B/0021/B021_1.mat,source,validation,B,3,5,5.05,6.05,29.5666666666667,1774,0.80512217393309,1.35253237586002,1.00261473110462,-0.201205202221859,-0.646875710344301,-1.3257293046184,1.42062625504647,-0.713364068724836
source/12kHz_DE_data/B/0021/B021_1.mat,source,validation,B,3,6,6.05,7.05,29.5666666666667,1774,0.560423984993905,1.29425654550706,0.481582823865681,-0.0535391446042231,-0.683388522820934,-0.7976049415919,1.48660724177326,-0.676976030207534
source/12kHz_DE_data/B/0021/B021_2.mat,source,validation,B,3,0,0.05,1.05,29.2333333333333,1754,0.813783263362611,1.14432603069489,1.18657688428502,-0.207823445348402,-1.12836251924669,-1.03812293531087,-1.03487335578024,-0.823923500747772
source/12kHz_DE_data/B/0021/B021_2.mat,source,validation,B,3,1,1.05,2.05,29.2333333333333,1754,1.11262754308666,1.3417110046325,1.29381604643147,0.0312227472699627,-1.11468434491334,-0.978415041275182,-0.947759896842137,-0.864743999662525
source/12kHz_DE_data/B/0021/B021_2.mat,source,validation,B,3,2,2.05,3.05,29.2333333333333,1754,1.62216522458996,1.40809331065375,1.33359561581377,0.176761972961638,-1.10213659821084,-0.943920293049313,-0.730660856100694,-0.618202670604378
source/12kHz_DE_data/B/0021/B021_2.mat,source,validation,B,3,3,3.05,4.05,29.2333333333333,1754,1.24579787813787,1.35236079683261,1.35831792361544,-0.0797933342612397,-1.12986975608783,-0.910842123268953,-1.08386031365362,-0.759977614812123
source/12kHz_DE_data/B/0021/B021_2.mat,source,validation,B,3,4,4.05,5.05,29.2333333333333,1754,1.1736820729239,1.24799175136672,1.22770130384241,-0.356183898772139,-1.10978582517963,-1.08299773228441,-0.873174824338735,-0.801511255112275
source/12kHz_DE_data/B/0021/B021_2.mat,source,validation,B,3,5,5.05,6.05,29.2333333333333,1754,1.34535666104933,1.39566121407004,1.71767313551281,-0.480272577314948,-1.11257421333574,-1.14432136832666,-0.929720839278849,-0.992553270782316
source/12kHz_DE_data/B/0021/B021_2.mat,source,validation,B,3,6,6.05,7.05,29.2333333333333,1754,1.19141615817683,1.41738349103638,1.45680879988032,-0.180518658942385,-1.1092206113642,-1.00598061540378,-0.834378114229846,-0.918583877674681
source/12kHz_DE_data/B/0021/B021_3.mat,source,train,B,3,0,0.05,1.05,28.8166666666667,1729,2.20348755634787,1.49398419701694,2.11297025729341,-0.0563661492036503,-1.11396840741379,-0.791496287134813,-1.06603191042443,-0.726592807265716
source/12kHz_DE_data/B/0021/B021_3.mat,source,train,B,3,1,1.05,2.05,28.8166666666667,1729,1.99369312463151,1.51306798227679,2.02098796032404,-0.146919619314169,-1.08322077585453,-1.21331956077658,-0.887565986258759,-0.875321314517984
source/12kHz_DE_data/B/0021/B021_3.mat,source,train,B,3,2,2.05,3.05,28.8166666666667,1729,2.04297774677361,1.57841458864745,2.17851753325885,0.104773530179593,-1.1022119600529,-0.895992846521569,-0.998477925786372,-0.699865588669409
source/12kHz_DE_data/B/0021/B021_3.mat,source,train,B,3,3,3.05,4.05,28.8166666666667,1729,2.39650987045168,1.54848483122906,1.94344849671522,0.238787741695873,-1.11234812780957,-0.77291712137496,-1.06843628727064,-0.60788996458295
source/12kHz_DE_data/B/0021/B021_3.mat,source,train,B,3,4,4.05,5.05,28.8166666666667,1729,1.84449456086337,1.58645264183213,2.48883782526195,0.0228400055423332,-1.10530179557724,-0.844759559784147,-1.02147718342038,-1.02013149216973
source/12kHz_DE_data/B/0021/B021_3.mat,source,train,B,3,5,5.05,6.05,28.8166666666667,1729,2.1129906215252,1.39735665252799,2.22293531080158,-0.0405016541911161,-1.10134529886924,-0.947046460642395,-0.941413386649244,-0.747058581086369
source/12kHz_DE_data/B/0021/B021_3.mat,source,train,B,3,6,6.05,7.05,28.8166666666667,1729,2.02366986139481,1.58534926240425,2.52234059608659,-0.0524023340891672,-1.10349311136787,-1.34404756997757,-1.05800975488942,-1.10649962840962
source/12kHz_DE_data/B/0028/B028_0_(1797rpm).mat,source,train,B,3,0,0.05,1.05,29.95,1797,-0.268287587282555,0.0331440552792109,-1.29507804915516,0.239965137684341,3.25842619110378,-0.161915227071878,-0.532666620813285,2.06175262496571
source/12kHz_DE_data/B/0028/B028_0_(1797rpm).mat,source,train,B,3,1,1.05,2.05,29.95,1797,-0.314805495872426,0.208818688196601,-1.26360516755126,0.253556290695208,3.18291362536263,-0.138412163172018,-0.645970253588305,1.87002474003865
source/12kHz_DE_data/B/0028/B028_0_(1797rpm).mat,source,train,B,3,2,2.05,3.05,29.95,1797,0.0518948987337235,0.575812188468044,-1.00360122644764,0.24919489950857,3.11891672589701,-1.03256707052019,-0.569737209561757,1.66806402425491
source/12kHz_DE_data/B/0028/B028_0_(1797rpm).mat,source,train,B,3,3,3.05,4.05,29.95,1797,0.281293630450334,0.528531669503033,-0.813648537379598,0.214147054470355,2.87217941733781,-0.889180732884161,-0.776746194415432,1.48162517109193
source/12kHz_DE_data/B/0028/B028_0_(1797rpm).mat,source,train,B,3,4,4.05,5.05,29.95,1797,0.134381669894521,0.344574326892531,-0.986918259383523,0.245706147976477,3.16384670251299,-0.50539526141049,-0.710770877462549,1.7901649436917
source/12kHz_DE_data/B/0028/B028_0_(1797rpm).mat,source,train,B,3,5,5.05,6.05,29.95,1797,0.188299044849833,0.418675942397837,-1.03561034307752,0.248391528405994,2.58825217015109,-0.51301922605178,-0.894820039675612,1.70082983785267
source/12kHz_DE_data/B/0028/B028_0_(1797rpm).mat,source,train,B,3,6,6.05,7.05,29.95,1797,0.0100487088957108,0.40039627724211,-1.02881925195268,0.237299404784465,3.27503895556683,-0.551187585382017,-0.67513252430747,1.66078581466286
source/12kHz_DE_data/B/0028/B028_1_(1772rpm).mat,source,test,B,3,0,0.05,1.05,29.5333333333333,1772,-0.548741181204622,0.154772016899755,-1.49904175607314,0.231199877978955,3.14119293279064,-0.30709324914091,-0.724034468482042,2.12322470198899
source/12kHz_DE_data/B/0028/B028_1_(1772rpm).mat,source,test,B,3,1,1.05,2.05,29.5333333333333,1772,0.0744404814700017,0.643572676956979,-0.884180853998964,0.177570901464113,2.70831714967951,-0.671957420059781,-0.736999100693849,1.32756364029562
source/12kHz_DE_data/B/0028/B028_1_(1772rpm).mat,source,test,B,3,2,2.05,3.05,29.5333333333333,1772,0.18511469250545,0.590784834083443,-0.953286752216733,0.197012002798813,3.23539485855273,-0.480121555203583,-0.504575052697929,1.43632453626319
source/12kHz_DE_data/B/0028/B028_1_(1772rpm).mat,source,test,B,3,3,3.05,4.05,29.5333333333333,1772,-0.0918703895124481,0.361866457503419,-0.944984293071618,0.267536307650813,3.24615539917084,-1.05432507504892,-0.57446519362188,1.41230108110636
source/12kHz_DE_data/B/0028/B028_1_(1772rpm).mat,source,test,B,3,4,4.05,5.05,29.5333333333333,1772,-0.0606616667088484,0.195385580301006,-1.18756400055609,0.169782492979148,2.59636977096826,-0.892274069056158,-0.931192920999759,1.77777089029605
source/12kHz_DE_data/B/0028/B028_1_(1772rpm).mat,source,test,B,3,5,5.05,6.05,29.5333333333333,1772,0.523418138593034,0.592013207322111,-0.655271141728539,0.15974357030969,2.41344058046033,-0.916892902618184,-1.00418104816601,1.25507077223803
source/12kHz_DE_data/B/0028/B028_1_(1772rpm).mat,source,test,B,3,6,6.05,7.05,29.5333333333333,1772,0.786151830235505,0.797395831488106,-0.360615057791329,0.21984358017981,2.98601461019259,-0.758560435289246,-0.723147750344991,0.953132981134564
source/12kHz_DE_data/B/0028/B028_2_(1750rpm).mat,source,train,B,3,0,0.05,1.05,29.1666666666667,1750,-0.0819394756881249,0.288133445613014,-1.19855245224402,0.129304379253204,2.88520533492815,-0.153802481351556,-0.902257850430035,1.77984593747404
source/12kHz_DE_data/B/0028/B028_2_(1750rpm).mat,source,train,B,3,1,1.05,2.05,29.1666666666667,1750,0.330620941881946,0.318499471102716,-1.10880597459359,0.11201155246236,2.49084096034501,-0.526226424478456,-0.97146577033901,1.93111351864142
source/12kHz_DE_data/B/0028/B028_2_(1750rpm).mat,source,train,B,3,2,2.05,3.05,29.1666666666667,1750,-0.412419344289783,0.028493978545644,-1.44253953459125,0.172346068139263,2.85424518297428,-0.302775005182678,-0.903805778471887,1.98894849642482
source/12kHz_DE_data/B/0028/B028_2_(1750rpm).mat,source,train,B,3,3,3.05,4.05,29.1666666666667,1750,-0.499543334110857,-0.0307325722233041,-1.40359406864244,0.185678538105921,3.02056160901916,-0.197136930319382,-0.872226115674564,1.96958816428266
source/12kHz_DE_data/B/0028/B028_2_(1750rpm).mat,source,train,B,3,4,4.05,5.05,29.1666666666667,1750,-0.760307941940453,-0.11240635784482,-1.57634887392164,0.217980821482948,2.88218483229851,-0.284448157055276,-0.896600572656174,2.15520539238798
source/12kHz_DE_data/B/0028/B028_2_(1750rpm).mat,source,train,B,3,5,5.05,6.05,29.1666666666667,1750,-0.526211060887014,-0.00810713669810834,-1.63511232466711,0.141656336885112,3.28693218467106,-0.660622922557536,-0.729158556514119,2.37647166081528
source/12kHz_DE_data/B/0028/B028_2_(1750rpm).mat,source,train,B,3,6,6.05,7.05,29.1666666666667,1750,-0.545002370378806,0.0168123478243711,-1.49862027272202,0.133198591226742,3.26692135474965,-0.372675189914774,-0.711900644921625,2.29520401454559
source/12kHz_DE_data/B/0028/B028_3_(1730rpm).mat,source,train,B,3,0,0.05,1.05,28.8333333333333,1730,-0.266196229228137,0.201757926226859,-1.22221287334214,0.171816741697922,3.19480685446686,-0.40305284860956,-0.761921947224357,1.76606166687496
source/12kHz_DE_data/B/0028/B028_3_(1730rpm).mat,source,train,B,3,1,1.05,2.05,28.8333333333333,1730,-0.0831187135122116,0.392761695266853,-1.13445983825537,0.165601056305511,3.47137162649381,-0.30588921601235,-0.575364235050441,1.73658322608471
source/12kHz_DE_data/B/0028/B028_3_(1730rpm).mat,source,train,B,3,2,2.05,3.05,28.8333333333333,1730,-0.49449458172622,0.0498014386455393,-1.54810510247103,0.133670955154605,2.90446103919215,-0.36167399649274,-0.914543360260407,2.34836264249455
source/12kHz_DE_data/B/0028/B028_3_(1730rpm).mat,source,train,B,3,3,3.05,4.05,28.8333333333333,1730,-0.337619315425616,-0.0281925677450263,-1.51480880477419,0.173206920743083,3.00583665869964,-0.069921295308081,-0.797026765349935,2.30909653588654
source/12kHz_DE_data/B/0028/B028_3_(1730rpm).mat,source,train,B,3,4,4.05,5.05,28.8333333333333,1730,-0.075293347712832,0.435673637640508,-1.09247168654519,0.10238719503881,2.91824208243991,-0.221935053618426,-0.827354544687587,1.63595467642703
source/12kHz_DE_data/B/0028/B028_3_(1730rpm).mat,source,train,B,3,5,5.05,6.05,28.8333333333333,1730,-0.616804643326786,-0.0178250746320168,-1.51429545919533,0.20255271072338,3.65769888246009,-0.320635232856593,-0.629112856528596,2.09479430879779
source/12kHz_DE_data/B/0028/B028_3_(1730rpm).mat,source,train,B,3,6,6.05,7.05,28.8333333333333,1730,-0.369994319645202,0.0732479083200565,-1.46824828669615,0.1510367494519,3.02169429750528,-0.278687922857173,-0.748315260118735,2.13559729997113
source/12kHz_DE_data/IR/0007/IR007_0.mat,source,train,IR,2,0,0.05,1.05,29.95,1797,-0.289976738937062,-1.28752489374379,0.952842221110821,0.815970889390433,-0.681278391243337,1.05488683282963,-0.604292510123122,-1.16109509570427
source/12kHz_DE_data/IR/0007/IR007_0.mat,source,train,IR,2,1,1.05,2.05,29.95,1797,-0.275580783760803,-1.27526434017237,0.913238865859503,0.778154732332609,-0.66266401625525,1.06417408721181,-0.451469552828332,-1.17224036636325
source/12kHz_DE_data/IR/0007/IR007_0.mat,source,train,IR,2,2,2.05,3.05,29.95,1797,-0.30339765348923,-1.29625576263817,0.890619330775028,0.977248583307932,-0.621591812334166,1.09330488693345,-0.361937702487479,-1.13662336901021
source/12kHz_DE_data/IR/0007/IR007_0.mat,source,train,IR,2,3,3.05,4.05,29.95,1797,-0.310646501516391,-1.24425461517819,0.845992548902206,0.797272059391289,-0.654977108365432,0.994033227845932,-0.481827639015332,-1.12438935200495
source/12kHz_DE_data/IR/0007/IR007_0.mat,source,train,IR,2,4,4.05,5.05,29.95,1797,-0.231269240413254,-1.17164265701453,0.923408778928981,1.056874910981,-0.69390149978789,1.0137428229144,-0.606035768710406,-1.13895971003001
source/12kHz_DE_data/IR/0007/IR007_0.mat,source,train,IR,2,5,5.05,6.05,29.95,1797,-0.252968737952468,-1.23405674538312,0.90843091626891,1.22444065276449,-0.630032338644554,1.02830032074476,-0.326049270025958,-1.1724120663637
source/12kHz_DE_data/IR/0007/IR007_0.mat,source,train,IR,2,6,6.05,7.05,29.95,1797,-0.327548619920707,-1.24253041289522,0.919172962425648,1.2419927000431,-0.654637980076176,1.09317364641407,-0.363369373089892,-1.20440044768709
source/12kHz_DE_data/IR/0007/IR007_1.mat,source,test,IR,2,0,0.05,1.05,29.5333333333333,1772,-0.142883453462627,-1.32463597251503,1.17610353105379,0.930717974780702,-0.670350924145067,1.26949310363739,-0.616398393432327,-1.10653489772733
source/12kHz_DE_data/IR/0007/IR007_1.mat,source,test,IR,2,1,1.05,2.05,29.5333333333333,1772,-0.0681738832569635,-1.33813748271476,1.14904869494372,0.616712638222649,-0.674458144537176,1.25100553239443,-0.543254908556664,-0.987071579080076
source/12kHz_DE_data/IR/0007/IR007_1.mat,source,test,IR,2,2,2.05,3.05,29.5333333333333,1772,-0.0631786164745907,-1.32218552586893,1.16869851236518,0.862367286820778,-0.654637980076176,1.24608472292248,-0.514250080109335,-0.992994522744653
source/12kHz_DE_data/IR/0007/IR007_1.mat,source,test,IR,2,3,3.05,4.05,29.5333333333333,1772,-0.0821924897497711,-1.27046090892128,1.21719297491102,0.748366581788173,-0.64589600639756,1.27150608176234,-0.50249332198933,-1.07720444582929
source/12kHz_DE_data/IR/0007/IR007_1.mat,source,test,IR,2,4,4.05,5.05,29.5333333333333,1772,-0.0984090590890576,-1.27546997755358,1.11711668288268,0.663008864626504,-0.646762667581216,1.14792772836297,-0.554427234443361,-0.996637626343787
source/12kHz_DE_data/IR/0007/IR007_1.mat,source,test,IR,2,5,5.05,6.05,29.5333333333333,1772,-0.133076535040508,-1.30640069706756,1.18158949793065,0.717659266191695,-0.677811746508714,1.26640880103505,-0.616578234644523,-1.10282884724754
source/12kHz_DE_data/IR/0007/IR007_1.mat,source,test,IR,2,6,6.05,7.05,29.5333333333333,1772,-0.163021876572757,-1.34316636830324,1.18970513370641,0.694680545875538,-0.666695874805301,1.31070945695508,-0.631283864084725,-1.11121520133493
source/12kHz_DE_data/IR/0007/IR007_2.mat,source,train,IR,2,0,0.05,1.05,29.1333333333333,1748,-0.0750901929434811,-1.10227319051156,0.878907691471817,0.535224260589716,-0.614168670891549,1.06752595066168,-0.482294148960049,-0.7627366219975
source/12kHz_DE_data/IR/0007/IR007_2.mat,source,train,IR,2,1,1.05,2.05,29.1333333333333,1748,-0.0605288365846286,-1.20278255891513,0.919801136961161,0.504401172556786,-0.647064114949444,1.11063746944174,-0.520256364767512,-0.713011324507749
source/12kHz_DE_data/IR/0007/IR007_2.mat,source,train,IR,2,2,2.05,3.05,29.1333333333333,1748,-0.107761370578202,-1.21401041424696,0.851410854252428,0.43056528290937,-0.647478605080757,1.05881541132612,-0.586318692765423,-0.671280402809457
source/12kHz_DE_data/IR/0007/IR007_2.mat,source,train,IR,2,3,3.05,4.05,29.1333333333333,1748,-0.13851079909216,-1.20360698691742,0.838299290373259,0.399241940476198,-0.651359739946695,1.0107240755411,-0.631635198287464,-0.669570767205736
source/12kHz_DE_data/IR/0007/IR007_2.mat,source,train,IR,2,4,4.05,5.05,29.1333333333333,1748,-0.162013082134819,-1.19816720319031,0.825941316461557,0.562063393189523,-0.670765414276381,1.01360041420665,-0.684222399813577,-0.681964623764941
source/12kHz_DE_data/IR/0007/IR007_2.mat,source,train,IR,2,5,5.05,6.05,29.1333333333333,1748,-0.0982566303777045,-1.16867907327717,0.813215771851921,0.435340015064139,-0.68399141755739,0.945038440902786,-0.712638768608914,-0.638057982842507
source/12kHz_DE_data/IR/0007/IR007_2.mat,source,train,IR,2,6,6.05,7.05,29.1333333333333,1748,-0.140599296257563,-1.16385599487515,0.805618526481111,0.453981433958591,-0.657501730074343,0.973273966507312,-0.662626735945938,-0.659962742025633
source/12kHz_DE_data/IR/0007/IR007_3.mat,source,train,IR,2,0,0.05,1.05,28.6833333333333,1721,0.83996956770203,-0.707406741191489,2.34547440333347,-0.147574202971117,-0.684179822162533,0.946314019999153,-0.810030059353611,-1.29602776590438
source/12kHz_DE_data/IR/0007/IR007_3.mat,source,train,IR,2,1,1.05,2.05,28.6833333333333,1721,0.890260144648086,-0.728894184683008,2.44086619329802,-0.170356673401779,-0.684782716898989,0.897678025914395,-0.815530667111554,-1.27954079847563
source/12kHz_DE_data/IR/0007/IR007_3.mat,source,train,IR,2,2,2.05,3.05,28.6833333333333,1721,0.812969079916957,-0.691739330198471,2.32277790232764,-0.213432014380882,-0.630070019565583,0.92557677215639,-0.769181669481799,-1.26592560030459
source/12kHz_DE_data/IR/0007/IR007_3.mat,source,train,IR,2,3,3.05,4.05,28.6833333333333,1721,0.82174925958069,-0.783252913087767,2.4766561929764,-0.204694395412514,-0.644577174161562,0.972956648633447,-0.71489717494304,-1.288269382957
source/12kHz_DE_data/IR/0007/IR007_3.mat,source,train,IR,2,4,4.05,5.05,28.6833333333333,1721,0.956176066647979,-0.699492576404076,2.35133247243809,-0.265215212373345,-0.642467042583965,0.845103749752117,-0.717737555320413,-1.16653899034746
source/12kHz_DE_data/IR/0007/IR007_3.mat,source,train,IR,2,5,5.05,6.05,28.6833333333333,1721,0.930570678347564,-0.72900389393672,2.26810588136725,-0.219382873137142,-0.647139476791501,0.914473170363877,-0.720255369485598,-1.18064127813866
source/12kHz_DE_data/IR/0007/IR007_3.mat,source,train,IR,2,6,6.05,7.05,28.6833333333333,1721,0.94082527551837,-0.644423029784333,2.38536943888928,-0.0892345949189059,-0.665263999806218,0.840775703752352,-0.751265013580478,-1.23853129056644
source/12kHz_DE_data/IR/0014/IR014_0.mat,source,validation,IR,2,0,0.05,1.05,29.9333333333333,1796,-0.843657147933528,-0.355243079295743,-0.682522632390464,-0.785320560517221,-0.401723638132771,0.256513626527553,1.51254736461412,0.129456016202478
source/12kHz_DE_data/IR/0014/IR014_0.mat,source,validation,IR,2,1,1.05,2.05,29.9333333333333,1796,-0.808766160008422,-0.3676045383347,-0.61805177423152,-0.92394575033202,-0.495699855177892,0.317787108294067,1.01557373069395,0.0157135345126075
source/12kHz_DE_data/IR/0014/IR014_0.mat,source,validation,IR,2,2,2.05,3.05,29.9333333333333,1796,-0.87749341068803,-0.344788378656179,-0.742836465696188,0.273279259627942,-0.438613259819689,0.252960603837262,1.02578349816469,0.220257724144908
source/12kHz_DE_data/IR/0014/IR014_0.mat,source,validation,IR,2,3,3.05,4.05,29.9333333333333,1796,-0.787744749273314,-0.349707780620582,-0.647706801348512,-0.912535903114389,-0.481117338739856,0.33851366382742,0.960227950925083,0.132496801199456
source/12kHz_DE_data/IR/0014/IR014_0.mat,source,validation,IR,2,4,4.05,5.05,29.9333333333333,1796,-0.81425508581819,-0.373454734074703,-0.667402500057704,-1.09146425585959,-0.439819049292602,0.357975649509539,1.37101770791142,0.209479102005388
source/12kHz_DE_data/IR/0014/IR014_0.mat,source,validation,IR,2,5,5.05,6.05,29.9333333333333,1796,-0.76506380129364,-0.280567775563566,-0.676741523858512,-0.0542185563973062,-0.498525924255031,0.233785484924639,0.991151673958702,0.163493450277802
source/12kHz_DE_data/IR/0014/IR014_0.mat,source,validation,IR,2,6,6.05,7.05,29.9333333333333,1796,-0.821411663219392,-0.396107636072942,-0.691069827413846,-1.1136087543724,-0.497470858466232,0.380668892606495,0.986688452189865,0.210426562100161
source/12kHz_DE_data/IR/0014/IR014_1.mat,source,train,IR,2,0,0.05,1.05,29.5666666666667,1774,-0.542627677453426,-0.135525441661707,-0.441607138291819,0.497644729952372,-0.49931722359663,-0.96364431094859,1.41806115849071,-0.208170109448686
source/12kHz_DE_data/IR/0014/IR014_1.mat,source,train,IR,2,1,1.05,2.05,29.5666666666667,1774,-0.47732271107782,-0.0806398942996405,-0.374434475067441,-0.720532912330198,-0.585192042620619,-0.108621220970723,1.00306226373785,-0.17296772818581
source/12kHz_DE_data/IR/0014/IR014_1.mat,source,train,IR,2,2,2.05,3.05,29.5666666666667,1774,-0.44345092197752,-0.145399273969732,-0.407600097686635,0.070286274097185,-0.57271965776018,0.22979043389715,1.16993730846583,-0.122619753974188
source/12kHz_DE_data/IR/0014/IR014_1.mat,source,train,IR,2,3,3.05,4.05,29.5666666666667,1774,-0.57485326771174,-0.151836103266238,-0.439558481280011,0.368139040846006,-0.461900069015312,0.0682583736017076,1.84426999599253,-0.178878539051149
source/12kHz_DE_data/IR/0014/IR014_1.mat,source,train,IR,2,4,4.05,5.05,29.5666666666667,1774,-0.636992284153832,-0.146151220037319,-0.509366989430843,-0.833577115818103,-0.54427056238365,0.172339478218176,1.30215242671074,-0.0892502139108533
source/12kHz_DE_data/IR/0014/IR014_1.mat,source,train,IR,2,5,5.05,6.05,29.5666666666667,1774,-0.53470770623388,-0.115287861122774,-0.462688042005293,0.700135302804381,-0.527841680815217,0.0618922952865056,1.3981683324782,-0.1160924820432
source/12kHz_DE_data/IR/0014/IR014_1.mat,source,train,IR,2,6,6.05,7.05,29.5666666666667,1774,-0.392573032184181,-0.0515652837502672,-0.381463565288812,0.294531001982631,-0.516462042664605,-0.0595769205227516,1.25437229971628,-0.177666678041178
source/12kHz_DE_data/IR/0014/IR014_2.mat,source,validation,IR,2,0,0.05,1.05,29.2,1752,-0.284241828203487,0.0641270137169663,-0.422822755570815,0.502260961559712,-0.546343013040218,0.174565607857814,1.23863504133646,0.141472626775196
source/12kHz_DE_data/IR/0014/IR014_2.mat,source,validation,IR,2,1,1.05,2.05,29.2,1752,-0.379194614166642,-0.0643315137849182,-0.54006935066787,-0.492699258096938,-0.554105282772093,0.161048674139791,1.39681753760904,0.349120576207833
source/12kHz_DE_data/IR/0014/IR014_2.mat,source,validation,IR,2,2,2.05,3.05,29.2,1752,-0.403325575057358,-0.064805750709335,-0.460620910496771,0.890112307534064,-0.653168424156063,0.135750826019564,0.762849921155649,0.13387098089848
source/12kHz_DE_data/IR/0014/IR014_2.mat,source,validation,IR,2,3,3.05,4.05,29.2,1752,-0.373203556398753,-0.00375136518613724,-0.478698185436373,0.613983584359758,-0.500975184121884,0.118130287225771,1.67014661746992,0.123667014196957
source/12kHz_DE_data/IR/0014/IR014_2.mat,source,validation,IR,2,4,4.05,5.05,29.2,1752,-0.394502830302434,0.0298658932016841,-0.493085205060038,-0.823494681380827,-0.472488407824326,0.195473077537516,1.67404302520739,0.178457835396419
source/12kHz_DE_data/IR/0014/IR014_2.mat,source,validation,IR,2,5,5.05,6.05,29.2,1752,-0.3836094996515,-0.0881207193146324,-0.439730312816446,0.136091852295691,-0.621554131413138,0.183255007590204,1.14272462271735,0.119157582024723
source/12kHz_DE_data/IR/0014/IR014_2.mat,source,validation,IR,2,6,6.05,7.05,29.2,1752,-0.32933276653729,-0.083451015528613,-0.434516253045556,-0.160831113767598,-0.617974443915429,0.110485780708759,1.05072612615113,0.0996838976942182
source/12kHz_DE_data/IR/0014/IR014_3.mat,source,test,IR,2,0,0.05,1.05,28.8,1728,-0.405567499753116,-0.0783447169707268,-0.566818455413226,0.446055391111652,-0.515595381480949,0.22585742499669,1.05089325807376,0.218294112565156
source/12kHz_DE_data/IR/0014/IR014_3.mat,source,test,IR,2,1,1.05,2.05,28.8,1728,-0.388346863873708,-0.146538940698386,-0.470334250171498,0.220636719358489,-0.571325463682125,0.297613301981189,0.904838801211032,0.153422824794285
source/12kHz_DE_data/IR/0014/IR014_3.mat,source,test,IR,2,2,2.05,3.05,28.8,1728,-0.269904389188705,-0.11730866421855,-0.446356492561745,-0.382750400187542,-0.453045052573611,0.252977874345416,1.32571350096912,0.110814563076355
source/12kHz_DE_data/IR/0014/IR014_3.mat,source,test,IR,2,3,3.05,4.05,28.8,1728,-0.332658937146999,-0.0295499506630849,-0.444919162173427,0.628594132905981,-0.395694690768208,0.227562019195953,1.67929443883128,0.150664381844753
source/12kHz_DE_data/IR/0014/IR014_3.mat,source,test,IR,2,4,4.05,5.05,28.8,1728,-0.406710189499353,-0.195119353343243,-0.550001970920221,0.125714794238793,-0.494079575573666,0.344963597865314,1.3952381670472,0.347317248502491
source/12kHz_DE_data/IR/0014/IR014_3.mat,source,test,IR,2,5,5.05,6.05,28.8,1728,-0.278597723735154,-0.0756095628125916,-0.512963633640395,-0.294208264462607,-0.36287460855237,0.290956211914809,1.69716474718055,0.219697464134347
source/12kHz_DE_data/IR/0014/IR014_3.mat,source,test,IR,2,6,6.05,7.05,28.8,1728,-0.281707562946166,-0.0486676154790916,-0.474625269713063,0.614300751561294,-0.543705348568222,0.22028299436489,1.11526186470915,0.202056865158104
source/12kHz_DE_data/IR/0021/IR021_0.mat,source,validation,IR,2,0,0.05,1.05,29.95,1797,-0.643464629915783,-0.744042350138779,-0.551938583995012,2.16624158923819,0.178581386166901,0.543012801028343,0.0512188255566458,0.448699828789407
source/12kHz_DE_data/IR/0021/IR021_0.mat,source,validation,IR,2,1,1.05,2.05,29.95,1797,-0.564993583481459,-0.695224706467839,-0.4466440573973,1.81868474516242,0.143538129610381,-0.283171549249466,-0.0442918104752731,0.241524585907907
source/12kHz_DE_data/IR/0021/IR021_0.mat,source,validation,IR,2,2,2.05,3.05,29.95,1797,-0.56982477149455,-0.65162259730054,-0.458622204266315,1.79035290066385,0.334391994619818,-0.352622878260339,0.0468830948328163,0.157618169795608
source/12kHz_DE_data/IR/0021/IR021_0.mat,source,validation,IR,2,3,3.05,4.05,29.95,1797,-0.666808208228794,-0.699507319994005,-0.485700302145126,1.70377271525486,0.190262471685741,-0.2689970322846,-0.113113748527339,0.200934068877698
source/12kHz_DE_data/IR/0021/IR021_0.mat,source,validation,IR,2,4,4.05,5.05,29.95,1797,-0.527047078519822,-0.708651345057983,-0.408148785272291,1.93768121501369,0.0975674059555904,-0.200190562468952,-0.0592873052994331,0.271204239994662
source/12kHz_DE_data/IR/0021/IR021_0.mat,source,validation,IR,2,5,5.05,6.05,29.95,1797,-0.575417589070908,-0.635591378882699,-0.527150112397059,2.00985195110521,0.255450465065076,-0.263590449849494,0.145890221313158,0.39412933056624
source/12kHz_DE_data/IR/0021/IR021_0.mat,source,validation,IR,2,6,6.05,7.05,29.95,1797,-0.572877679467551,-0.780098354737501,-0.515792888415326,1.97969137600509,0.153052562170081,-0.282963606205944,-0.0618085568825302,0.357062631409366
source/12kHz_DE_data/IR/0021/IR021_1.mat,source,validation,IR,2,0,0.05,1.05,29.5666666666667,1774,-0.538992374670687,-0.605393076173881,-0.0979320113077533,1.61909670820012,-0.107416804439541,-0.11440048263326,-0.0834946855321387,-0.627484022165892
source/12kHz_DE_data/IR/0021/IR021_1.mat,source,validation,IR,2,1,1.05,2.05,29.5666666666667,1774,-0.484247100491242,-0.595145630723981,-0.0917730877094587,1.79202017997283,0.300008154181297,-0.165304323436603,0.579263284993213,-0.455630375394787
source/12kHz_DE_data/IR/0021/IR021_1.mat,source,validation,IR,2,2,2.05,3.05,29.5666666666667,1774,-0.481867410458814,-0.731342027925299,-0.0519832044884771,1.83961870970155,-0.152351302766047,-0.0317132039498407,-0.138225107359559,-0.470053257245686
source/12kHz_DE_data/IR/0021/IR021_1.mat,source,validation,IR,2,3,3.05,4.05,29.5666666666667,1774,-0.513309040492739,-0.510289624353141,-0.0972495525172789,1.86667114232967,0.0621473401887845,-0.116429160745852,0.22371208270493,-0.474317155870474
source/12kHz_DE_data/IR/0021/IR021_1.mat,source,validation,IR,2,4,4.05,5.05,29.5666666666667,1774,-0.487662271736747,-0.652072894673342,-0.073662936496638,1.51214886810056,-0.136713720539213,-0.0795843159043047,-0.343962890522273,-0.401683903146525
source/12kHz_DE_data/IR/0021/IR021_1.mat,source,validation,IR,2,5,5.05,6.05,29.5666666666667,1774,-0.404961882357604,-0.612651394227096,-0.032841746819832,1.55107932760826,-0.0102000281859674,-0.0427680242828822,0.072275322895913,-0.285372112241607
source/12kHz_DE_data/IR/0021/IR021_1.mat,source,validation,IR,2,6,6.05,7.05,29.5666666666667,1774,-0.512740810593362,-0.536797777911975,-0.0949886041511961,1.29373747302192,-0.0778372814321551,-0.133342535854228,-0.198034857094577,-0.383485701028913
source/12kHz_DE_data/IR/0021/IR021_2.mat,source,train,IR,2,0,0.05,1.05,29.2,1752,-0.496380817899575,-0.554855523430678,-0.147886339320785,1.83972220975015,-0.0246129804793754,-0.158223475271531,-0.137598779016347,-0.333734865734469
source/12kHz_DE_data/IR/0021/IR021_2.mat,source,train,IR,2,1,1.05,2.05,29.2,1752,-0.461953489843984,-0.630946825323456,-0.133724747564084,1.47510834134468,-0.0372360890239284,-0.178571847383499,-0.17743555406698,-0.30521146838767
source/12kHz_DE_data/IR/0021/IR021_2.mat,source,train,IR,2,2,2.05,3.05,29.2,1752,-0.493202412553606,-0.606192692694245,-0.073824230331519,1.39440812423933,0.0144809750877108,-0.162941835610031,-0.108827532484225,-0.52307510397465
source/12kHz_DE_data/IR/0021/IR021_2.mat,source,train,IR,2,3,3.05,4.05,29.2,1752,-0.517793402006512,-0.509057911792278,-0.159986025034593,1.18004304268916,-0.117590653117241,-0.20741151145163,-0.480115550792474,-0.270346109769279
source/12kHz_DE_data/IR/0021/IR021_2.mat,source,train,IR,2,4,4.05,5.05,29.2,1752,-0.490261520048735,-0.418498536403091,-0.210596029028045,1.38722476613118,-0.0137797156836768,-0.247411653839401,-0.311823994252154,-0.152288541873798
source/12kHz_DE_data/IR/0021/IR021_2.mat,source,train,IR,2,5,5.05,6.05,29.2,1752,-0.491219014957843,-0.522890073926714,-0.13913283411837,1.52128550385454,0.248291090069658,-0.220592930907026,0.100318039469155,-0.164683401511621
source/12kHz_DE_data/IR/0021/IR021_2.mat,source,train,IR,2,6,6.05,7.05,29.2,1752,-0.436938203885997,-0.634003723285416,-0.160280445980179,1.64383556845311,0.0238070030422687,-0.155546080548086,-0.192206829174212,0.0145961483837193
source/12kHz_DE_data/IR/0021/IR021_3.mat,source,train,IR,2,0,0.05,1.05,28.8,1728,0.135998503063955,-0.457863129999681,0.0746478570768665,2.18484527526033,-0.0663446005184575,0.0930265056247169,-0.0750553152433137,-0.12109231439074
source/12kHz_DE_data/IR/0021/IR021_3.mat,source,train,IR,2,1,1.05,2.05,28.8,1728,-0.0345494482310014,-0.46081763466927,0.109381012477862,1.89859664814771,0.0225823731088419,-0.169383017991309,0.0818489432626829,-0.471732562418214
source/12kHz_DE_data/IR/0021/IR021_3.mat,source,train,IR,2,2,2.05,3.05,28.8,1728,0.160885107878208,-0.403766909328422,0.212156025090251,1.38447330426582,-0.0483519607273409,-0.129342190319009,-0.0343326549783031,-0.372992871227733
source/12kHz_DE_data/IR/0021/IR021_3.mat,source,train,IR,2,3,3.05,4.05,28.8,1728,0.135135033481842,-0.344547100591339,0.256732032220574,1.61325871344645,0.0805167891901865,-0.165272894631091,0.0912368928973556,-0.50375332147638
source/12kHz_DE_data/IR/0021/IR021_3.mat,source,train,IR,2,4,4.05,5.05,28.8,1728,0.125473941940639,-0.332118512489584,0.2314163438412,1.96377302026043,-0.118909485353238,-0.197558907723917,-0.236763673238593,-0.485247830627684
source/12kHz_DE_data/IR/0021/IR021_3.mat,source,train,IR,2,5,5.05,6.05,28.8,1728,0.112592583453781,-0.27507160230495,0.225299479177332,2.04692263556965,0.223986896006264,-0.225360932406195,0.424492104470328,-0.532213092230849
source/12kHz_DE_data/IR/0021/IR021_3.mat,source,train,IR,2,6,6.05,7.05,28.8,1728,0.0568305774130813,-0.339697011011047,0.214127756545651,2.26542651571045,-0.0203738768636671,-0.212703618035886,0.0578356937025089,-0.556797599603952
source/12kHz_DE_data/IR/0028/IR028_0_(1797rpm).mat,source,train,IR,2,0,0.05,1.05,29.95,1797,1.72521861239696,1.11255694969038,1.2296471779475,0.82824152637567,0.267751024925625,-0.708142548279442,-0.864633934098546,-0.6997745525987
source/12kHz_DE_data/IR/0028/IR028_0_(1797rpm).mat,source,train,IR,2,1,1.05,2.05,29.95,1797,2.02259334628932,1.26251051162773,1.57125696600065,0.635588992596522,0.496270926999773,-0.793043886373128,-0.568099145020563,-0.783994686915731
source/12kHz_DE_data/IR/0028/IR028_0_(1797rpm).mat,source,train,IR,2,2,2.05,3.05,29.95,1797,1.58050835413406,0.921586989762788,1.14467003538093,0.464193368171556,0.335712334092657,-0.895272114823434,-0.73350531753388,-0.603544979913963
source/12kHz_DE_data/IR/0028/IR028_0_(1797rpm).mat,source,train,IR,2,3,3.05,4.05,29.95,1797,1.83139183313132,1.33265940624095,1.3712756036305,0.47590770813777,0.371769584234055,-1.03430879151275,-0.730576917957993,-0.870375314275856
source/12kHz_DE_data/IR/0028/IR028_0_(1797rpm).mat,source,train,IR,2,4,4.05,5.05,29.95,1797,1.69594801590899,1.20263743006729,1.09969058192226,0.45805030093319,0.231693774784227,-1.00253159162451,-0.98765276873169,-0.426278473153042
source/12kHz_DE_data/IR/0028/IR028_0_(1797rpm).mat,source,train,IR,2,5,5.05,6.05,29.95,1797,1.7017813955866,1.16250298816782,1.23110007854788,0.517243894165837,0.219894936387172,-0.812938049179451,-0.963120374458447,-0.843761279534833
source/12kHz_DE_data/IR/0028/IR028_0_(1797rpm).mat,source,train,IR,2,6,6.05,7.05,29.95,1797,1.49961952662693,1.12962900535129,1.00643647091705,0.58070530669007,0.416321998021333,-0.886545575020997,-0.84786721149343,-0.529548171191317
source/12kHz_DE_data/IR/0028/IR028_1_(1772rpm).mat,source,train,IR,2,0,0.05,1.05,29.5333333333333,1772,2.0779681834152,1.39720113254749,1.59704491419906,0.33332134096468,0.175342522599895,-1.06812233715806,-1.00062754825654,-0.65303792814385
source/12kHz_DE_data/IR/0028/IR028_1_(1772rpm).mat,source,train,IR,2,1,1.05,2.05,29.5333333333333,1772,1.94091817120258,1.31819853616388,1.33896944846401,0.708675319116343,0.305790479917728,-0.911376843170434,-0.932785956635128,-0.49415395804933
source/12kHz_DE_data/IR/0028/IR028_1_(1772rpm).mat,source,train,IR,2,2,2.05,3.05,29.5333333333333,1772,1.9579244530181,1.35664415295735,1.38475742358011,0.593177656617462,0.421135924087331,-0.935032910692544,-0.829002611431855,-0.52842233413233
source/12kHz_DE_data/IR/0028/IR028_1_(1772rpm).mat,source,train,IR,2,3,3.05,4.05,29.5333333333333,1772,2.00866823713876,1.36095795835443,1.27768709046149,0.61570912241836,0.263975396638567,-1.06362974247383,-0.938821840072394,-0.252823181671295
source/12kHz_DE_data/IR/0028/IR028_1_(1772rpm).mat,source,train,IR,2,4,4.05,5.05,29.5333333333333,1772,1.79458699966842,1.12521292494578,1.54450085608627,0.427286526137282,0.244719692374574,-0.743103668638212,-0.881908405925618,-0.894207897558579
source/12kHz_DE_data/IR/0028/IR028_1_(1772rpm).mat,source,train,IR,2,5,5.05,6.05,29.5333333333333,1772,1.74803329637025,1.44732831913084,1.36769328972751,0.651961320764103,0.426610585103564,-0.96892432811742,-0.758047632223287,-0.649915835615505
source/12kHz_DE_data/IR/0028/IR028_1_(1772rpm).mat,source,train,IR,2,6,6.05,7.05,29.5333333333333,1772,1.52368016088566,1.3284981635687,1.22809067889926,0.343876641058601,0.215364182442703,-1.29021489469353,-1.00926261210842,-0.634358008864944
source/12kHz_DE_data/IR/0028/IR028_2_(1750rpm).mat,source,validation,IR,2,0,0.05,1.05,29.1666666666667,1750,1.59797680624108,1.47794453405923,1.25351474319158,0.728602064120682,0.519491040965176,-1.09485522670749,-0.653809288135588,-0.777567085143502
source/12kHz_DE_data/IR/0028/IR028_2_(1750rpm).mat,source,validation,IR,2,1,1.05,2.05,29.1666666666667,1750,1.89233458982004,1.46818826808792,1.43371057723372,1.08308753359148,0.194598226863888,-0.00924775169826451,-0.948179040681979,-0.433555939721999
source/12kHz_DE_data/IR/0028/IR028_2_(1750rpm).mat,source,validation,IR,2,2,2.05,3.05,29.1666666666667,1750,1.49128586631164,1.30647089214524,0.98180510964088,0.809761635691584,0.239622594187047,-0.909824799406564,-0.802557899265753,-0.40557524946519
source/12kHz_DE_data/IR/0028/IR028_2_(1750rpm).mat,source,validation,IR,2,3,3.05,4.05,29.1666666666667,1750,1.32575149483938,1.26294900201991,1.08039182636706,0.941770169062048,0.385550627481815,-0.963362974806859,-0.876007370893031,-0.52709435001684
source/12kHz_DE_data/IR/0028/IR028_2_(1750rpm).mat,source,validation,IR,2,4,4.05,5.05,29.1666666666667,1750,1.57643374607714,1.42765094133928,1.35150355891068,0.688228079416552,0.357516587450414,-0.92604334277775,-0.804861162741989,-0.760080742975285
source/12kHz_DE_data/IR/0028/IR028_2_(1750rpm).mat,source,validation,IR,2,5,5.05,6.05,29.1666666666667,1750,1.55881539656446,1.36787953301679,1.18763196476924,0.842889959117978,0.271526653212682,-1.18937377092726,-0.796662338444802,-0.621381211212989
source/12kHz_DE_data/IR/0028/IR028_2_(1750rpm).mat,source,validation,IR,2,6,6.05,7.05,29.1666666666667,1750,1.36155860490411,1.30275122430115,0.87565959182266,0.7364048980043,0.372619100598643,0.0785449836210625,-0.8745195069056,-0.507931746832644
source/12kHz_DE_data/IR/0028/IR028_3_(1730rpm).mat,source,validation,IR,2,0,0.05,1.05,28.8333333333333,1730,1.65101743683638,1.28213910413233,1.17227242272348,0.815188056311435,0.207152190918354,-0.921303664960406,-0.901866504707814,-0.539907196535143
source/12kHz_DE_data/IR/0028/IR028_3_(1730rpm).mat,source,validation,IR,2,1,1.05,2.05,28.8333333333333,1730,1.74425294811548,1.38710353460722,1.23860770768904,1.06056693311668,0.210455865669529,-1.01611297148045,-0.955091881971705,-0.764478094866373
source/12kHz_DE_data/IR/0028/IR028_3_(1730rpm).mat,source,validation,IR,2,2,2.05,3.05,28.8333333333333,1730,1.76615060475969,1.37706221275701,1.21670984482928,1.10751428367466,0.219989327094349,-0.251985829895446,-0.832697450520856,-0.253684781044563
source/12kHz_DE_data/IR/0028/IR028_3_(1730rpm).mat,source,validation,IR,2,3,3.05,4.05,28.8333333333333,1730,1.65318659564537,1.45159389052591,1.35977465170796,0.768326635977565,0.240660891965988,-0.0498202172308134,-0.914925289719641,-0.625417185523042
source/12kHz_DE_data/IR/0028/IR028_3_(1730rpm).mat,source,validation,IR,2,4,4.05,5.05,28.8333333333333,1730,1.24792546700132,1.30559435169043,1.22796108714747,1.08347961661889,0.13815258397238,-1.11510870575287,-1.02053875025769,-0.839768933911131
source/12kHz_DE_data/IR/0028/IR028_3_(1730rpm).mat,source,validation,IR,2,5,5.05,6.05,28.8333333333333,1730,1.45882226720352,1.31902636025562,0.790131959321094,0.981170502756818,0.423306910352389,-1.05212649331962,-0.793253129262863,-0.32822266458057
source/12kHz_DE_data/IR/0028/IR028_3_(1730rpm).mat,source,validation,IR,2,6,6.05,7.05,28.8333333333333,1730,1.25713872165096,1.40897540688498,1.33860432379631,1.04899316214431,0.173077145627661,-1.12214548107584,-1.02110235162314,-0.909189759736328
source/12kHz_DE_data/OR/Centered/0007/OR007@6_0.mat,source,train,OR,1,0,0.05,1.05,29.9333333333333,1796,-0.949699710733306,-1.72118836761125,-0.0593384917270256,0.223559279272801,0.238494050602243,2.36304471363922,-0.589309842122792,-1.26004563858552
source/12kHz_DE_data/OR/Centered/0007/OR007@6_0.mat,source,train,OR,1,1,1.05,2.05,29.9333333333333,1796,-1.00348511320549,-1.84712866600512,0.00355513970432619,0.215379966851153,0.202226164112296,2.54530832918683,-0.576861979792684,-1.38594209180608
source/12kHz_DE_data/OR/Centered/0007/OR007@6_0.mat,source,train,OR,1,2,2.05,3.05,29.9333333333333,1796,-0.890211982757388,-1.65918085887298,-0.143082903957953,0.292946503140169,0.239436073627956,2.17979098514301,-0.667725271755114,-1.08938297870478
source/12kHz_DE_data/OR/Centered/0007/OR007@6_0.mat,source,train,OR,1,3,3.05,4.05,29.9333333333333,1796,-0.941465505973191,-1.68003866343409,-0.151953296627341,0.1461322477072,0.23755202757653,2.20867232665931,-0.646583675170342,-1.08880842796426
source/12kHz_DE_data/OR/Centered/0007/OR007@6_0.mat,source,train,OR,1,4,4.05,5.05,29.9333333333333,1796,-1.05443955689277,-1.87129839921091,-0.0405669738086945,0.338302442386647,0.219841994693127,2.54192947208047,-0.553310603277206,-1.344714386741
source/12kHz_DE_data/OR/Centered/0007/OR007@6_0.mat,source,train,OR,1,5,5.05,6.05,29.9333333333333,1796,-1.06481427464817,-1.78489562453972,-0.101075481440302,0.139528502817682,0.248856303885085,2.37473169643718,-0.566608266192976,-1.23013924696635
source/12kHz_DE_data/OR/Centered/0007/OR007@6_0.mat,source,train,OR,1,6,6.05,7.05,29.9333333333333,1796,-0.964325584192931,-1.59304587955833,-0.204331333661075,0.382224780133245,0.278247422287328,2.03856747295236,-0.562742000173608,-0.996922070226667
source/12kHz_DE_data/OR/Centered/0007/OR007@6_1.mat,source,train,OR,1,0,0.05,1.05,29.55,1773,-1.00376182541948,-1.65315936476537,-0.0327922813665421,0.093135836970737,0.0657270276864936,2.26235306929307,-0.618811877192684,-1.32309128838705
source/12kHz_DE_data/OR/Centered/0007/OR007@6_1.mat,source,train,OR,1,1,1.05,2.05,29.55,1773,-1.01930327664998,-1.60248355533551,-0.0482329878838626,0.100045005974041,0.0801399799799014,2.20375140424013,-0.541372740172134,-1.28247478963823
source/12kHz_DE_data/OR/Centered/0007/OR007@6_1.mat,source,train,OR,1,2,2.05,3.05,29.55,1773,-1.04867984271591,-1.6292112052965,-0.0518144619090556,0.105580602050913,0.0623357447939273,2.22794082895635,-0.57601282181109,-1.31475605606988
source/12kHz_DE_data/OR/Centered/0007/OR007@6_1.mat,source,train,OR,1,3,3.05,4.05,29.55,1773,-1.08122810395928,-1.68197933426869,-0.0489293124437626,0.0726639537538047,0.0482053994082334,2.2888044757096,-0.655767958817366,-1.33323086830159
source/12kHz_DE_data/OR/Centered/0007/OR007@6_1.mat,source,train,OR,1,4,4.05,5.05,29.55,1773,-1.17499384989125,-1.73517606670345,-0.0528784153621478,0.153104342584642,0.0564009997319355,2.3426421332751,-0.58933015586857,-1.36465005810071
source/12kHz_DE_data/OR/Centered/0007/OR007@6_1.mat,source,train,OR,1,5,5.05,6.05,29.55,1773,-1.14641601375578,-1.72109933165668,-0.07254942836216,0.0129746997708692,0.0111838944977158,2.34057166437154,-0.668416642815436,-1.33490750304074
source/12kHz_DE_data/OR/Centered/0007/OR007@6_1.mat,source,train,OR,1,6,6.05,7.05,29.55,1773,-1.08682879625828,-1.60860336602927,-0.10197883455067,0.0814138336374409,0.0899370194473155,2.22895446528709,-0.569396134766676,-1.23372298495261
source/12kHz_DE_data/OR/Centered/0007/OR007@6_2.mat,source,train,OR,1,0,0.05,1.05,29.1666666666667,1750,-1.60759040722688,-2.06772457084305,-0.189119626111016,0.167363800836188,0.000727438912302259,2.62856630544866,-0.524663613230771,-1.5269194519582
source/12kHz_DE_data/OR/Centered/0007/OR007@6_2.mat,source,train,OR,1,1,1.05,2.05,29.1666666666667,1750,-1.64083852203988,-2.08096014267204,-0.202735197145879,-0.0540254321148974,0.0797631707696163,2.6278580478029,-0.501533967767053,-1.53868682331378
source/12kHz_DE_data/OR/Centered/0007/OR007@6_2.mat,source,train,OR,1,2,2.05,3.05,29.1666666666667,1750,-1.64261558638626,-2.0670035214459,-0.215130004995383,-0.0262101855059711,-0.00643193608311577,2.61035934230714,-0.615797577212709,-1.50996271938801
source/12kHz_DE_data/OR/Centered/0007/OR007@6_2.mat,source,train,OR,1,3,3.05,4.05,29.1666666666667,1750,-1.54922733073773,-2.00067759068037,-0.19090480727976,-0.000232350077370008,0.0409518221102439,2.55900655470956,-0.540504244005315,-1.46893011155773
source/12kHz_DE_data/OR/Centered/0007/OR007@6_2.mat,source,train,OR,1,4,4.05,5.05,29.1666666666667,1750,-1.50688885620484,-1.94231810360395,-0.181417079614399,0.0137263878963013,0.0110896921951443,2.53930145931815,-0.613611699167859,-1.4687413672687
source/12kHz_DE_data/OR/Centered/0007/OR007@6_2.mat,source,train,OR,1,5,5.05,6.05,29.1666666666667,1750,-1.47662011678067,-1.99318364676633,-0.158162043391217,-0.0130987321573165,0.0340750540225395,2.59868031123913,-0.555812128452377,-1.51346269838138
source/12kHz_DE_data/OR/Centered/0007/OR007@6_2.mat,source,train,OR,1,6,6.05,7.05,29.1666666666667,1750,-1.50305235194247,-2.05597985860527,-0.13436947821807,0.00485678942844018,0.0822124306364698,2.63683723813795,-0.506052464771215,-1.55518320625366
source/12kHz_DE_data/OR/Centered/0007/OR007@6_3.mat,source,validation,OR,1,0,0.05,1.05,28.75,1725,-0.788267095145721,-1.60416451792539,0.155375263981689,-0.206204591290703,0.103502151017582,2.34893021680158,-0.450705371986964,-1.26105910538834
source/12kHz_DE_data/OR/Centered/0007/OR007@6_3.mat,source,validation,OR,1,1,1.05,2.05,28.75,1725,-0.806603780303009,-1.61673684212653,0.18143328208476,-0.171333644236502,0.103502151017582,2.36247315289795,-0.50735181609471,-1.28114421268271
source/12kHz_DE_data/OR/Centered/0007/OR007@6_3.mat,source,validation,OR,1,2,2.05,3.05,28.75,1725,-0.812133729226061,-1.74482481278443,0.251212119219891,-0.195673300072573,0.105857208581864,2.53047427973657,-0.505280787887066,-1.41163413337121
source/12kHz_DE_data/OR/Centered/0007/OR007@6_3.mat,source,validation,OR,1,3,3.05,4.05,28.75,1725,-0.788129453394096,-1.66024353733235,0.230083392621414,-0.135432303148498,0.117915103310989,2.47305381881881,-0.458364584262264,-1.38162599700165
source/12kHz_DE_data/OR/Centered/0007/OR007@6_3.mat,source,validation,OR,1,4,4.05,5.05,28.75,1725,-0.818793891927639,-1.75695373986247,0.264844199125963,-0.110552370565192,0.0811762053081855,2.52920636044389,-0.507089355116218,-1.4603320643176
source/12kHz_DE_data/OR/Centered/0007/OR007@6_3.mat,source,validation,OR,1,5,5.05,6.05,28.75,1725,-0.809629528122206,-1.71148608391932,0.228575061520404,-0.212902620016014,0.104067364833009,2.48719642451843,-0.495893291289734,-1.40502828182106
source/12kHz_DE_data/OR/Centered/0007/OR007@6_3.mat,source,validation,OR,1,6,6.05,7.05,28.75,1725,-0.876669982657363,-1.73406095119124,0.22731271204652,-0.0657913997901343,0.0632777678196401,2.51418939402507,-0.605111185941008,-1.43129421638091
source/12kHz_DE_data/OR/Centered/0014/OR014@6_0.mat,source,train,OR,1,0,0.05,1.05,29.9333333333333,1796,1.64630062368235,1.54254096158619,1.2814522609542,-0.0880151447069819,-1.1316957018447,-0.911593410006245,-0.988320121239553,-0.276266950440236
source/12kHz_DE_data/OR/Centered/0014/OR014@6_0.mat,source,train,OR,1,1,1.05,2.05,29.9333333333333,1796,1.33699104968315,1.27693878294704,1.19997833100773,-0.0776790339518382,-1.14890223279711,-0.650855590549025,-1.02757965489421,-0.218367774967611
source/12kHz_DE_data/OR/Centered/0014/OR014@6_0.mat,source,train,OR,1,2,2.05,3.05,29.9333333333333,1796,1.37727455923598,1.22562023574115,0.784848957015219,-0.120491347287999,-1.1375442271438,-0.428789950659977,-1.02397721219885,0.0722187836628082
source/12kHz_DE_data/OR/Centered/0014/OR014@6_0.mat,source,train,OR,1,3,3.05,4.05,29.9333333333333,1796,1.40479369123921,1.48830724501329,0.890270327304536,-0.318650946699748,-1.12252265250281,-1.27527998696685,-0.858150603772554,-0.312098650667175
source/12kHz_DE_data/OR/Centered/0014/OR014@6_0.mat,source,train,OR,1,4,4.05,5.05,29.9333333333333,1796,1.36273530096386,1.54283910680075,1.45570184190435,-0.106955450764339,-1.15030550215228,-0.671575295636553,-1.12194059538471,-0.618613026371089
source/12kHz_DE_data/OR/Centered/0014/OR014@6_0.mat,source,train,OR,1,5,5.05,6.05,29.9333333333333,1796,1.4066414137733,1.41711234894657,0.773000020670648,-0.0898270490944171,-1.14248863258989,-0.793921021376213,-1.08553043141672,-0.174688530884638
source/12kHz_DE_data/OR/Centered/0014/OR014@6_0.mat,source,train,OR,1,6,6.05,7.05,29.9333333333333,1796,1.60631647838894,1.60611807288808,1.43607014199718,-0.227856890210753,-1.10965778042783,-0.731036683393427,-0.746578222619406,-0.502680532260951
source/12kHz_DE_data/OR/Centered/0014/OR014@6_1.mat,source,train,OR,1,0,0.05,1.05,29.5333333333333,1772,1.4900673712671,1.46443199605693,1.33817175080388,0.0648290350361707,-1.14634055988027,-0.684635359568875,-0.946224399608875,-0.652514430780799
source/12kHz_DE_data/OR/Centered/0014/OR014@6_1.mat,source,train,OR,1,1,1.05,2.05,29.5333333333333,1772,1.69100792264274,1.52661468750491,1.2363636139758,-0.145468554901792,-1.14691505270353,-0.911768298565972,-0.916452270616703,-0.295144636347081
source/12kHz_DE_data/OR/Centered/0014/OR014@6_1.mat,source,train,OR,1,2,2.05,3.05,29.5333333333333,1772,1.31280698224216,1.34514299521049,0.998709175110101,-0.0514863111368931,-1.15589032582758,-0.615772501564486,-1.09874847881706,-0.136943688735266
source/12kHz_DE_data/OR/Centered/0014/OR014@6_1.mat,source,train,OR,1,3,3.05,4.05,29.5333333333333,1772,1.76361788144369,1.4503303059231,1.03468334264238,-0.394581785480043,-1.13656476396971,-0.865689691492802,-0.870692631459388,-0.479821066925101
source/12kHz_DE_data/OR/Centered/0014/OR014@6_1.mat,source,train,OR,1,4,4.05,5.05,29.5333333333333,1772,1.38424633900817,1.49317661293824,1.36648507683436,-0.206137273827816,-1.14124546779201,-0.821059018657423,-0.960300221290155,-0.628120905424353
source/12kHz_DE_data/OR/Centered/0014/OR014@6_1.mat,source,train,OR,1,5,5.05,6.05,29.5333333333333,1772,1.33995171977326,1.47719019369847,1.37842325608711,-0.109234208702452,-1.15041851713391,-0.80671947589419,-0.992695844824071,-0.603948653891254
source/12kHz_DE_data/OR/Centered/0014/OR014@6_1.mat,source,train,OR,1,6,6.05,7.05,29.5333333333333,1772,1.26245786900699,1.48095504126052,1.21608926679399,-0.350094861399982,-1.16670209240304,-0.883127610748815,-1.17963292973095,-0.426695371213612
source/12kHz_DE_data/OR/Centered/0014/OR014@6_2.mat,source,validation,OR,1,0,0.05,1.05,29.15,1749,1.94803046584475,1.4542399006753,1.3753502836596,-0.0413359735233041,-1.14683029146731,-0.787798702628891,-1.10201165149654,-0.116307056307694
source/12kHz_DE_data/OR/Centered/0014/OR014@6_2.mat,source,validation,OR,1,1,1.05,2.05,29.15,1749,1.39306712774549,1.33201231780732,1.14730775550567,-0.142143884773288,-1.15272590634208,-0.874475437126414,-1.1073836586488,-0.554153200256108
source/12kHz_DE_data/OR/Centered/0014/OR014@6_2.mat,source,validation,OR,1,2,2.05,3.05,29.15,1749,1.68592458061396,1.38136779502319,1.53636727724029,-0.367682843900524,-1.15241511514261,-0.593656599679614,-1.11314402426412,-0.315655802539984
source/12kHz_DE_data/OR/Centered/0014/OR014@6_2.mat,source,validation,OR,1,3,3.05,4.05,29.15,1749,1.31417574544465,1.3250145538563,1.52410006569263,0.0049883833635303,-1.11514842495178,-1.20146295587649,-0.747442633977634,-0.858521833649436
source/12kHz_DE_data/OR/Centered/0014/OR014@6_2.mat,source,validation,OR,1,4,4.05,5.05,29.15,1749,1.42100776537191,1.37103098457876,1.50576015501996,-0.0813542325682957,-1.13742179424703,-0.82632302103636,-0.989010853262773,-0.879523163364404
source/12kHz_DE_data/OR/Centered/0014/OR014@6_2.mat,source,validation,OR,1,5,5.05,6.05,29.15,1749,1.85520494265934,1.44880330592949,1.88353987640447,0.0886233419619194,-1.14308196124342,-0.697758214672634,-0.98141971233828,-0.563241648557268
source/12kHz_DE_data/OR/Centered/0014/OR014@6_2.mat,source,validation,OR,1,6,6.05,7.05,29.15,1749,1.48072719966413,1.41375617530648,1.53826548652328,-0.220280024842889,-1.13509556920859,-1.15633375890317,-0.84078248510181,-0.732906930712624
source/12kHz_DE_data/OR/Centered/0014/OR014@6_3.mat,source,train,OR,1,0,0.05,1.05,28.7166666666667,1723,1.96930643292071,1.4881617349606,1.61079202905176,-0.335721439144144,-1.04037017877659,-0.774078336798256,-0.113859915249722,-0.354326080444067
source/12kHz_DE_data/OR/Centered/0014/OR014@6_3.mat,source,train,OR,1,1,1.05,2.05,28.7166666666667,1723,2.11930660920757,1.57551036941638,1.54603508169151,-0.254510841293671,-1.15388430990374,-0.95865741134878,-1.08834433690272,-0.31620017920887
source/12kHz_DE_data/OR/Centered/0014/OR014@6_3.mat,source,train,OR,1,2,2.05,3.05,28.7166666666667,1723,1.31443483802877,1.40071546284287,0.473667281439492,0.0620559428482355,-1.05872569537551,-0.939683708734832,-0.287483443169011,-0.00694295921101747
source/12kHz_DE_data/OR/Centered/0014/OR014@6_3.mat,source,train,OR,1,3,3.05,4.05,28.7166666666667,1723,1.83888012436029,1.44934752631387,1.33846759950116,-0.16244867900416,-1.15775507302439,-1.01579227385596,-1.00454024573983,-0.325782825937222
source/12kHz_DE_data/OR/Centered/0014/OR014@6_3.mat,source,train,OR,1,4,4.05,5.05,28.7166666666667,1723,1.85136651911594,1.4827038707863,1.39367729545374,0.102223234138684,-1.00828334191023,-1.04972528150119,0.146239173489171,-0.401922408774367
source/12kHz_DE_data/OR/Centered/0014/OR014@6_3.mat,source,train,OR,1,5,5.05,6.05,28.7166666666667,1723,1.34891376229912,1.39204064389919,0.547982086065518,0.101809357463592,-1.02221243839551,-1.02974285125859,-0.0612084013194711,-0.0721056375263494
source/12kHz_DE_data/OR/Centered/0014/OR014@6_3.mat,source,train,OR,1,6,6.05,7.05,28.7166666666667,1723,1.87734974384064,1.57249574317512,1.62540598341948,-0.193979588168297,-1.13489779299074,-0.969575674152846,-0.873517239836783,-0.462529544226105
source/12kHz_DE_data/OR/Centered/0021/OR021@6_0.mat,source,train,OR,1,0,0.05,1.05,29.9333333333333,1796,-1.36995643279229,-0.804602733827012,-1.21420410049179,0.35811758370206,1.25069779173077,0.0921301185378156,1.05294970435468,0.981720212186825
source/12kHz_DE_data/OR/Centered/0021/OR021@6_0.mat,source,train,OR,1,1,1.05,2.05,29.9333333333333,1796,-1.44487519980243,-0.617794572694107,-1.33181826899149,0.551199580525781,1.02461226555967,0.000548351669694423,0.865342303883944,1.13140628935097
source/12kHz_DE_data/OR/Centered/0021/OR021@6_0.mat,source,train,OR,1,2,2.05,3.05,29.9333333333333,1796,-1.426815359261,-0.620158701574481,-1.28376029642341,0.417923508145795,1.61356506123539,-0.000309052744963173,1.75729836790953,1.08235025581553
source/12kHz_DE_data/OR/Centered/0021/OR021@6_0.mat,source,train,OR,1,3,3.05,4.05,29.9333333333333,1796,-1.39889853294455,-0.734957957833814,-1.28005368846683,0.521799391902119,1.10732188721727,0.0410618164937119,0.860016425934082,1.04920709255305
source/12kHz_DE_data/OR/Centered/0021/OR021@6_0.mat,source,train,OR,1,4,4.05,5.05,29.9333333333333,1796,-1.36709007952385,-0.650049172576156,-1.25142498539453,1.91649991123345,1.59114491322342,-0.0321993442966466,1.24833684303061,1.01692298609618
source/12kHz_DE_data/OR/Centered/0021/OR021@6_0.mat,source,train,OR,1,5,5.05,6.05,29.9333333333333,1796,-1.43905795524424,-0.772388834834662,-1.27313127432101,0.658465941784113,1.16186502040605,0.152354524170072,1.14987790198632,1.06790510325463
source/12kHz_DE_data/OR/Centered/0021/OR021@6_0.mat,source,train,OR,1,6,6.05,7.05,29.9333333333333,1796,-1.36180382694307,-0.569397630009451,-1.31869586030604,-0.0864312136602355,0.808888992671416,-0.0627805141502766,0.989931612788411,1.15288746683216
source/12kHz_DE_data/OR/Centered/0021/OR021@6_1.mat,source,train,OR,1,0,0.05,1.05,29.5166666666667,1771,-1.39463128519413,-0.393344756549773,-1.18184888541944,1.41185375931295,1.29384244630843,-0.593099711065571,1.59310054491689,0.901692919857855
source/12kHz_DE_data/OR/Centered/0021/OR021@6_1.mat,source,train,OR,1,1,1.05,2.05,29.5166666666667,1771,-1.34719909174206,-0.459401610789606,-1.17710817819113,0.66238691042111,1.05259034942335,-0.607624192631862,1.1408261552807,0.887419506347212
source/12kHz_DE_data/OR/Centered/0021/OR021@6_1.mat,source,train,OR,1,2,2.05,3.05,29.5166666666667,1771,-1.29921372343188,-0.501975250800155,-1.09836732658945,0.821521163355528,1.46010951034676,-0.496544468376708,1.37132695888151,0.766164054619719
source/12kHz_DE_data/OR/Centered/0021/OR021@6_1.mat,source,train,OR,1,3,3.05,4.05,29.5166666666667,1771,-1.3153408543197,-0.683716049765255,-1.0257133508737,0.990156571366406,1.30853800550955,-0.453533422769658,1.14863983505808,0.755246173061988
source/12kHz_DE_data/OR/Centered/0021/OR021@6_1.mat,source,train,OR,1,4,4.05,5.05,29.5166666666667,1771,-1.41387742695006,-0.47047651798824,-1.13368395102618,0.369881923885444,1.19427061249057,-0.60545146656309,1.37653410810136,0.93258300084424
source/12kHz_DE_data/OR/Centered/0021/OR021@6_1.mat,source,train,OR,1,5,5.05,6.05,29.5166666666667,1771,-1.33543902779105,-0.443992719567708,-1.15662573383276,0.181895784520802,1.39661715841371,-0.605803052444612,1.69200685860242,0.897671698233053
source/12kHz_DE_data/OR/Centered/0021/OR021@6_1.mat,source,train,OR,1,6,6.05,7.05,29.5166666666667,1771,-1.22004458826297,-0.507023352305331,-1.01877980432836,0.605891693709098,1.26030642659305,-0.407857990785423,0.762366076943679,0.687482090119524
source/12kHz_DE_data/OR/Centered/0021/OR021@6_2.mat,source,validation,OR,1,0,0.05,1.05,29.1333333333333,1748,-1.36999241532294,-0.667173831104983,-1.10373181623561,0.798029000345074,1.67545597402473,-0.140773397549898,1.40649756835006,0.778459153648935
source/12kHz_DE_data/OR/Centered/0021/OR021@6_2.mat,source,validation,OR,1,1,1.05,2.05,29.1333333333333,1748,-1.41042738597704,-0.44848276782467,-1.19773169429593,0.206635275753118,1.13840864706579,-0.139175464575145,1.34817679934772,0.928534285138509
source/12kHz_DE_data/OR/Centered/0021/OR021@6_2.mat,source,validation,OR,1,2,2.05,3.05,29.1333333333333,1748,-1.38257530575465,-0.45377211923208,-1.18601540448234,0.996605150245591,1.26831362231161,-0.643030089745285,1.52734331184395,0.875381830002933
source/12kHz_DE_data/OR/Centered/0021/OR021@6_2.mat,source,validation,OR,1,3,3.05,4.05,29.1333333333333,1748,-1.40608482041803,-0.367716928378441,-1.24036330145396,1.25247049453044,1.09714803853957,-0.20710767908356,0.958629732699141,0.972924014922918
source/12kHz_DE_data/OR/Centered/0021/OR021@6_2.mat,source,validation,OR,1,4,4.05,5.05,29.1333333333333,1748,-1.39215817662297,-0.531936361498304,-1.16817940155364,1.55866615965599,1.43382706792937,-0.535357854150503,1.16240674119327,0.823366031473427
source/12kHz_DE_data/OR/Centered/0021/OR021@6_2.mat,source,validation,OR,1,5,5.05,6.05,29.1333333333333,1748,-1.31427562866735,-0.624419779104108,-1.08757640502179,1.34093826905504,1.76833944436002,-0.476896190765328,1.63763424018796,0.771584800544095
source/12kHz_DE_data/OR/Centered/0021/OR021@6_2.mat,source,validation,OR,1,6,6.05,7.05,29.1333333333333,1748,-1.28533603089223,-0.55319519380576,-1.06096250932645,0.487455890114172,1.76984668120116,-0.0835176901606718,2.03684927636511,0.78145625889581
source/12kHz_DE_data/OR/Centered/0021/OR021@6_3.mat,source,test,OR,1,0,0.05,1.05,28.6833333333333,1721,-1.07669749360524,-0.52746632227257,-0.878796798108133,0.572126323761938,1.39218965019286,-0.357978586251736,1.52898571853286,0.58919625038403
source/12kHz_DE_data/OR/Centered/0021/OR021@6_3.mat,source,test,OR,1,1,1.05,2.05,28.6833333333333,1721,-1.18316623168162,-0.269261657862242,-1.0725281919706,0.368642397505972,0.745396640738365,-0.571012857746527,0.902294620555684,0.769480747536749
source/12kHz_DE_data/OR/Centered/0021/OR021@6_3.mat,source,test,OR,1,2,2.05,3.05,28.6833333333333,1721,-1.13352794783383,-0.328459426236065,-1.0861533024418,0.944860195337536,1.33076974891637,-0.656412189815662,1.73366679015811,0.853592339460146
source/12kHz_DE_data/OR/Centered/0021/OR021@6_3.mat,source,test,OR,1,3,3.05,4.05,28.6833333333333,1721,-1.11480449105591,-0.330876774172452,-1.03515315320671,0.713532314984863,1.13011884443952,-0.528065804569934,1.01510811256172,0.698846489145485
source/12kHz_DE_data/OR/Centered/0021/OR021@6_3.mat,source,test,OR,1,4,4.05,5.05,28.6833333333333,1721,-1.20250503157578,-0.530722953806544,-0.988363570660987,1.26775750015725,1.76984668120116,-0.450154507624088,1.72491966811672,0.684488539927127
source/12kHz_DE_data/OR/Centered/0021/OR021@6_3.mat,source,test,OR,1,5,5.05,6.05,28.6833333333333,1721,-1.1877281460569,-0.504426116787444,-0.999944074559698,1.34409050555264,1.76146267627232,-0.52429352226267,1.77280875869642,0.738603228921736
source/12kHz_DE_data/OR/Centered/0021/OR021@6_3.mat,source,test,OR,1,6,6.05,7.05,28.6833333333333,1721,-1.20896887984794,-0.382300962697017,-1.08441516085584,-0.800644502019315,0.775258770653464,-0.618943641797815,1.09721991621257,0.866240193453144
source/12kHz_DE_data/OR/Opposite/0007/OR007@12_0.mat,source,test,OR,1,0,0.05,1.05,29.95,1797,-0.268405581112191,0.181728426909636,-0.592915191679273,-0.407952284768917,-0.559983506452542,-0.351482787366478,0.0788576930439794,0.234223181662707
source/12kHz_DE_data/OR/Opposite/0007/OR007@12_0.mat,source,test,OR,1,1,1.05,2.05,29.95,1797,0.19973382503145,0.351074208520053,-0.0196479901660245,-0.298056054390057,-0.684858078741046,-0.131140677869099,-0.410125067676984,-0.120518136044621
source/12kHz_DE_data/OR/Opposite/0007/OR007@12_0.mat,source,test,OR,1,2,2.05,3.05,29.95,1797,0.0957569265130966,0.568790517351118,0.0294369122405182,-0.286259333644531,-0.653206105077092,-0.231321198758888,-0.149857561087248,-0.317775976925666
source/12kHz_DE_data/OR/Opposite/0007/OR007@12_0.mat,source,test,OR,1,3,3.05,4.05,29.95,1797,-0.198813972816034,0.207273086991144,-0.515982983188565,-0.437660759843479,-0.538241615019087,-0.440815017532502,0.324774070144656,0.113054743322032
source/12kHz_DE_data/OR/Opposite/0007/OR007@12_0.mat,source,test,OR,1,4,4.05,5.05,29.95,1797,-0.21496806477301,0.240357531028134,-0.486887199809331,-0.429798965751022,-0.515708424244034,-0.450940144551243,0.140328354334489,0.153247350914301
source/12kHz_DE_data/OR/Opposite/0007/OR007@12_0.mat,source,test,OR,1,5,5.05,6.05,29.95,1797,0.243102685243905,0.410129353354289,0.104084925373431,-0.254817019934348,-0.609383193920927,-0.271559594244927,-0.110577337309592,-0.325612871356648
source/12kHz_DE_data/OR/Opposite/0007/OR007@12_0.mat,source,test,OR,1,6,6.05,7.05,29.95,1797,0.0479340892973243,0.28874647318022,-0.0419101568290297,-0.597864030278191,-0.589939838670212,-0.190864205305208,0.246893716872541,-0.430942068351827
source/12kHz_DE_data/OR/Opposite/0007/OR007@12_1.mat,source,test,OR,1,0,0.05,1.05,29.55,1773,0.519304051883606,0.567471095973619,0.0407923427031618,-0.268890586634705,-0.637568522850258,-1.14632305681007,-0.296839255093107,0.190548368575306
source/12kHz_DE_data/OR/Opposite/0007/OR007@12_1.mat,source,test,OR,1,1,1.05,2.05,29.55,1773,0.595182539931377,0.809531306898159,0.391266881279005,-0.536435684799949,-0.708182568857698,-0.989278733947593,-0.400739513321024,-0.234418816555872
source/12kHz_DE_data/OR/Opposite/0007/OR007@12_1.mat,source,test,OR,1,2,2.05,3.05,29.55,1773,0.263818810683444,0.619007892351622,-0.239383375952117,-0.338949541936393,-0.553577749877694,-0.220644597261009,0.181365674388839,0.372854654225796
source/12kHz_DE_data/OR/Opposite/0007/OR007@12_1.mat,source,test,OR,1,3,3.05,4.05,29.55,1773,0.110747448667581,0.273689596403482,-0.485536955566075,-0.565642661969499,-0.42791187824759,-0.350123091158407,0.693790230633245,0.668344849829206
source/12kHz_DE_data/OR/Opposite/0007/OR007@12_1.mat,source,test,OR,1,4,4.05,5.05,29.55,1773,0.251894315348079,0.521720661251415,-0.0805908820713534,-0.338549525921236,-0.584287700515935,-1.14056314426395,-0.0549760690134857,0.258828939704074
source/12kHz_DE_data/OR/Opposite/0007/OR007@12_1.mat,source,test,OR,1,5,5.05,6.05,29.55,1773,0.424033740545506,0.785014675941942,0.343019347132241,-0.445893408486365,-0.6575770919164,-1.03203599496437,-0.189463935576654,-0.285101300310676
source/12kHz_DE_data/OR/Opposite/0007/OR007@12_1.mat,source,test,OR,1,6,6.05,7.05,29.55,1773,0.364073990285702,0.701599405417545,-0.239698206166691,-0.695371819588271,-0.570119674209213,-1.23270035337793,0.426340964741372,0.356712087539906
source/12kHz_DE_data/OR/Opposite/0007/OR007@12_2.mat,source,test,OR,1,0,0.05,1.05,29.1666666666667,1750,-0.139734873646038,-0.046186031644464,-0.264182697517765,-0.269156446837668,-0.460392832174172,-0.176729565418728,0.0430778300169296,-0.0578539761021316
source/12kHz_DE_data/OR/Opposite/0007/OR007@12_2.mat,source,test,OR,1,1,1.05,2.05,29.1666666666667,1750,-0.0857368761454598,-0.0582278265687355,-0.228590281286879,-0.152516965755592,-0.489294098603044,-0.18388983267938,0.127911869667079,-0.066086404355038
source/12kHz_DE_data/OR/Opposite/0007/OR007@12_2.mat,source,test,OR,1,2,2.05,3.05,29.1666666666667,1750,-0.0423333963278259,0.118057121754002,-0.21317259310989,-0.144621932883641,-0.449992897970301,-0.113525125258459,0.128641065110093,-0.117054551798621
source/12kHz_DE_data/OR/Opposite/0007/OR007@12_2.mat,source,test,OR,1,3,3.05,4.05,29.1666666666667,1750,-0.123860994359885,0.10544100209571,-0.371646674856096,-0.23014885801862,-0.257594115198694,-0.242153918882196,0.642257275352169,0.0967374039874002
source/12kHz_DE_data/OR/Opposite/0007/OR007@12_2.mat,source,test,OR,1,4,4.05,5.05,29.1666666666667,1750,-0.19650927359627,0.0506076364337622,-0.395690557413917,-0.165956873793834,-0.541293769622397,-0.25586201658895,-0.147633301113891,0.107854201713107
source/12kHz_DE_data/OR/Opposite/0007/OR007@12_2.mat,source,test,OR,1,5,5.05,6.05,29.1666666666667,1750,-0.0836544368538073,0.0422990163915716,-0.243375541680699,-0.378374125641998,-0.503914295962109,-0.0574922791261973,-0.0150500993278968,-0.141474062622792
source/12kHz_DE_data/OR/Opposite/0007/OR007@12_2.mat,source,test,OR,1,6,6.05,7.05,29.1666666666667,1750,-0.0935505042438794,0.078816174088655,-0.312313078357569,-0.373618368380535,-0.51175192753604,-0.149126614597453,0.0250960535683423,0.00557087470234438
source/12kHz_DE_data/OR/Opposite/0007/OR007@12_3.mat,source,train,OR,1,0,0.05,1.05,28.7333333333333,1724,-0.13858715204865,0.137180578066357,-0.118140402011203,-0.297371443473123,-0.499995480175143,-0.287560351009836,0.190140247813563,-0.160637680109705
source/12kHz_DE_data/OR/Opposite/0007/OR007@12_3.mat,source,train,OR,1,1,1.05,2.05,28.7333333333333,1724,-0.174416446273312,0.0857458098852427,-0.13755351338322,-0.378674020000062,-0.597400661033859,-0.267484086362261,-0.247210623922426,-0.109358987410426
source/12kHz_DE_data/OR/Opposite/0007/OR007@12_3.mat,source,train,OR,1,2,2.05,3.05,28.7333333333333,1724,-0.0827900227836354,0.152650219877608,-0.17439164934057,-0.337924409428475,-0.596797766297402,-0.448300563345646,-0.270112963727701,0.105672593547218
source/12kHz_DE_data/OR/Opposite/0007/OR007@12_3.mat,source,train,OR,1,3,3.05,4.05,28.7333333333333,1724,-0.0922810515725044,0.132464661923924,-0.182082878738104,-0.342931110728198,-0.540879279491083,-0.385139393451828,0.0303647382337883,0.0440503456182189
source/12kHz_DE_data/OR/Opposite/0007/OR007@12_3.mat,source,train,OR,1,4,4.05,5.05,28.7333333333333,1724,-0.107482787181817,0.238758330984282,-0.262321605121475,-0.309844044681143,-0.56612549658019,-0.473967326153036,-0.0235326189308587,0.156405825400675
source/12kHz_DE_data/OR/Opposite/0007/OR007@12_3.mat,source,train,OR,1,5,5.05,6.05,28.7333333333333,1724,-0.129076130623823,0.140312845100475,-0.309338122587409,-0.477750764758174,-0.573435595259722,-0.423691979589039,-0.115078296849189,0.149701826715789
source/12kHz_DE_data/OR/Opposite/0007/OR007@12_3.mat,source,train,OR,1,6,6.05,7.05,28.7333333333333,1724,-0.081091431859707,0.253595304604312,-0.194060673755676,-0.412200453274388,-0.592577503142209,-0.411741351772578,-0.144441387811942,-0.0740571593779626
source/12kHz_DE_data/OR/Opposite/0021/OR021@12_0.mat,source,validation,OR,1,0,0.05,1.05,29.9333333333333,1796,-1.26477865767064,-0.376776030036889,-1.46778676927711,-2.26712683614279,0.660708770726773,0.0847865506044034,1.82560008309517,1.67351875845025
source/12kHz_DE_data/OR/Opposite/0021/OR021@12_0.mat,source,validation,OR,1,1,1.05,2.05,29.9333333333333,1796,-1.24765619526342,-0.398145329071976,-1.4761625035481,-2.54102003171054,0.690194091431588,0.117328606478504,1.58900699789699,1.66857948792596
source/12kHz_DE_data/OR/Opposite/0021/OR021@12_0.mat,source,validation,OR,1,2,2.05,3.05,29.9333333333333,1796,-1.18115525587826,-0.32450452881127,-1.4540195671574,-2.07113842962241,0.530709593178391,0.112055943244176,1.377362789456,1.68329657717228
source/12kHz_DE_data/OR/Opposite/0021/OR021@12_0.mat,source,validation,OR,1,3,3.05,4.05,29.9333333333333,1796,-1.12829843294206,-0.392006356043329,-1.42053432552667,-1.9591073828096,0.443101451787089,0.0911882374557696,1.34453903831394,1.68712327836495
source/12kHz_DE_data/OR/Opposite/0021/OR021@12_0.mat,source,validation,OR,1,4,4.05,5.05,29.9333333333333,1796,-1.18383872781744,-0.436740433164725,-1.43769410988823,-2.74974149395097,0.464862183681057,0.102006412154316,1.42862079306909,1.66303629187352
source/12kHz_DE_data/OR/Opposite/0021/OR021@12_0.mat,source,validation,OR,1,5,5.05,6.05,29.9333333333333,1796,-1.27669849500521,-0.436965279094869,-1.4698552915279,-2.57780723976196,0.640832084884231,0.0847891360851844,1.61321357057703,1.6430464691174
source/12kHz_DE_data/OR/Opposite/0021/OR021@12_0.mat,source,validation,OR,1,6,6.05,7.05,29.9333333333333,1796,-1.33714040561079,-0.371207724495783,-1.51524270333572,-2.21086759502011,0.665230481250196,0.145122287354534,1.69265685693101,1.71276204454036
source/12kHz_DE_data/OR/Opposite/0021/OR021@12_1.mat,source,train,OR,1,0,0.05,1.05,29.5166666666667,1771,-1.2275669367194,-0.28706603262593,-1.35637989086683,-2.9273473166643,0.46213031690649,-0.718495069995289,1.48603498468356,1.47269826798335
source/12kHz_DE_data/OR/Opposite/0021/OR021@12_1.mat,source,train,OR,1,1,1.05,2.05,29.5166666666667,1771,-1.21265454752154,-0.255628144602397,-1.37981069307628,-2.77048325512328,0.535137101399241,-0.733941023956604,1.64060840358563,1.52547851873387
source/12kHz_DE_data/OR/Opposite/0021/OR021@12_1.mat,source,train,OR,1,2,2.05,3.05,29.5166666666667,1771,-1.06035272208527,-0.356594264430876,-1.27711822724874,-2.39597197402559,0.311595037397565,-0.725675789789981,1.47923067057735,1.44939286140158
source/12kHz_DE_data/OR/Opposite/0021/OR021@12_1.mat,source,train,OR,1,3,3.05,4.05,29.5166666666667,1771,-1.14630185631697,-0.336821464778971,-1.33335005355323,-3.04398051355997,0.574984675386898,-0.734161826010786,1.87529189173913,1.47452085437269
source/12kHz_DE_data/OR/Opposite/0021/OR021@12_1.mat,source,train,OR,1,4,4.05,5.05,29.5166666666667,1771,-1.2695365740038,-0.274076528493233,-1.3911635341912,-2.74450766902273,0.452050670531362,-0.72993824594602,1.62653107285375,1.53354571975655
source/12kHz_DE_data/OR/Opposite/0021/OR021@12_1.mat,source,train,OR,1,5,5.05,6.05,29.5166666666667,1771,-1.14099124335901,-0.37526034029094,-1.32176955470521,-3.02136403409495,0.571970201704617,-0.743237166765352,1.74662679361133,1.46946535354618
source/12kHz_DE_data/OR/Opposite/0021/OR021@12_1.mat,source,train,OR,1,6,6.05,7.05,29.5166666666667,1771,-1.07018885727872,-0.387966915757228,-1.28940290623314,-2.59767675398388,0.524492241208685,-0.732562887881147,1.97942460186292,1.43869173854946
source/12kHz_DE_data/OR/Opposite/0021/OR021@12_2.mat,source,train,OR,1,0,0.05,1.05,29.1,1746,-1.05955561120394,-0.211842456747637,-1.32584648873282,-2.90214534800879,0.368681632755768,0.0388710425200728,1.40406756967338,1.36640802374283
source/12kHz_DE_data/OR/Opposite/0021/OR021@12_2.mat,source,train,OR,1,1,1.05,2.05,29.1,1746,-1.03979778332586,-0.304062491381411,-1.27290906410574,-2.77395074839248,0.366138170586344,0.182371614610836,1.49429645950208,1.3656750105575
source/12kHz_DE_data/OR/Opposite/0021/OR021@12_2.mat,source,train,OR,1,2,2.05,3.05,29.1,1746,-0.891874587840687,-0.30142567959646,-1.23943857468681,-3.04370510431188,0.360391830129495,-0.834056306207366,1.34321892852378,1.35839962959452
source/12kHz_DE_data/OR/Opposite/0021/OR021@12_2.mat,source,train,OR,1,3,3.05,4.05,29.1,1746,-1.14697155581465,-0.239007086573008,-1.40122017917649,-3.91206779760338,0.553694955005786,-0.0155848170972826,1.76805017121542,1.46869063805146
source/12kHz_DE_data/OR/Opposite/0021/OR021@12_2.mat,source,train,OR,1,4,4.05,5.05,29.1,1746,-1.15774641920972,-0.176189323325253,-1.37473922693776,-2.49654797533379,0.482572216564461,-0.0590925566238192,1.75030257424273,1.42253929710268
source/12kHz_DE_data/OR/Opposite/0021/OR021@12_2.mat,source,train,OR,1,5,5.05,6.05,29.1,1746,-0.839073603050298,-0.407240232183142,-1.2101090187797,-2.72722507709201,0.24923311309537,0.15964469841538,1.30719565580512,1.35103906614623
source/12kHz_DE_data/OR/Opposite/0021/OR021@12_2.mat,source,train,OR,1,6,6.05,7.05,29.1,1746,-1.08708664014724,-0.385902757558601,-1.33889781591815,-2.74573197325553,0.367739609730056,0.175404715561265,1.58471494805278,1.48713012077942
source/12kHz_DE_data/OR/Opposite/0021/OR021@12_3.mat,source,test,OR,1,0,0.05,1.05,28.6333333333333,1718,-0.637632783555671,-0.214708178876753,-1.16782015365382,-2.96956153282371,0.349181756123511,-0.961033864964644,2.0135566375064,1.25171915809411
source/12kHz_DE_data/OR/Opposite/0021/OR021@12_3.mat,source,test,OR,1,1,1.05,2.05,28.6333333333333,1718,-0.616789847880446,-0.26324535820097,-1.25151395254875,-3.21467161313503,0.269863417358483,-0.852856083330383,1.5815099657771,1.44388767912875
source/12kHz_DE_data/OR/Opposite/0021/OR021@12_3.mat,source,test,OR,1,2,2.05,3.05,28.6333333333333,1718,-0.695362303334522,-0.272529719396964,-1.26183717511451,-3.15915949428524,0.280319872943897,-0.910572545524617,1.61480313509929,1.4466701928616
source/12kHz_DE_data/OR/Opposite/0021/OR021@12_3.mat,source,test,OR,1,3,3.05,4.05,28.6333333333333,1718,-0.847508750959207,-0.175729482743288,-1.31380264204126,-3.47026923619401,0.291341542344738,-0.874176237317685,1.86770238166082,1.43217263605776
source/12kHz_DE_data/OR/Opposite/0021/OR021@12_3.mat,source,test,OR,1,4,4.05,5.05,28.6333333333333,1718,-0.633827910935398,-0.28532946241165,-1.17430749870817,-3.30107802373843,0.146929412502947,-0.905674111138407,1.24145915143523,1.31814342240406
source/12kHz_DE_data/OR/Opposite/0021/OR021@12_3.mat,source,test,OR,1,5,5.05,6.05,28.6333333333333,1718,-0.65678895163894,-0.263061310544142,-1.23946727488238,-2.78978587986059,0.342304988035807,-0.873134054436915,1.78434272716907,1.38907210559393
source/12kHz_DE_data/OR/Opposite/0021/OR021@12_3.mat,source,test,OR,1,6,6.05,7.05,28.6333333333333,1718,-0.950091514390627,-0.1392477363002,-1.38024332160945,-2.86008099333723,0.263928672296492,-0.88669311690673,1.56842549730782,1.48886885050869
source/12kHz_DE_data/OR/Orthogonal/0007/OR007@3_0.mat,source,train,OR,1,0,0.05,1.05,29.95,1797,-0.556590382562876,-0.618844937952617,0.190755532210141,0.293758994753254,0.0509372661828008,0.454589006385112,-1.00968260064106,-1.09103475261454
source/12kHz_DE_data/OR/Orthogonal/0007/OR007@3_0.mat,source,train,OR,1,1,1.05,2.05,29.95,1797,-0.573368888653124,-0.569159839085238,0.249890634211857,0.324029758275151,0.1208353746907,0.370415043610748,-0.933967002465584,-1.07009140219768
source/12kHz_DE_data/OR/Orthogonal/0007/OR007@3_0.mat,source,train,OR,1,2,2.05,3.05,29.95,1797,-0.542520121268422,-0.510302345155492,0.218992826999733,0.292078005946738,0.0773139109027625,0.265437834408186,-1.05340392049983,-1.03031098813698
source/12kHz_DE_data/OR/Orthogonal/0007/OR007@3_0.mat,source,train,OR,1,3,3.05,4.05,29.95,1797,-0.526976251877929,-0.598021140993842,0.266585250490784,0.302946404286644,0.128748368106688,0.401951380088719,-0.920078846404571,-1.13194306836259
source/12kHz_DE_data/OR/Orthogonal/0007/OR007@3_0.mat,source,train,OR,1,4,4.05,5.05,29.95,1797,-0.622356010510043,-0.70035231449316,0.250149727070117,0.279839638296304,0.030024355011974,0.562329996301831,-1.06615551366492,-1.20726730789605
source/12kHz_DE_data/OR/Orthogonal/0007/OR007@3_0.mat,source,train,OR,1,5,5.05,6.05,29.95,1797,-0.60675244782457,-0.635509618940655,0.199666108455819,0.306680225381169,0.119799149362415,0.467481847665965,-0.977176233874766,-1.07859159516475
source/12kHz_DE_data/OR/Orthogonal/0007/OR007@3_0.mat,source,train,OR,1,6,6.05,7.05,29.95,1797,-0.553133052397499,-0.624666586564174,0.19843705929605,0.328939935750641,0.144291748030951,0.399352012903001,-0.935809655288286,-1.03682663912232
source/12kHz_DE_data/OR/Orthogonal/0007/OR007@3_1.mat,source,train,OR,1,0,0.05,1.05,29.5666666666667,1774,-0.657466293607654,-0.639938019470772,0.266087194286907,0.352924420939608,0.167653919068631,0.258037243614792,-1.05653252731135,-1.19389976248832
source/12kHz_DE_data/OR/Orthogonal/0007/OR007@3_1.mat,source,train,OR,1,1,1.05,2.05,29.5666666666667,1774,-0.697750723493355,-0.673112128971957,0.25415799478682,0.372566932184875,0.195820407537448,0.402540385348407,-1.02108752520837,-1.25291108472954
source/12kHz_DE_data/OR/Orthogonal/0007/OR007@3_1.mat,source,train,OR,1,2,2.05,3.05,29.5666666666667,1774,-0.685974273717929,-0.665196667416376,0.280570816275234,0.355300709987957,0.172929248012624,0.339351590307731,-1.02071884544386,-1.21973972578077
source/12kHz_DE_data/OR/Orthogonal/0007/OR007@3_1.mat,source,train,OR,1,3,3.05,4.05,29.5666666666667,1774,-0.673380538316364,-0.664994387594947,0.268460157181837,0.355551766475086,0.221631838441982,0.363108731656574,-0.996423974571717,-1.23331265620779
source/12kHz_DE_data/OR/Orthogonal/0007/OR007@3_1.mat,source,train,OR,1,4,4.05,5.05,29.5666666666667,1774,-0.627197925485661,-0.668623507919959,0.265808632794538,0.367330631570358,0.214095654236278,0.424039444466239,-0.986861503988309,-1.23695733534585
source/12kHz_DE_data/OR/Orthogonal/0007/OR007@3_1.mat,source,train,OR,1,5,5.05,6.05,29.5666666666667,1774,-0.68363837569205,-0.695139522003632,0.249256354662288,0.361904958495847,0.189320448660029,0.413915286192343,-1.04216152059765,-1.25036785513335
source/12kHz_DE_data/OR/Orthogonal/0007/OR007@3_1.mat,source,train,OR,1,6,6.05,7.05,29.5666666666667,1774,-0.619044262338296,-0.607949131084477,0.298528970956384,0.363211956402499,0.24631284171566,0.369017922602296,-0.999028978957155,-1.23345324770895
source/12kHz_DE_data/OR/Orthogonal/0007/OR007@3_2.mat,source,test,OR,1,0,0.05,1.05,29.1833333333333,1751,-0.596797537196276,-0.740505657569038,0.361957598322467,0.364301986042486,0.203733400953436,0.839185879995992,-1.01254223753955,-1.20289730225261
source/12kHz_DE_data/OR/Orthogonal/0007/OR007@3_2.mat,source,test,OR,1,1,1.05,2.05,29.1833333333333,1751,-0.595677525055215,-0.78286698088683,0.287833833617969,0.351862251466257,0.208914527594857,0.88882749884579,-1.02675544240166,-1.15865617614095
source/12kHz_DE_data/OR/Orthogonal/0007/OR007@3_2.mat,source,test,OR,1,2,2.05,3.05,29.1833333333333,1751,-0.62027581680769,-0.794817401836544,0.25339680952217,0.360507066670869,0.245747627900233,0.896761641899715,-0.970112684578655,-1.14824286156381
source/12kHz_DE_data/OR/Orthogonal/0007/OR007@3_2.mat,source,test,OR,1,3,3.05,4.05,29.1833333333333,1751,-0.613898161297937,-0.841641831277815,0.330079150192542,0.37621052354624,0.230392652581112,0.997652388978687,-0.985867434711105,-1.23338003824896
source/12kHz_DE_data/OR/Orthogonal/0007/OR007@3_2.mat,source,test,OR,1,4,4.05,5.05,29.1833333333333,1751,-0.614050551483579,-0.83812392748494,0.315741923491669,0.365433996186383,0.268073573609629,0.9848958545995,-0.979834315185937,-1.21662320313707
source/12kHz_DE_data/OR/Orthogonal/0007/OR007@3_2.mat,source,test,OR,1,5,5.05,6.05,29.1833333333333,1751,-0.611330938295893,-0.822516955242289,0.268346186462801,0.359356552318523,0.304247257797005,0.915377746510428,-0.92734511742868,-1.15879384128825
source/12kHz_DE_data/OR/Orthogonal/0007/OR007@3_2.mat,source,test,OR,1,6,6.05,7.05,29.1833333333333,1751,-0.600203382463792,-0.797623200824103,0.289744522888155,0.351269915024973,0.261762019337352,0.864636183765191,-0.965368667773185,-1.147923503373
source/12kHz_DE_data/OR/Orthogonal/0007/OR007@3_3.mat,source,train,OR,1,0,0.05,1.05,28.75,1725,-0.314595573524211,-0.453812517306959,0.787985660115938,0.401134207454691,0.166994502950633,0.340664380668876,-0.963616807974715,-1.36833144494577
source/12kHz_DE_data/OR/Orthogonal/0007/OR007@3_3.mat,source,train,OR,1,1,1.05,2.05,28.75,1725,-0.325498509923509,-0.510368800114601,0.808644118548907,0.413361423473485,0.121494790808698,0.423934645469756,-1.01927680409552,-1.35785341027943
source/12kHz_DE_data/OR/Orthogonal/0007/OR007@3_3.mat,source,train,OR,1,2,2.05,3.05,28.75,1725,-0.295086947005863,-0.460081909998635,0.836502071626635,0.427254741676536,0.186965391095746,0.344945653621867,-0.9408582417802,-1.39025762501407
source/12kHz_DE_data/OR/Orthogonal/0007/OR007@3_3.mat,source,train,OR,1,3,3.05,4.05,28.75,1725,-0.31422136895466,-0.534053216985657,0.787684695284098,0.451261276369889,0.228320201924543,0.433728677417518,-0.886141616559818,-1.34942964807034
source/12kHz_DE_data/OR/Orthogonal/0007/OR007@3_3.mat,source,train,OR,1,4,4.05,5.05,28.75,1725,-0.305324111970156,-0.473549787272876,0.781419564860843,0.412787887057262,0.133646887840395,0.377727511226426,-1.010336443709,-1.36993541323701
source/12kHz_DE_data/OR/Orthogonal/0007/OR007@3_3.mat,source,train,OR,1,5,5.05,6.05,28.75,1725,-0.287077287184752,-0.53458755146707,0.774494884235621,0.427755775421636,0.244711402571948,0.460936001393813,-0.914148855470466,-1.38654039620335
source/12kHz_DE_data/OR/Orthogonal/0007/OR007@3_3.mat,source,train,OR,1,6,6.05,7.05,28.75,1725,-0.304695047373429,-0.521062450343915,0.740030761789921,0.420244712611998,0.200907331876298,0.443995268289424,-0.907544845035358,-1.35112845641446
source/12kHz_DE_data/OR/Orthogonal/0021/OR021@3_0.mat,source,train,OR,1,0,0.05,1.05,29.9333333333333,1796,-0.571669857889478,-0.785385312753629,-1.19159525734977,0.0910098837276353,-0.450482749943672,0.647196521173314,-0.236374239239302,1.35168464606797
source/12kHz_DE_data/OR/Orthogonal/0021/OR021@3_0.mat,source,train,OR,1,1,1.05,2.05,29.9333333333333,1796,-0.565982621108698,-0.827314333618014,-1.18073748435515,0.419151918780615,-0.40277870392157,0.697019614745602,0.108671131996555,1.34705607616742
source/12kHz_DE_data/OR/Orthogonal/0021/OR021@3_0.mat,source,train,OR,1,2,2.05,3.05,29.9333333333333,1796,-0.518190115260507,-0.818201634162644,-1.17257571772117,0.571342582472522,-0.363402141446769,0.600212068553157,0.224579835127231,1.30557864172415
source/12kHz_DE_data/OR/Orthogonal/0021/OR021@3_0.mat,source,train,OR,1,3,3.05,4.05,29.9333333333333,1796,-0.564513798058861,-0.703586370181215,-1.21597550402993,1.28224008662275,-0.240373934288662,0.618571569015794,0.535715189761637,1.41758670466478
source/12kHz_DE_data/OR/Orthogonal/0021/OR021@3_0.mat,source,train,OR,1,4,4.05,5.05,29.9333333333333,1796,-0.697890678418855,-0.900201606535252,-1.29117430966803,0.165051145788698,-0.344147190801197,0.759173116417587,0.21758231309772,1.4451047001983
source/12kHz_DE_data/OR/Orthogonal/0021/OR021@3_0.mat,source,train,OR,1,5,5.05,6.05,29.9333333333333,1796,-0.612964548428747,-0.774800309976542,-1.21889784371011,0.472306243637927,-0.433677059164953,0.654298539805677,-0.00836067393567822,1.42329593850645
source/12kHz_DE_data/OR/Orthogonal/0021/OR021@3_0.mat,source,train,OR,1,6,6.05,7.05,29.9333333333333,1796,-0.565190478513294,-0.880453079487441,-1.19380269970755,0.0687980788120924,-0.429682881535931,0.754529300383188,-0.149922685648079,1.45301335029897
source/12kHz_DE_data/OR/Orthogonal/0021/OR021@3_1.mat,source,train,OR,1,0,0.05,1.05,29.5166666666667,1771,-0.344632894952115,-0.639245025666885,-0.825528750451501,1.07010195910024,-0.466497141380792,0.179598135157366,0.0885613322143509,0.774167614953711
source/12kHz_DE_data/OR/Orthogonal/0021/OR021@3_1.mat,source,train,OR,1,1,1.05,2.05,29.5166666666667,1771,-0.135245020043977,-0.539852548818875,-0.682689308286623,0.767481569201097,-0.455418950598408,0.117264072622483,0.238274769268873,0.692154083967265
source/12kHz_DE_data/OR/Orthogonal/0021/OR021@3_1.mat,source,train,OR,1,2,2.05,3.05,29.5166666666667,1771,-0.287882936186349,-0.626343962314677,-0.807548942532852,0.486578518438923,-0.374668736834296,0.284736524053075,0.373088811993626,0.753044602725637
source/12kHz_DE_data/OR/Orthogonal/0021/OR021@3_1.mat,source,train,OR,1,3,3.05,4.05,29.5166666666667,1771,-0.298293395625,-0.590107266752743,-0.776213463067795,0.609733355725276,-0.46653482230182,0.175900127423334,0.0148048616269927,0.711520661266255
source/12kHz_DE_data/OR/Orthogonal/0021/OR021@3_1.mat,source,train,OR,1,4,4.05,5.05,29.5166666666667,1771,-0.243199143645443,-0.583864693475174,-0.733411282219674,1.69011043250182,-0.465668161118164,0.155524462899781,0.311078313991302,0.730724271319153
source/12kHz_DE_data/OR/Orthogonal/0021/OR021@3_1.mat,source,train,OR,1,5,5.05,6.05,29.5166666666667,1771,-0.395379039924062,-0.62863587208801,-0.776374125073532,0.784539465429045,-0.476784032821577,0.178738166038606,-0.0159707194313144,0.576198634552234
source/12kHz_DE_data/OR/Orthogonal/0021/OR021@3_1.mat,source,train,OR,1,6,6.05,7.05,29.5166666666667,1771,-0.343716074370204,-0.571749148013471,-0.786353488691128,0.745120522478494,-0.56714288144796,0.167649606536138,-0.313567513206421,0.745723427955838
source/12kHz_DE_data/OR/Orthogonal/0021/OR021@3_2.mat,source,train,OR,1,0,0.05,1.05,29.1166666666667,1747,-0.451787968303524,-0.731598077578223,-1.04547425021477,1.15647109929574,-0.51608523345432,0.563383662118245,0.00618420892703243,1.10998672992801
source/12kHz_DE_data/OR/Orthogonal/0021/OR021@3_2.mat,source,train,OR,1,1,1.05,2.05,29.1166666666667,1747,-0.58325366581921,-0.843949926080363,-1.06794739642494,0.713067444615538,-0.616128078785032,0.479010407198492,-0.35280184505103,1.01499398191472
source/12kHz_DE_data/OR/Orthogonal/0021/OR021@3_2.mat,source,train,OR,1,2,2.05,3.05,29.1166666666667,1747,-0.593481817303729,-0.780977601139371,-1.05880163486634,0.554266872681025,-0.582931187358908,0.500935692653783,-0.274196179469105,1.06734139755978
source/12kHz_DE_data/OR/Orthogonal/0021/OR021@3_2.mat,source,train,OR,1,3,3.05,4.05,29.1166666666667,1747,-0.316864355550706,-0.612670663889232,-0.917501011029937,0.670958678421234,-0.536809740020004,0.410803501424376,-0.198794866196613,1.00295612982676
source/12kHz_DE_data/OR/Orthogonal/0021/OR021@3_2.mat,source,train,OR,1,4,4.05,5.05,29.1166666666667,1747,-0.271875762771472,-0.543437071879818,-0.934235185203425,1.01357006115276,-0.480476763082371,0.412742760168422,0.108941161936368,1.06040619414335
source/12kHz_DE_data/OR/Orthogonal/0021/OR021@3_2.mat,source,train,OR,1,5,5.05,6.05,29.1166666666667,1747,-0.253703014587914,-0.647609203950001,-0.873437201375334,1.35633902271153,-0.446526253235678,0.425524524562855,0.260336336429075,0.941236481489344
source/12kHz_DE_data/OR/Orthogonal/0021/OR021@3_2.mat,source,train,OR,1,6,6.05,7.05,29.1166666666667,1747,-0.143637100434312,-0.6847137384689,-0.852608629305667,0.802342733722555,-0.479836187424886,0.453367807900112,0.109928714050053,0.988975660056141
source/12kHz_DE_data/OR/Orthogonal/0021/OR021@3_3.mat,source,train,OR,1,0,0.05,1.05,28.65,1719,-0.224598820932347,-0.626543735024985,-0.818671841829948,0.804620480591913,-0.622722239965022,0.241909656538483,-0.358328390970855,0.799873285397602
source/12kHz_DE_data/OR/Orthogonal/0021/OR021@3_3.mat,source,train,OR,1,1,1.05,2.05,28.65,1719,-0.268864541656525,-0.365392442002048,-0.76821343904635,1.09528977948408,-0.462992815725139,0.0925704079715867,0.179089930449608,0.745306099746674
source/12kHz_DE_data/OR/Orthogonal/0021/OR021@3_3.mat,source,train,OR,1,2,2.05,3.05,28.65,1719,0.0267937582902899,-0.43648933731807,-0.628598930378366,0.887881950816915,-0.46728844072239,0.147583150239787,0.0798574564673974,0.645674025782365
source/12kHz_DE_data/OR/Orthogonal/0021/OR021@3_3.mat,source,train,OR,1,3,3.05,4.05,28.65,1719,-0.0342980479356733,-0.537246279777259,-0.638497105242469,1.14222191222248,-0.573322552496637,0.0982809467353388,-0.293083023449951,0.678370454011336
source/12kHz_DE_data/OR/Orthogonal/0021/OR021@3_3.mat,source,train,OR,1,4,4.05,5.05,28.65,1719,-0.179558149611193,-0.581697875780809,-0.803616934997327,0.538448109147825,-0.601658605110081,0.271789743956359,-0.287970666856463,0.827939802256112
source/12kHz_DE_data/OR/Orthogonal/0021/OR021@3_3.mat,source,train,OR,1,5,5.05,6.05,28.65,1719,-0.0242280555370026,-0.556170948508608,-0.637285177637533,0.635733990147398,-0.61895414786217,0.0791753433633807,-0.423132899494677,0.610177874006225
source/12kHz_DE_data/OR/Orthogonal/0021/OR021@3_3.mat,source,train,OR,1,6,6.05,7.05,28.65,1719,-0.0543507014996631,-0.611863944401132,-0.700894460963961,0.678885377941496,-0.598568769585743,0.11325853145057,-0.188901156454397,0.658013560691657
source/48kHz_DE_data/B/0007/B007_0.mat,source,test,B,3,0,0.05,1.05,29.9333333333333,1796,0.0987827023247129,0.896582056340615,-0.041778321134492,-0.284698674011969,-1.05502242625326,-0.812581401445255,-1.05976452288159,0.0310252133355492
source/48kHz_DE_data/B/0007/B007_0.mat,source,test,B,3,1,1.05,2.05,29.9333333333333,1796,0.286457801376715,0.756172690105302,0.257118846518127,-0.232142631822943,-1.00764509704605,-0.672342055677066,-0.727145386785423,-0.230777130273171
source/48kHz_DE_data/B/0007/B007_0.mat,source,test,B,3,2,2.05,3.05,29.9333333333333,1796,0.362360009513329,0.944681790042317,0.135272820010554,-0.24278289087992,-1.0303416929584,-0.600299069276991,-0.808748440160012,-0.12157173826947
source/48kHz_DE_data/B/0007/B007_1.mat,source,validation,B,3,0,0.05,1.05,29.5333333333333,1772,0.462970505362726,1.17618782406967,0.476040501919374,-0.307140706428027,-1.05986178572285,-0.863060917665917,-0.981425996035999,-0.669527707570016
source/48kHz_DE_data/B/0007/B007_1.mat,source,validation,B,3,1,1.05,2.05,29.5333333333333,1772,0.447716599773388,1.02038849505025,0.509209722343779,-0.1083594928545,-1.03629410510598,-0.911536962771038,-0.767210345066331,-0.601259302818273
source/48kHz_DE_data/B/0007/B007_1.mat,source,validation,B,3,2,2.05,3.05,29.5333333333333,1772,0.560803125383803,0.999885808074516,0.205138875100887,-0.0911452442897839,-1.03672964745824,-0.88314779546954,-0.886562523088158,-0.0504513948066106
source/48kHz_DE_data/B/0007/B007_2.mat,source,validation,B,3,0,0.05,1.05,29.1166666666667,1747,1.05066987513206,1.3200998167092,1.24447505390553,0.050701165688193,-1.04248848522705,-1.18960870396745,-0.804929055060214,-0.945885351807224
source/48kHz_DE_data/B/0007/B007_2.mat,source,validation,B,3,1,1.05,2.05,29.1166666666667,1747,1.17942607825772,1.41872596517149,1.38169286744703,-0.178696780188274,-1.05599029814718,-1.13565523516466,-0.972111267596705,-1.06218719304531
source/48kHz_DE_data/B/0007/B007_2.mat,source,validation,B,3,2,2.05,3.05,29.1166666666667,1747,0.745633341711104,1.21720500742592,0.631070824063984,-0.203407846719249,-1.03445514850754,-0.800844726193196,-0.859298937462998,-0.723324879782761
source/48kHz_DE_data/B/0007/B007_3.mat,source,train,B,3,0,0.05,1.05,28.6833333333333,1721,1.1021833958155,1.01878058569976,1.2094499328557,0.0599770640945379,-1.02947060825387,-0.38368717672636,-0.891480084930648,-0.940076135255046
source/48kHz_DE_data/B/0007/B007_3.mat,source,train,B,3,1,1.05,2.05,28.6833333333333,1721,1.24176849840216,1.302760465486,1.09664717679622,0.0599001442404595,-1.08255838163519,-0.837533137215426,-1.15825879143124,-0.749326376043675
source/48kHz_DE_data/B/0007/B007_3.mat,source,train,B,3,2,2.05,3.05,28.6833333333333,1721,1.39066018882296,1.33645347199684,1.19217083285891,-0.0224783074071787,-1.05129611946169,-1.35253985040156,-0.890035200485353,-0.659361555066255
source/48kHz_DE_data/B/0014/B014_0.mat,source,train,B,3,0,0.05,1.05,29.95,1797,0.163116998492869,0.850852670351892,-0.598146769722952,-0.481459787490478,-0.799262278285844,-1.11684659430988,0.757716367805688,0.775967133983644
source/48kHz_DE_data/B/0014/B014_0.mat,source,train,B,3,1,1.05,2.05,29.95,1797,-0.142209195043242,0.922181797772575,-0.568707869731354,-0.252817372381314,-0.724978110427757,-1.26721056871423,0.849216504692503,0.558539532292421
source/48kHz_DE_data/B/0014/B014_0.mat,source,train,B,3,2,2.05,3.05,29.95,1797,0.0341864101248622,0.941313122213894,-0.296608408972956,0.286454483714482,-0.801439990047156,-1.20308172936971,0.602281076847619,0.171273615498416
source/48kHz_DE_data/B/0014/B014_1.mat,source,train,B,3,0,0.05,1.05,29.5333333333333,1772,-0.0385106865135095,0.841476171364587,-0.727855302878599,1.03158224923055,-0.352879760811581,-0.27371546894601,2.59103905447161,1.17143476509008
source/48kHz_DE_data/B/0014/B014_1.mat,source,train,B,3,1,1.05,2.05,29.5333333333333,1772,0.335433017694624,1.04659548639684,-0.630415171229165,-0.482606089098887,-0.512723804091881,-0.330368334115247,2.47807797830762,1.01061587290721
source/48kHz_DE_data/B/0014/B014_1.mat,source,train,B,3,2,2.05,3.05,29.5333333333333,1772,0.0263163478678489,1.16813538688046,-0.0241971899507205,0.210463959840973,-0.819103652111131,-1.20061482689024,0.581280877555572,-0.104633991104792
source/48kHz_DE_data/B/0014/B014_2.mat,source,train,B,3,0,0.05,1.05,29.1333333333333,1748,0.299152103271633,0.986997608727052,-0.388243347958035,1.48332289596406,-0.452231810722104,-1.12464420090002,2.96274900982421,0.441457897471043
source/48kHz_DE_data/B/0014/B014_2.mat,source,train,B,3,1,1.05,2.05,29.1333333333333,1748,-0.0804996327159889,0.795066905546049,-1.04896302747453,2.8760390529919,-0.0921350725904911,-0.324147065984173,3.23443308682438,1.46577277847758
source/48kHz_DE_data/B/0014/B014_2.mat,source,train,B,3,2,2.05,3.05,29.1333333333333,1748,-0.28064427033674,0.894161043556456,-0.982568826075069,-0.461188155278862,-0.371704869148256,-0.600539287034676,2.17582024931298,1.06189753352218
source/48kHz_DE_data/B/0014/B014_3.mat,source,test,B,3,0,0.05,1.05,28.75,1725,0.874065316745437,0.60024326047271,-0.581166677938291,1.3489526840233,-0.481267967539597,-0.329730217152855,1.79804495367745,1.32975665020956
source/48kHz_DE_data/B/0014/B014_3.mat,source,test,B,3,1,1.05,2.05,28.75,1725,0.0315992210880236,0.973392474131298,-0.767727317299762,1.5704151534506,-0.359896832042475,-1.04415800282768,2.35996856050573,0.935801754863199
source/48kHz_DE_data/B/0014/B014_3.mat,source,test,B,3,2,2.05,3.05,28.75,1725,0.102033847275325,0.661545522387993,-0.778406550669464,2.97010806168905,-0.412161914313963,-1.0382727319574,2.04616734607581,0.989173518626867
source/48kHz_DE_data/B/0021/B021_0.mat,source,train,B,3,0,0.05,1.05,29.95,1797,0.532588921375557,1.2066319495084,0.53336639305846,0.000665725719715162,-0.665148638217222,-0.556643131731437,-0.963348933683329,-0.253076274998578
source/48kHz_DE_data/B/0021/B021_0.mat,source,train,B,3,1,1.05,2.05,29.95,1797,0.805229592018386,1.33459589531525,0.405987917744862,-0.184883172082254,-0.357483338312906,-1.22124553416542,-0.366770206953098,-0.238778537209423
source/48kHz_DE_data/B/0021/B021_0.mat,source,train,B,3,2,2.05,3.05,29.95,1797,0.394169098341126,1.14584885550645,0.671495695207659,-0.259368826417303,-0.656726082807633,-1.23917432590182,-0.90105615982043,-0.473195566742342
source/48kHz_DE_data/B/0021/B021_1.mat,source,train,B,3,0,0.05,1.05,29.5666666666667,1774,0.445767760949485,1.09033624413887,-0.358266202056535,-0.277160267888632,-0.494189057323382,-0.289590820554157,0.450363365772194,0.639856772845567
source/48kHz_DE_data/B/0021/B021_1.mat,source,train,B,3,1,1.05,2.05,29.5666666666667,1774,0.36157707377569,1.14518191694095,-0.393688755198485,-0.0558031223520762,-0.166903176395536,-0.496429033519192,1.18889992688684,0.558833463907255
source/48kHz_DE_data/B/0021/B021_1.mat,source,train,B,3,2,2.05,3.05,29.5666666666667,1774,0.216151540909814,1.2156541155397,0.0846566571535396,-0.0859925191592387,-0.648903379565925,-1.2064081489269,0.0150671005487567,-0.156917692026313
source/48kHz_DE_data/B/0021/B021_2.mat,source,train,B,3,0,0.05,1.05,29.2333333333333,1754,0.272028244558435,1.16187532716293,-0.0350021365360741,0.320635304268972,0.220197187576345,-1.26741449461266,1.32538393470367,-0.195705764961756
source/48kHz_DE_data/B/0021/B021_2.mat,source,train,B,3,1,1.05,2.05,29.2333333333333,1754,-0.308120503073907,0.877919155400482,-0.548341010535528,0.183969423995491,0.266751825673726,-1.2357502120763,1.30604558197839,-0.05125896950573
source/48kHz_DE_data/B/0021/B021_2.mat,source,train,B,3,2,2.05,3.05,29.2333333333333,1754,0.0619759039096555,0.964015472704353,-0.70840475080043,0.116332911362652,0.261573711041273,-0.863530749749048,0.734059432248767,0.849971856352275
source/48kHz_DE_data/B/0021/B021_3.mat,source,test,B,3,0,0.05,1.05,28.8166666666667,1729,0.545143573664625,1.07245602167102,-0.111973908401699,0.158970299407907,0.268832750245646,-0.189860622638949,1.39614466837537,0.162018530941047
source/48kHz_DE_data/B/0021/B021_3.mat,source,test,B,3,1,1.05,2.05,28.8166666666667,1729,0.347569610796443,1.01524077110853,-0.308698718972964,0.342100499092586,0.268832750245646,-0.052943123468691,0.723895007815341,0.397832045588544
source/48kHz_DE_data/B/0021/B021_3.mat,source,test,B,3,2,2.05,3.05,28.8166666666667,1729,-0.0722236380955744,1.09117212060699,-0.415779159126242,0.177179268415427,0.268832750245646,0.123719749471147,0.533350193299333,0.18972806689877
source/48kHz_DE_data/IR/0007/IR007_0.mat,source,train,IR,2,0,0.05,1.05,29.9333333333333,1796,0.164696378973818,-1.03617558800327,1.38292324738542,0.00573021698510854,0.0834906834190525,0.934977110857559,-0.47049295813059,-1.32073474003157
source/48kHz_DE_data/IR/0007/IR007_0.mat,source,train,IR,2,1,1.05,2.05,29.9333333333333,1796,0.246645428723105,-0.944716254474398,1.31639135289444,-0.162665321926724,0.0920100498103614,0.817728569374068,-0.483451312197885,-1.21674332464346
source/48kHz_DE_data/IR/0007/IR007_0.mat,source,train,IR,2,2,2.05,3.05,29.9333333333333,1796,0.278359737643602,-0.956096456558918,1.32657273096983,-0.143553383082278,0.171879109728883,0.838354720417508,-0.280801471656001,-1.22150291393309
source/48kHz_DE_data/IR/0007/IR007_1.mat,source,test,IR,2,0,0.05,1.05,29.5333333333333,1772,-0.143782986001151,-1.33032514013041,1.51823398606119,-0.500089744707393,-0.591750544230159,1.43296272718065,-0.410250254968718,-1.40462526408157
source/48kHz_DE_data/IR/0007/IR007_1.mat,source,test,IR,2,1,1.05,2.05,29.5333333333333,1772,-0.0819866056146025,-1.27537452630136,1.52465801122342,-0.779530176258568,-0.60888187675248,1.41550281728831,-0.445207519918289,-1.38707608646138
source/48kHz_DE_data/IR/0007/IR007_1.mat,source,test,IR,2,2,2.05,3.05,29.5333333333333,1772,0.0286832581266599,-1.26567254228748,1.46788232311218,-1.02521273483877,-0.589379258090064,1.30364661104021,-0.358303395214483,-1.27580015961081
source/48kHz_DE_data/IR/0007/IR007_2.mat,source,train,IR,2,0,0.05,1.05,29.1333333333333,1748,0.187587747151752,-1.09639429512075,1.37618102785319,-0.672951769173457,-0.585265802540919,1.17975857047302,-0.385879912457664,-1.27344335550373
source/48kHz_DE_data/IR/0007/IR007_2.mat,source,train,IR,2,1,1.05,2.05,29.1333333333333,1748,0.182653143581864,-1.08989972796731,1.34953073536287,-0.529325711588524,-0.573893307787401,1.16145529155521,-0.330982846620132,-1.25832529734352
source/48kHz_DE_data/IR/0007/IR007_2.mat,source,train,IR,2,2,2.05,3.05,29.1333333333333,1748,0.0891862512807698,-1.15842902189607,1.35939806902331,-0.64667358918237,-0.558649325458217,1.24030003133084,-0.288273672783221,-1.31182907286789
source/48kHz_DE_data/IR/0007/IR007_3.mat,source,test,IR,2,0,0.05,1.05,28.6833333333333,1721,1.10255970997211,-0.68206022598326,2.89579081244463,-1.23420810460829,-0.632933493316304,1.0306806268196,-0.522335206573092,-1.44517245681959
source/48kHz_DE_data/IR/0007/IR007_3.mat,source,test,IR,2,1,1.05,2.05,28.6833333333333,1721,1.140688851414,-0.666213163047208,2.83182235624937,-1.11477096426003,-0.613769629816758,0.975127189937439,-0.475124066055525,-1.35252502403682
source/48kHz_DE_data/IR/0007/IR007_3.mat,source,test,IR,2,2,2.05,3.05,28.6833333333333,1721,1.07126715718859,-0.592682148509729,2.82928887033298,-1.15185153101639,-0.626545538816455,0.93383033963304,-0.462277489819604,-1.43890428709451
source/48kHz_DE_data/IR/0014/IR014_0.mat,source,train,IR,2,0,0.05,1.05,29.9333333333333,1796,-0.138904429561646,0.946134649191344,-0.23968331754354,-0.784291786018156,-0.678605364676222,-0.813273612627152,0.393153253518989,-0.338980772940593
source/48kHz_DE_data/IR/0014/IR014_1.mat,source,validation,IR,2,0,0.05,1.05,29.5333333333333,1772,-0.790628122698289,-0.113384475827534,-0.773837662168667,0.315810441226153,-0.0518510690246967,0.341495040895342,1.61154869161831,0.249383033220615
source/48kHz_DE_data/IR/0014/IR014_1.mat,source,validation,IR,2,1,1.05,2.05,29.5333333333333,1772,-0.864536546972408,-0.130570897857703,-0.841211623819865,1.11175444410823,-0.306560761928491,0.0955173405033731,0.961037902557417,0.35443058248043
source/48kHz_DE_data/IR/0014/IR014_1.mat,source,validation,IR,2,2,2.05,3.05,29.5333333333333,1772,-0.946255093901403,-0.235332063452849,-0.856603818808683,0.995788110445636,-0.107807816458521,0.330600257997,1.20483345443824,0.304465154668076
source/48kHz_DE_data/IR/0014/IR014_2.mat,source,train,IR,2,0,0.05,1.05,29.1833333333333,1751,-0.848712765997228,-0.16986884925291,-0.934126274514757,0.266342128012788,-0.278001522321262,0.186968044719472,1.2484389153003,0.572991042617182
source/48kHz_DE_data/IR/0014/IR014_2.mat,source,train,IR,2,1,1.05,2.05,29.1833333333333,1751,-0.799102823196829,0.107778920695037,-0.842704172810676,1.11339504284306,-0.115552694996075,0.19356206422614,1.56741589130788,0.406755002901196
source/48kHz_DE_data/IR/0014/IR014_2.mat,source,train,IR,2,2,2.05,3.05,29.1833333333333,1751,-0.866723135463647,-0.144196910587502,-0.888034882821034,0.734201679012944,-0.180028808821209,0.371720701828337,1.38823827943785,0.483551955704682
source/48kHz_DE_data/IR/0014/IR014_3.mat,source,test,IR,2,0,0.05,1.05,28.7666666666667,1726,-0.885339386273521,0.394160203459212,-1.0780848798603,3.26316448689444,-0.170831765557864,-0.0124230518809179,0.0175042196885372,0.691574874884552
source/48kHz_DE_data/IR/0014/IR014_3.mat,source,test,IR,2,1,1.05,2.05,28.7666666666667,1726,-1.0407755362772,-0.116477413931272,-0.995118041817852,1.06064404400953,-0.162699643093433,0.198076046402377,1.22782162794317,0.491474047963062
source/48kHz_DE_data/IR/0014/IR014_3.mat,source,test,IR,2,2,2.05,3.05,28.7666666666667,1726,-0.93893991356733,-0.177527834530364,-1.0077827185605,0.335512984086338,-0.25660629536127,0.231650525376156,1.011793196371,0.538377376648079
source/48kHz_DE_data/IR/0021/IR021_0.mat,source,test,IR,2,0,0.05,1.05,29.9333333333333,1796,0.408166878798281,-0.00201258823879887,0.686084097973215,-0.127670548885327,-0.112170020794562,-0.307271394678888,-0.764243839857156,-0.700618421656683
source/48kHz_DE_data/IR/0021/IR021_0.mat,source,test,IR,2,1,1.05,2.05,29.9333333333333,1796,0.456107804951154,0.0765322655159369,0.634073786043292,-0.376442203968848,-0.0841017358709847,-0.363005801872188,-0.665593893783075,-0.452713013471987
source/48kHz_DE_data/IR/0021/IR021_0.mat,source,test,IR,2,2,2.05,3.05,29.9333333333333,1796,0.323956335851028,0.0951102209503234,0.508694389831825,-0.481133730493153,0.0987776584845272,-0.417867922056544,-0.57372322818255,-0.461343140354166
source/48kHz_DE_data/IR/0021/IR021_1.mat,source,train,IR,2,0,0.05,1.05,29.5666666666667,1774,0.976357228476166,0.260984603059911,0.4582114381393,-0.026578088682763,-0.0750521336628659,-0.728806153708585,-0.773333692403784,0.0608380873004017
source/48kHz_DE_data/IR/0021/IR021_1.mat,source,train,IR,2,1,1.05,2.05,29.5666666666667,1774,0.881557865216551,0.171888607168831,0.528685050714952,-0.00425248995405035,0.0847919096174345,-0.72942093682681,-0.505178082718521,-0.0279000337164443
source/48kHz_DE_data/IR/0021/IR021_1.mat,source,train,IR,2,2,2.05,3.05,29.5666666666667,1774,0.68666165167377,0.069341264371156,0.392181434360298,0.0375817147721548,0.0767101793032322,-0.813495975368918,-0.628135479832291,-0.162407961605215
source/48kHz_DE_data/IR/0021/IR021_2.mat,source,train,IR,2,0,0.05,1.05,29.2,1752,0.341629429176808,-0.165867327455712,-0.177525294203992,0.226509421341691,0.268832750245646,-0.317156613452043,-0.846636738734894,0.878015875173747
source/48kHz_DE_data/IR/0021/IR021_2.mat,source,train,IR,2,1,1.05,2.05,29.2,1752,0.42201343362786,-0.170550299434289,-0.0969261244990998,0.299132604596278,0.181482311819687,-0.310691175043716,-0.942458157010959,0.935586097923397
source/48kHz_DE_data/IR/0021/IR021_2.mat,source,train,IR,2,2,2.05,3.05,29.2,1752,0.252230938768072,-0.139549250438569,-0.281094429621252,0.284197784788138,0.202872280675241,-0.499915461204168,-0.853860839752645,0.857659657296596
source/48kHz_DE_data/IR/0021/IR021_3.mat,source,train,IR,2,0,0.05,1.05,28.7833333333333,1727,0.468427757458602,-0.0590858869514253,0.0786694506640186,0.215455617380977,-0.475944672123057,-0.678332183435088,-0.808909359546769,0.225965434637815
source/48kHz_DE_data/IR/0021/IR021_3.mat,source,train,IR,2,1,1.05,2.05,28.7833333333333,1727,0.416258366273622,-0.0676456176374204,-0.0352455262212016,0.164714962371522,-0.507690870243516,-0.663702650660524,-0.868587970688644,0.35166539157167
source/48kHz_DE_data/IR/0021/IR021_3.mat,source,train,IR,2,2,2.05,3.05,28.7833333333333,1727,0.468122426853565,-0.0922266696938032,0.128680968940928,0.145343058785316,-0.493753514971119,-0.543648447527894,-0.841062643682233,0.277696786888122
source/48kHz_DE_data/OR/Centered/0007/OR007@6_0.mat,source,validation,OR,1,0,0.05,1.05,29.9333333333333,1796,-0.910246488088004,-1.61374364841855,-0.0765323849856223,0.426452505210292,1.62694816497177,2.17881874408733,-0.612529898904655,-1.13158720467049
source/48kHz_DE_data/OR/Centered/0007/OR007@6_0.mat,source,validation,OR,1,1,1.05,2.05,29.9333333333333,1796,-1.01202343490308,-1.77242140797708,0.0151030045020755,0.346583475586231,1.4137703832256,2.47566642727382,-0.725694138087888,-1.3416361167756
source/48kHz_DE_data/OR/Centered/0007/OR007@6_0.mat,source,validation,OR,1,2,2.05,3.05,29.9333333333333,1796,-1.06050911834282,-1.85011175249314,0.021355838649082,0.36381445919993,1.36178288604227,2.56866448643339,-0.704056660078768,-1.38029138690735
source/48kHz_DE_data/OR/Centered/0007/OR007@6_1.mat,source,train,OR,1,0,0.05,1.05,29.5666666666667,1774,-1.08815822166827,-1.68140355661936,0.0333419911430989,0.337916048739635,1.10455610761378,2.38173206833574,-0.661241969649636,-1.3328253314975
source/48kHz_DE_data/OR/Centered/0007/OR007@6_1.mat,source,train,OR,1,1,1.05,2.05,29.5666666666667,1774,-1.07159118064276,-1.65703828461899,0.0360809728078527,0.356066127739747,1.07648092291514,2.38321236426692,-0.683924929931644,-1.33526896440918
source/48kHz_DE_data/OR/Centered/0007/OR007@6_1.mat,source,train,OR,1,2,2.05,3.05,29.5666666666667,1774,-1.04651863362501,-1.70440562055389,0.0529604177383131,0.392266079250364,1.11898094388997,2.40707282516275,-0.66498235479956,-1.34010939841002
source/48kHz_DE_data/OR/Centered/0007/OR007@6_2.mat,source,train,OR,1,0,0.05,1.05,29.1666666666667,1750,-1.54894878570671,-1.99152129746093,-0.122825276241162,0.40738931604354,0.964470617065775,2.62360747128539,-0.697166490430858,-1.50398556013771
source/48kHz_DE_data/OR/Centered/0007/OR007@6_2.mat,source,train,OR,1,1,1.05,2.05,29.1666666666667,1750,-1.51187117977841,-1.9521185820986,-0.128803846805745,0.482823897380815,1.13292172525757,2.57533595179251,-0.52939405055075,-1.46498302294163
source/48kHz_DE_data/OR/Centered/0007/OR007@6_2.mat,source,train,OR,1,2,2.05,3.05,29.1666666666667,1750,-1.53923928411978,-1.98098460728305,-0.133065584603743,0.380970720564226,0.972989983457083,2.58474881568996,-0.689713307550592,-1.46181432684088
source/48kHz_DE_data/OR/Centered/0007/OR007@6_3.mat,source,train,OR,1,0,0.05,1.05,28.75,1725,-1.04421460236793,-1.7328506681217,0.153958667240709,0.378923018399484,0.996127808088025,2.47581972994734,-0.626969870620209,-1.34857008413613
source/48kHz_DE_data/OR/Centered/0007/OR007@6_3.mat,source,train,OR,1,1,1.05,2.05,28.75,1725,-1.02761652512183,-1.66084771034935,0.118622630459895,0.472099619089968,1.01616768130394,2.38772291996442,-0.609780362564802,-1.29399711092995
source/48kHz_DE_data/OR/Centered/0007/OR007@6_3.mat,source,train,OR,1,2,2.05,3.05,28.75,1725,-1.03522078008645,-1.72223543270767,0.150443656511837,0.39864969986778,1.01055264436422,2.44483595650068,-0.637109515762012,-1.32650520855612
source/48kHz_DE_data/OR/Centered/0014/OR014@6_0.mat,source,test,OR,1,0,0.05,1.05,29.9333333333333,1796,0.318813094536134,0.91615033475971,0.451785741641022,-0.124343611903478,-1.04979591802612,-0.57852463924974,-0.938077449057398,-0.307508487808087
source/48kHz_DE_data/OR/Centered/0014/OR014@6_0.mat,source,test,OR,1,1,1.05,2.05,29.9333333333333,1796,0.305097426730287,1.08581756696705,0.233398063277772,-0.190359482442213,-1.05376419279117,-0.74379975192381,-0.916550251606258,-0.337928748183288
source/48kHz_DE_data/OR/Centered/0014/OR014@6_0.mat,source,test,OR,1,2,2.05,3.05,29.9333333333333,1796,0.46961378418794,1.13557380612265,-0.213939552301303,0.0203106838065155,-0.80139159645246,-1.18536521297912,0.124016330543201,0.139869089130077
source/48kHz_DE_data/OR/Centered/0014/OR014@6_1.mat,source,validation,OR,1,0,0.05,1.05,29.5333333333333,1772,0.714384521389657,1.37126584449195,0.517287541900898,-0.312564191610792,-1.06605616584391,-0.763356769673675,-0.940477250317642,-0.235610608859246
source/48kHz_DE_data/OR/Centered/0014/OR014@6_1.mat,source,validation,OR,1,1,1.05,2.05,29.5333333333333,1772,1.05258387146855,1.4119284122699,0.747116746493713,-0.0218215468227723,-1.04035916706043,-0.205910967007385,-0.83598608615738,-0.259101972247808
source/48kHz_DE_data/OR/Centered/0014/OR014@6_1.mat,source,validation,OR,1,2,2.05,3.05,29.5333333333333,1772,0.613834529112034,1.26585622269903,0.401302598203337,-0.148068535813655,-1.04060113503391,-0.87032104101761,-0.854012115389446,-0.0253871261509313
source/48kHz_DE_data/OR/Centered/0014/OR014@6_2.mat,source,train,OR,1,0,0.05,1.05,29.15,1749,-0.161580162650884,0.744609913248394,-0.631212116988605,-0.276960817553899,-0.443762931650335,-0.814611846306518,1.32456318617081,0.407855958717388
source/48kHz_DE_data/OR/Centered/0014/OR014@6_2.mat,source,train,OR,1,1,1.05,2.05,29.15,1749,1.30491981410466,1.37332278944744,1.02835194390355,-0.174116605476678,-1.02816398119708,-0.921490969726018,-0.877299477301578,-0.134046752313124
source/48kHz_DE_data/OR/Centered/0014/OR014@6_2.mat,source,train,OR,1,2,2.05,3.05,29.15,1749,0.946778524440981,1.31237950106325,0.673755430101432,-0.0740055952263024,-1.03382603177649,-0.866759937043464,-0.861161049653944,-0.421976441287043
source/48kHz_DE_data/OR/Centered/0014/OR014@6_3.mat,source,validation,OR,1,0,0.05,1.05,28.7166666666667,1723,1.46442072360543,1.37651812058945,0.893308565755618,-0.0120715328696711,-0.999998909084115,-0.993476987050063,-0.834477074600565,0.0981981771593535
source/48kHz_DE_data/OR/Centered/0014/OR014@6_3.mat,source,validation,OR,1,1,1.05,2.05,28.7166666666667,1723,1.3945866796866,1.36850453115278,0.673602003765834,-0.0323891070774085,-1.02651859897743,-0.707408550047393,-0.90282520552491,-0.0553489149356332
source/48kHz_DE_data/OR/Centered/0014/OR014@6_3.mat,source,validation,OR,1,2,2.05,3.05,28.7166666666667,1723,1.39969282380926,1.2500660061685,0.764194629386898,-0.156059918489712,-1.00779027783014,-0.603786692201705,-0.835028472068117,0.102919201982753
source/48kHz_DE_data/OR/Centered/0021/OR021@6_0.mat,source,train,OR,1,0,0.05,1.05,29.9333333333333,1796,-1.31615595668137,-0.565872376892038,-1.21574553408373,-2.22571246630456,1.4606268983778,-0.123430590439319,1.03766877938865,0.98033245530369
source/48kHz_DE_data/OR/Centered/0021/OR021@6_0.mat,source,train,OR,1,1,1.05,2.05,29.9333333333333,1796,-1.36735755139009,-0.525918776982079,-1.28707664321484,-1.66751519956032,1.44552438522957,-0.078012889038125,1.0048970906463,1.08445072143636
source/48kHz_DE_data/OR/Centered/0021/OR021@6_0.mat,source,train,OR,1,2,2.05,3.05,29.9333333333333,1796,-1.43805271003703,-0.650404760860017,-1.25063114438384,-0.816385325152484,2.15185730785446,0.0397083403586354,1.58668075132899,1.02946780586055
source/48kHz_DE_data/OR/Centered/0021/OR021@6_1.mat,source,train,OR,1,0,0.05,1.05,29.5166666666667,1771,-1.33440170089308,-0.391891940033697,-1.08730497162445,-1.91741959734619,1.62501194533738,-0.618337496439778,1.24874017806806,0.746806518778469
source/48kHz_DE_data/OR/Centered/0021/OR021@6_1.mat,source,train,OR,1,1,1.05,2.05,29.5166666666667,1771,-1.4335626861163,-0.634007810237145,-1.07598469428651,-2.24407221142638,1.65734681323166,-0.547897962909065,1.46702327685151,0.761687053599049
source/48kHz_DE_data/OR/Centered/0021/OR021@6_1.mat,source,train,OR,1,2,2.05,3.05,29.5166666666667,1771,-1.44197907793858,-0.645425234907189,-1.1120938380329,-2.94521163339613,1.1769707219399,-0.576141732309832,0.869287698036227,0.911121596731224
source/48kHz_DE_data/OR/Centered/0021/OR021@6_2.mat,source,train,OR,1,0,0.05,1.05,29.1166666666667,1747,-1.3702678696021,-0.545256228240571,-1.05573472842567,-2.38975282938388,1.81863390877622,-0.0880092296161855,1.55590231014117,0.740171980581762
source/48kHz_DE_data/OR/Centered/0021/OR021@6_2.mat,source,train,OR,1,1,1.05,2.05,29.1166666666667,1747,-1.29659644444006,-0.454004576679187,-1.05088284847082,-2.90933094503722,1.95842896637906,-0.0748569330721444,1.86617926737962,0.79585008348204
source/48kHz_DE_data/OR/Centered/0021/OR021@6_2.mat,source,train,OR,1,2,2.05,3.05,29.1166666666667,1747,-1.3696338129991,-0.435743631829754,-1.13020596903243,-2.00887212368682,1.36710749003684,-0.085296342775348,1.05164337803574,0.869566153042285
source/48kHz_DE_data/OR/Centered/0021/OR021@6_3.mat,source,train,OR,1,0,0.05,1.05,28.65,1719,-0.958354140874416,-0.434201007968407,-0.844842396659507,-2.72117670165435,1.56866795397667,-0.277540424107304,1.63606743587653,0.522217925483638
source/48kHz_DE_data/OR/Centered/0021/OR021@6_3.mat,source,train,OR,1,1,1.05,2.05,28.65,1719,-0.994344514827775,-0.337374763159006,-0.959929203930223,-2.20784181753295,1.28985232662475,-0.422319771374636,1.18662329122195,0.640624694174167
source/48kHz_DE_data/OR/Centered/0021/OR021@6_3.mat,source,train,OR,1,2,2.05,3.05,28.65,1719,-1.18458136836685,-0.264668491190977,-1.11537926282969,-0.916427178185237,1.64282516597375,-0.688703174716966,1.60717092135251,0.822088571753554
source/48kHz_DE_data/OR/Opposite/0007/OR007@12_0.mat,source,train,OR,1,0,0.05,1.05,29.9333333333333,1796,-0.0398868940201346,0.155389521806961,0.000846920119151236,0.0171100701385704,-0.678907408277335,0.259597691466927,-0.155087325959613,-0.247105665687652
source/48kHz_DE_data/OR/Opposite/0007/OR007@12_0.mat,source,train,OR,1,1,1.05,2.05,29.9333333333333,1796,-0.0509572354204121,0.383880054710668,0.102743843272288,0.115493751756448,-0.815716100482424,0.174891953873407,-0.447142486318691,-0.522127183942885
source/48kHz_DE_data/OR/Opposite/0007/OR007@12_1.mat,source,validation,OR,1,0,0.05,1.05,29.5333333333333,1772,-0.275487607908893,0.196553079225084,-0.517061009201375,0.133709324963573,-0.330521920062111,-0.445018002554586,0.397594202359979,0.232175398716536
source/48kHz_DE_data/OR/Opposite/0007/OR007@12_1.mat,source,validation,OR,1,1,1.05,2.05,29.5333333333333,1772,-0.303871681559817,0.140341672127055,-0.390111867033056,-0.134621572778612,-0.449715343797921,-0.218655228283312,0.151017030114926,-0.0344962369568539
source/48kHz_DE_data/OR/Opposite/0007/OR007@12_1.mat,source,validation,OR,1,2,2.05,3.05,29.5333333333333,1772,-0.414108587553493,0.153418297274246,-0.351793519141018,0.0615352126067062,-0.522112161462871,-0.16051597951591,-0.0262158187779945,-0.111007097379892
source/48kHz_DE_data/OR/Opposite/0007/OR007@12_2.mat,source,train,OR,1,0,0.05,1.05,29.15,1749,-0.609292567991953,0.0576810397081261,-0.516281401939446,0.202913937683108,-0.43640710525657,-0.155899889097665,0.189973690497334,-0.0965072803645454
source/48kHz_DE_data/OR/Opposite/0007/OR007@12_2.mat,source,train,OR,1,1,1.05,2.05,29.15,1749,-0.583412658782267,0.221620558541329,-0.581537361932484,0.182175999584024,-0.393772348329551,-0.357094450519765,0.365295049528252,0.129171562409753
source/48kHz_DE_data/OR/Opposite/0007/OR007@12_2.mat,source,train,OR,1,2,2.05,3.05,29.15,1749,-0.549980411567124,0.0888446250728839,-0.556283448316581,0.0590705568093117,-0.399773154071833,-0.243433714503781,0.457827276677753,0.0433968668637839
source/48kHz_DE_data/OR/Opposite/0007/OR007@12_3.mat,source,test,OR,1,0,0.05,1.05,28.7166666666667,1723,-0.229420469045389,0.266567108216782,-0.301124955434056,0.045586939313347,-0.36933358300816,-0.357196398359739,0.594694882479899,-0.155627153947577
source/48kHz_DE_data/OR/Opposite/0007/OR007@12_3.mat,source,test,OR,1,1,1.05,2.05,28.7166666666667,1723,-0.300258505649855,0.348984595158083,-0.508248891901374,0.112874799445545,-0.465491655668759,-0.541679198565281,0.302639127331093,0.0804227429558786
source/48kHz_DE_data/OR/Opposite/0007/OR007@12_3.mat,source,test,OR,1,2,2.05,3.05,28.7166666666667,1723,-0.284320742215203,0.468326851149359,-0.565213161680931,-0.108400042206286,-0.479622585319939,-0.556856782743619,0.330894750333496,0.275747390864636
source/48kHz_DE_data/OR/Opposite/0021/OR021@12_0.mat,source,test,OR,1,0,0.05,1.05,29.9333333333333,1796,-1.93507186606552,-0.605687062630595,-1.64682695238127,0.758068744244842,1.23505731097155,0.307116219257337,0.858702926831123,1.73244186360173
source/48kHz_DE_data/OR/Opposite/0021/OR021@12_0.mat,source,test,OR,1,1,1.05,2.05,29.9333333333333,1796,-1.89682804210031,-0.410530551687006,-1.61892484652306,0.925893497043481,1.12488641377485,0.249360127523283,0.851413663649201,1.67407846776041
source/48kHz_DE_data/OR/Opposite/0021/OR021@12_1.mat,source,test,OR,1,0,0.05,1.05,29.5166666666667,1771,-1.97882998515229,-0.625186143516712,-1.56133632128036,0.971620270306691,0.857107238338938,-0.568916097304563,0.847318426443818,1.63296449267211
source/48kHz_DE_data/OR/Opposite/0021/OR021@12_1.mat,source,test,OR,1,1,1.05,2.05,29.5166666666667,1771,-1.92476113929432,-0.619048986821978,-1.56754250357813,0.825376180681382,0.95682254950994,-0.517909658280051,0.834152160728521,1.6652473462106
source/48kHz_DE_data/OR/Opposite/0021/OR021@12_1.mat,source,test,OR,1,2,2.05,3.05,29.5166666666667,1771,-1.90796294831373,-0.5379484467487,-1.56361638557429,0.857873240658314,0.907448948833036,-0.530545270394655,0.946316698637009,1.64926130435845
source/48kHz_DE_data/OR/Opposite/0021/OR021@12_2.mat,source,train,OR,1,0,0.05,1.05,29.1,1746,-1.86175349110782,-0.647975507119795,-1.56323872576467,0.894118555383886,0.789726795062221,-0.593917490956423,1.19299031219357,1.70415665680905
source/48kHz_DE_data/OR/Opposite/0021/OR021@12_2.mat,source,train,OR,1,1,1.05,2.05,29.1,1746,-1.87154424655865,-0.522319669981483,-1.55393986517928,1.05384220518807,0.725444303200527,-0.6960734470657,1.0399330247651,1.61735837024805
source/48kHz_DE_data/OR/Opposite/0021/OR021@12_2.mat,source,train,OR,1,2,2.05,3.05,29.1,1746,-1.86646291206749,-0.448295319012262,-1.56121478991214,1.05683014090487,0.961663098595911,-0.632345822085209,1.40521540267757,1.66171374930756
source/48kHz_DE_data/OR/Opposite/0021/OR021@12_3.mat,source,validation,OR,1,0,0.05,1.05,28.6333333333333,1718,-1.76779856215837,-0.314743137763793,-1.51107511283213,0.759289293715498,0.486708422280437,-0.745643410997148,0.896453784668819,1.47479161745348
source/48kHz_DE_data/OR/Opposite/0021/OR021@12_3.mat,source,validation,OR,1,1,1.05,2.05,28.6333333333333,1718,-1.77530199290031,-0.303480760717879,-1.50656394961128,0.894073200857935,0.578485232950447,-0.757579502032953,0.989476054457687,1.42073695031502
source/48kHz_DE_data/OR/Opposite/0021/OR021@12_3.mat,source,validation,OR,1,2,2.05,3.05,28.6333333333333,1718,-1.73429266199759,-0.460112631315272,-1.47325360388741,1.02592775878089,0.451662846898007,-0.720956391904262,1.04813147685502,1.42715734636477
source/48kHz_DE_data/OR/Orthogonal/0007/OR007@3_0.mat,source,train,OR,1,0,0.05,1.05,29.95,1797,-0.321470175857302,-0.736471298865385,0.119071059799499,0.356476083063331,-0.425373365665923,0.886422785906221,-0.706404964004305,-0.871761722076813
source/48kHz_DE_data/OR/Orthogonal/0007/OR007@3_0.mat,source,train,OR,1,1,1.05,2.05,29.95,1797,-0.355265932537459,-0.835849273097731,0.212385531245402,0.382282175543654,-0.479283830157068,1.07809373628805,-0.764617936371163,-1.06485956267531
source/48kHz_DE_data/OR/Orthogonal/0007/OR007@3_1.mat,source,test,OR,1,0,0.05,1.05,29.55,1773,-0.447829145086114,-0.981188785023702,0.44596051798293,0.20451780076968,-0.340007064622492,1.26953908498197,-0.762320767332887,-1.39809108849299
source/48kHz_DE_data/OR/Orthogonal/0007/OR007@3_1.mat,source,test,OR,1,1,1.05,2.05,29.55,1773,-0.49331360403723,-1.01502861005882,0.405136051427502,0.231709674541877,-0.345136785660249,1.30726208041648,-0.79005435814954,-1.41061048524134
source/48kHz_DE_data/OR/Orthogonal/0007/OR007@3_1.mat,source,test,OR,1,2,2.05,3.05,29.55,1773,-0.486939885222192,-0.97506811662063,0.414549553227314,0.303561985875804,-0.334877343584735,1.24436517457204,-0.740164446092279,-1.37727774037159
source/48kHz_DE_data/OR/Orthogonal/0007/OR007@3_2.mat,source,train,OR,1,0,0.05,1.05,29.1666666666667,1750,-0.55487506618869,-1.10516345305627,0.445704625840271,0.295517828496926,-0.394643433034075,1.46685181491524,-0.815245679130064,-1.386782188665
source/48kHz_DE_data/OR/Orthogonal/0007/OR007@3_2.mat,source,train,OR,1,1,1.05,2.05,29.1666666666667,1750,-0.530508370612824,-1.10522847823266,0.400099652187351,0.234877324795041,-0.387045638666831,1.47703346521728,-0.797213076603592,-1.34857282965443
source/48kHz_DE_data/OR/Orthogonal/0007/OR007@3_2.mat,source,train,OR,1,2,2.05,3.05,29.1666666666667,1750,-0.531542062055275,-1.13260721598543,0.400365015780981,0.32490314506406,-0.386900457882744,1.47238496750202,-0.817279750114357,-1.32195617224809
source/48kHz_DE_data/OR/Orthogonal/0007/OR007@3_3.mat,source,train,OR,1,0,0.05,1.05,28.7333333333333,1724,-0.00466737968346553,-0.714309069032826,0.675369297595657,0.211729652517812,-0.453441650589499,0.884946018050546,-0.947972937226669,-1.21450552729215
source/48kHz_DE_data/OR/Orthogonal/0007/OR007@3_3.mat,source,train,OR,1,1,1.05,2.05,28.7333333333333,1724,-0.0995602622873087,-0.707079658749797,0.618015702924535,0.163443193116951,-0.392368934083372,0.811683530368694,-0.796929891982497,-1.18610403985592
source/48kHz_DE_data/OR/Orthogonal/0007/OR007@3_3.mat,source,train,OR,1,2,2.05,3.05,28.7333333333333,1724,-0.0280174665793993,-0.734128336183249,0.649761187165081,0.185069132641178,-0.407951671575426,0.88706492965505,-0.855260242338416,-1.20754626715224
source/48kHz_DE_data/OR/Orthogonal/0021/OR021@3_0.mat,source,train,OR,1,0,0.05,1.05,29.9333333333333,1796,0.846709326950705,-0.479076588261901,-0.7575526209079,-1.96060592504973,-0.0535936666956463,0.558970807593774,0.170913925939929,1.51371443418589
source/48kHz_DE_data/OR/Orthogonal/0021/OR021@3_0.mat,source,train,OR,1,1,1.05,2.05,29.9333333333333,1796,0.680318904556907,-0.568694327791591,-0.840811156737387,-1.41223594118491,0.0600624258429528,0.670779315796443,0.422756175872511,1.55399642715726
source/48kHz_DE_data/OR/Orthogonal/0021/OR021@3_1.mat,source,validation,OR,1,0,0.05,1.05,29.5,1770,0.317070265313547,-0.350322885548136,-0.636409843679043,0.580981678949325,0.951594756497092,0.0667946360743085,-0.0580323157239833,0.92055291505573
source/48kHz_DE_data/OR/Orthogonal/0021/OR021@3_1.mat,source,validation,OR,1,1,1.05,2.05,29.5,1770,0.310425563426649,-0.362186353146385,-0.597189263289543,0.237166077308238,1.19033063741718,0.0767191291538225,0.319909364060525,0.83553702767952
source/48kHz_DE_data/OR/Orthogonal/0021/OR021@3_1.mat,source,validation,OR,1,2,2.05,3.05,29.5,1770,0.391125421842418,-0.394849337281676,-0.507632696534045,-0.193706111933262,0.936492243348862,0.142948097083139,0.0447555722390456,0.819621033605272
source/48kHz_DE_data/OR/Orthogonal/0021/OR021@3_2.mat,source,train,OR,1,0,0.05,1.05,29.1,1746,0.419556291550124,-0.488849971827865,-0.721278178975587,0.433761304065115,0.701822423660988,0.50043896923404,-0.169939462323798,1.17530741954581
source/48kHz_DE_data/OR/Orthogonal/0021/OR021@3_2.mat,source,train,OR,1,1,1.05,2.05,29.1,1746,0.282093382758528,-0.387179191320169,-0.708173027984236,0.311788426813531,0.859817945827081,0.325762030875023,-0.0481449475716186,1.03408027360782
source/48kHz_DE_data/OR/Orthogonal/0021/OR021@3_2.mat,source,train,OR,1,2,2.05,3.05,29.1,1746,0.645649790781072,-0.367431502949426,-0.458068960977209,0.0329101039216504,0.768041135157071,0.201137250920646,-0.094524291626547,0.775169221189692
source/48kHz_DE_data/OR/Orthogonal/0021/OR021@3_3.mat,source,train,OR,1,0,0.05,1.05,28.65,1719,0.41202129759393,-0.320418422344442,-0.600585780877207,-0.84058682022658,0.832130005055328,0.0977076519988365,0.0841231854072872,0.714437509227162
source/48kHz_DE_data/OR/Orthogonal/0021/OR021@3_3.mat,source,train,OR,1,1,1.05,2.05,28.65,1719,0.37417450268185,-0.257818249915131,-0.542185610508633,-0.761715981691686,0.829806541494061,0.0338206923949144,0.153817376385961,0.696563213588836
source/48kHz_DE_data/OR/Orthogonal/0021/OR021@3_3.mat,source,train,OR,1,2,2.05,3.05,28.65,1719,0.579970595477854,-0.379356046779697,-0.474785416982114,-0.774358261423018,0.747323585069115,0.0381928369450407,0.0685976912751259,0.659577835298492
source/48kHz_Normal_data/N_0.mat,source,test,N,0,0,0.05,1.05,29.9333333333333,1796,2.56273493787281,1.68143841392411,2.37988085952046,-0.521148492324587,-1.17818412475413,-1.17287763817261,-0.96907814537076,-0.875272728824669
source/48kHz_Normal_data/N_0.mat,source,test,N,0,1,1.05,2.05,29.9333333333333,1796,2.04534983518944,1.58209017884988,1.5934371521939,-0.207320860758197,-1.19255702237879,-1.13202108991823,-1.06284166079891,-0.8095073298973
source/48kHz_Normal_data/N_0.mat,source,test,N,0,2,2.05,3.05,29.9333333333333,1796,2.04529862215391,1.60025989929081,2.17793089541175,-0.38769919187146,-1.19715441387489,-1.19731864644057,-1.13674172453444,-0.934081362853194
source/48kHz_Normal_data/N_0.mat,source,test,N,0,3,3.05,4.05,29.9333333333333,1796,2.21641298414317,1.62771982459682,2.0689250751542,-0.546106320786783,-1.19352489427271,-1.3663767395461,-1.06615466934778,-0.703792442430893
source/48kHz_Normal_data/N_1_(1772rpm).mat,source,validation,N,0,0,0.05,1.05,29.5333333333333,1772,1.46881659209928,1.56577462050927,1.55891857746447,-1.37990141605176,-1.20586526092014,-0.786719194616314,-1.00184057414319,-0.768363798045448
source/48kHz_Normal_data/N_1_(1772rpm).mat,source,validation,N,0,1,1.05,2.05,29.5333333333333,1772,2.2541925181668,1.61719387868907,1.56190670788058,-1.27041493830432,-1.19613814838628,-1.29184737819449,-0.912413825513465,-0.48024643943746
source/48kHz_Normal_data/N_1_(1772rpm).mat,source,validation,N,0,2,2.05,3.05,29.5333333333333,1772,1.61202287817663,1.48677662911402,1.6060697106351,-1.18248687990171,-1.19110521453792,-1.20540478848334,-0.686713806253016,-0.578658095985914
source/48kHz_Normal_data/N_1_(1772rpm).mat,source,validation,N,0,3,3.05,4.05,29.5333333333333,1772,1.30062093490511,1.43936897668189,1.26590624829555,-1.35504792979075,-1.18984698107582,-0.800573997074682,-0.775341895395496,-0.734847377433005
source/48kHz_Normal_data/N_1_(1772rpm).mat,source,validation,N,0,4,4.05,5.05,29.5333333333333,1772,1.41527211565457,1.50099798769829,1.29884327676512,-1.1182766878334,-1.19284738394697,-1.10540927958905,-0.872674188470279,-0.71540566818151
source/48kHz_Normal_data/N_1_(1772rpm).mat,source,validation,N,0,5,5.05,6.05,29.5333333333333,1772,1.30517084068803,1.3899757040429,1.02489238211214,-1.13063927611914,-1.20818815346554,-0.855517060790435,-1.12749439197378,-0.493659494724528
source/48kHz_Normal_data/N_1_(1772rpm).mat,source,validation,N,0,6,6.05,7.05,29.5333333333333,1772,2.22702496306451,1.58227310566509,1.75216187172641,-1.3092861939647,-1.20451024026866,-1.0335643101913,-1.0583457349992,-0.389252225833974
source/48kHz_Normal_data/N_2_(1750rpm).mat,source,train,N,0,0,0.05,1.05,29.1666666666667,1750,1.9081830134081,1.65276318700673,1.8109398976077,-1.35216685428945,-1.19913855125742,-1.26358955943173,-0.837182328401186,-0.890421390125162
source/48kHz_Normal_data/N_2_(1750rpm).mat,source,train,N,0,1,1.05,2.05,29.1666666666667,1750,1.98155631535011,1.61769320834193,1.42151971967936,-1.17723851655295,-1.17658713612917,-0.142454771283691,-0.462899837204785,-0.445086969520291
source/48kHz_Normal_data/N_2_(1750rpm).mat,source,train,N,0,2,2.05,3.05,29.1666666666667,1750,2.15013498391747,1.65828940268841,2.23091036633179,-1.35108102279061,-1.20092911426117,-0.833597839855106,-0.895259803238558,-0.821943958367861
source/48kHz_Normal_data/N_2_(1750rpm).mat,source,train,N,0,3,3.05,4.05,29.1666666666667,1750,1.98299734782454,1.50322101143874,0.94700627181663,-1.30618294031955,-1.19047609780687,-1.29101630807143,-0.796641525988457,-0.0333018968280256
source/48kHz_Normal_data/N_2_(1750rpm).mat,source,train,N,0,4,4.05,5.05,29.1666666666667,1750,2.30224057777144,1.59580876161787,1.96668008185623,-1.1688247051021,-1.18766926931451,-0.0898942944320498,-0.509437317492723,-1.01036110622294
source/48kHz_Normal_data/N_2_(1750rpm).mat,source,train,N,0,5,5.05,6.05,29.1666666666667,1750,2.30485630771276,1.58092154213234,1.60057339382674,-1.28387546324379,-1.20731706876102,-0.719563712539943,-0.978822995149334,-0.691120873085838
source/48kHz_Normal_data/N_2_(1750rpm).mat,source,train,N,0,6,6.05,7.05,29.1666666666667,1750,1.96306490432652,1.71159864832689,2.14954092049488,-1.26895287139116,-1.20281646445431,-1.40416219379575,-0.946635294852916,-0.994199655407266
source/48kHz_Normal_data/N_3.mat,source,train,N,0,0,0.05,1.05,28.75,1725,2.55984614120196,1.69631823690648,2.53772708704531,-0.878290253696222,-1.1982674665529,-0.884586756638228,-1.01422165272174,-0.709098540609615
source/48kHz_Normal_data/N_3.mat,source,train,N,0,1,1.05,2.05,28.75,1725,2.51767668691053,1.68362644357046,2.63544881366391,-1.00571061481959,-1.19376686224619,-0.0419176099112115,-0.955343444677779,-0.94236965926882
source/48kHz_Normal_data/N_3.mat,source,train,N,0,2,2.05,3.05,28.75,1725,2.74738015155849,1.67020897987255,2.50677517733869,-1.06685731866387,-1.19991284877256,-0.888270056255047,-1.00359534893021,-0.717393920699007
source/48kHz_Normal_data/N_3.mat,source,train,N,0,3,3.05,4.05,28.75,1725,2.37948297297099,1.67316894984041,2.65731351597068,-1.02215290462754,-1.20567168654136,-0.809123214594026,-1.11258488722951,-0.954032231710542
source/48kHz_Normal_data/N_3.mat,source,train,N,0,4,4.05,5.05,28.75,1725,2.67568287319098,1.5871580316083,2.73784226478324,-1.03509116281936,-1.19178272486366,-0.748505629507223,-0.810791331019466,-0.685886432771358
source/48kHz_Normal_data/N_3.mat,source,train,N,0,5,5.05,6.05,28.75,1725,2.56340524951837,1.67316499978482,3.00141947479462,-0.969601364168795,-1.19420240459845,-1.11315705755152,-0.963200014614365,-1.12285313242211
source/48kHz_Normal_data/N_3.mat,source,train,N,0,6,6.05,7.05,28.75,1725,2.30604512896658,1.58822577418359,1.95589108667673,-0.909457056291022,-1.18016826213666,-0.843984835654318,-0.673882957885239,-0.56475050244019
target/A.mat,target,target,,-1,0,0.05,1.05,10,600,2.70765669088748,1.7772094852224,3.00131812364926,0.0961914140542693,5.49283150931108,-0.917970513133008,-0.841131295061243,-1.14154065210988
target/A.mat,target,target,,-1,1,1.05,2.05,10,600,3.2492723663122,1.76068375326821,4.27707673747129,0.081273845716639,5.651589394217,-0.791069898675209,-0.799834276228877,-1.23984125626169
target/A.mat,target,target,,-1,2,2.05,3.05,10,600,2.82262971760382,1.68863372218385,3.57263345412922,-0.264766774432202,5.6929861143082,-1.00557565956618,-0.87081469165739,-1.27818569422129
target/A.mat,target,target,,-1,3,3.05,4.05,10,600,3.31860101890548,1.69855518215833,2.75956776925367,-0.0540099968233224,5.23498815219943,-0.0922242843995702,-0.87711683246212,-0.58953910646941
target/A.mat,target,target,,-1,4,4.05,5.05,10,600,2.82658200798511,1.7541649509656,3.34253364163128,0.0310734766712653,5.43585817576844,-1.29712679073859,-0.782437798007864,-0.963706115343982
target/A.mat,target,target,,-1,5,5.05,6.05,10,600,2.60847485138837,1.73163521946787,3.42912718748846,-0.223352503890074,5.91330251542201,-1.20314238100219,-0.788227967175573,-1.12069617522093
target/A.mat,target,target,,-1,6,6.05,7.05,10,600,2.68016733668617,1.73707238835262,3.38913856540769,-0.168563015244391,5.85935345129687,-1.24898188885843,-0.75707633406445,-1.1768849432252
target/B.mat,target,target,,-1,0,0.05,1.05,10,600,2.84800033247544,1.73100503290197,3.0697714821176,-0.116398775367931,3.1933136241508,-0.983634436544831,-0.102778456341197,-1.20739491951725
target/B.mat,target,target,,-1,1,1.05,2.05,10,600,2.75909757847283,1.84332687142449,3.27203217859514,0.495428036461079,3.58022499543524,-1.30728496428126,0.38348035189655,-1.09692406720917
target/B.mat,target,target,,-1,2,2.05,3.05,10,600,2.63393792240601,1.79612638519191,3.00328021126055,-0.1379334404035,2.94681940711129,-0.607262373430217,0.0630940826863627,-0.993216620131561
target/B.mat,target,target,,-1,3,3.05,4.05,10,600,3.66634995361526,1.51789007391923,2.57896860699575,0.139696151418821,4.46490509761993,-0.919166183751887,0.779080108566355,-0.108744613642171
target/B.mat,target,target,,-1,4,4.05,5.05,10,600,3.18215821841573,1.73875823200837,3.07105696550616,-0.160372069182378,2.94207162931607,-0.545205666124659,0.228074533763575,-0.681297254983992
target/B.mat,target,target,,-1,5,5.05,6.05,10,600,3.01504556108181,1.70500829323982,3.30883268478214,0.235967684716359,3.179883266415,-0.955991360387533,0.0416279957700218,-0.84966544280914
target/B.mat,target,target,,-1,6,6.05,7.05,10,600,2.73220979247085,1.64524318660779,2.08754351348364,0.102014778930894,3.43610067222692,-1.39364109306586,-0.0280793383802942,-0.586015523471264
target/C.mat,target,target,,-1,0,0.05,1.05,10,600,1.59836929825234,0.831113943069482,0.76610789251287,1.0499133775467,153.453033985915,1.51939556269261,1.49981628435054,0.178481552424749
target/C.mat,target,target,,-1,1,1.05,2.05,10,600,1.22555540775877,0.672430392445512,0.591796441690845,0.566570221461815,156.087367762716,1.83476637661532,1.42874953046768,0.304076034859227
target/C.mat,target,target,,-1,2,2.05,3.05,10,600,1.41493719406333,0.784797947534766,0.527837472651399,0.240671480302027,157.707010371406,1.66670782775156,1.49825629814091,0.233486715001293
target/C.mat,target,target,,-1,3,3.05,4.05,10,600,1.50627743687672,0.873249935647551,1.00024699969585,0.288821599432469,157.372617227103,1.64358724125916,1.55811118812388,-0.101249330315097
target/C.mat,target,target,,-1,4,4.05,5.05,10,600,1.18475152194489,0.88241185688094,0.654458271848359,-0.336248825499383,158.80628352613,1.4757703659904,1.56540463481493,-0.0376871488101247
target/C.mat,target,target,,-1,5,5.05,6.05,10,600,1.4331205476831,0.698593126030809,0.660114497998908,0.767141032736736,152.788312575558,1.73672433363904,1.55480096606849,0.341982009917142
target/C.mat,target,target,,-1,6,6.05,7.05,10,600,1.33189156844192,0.725393804680655,0.56338359030608,-0.221975977208474,155.959372876401,1.72289119550899,1.58573715598321,0.243292744552982
target/D.mat,target,target,,-1,0,0.05,1.05,10,600,2.75957645576725,1.75043486700399,3.92764556119178,0.0340571055890908,14.5447625471322,-1.39265842824313,-0.896064156661888,-1.19885394748082
target/D.mat,target,target,,-1,1,1.05,2.05,10,600,2.32653694462807,1.72950613877194,2.78641648365783,-0.0492936775219619,14.332705978621,-0.665374510860826,-0.959207542398525,-0.9358270063598
target/D.mat,target,target,,-1,2,2.05,3.05,10,600,2.07485038296548,1.67095611495548,3.02571732800441,-0.0547169237544743,15.2437590108874,-1.05395705403604,-0.824990902050144,-1.37313020570833
target/D.mat,target,target,,-1,3,3.05,4.05,10,600,2.97379653597711,1.74090359523575,3.62880406022447,-0.0818175294750682,14.5472990311598,-1.37157295375097,-0.94782238715524,-1.16251665767646
target/D.mat,target,target,,-1,4,4.05,5.05,10,600,3.01403876393661,1.72488118307048,3.95161200583475,-0.0844265112588916,14.6194587498419,-0.560879703060672,-0.918440660452377,-1.31733756927746
target/D.mat,target,target,,-1,5,5.05,6.05,10,600,3.01752150596259,1.71071224564474,3.89102545801132,0.0157233159624686,14.1646801713066,-1.4262940014878,-0.945931284032596,-1.30108522899425
target/D.mat,target,target,,-1,6,6.05,7.05,10,600,2.84333011812722,1.82199421972262,3.58346984964484,-0.0659815112091662,14.2304011228418,-1.14153086797887,-0.901913596296221,-1.09761480320552
target/E.mat,target,target,,-1,0,0.05,1.05,10,600,2.13632421770821,1.33974485736409,1.83034667295429,1.03450266722457,81.3498984089988,0.957862807924747,1.58348687982665,-0.508242278665829
target/E.mat,target,target,,-1,1,1.05,2.05,10,600,2.07812475823581,1.29596453719014,1.75342059533729,-2.65988120333803,81.1581337127083,1.15437698969393,2.00550815632853,-0.395762389717371
target/E.mat,target,target,,-1,2,2.05,3.05,10,600,2.77597772604472,1.33943911184625,2.40147800704303,-0.239295228805578,81.8815519649855,0.653883939817577,1.48771141091297,-0.33711110820976
target/E.mat,target,target,,-1,3,3.05,4.05,10,600,2.46480259740657,1.19678153325358,1.64315579473078,0.968996279858342,81.4453417502931,1.25363470614638,1.75292361106707,0.0213135345340619
target/E.mat,target,target,,-1,4,4.05,5.05,10,600,2.45968444401075,1.30561587049282,1.99659512576804,-1.85499920970996,81.8858769954428,1.14329604674561,1.81474745302406,-0.466294138761742
target/E.mat,target,target,,-1,5,5.05,6.05,10,600,2.35676228306547,1.27378840107593,1.9996259198438,-0.0298383530905956,81.714111500139,-0.549112628984674,1.76034245367065,-0.245837978463209
target/E.mat,target,target,,-1,6,6.05,7.05,10,600,2.15737778923478,1.3249351607466,2.03225098946043,0.227101123296211,81.1378093214616,1.07787516045726,1.75872713361623,-0.470582356971082
target/F.mat,target,target,,-1,0,0.05,1.05,10,600,3.12613520668026,1.77458969839077,3.97382879245007,-0.00895115639903049,9.04703097442327,-1.2808586106966,-0.989348312182091,-1.32640207872891
target/F.mat,target,target,,-1,1,1.05,2.05,10,600,2.97584146572492,1.79264226351555,5.09426860180279,-0.0042585278868243,8.81370696291159,-1.18452651294593,-1.08633937333258,-1.44025636789402
target/F.mat,target,target,,-1,2,2.05,3.05,10,600,2.76942801706996,1.66713825128172,3.61227693386576,-0.0454252948320324,10.2082853926925,-1.02444312618497,-0.913886001077553,-1.02977002176561
target/F.mat,target,target,,-1,3,3.05,4.05,10,600,3.10471791771779,1.66373030623022,3.03345587263168,-0.0316095408043393,10.5971153865106,-1.38809970406313,-0.780813538162092,-0.798928932438074
target/F.mat,target,target,,-1,4,4.05,5.05,10,600,2.46705822957594,1.7053815627878,4.5351977740075,-0.161509141001585,9.05480302163599,-1.21666798303095,-0.970943032298933,-1.4490723167216
target/F.mat,target,target,,-1,5,5.05,6.05,10,600,3.42107112033301,1.74375894754746,2.92453552007705,-0.115174010452222,9.50476878432408,-0.244472156864362,-0.960016355256398,-0.548267441672203
target/F.mat,target,target,,-1,6,6.05,7.05,10,600,2.3382667825387,1.69532997569055,4.23079239901115,-0.0108104345200867,9.45790886786578,-1.2479565720809,-1.01395642060142,-1.51747304863962
target/G.mat,target,target,,-1,0,0.05,1.05,10,600,3.0711830784517,1.64110263306619,3.26459263384497,-0.349629373935257,2.82721442950293,-1.26274447589994,-0.458593775307757,-0.782533452649247
target/G.mat,target,target,,-1,1,1.05,2.05,10,600,2.45580625810803,1.71404605886135,3.10781986370253,-0.471910236308497,3.02193835715895,-1.27313490860132,-0.213498137688045,-0.957355400025881
target/G.mat,target,target,,-1,2,2.05,3.05,10,600,2.57000787415113,1.65234727701664,2.00892941563412,-0.126624614950194,3.34091748314055,-0.990443648498359,-0.0841667268640388,-0.564410230856079
target/G.mat,target,target,,-1,3,3.05,4.05,10,600,3.25673792655819,1.69406111113909,3.67807975104752,-0.216863450726195,2.84113257262865,-0.459135074426394,-0.327223328593318,-0.865019679960067
target/G.mat,target,target,,-1,4,4.05,5.05,10,600,3.12282343423896,1.74906917343248,3.12936823242452,-0.584045504590195,3.30017114356925,-1.14417226500064,-0.163179440780319,-1.09470790653933
target/G.mat,target,target,,-1,5,5.05,6.05,10,600,2.70802488503945,1.74542768939858,2.99758566781476,-0.314163948142571,3.06310744406818,-1.43772620441204,-0.297559783806991,-0.849861348124107
target/G.mat,target,target,,-1,6,6.05,7.05,10,600,2.80666363106755,1.65313132027808,2.30008399022471,-0.31841501379506,3.42267031449112,-0.0978222627962465,-0.091074191949464,-0.351121662501239
target/H.mat,target,target,,-1,0,0.05,1.05,10,600,1.17058520213802,-0.0443904004351899,3.52747212761881,-1.76862744816765,27.7590963932436,1.32509869846666,-0.244326093553766,-1.54682655429097
target/H.mat,target,target,,-1,1,1.05,2.05,10,600,0.64646299777341,-0.174010533467607,3.47363815594937,-2.12837838707226,27.8922618046917,1.43231604763554,-0.192629377137752,-1.69516774926269
target/H.mat,target,target,,-1,2,2.05,3.05,10,600,0.517251679316106,-0.0292989368296784,3.37354578925421,-1.69544999296644,28.6749297223312,1.41798964022886,-0.109161258896301,-1.64810026008016
target/H.mat,target,target,,-1,3,3.05,4.05,10,600,0.954361403050236,0.148896012630466,3.13504908535931,-2.16523001711517,27.908748950871,1.0996099405322,-0.128670502993078,-1.48516718796527
target/H.mat,target,target,,-1,4,4.05,5.05,10,600,0.88025355972287,-0.0541160052175378,3.77269962709119,-1.97093255502523,27.2561896562362,1.37575229886425,-0.197859731334595,-1.69206311747089
target/H.mat,target,target,,-1,5,5.05,6.05,10,600,0.881093252226697,0.0549109853227305,3.02168263719845,-1.68787631817557,28.0024037457357,1.26804380016032,-0.166341658574195,-1.41593402361433
target/H.mat,target,target,,-1,6,6.05,7.05,10,600,1.0690744617507,0.092396145851848,3.55399920042495,-1.71414231263851,28.4126312586583,1.24924344008684,-0.148176818426029,-1.56535139300776
target/I.mat,target,target,,-1,0,0.05,1.05,10,600,2.05040509011831,0.805355142853904,1.48346403487676,0.147223566741141,135.032664230267,1.86035630052612,1.14451923709753,-0.0864566863832029
target/I.mat,target,target,,-1,1,1.05,2.05,10,600,2.02610458420376,0.719381152263537,1.36215975097643,-0.945248438525108,137.34092973342,2.01305705464872,1.200985603099,0.0630509945144864
target/I.mat,target,target,,-1,2,2.05,3.05,10,600,1.92540229549035,0.957381855918151,1.45438072976135,0.743903542490165,137.350880555374,1.7495540380507,1.41598385792657,-0.00953436254511172
target/I.mat,target,target,,-1,3,3.05,4.05,10,600,1.57146371159394,0.639253513988393,1.23218963800577,-0.391662405015167,135.014225942528,2.02632032386226,1.12469119136155,0.138497974833812
target/I.mat,target,target,,-1,4,4.05,5.05,10,600,2.54346101173392,0.936558544616254,2.05403337895063,0.0774212694067793,135.812015207255,1.84390619962997,1.21348092054395,-0.134779326093051
target/I.mat,target,target,,-1,5,5.05,6.05,10,600,1.61000895526255,0.811827890211234,1.30901644092247,-0.239569513837615,134.638826306446,1.91404645924747,1.23845139283988,-0.18948550005071
target/I.mat,target,target,,-1,6,6.05,7.05,10,600,2.7117892967365,0.942850381494119,2.22636304427363,0.279706957195863,136.412511541272,1.91206575759696,1.10334621829968,-0.0509794292557808
target/J.mat,target,target,,-1,0,0.05,1.05,10,600,1.5722617674843,0.826335781308248,1.45139358192779,1.55419688813561,190.95855994562,1.86136324538819,2.72939667661843,-0.335361735256397
target/J.mat,target,target,,-1,1,1.05,2.05,10,600,2.06891715286626,0.875015627674353,1.63810174571794,1.2528030047695,177.903146579545,1.90556636085522,2.31356182590316,-0.154544731152374
target/J.mat,target,target,,-1,2,2.05,3.05,10,600,1.95445846448009,0.911477843461685,1.5452771981613,1.67930553680305,190.323691001127,1.69328488799103,2.73248335565134,-0.205772098802257
target/J.mat,target,target,,-1,3,3.05,4.05,10,600,1.92407716443711,0.751022342200092,1.2980751784608,1.02311398970804,182.312759023447,2.01623733408306,2.38851207563126,0.0176643034176548
target/J.mat,target,target,,-1,4,4.05,5.05,10,600,1.98956395600861,0.889093062512057,1.72311930066775,1.4439740231387,178.916569505643,-0.401216228210267,2.57827288145016,-0.211540340906172
target/J.mat,target,target,,-1,5,5.05,6.05,10,600,1.7939757532378,0.847550833420526,1.64119655021039,0.873990223633485,168.990494530059,2.04958496024999,2.10466368389682,-0.334216187409864
target/J.mat,target,target,,-1,6,6.05,7.05,10,600,1.90504024011788,0.772757155273632,1.44682711855997,2.92618006577195,178.946649604688,2.03753543334642,2.42641865633681,-0.0599806088245573
target/K.mat,target,target,,-1,0,0.05,1.05,10,600,0.0413157812029673,-0.642846716236426,3.17747638075802,-0.471454133861766,23.2197005165973,1.82793473979305,-0.552099468304915,-1.68988930420389
target/K.mat,target,target,,-1,1,1.05,2.05,10,600,0.0982255499630404,-0.624860525182786,3.38964776887926,-0.164850189501647,25.2342541769664,1.86121351680952,-0.40427285918648,-1.80169494969726
target/K.mat,target,target,,-1,2,2.05,3.05,10,600,0.669457151472177,-0.415417695859254,3.51610391753544,-0.449114733700515,23.0062456299683,1.69570648376795,-0.519177471375027,-1.66611020187866
target/K.mat,target,target,,-1,3,3.05,4.05,10,600,-0.0431469435231429,-0.659774565169163,3.40902578192513,-0.245371321719552,24.8919914283726,1.85370833587743,-0.363017502682987,-1.81392866672332
target/K.mat,target,target,,-1,4,4.05,5.05,10,600,0.462452907151899,-0.526627779236123,3.43644027361359,-0.234807789052795,25.2296039562491,1.72693687849185,-0.408954466736942,-1.71347604635417
target/K.mat,target,target,,-1,5,5.05,6.05,10,600,0.165462755917766,-0.611337212940041,3.34614231505814,-0.461193620972953,23.3729952051361,1.83185882357624,-0.270446921598396,-1.70849364496733
target/K.mat,target,target,,-1,6,6.05,7.05,10,600,-0.0942939311205161,-0.773372219757291,3.14398791336187,-0.171909157310338,24.3983851327997,2.02868980510276,-0.493072017517022,-1.77725907258551
target/L.mat,target,target,,-1,0,0.05,1.05,10,600,2.72112005081238,1.66464176184643,3.13435980205,0.0344344372918886,3.17620861647761,-1.28312814917821,-0.507765189262446,-1.17341220747859
target/L.mat,target,target,,-1,1,1.05,2.05,10,600,2.56202296739526,1.62245208167369,2.6825389402746,-0.0340795783574075,3.21103649331789,-0.960582386555842,-0.465670240981248,-1.04500856441329
target/L.mat,target,target,,-1,2,2.05,3.05,10,600,2.84099270627955,1.56844297041522,1.82256103352305,-0.0974539913994543,3.08183840304111,-1.2910410580106,-0.517924452497854,-0.222396616256497
target/L.mat,target,target,,-1,3,3.05,4.05,10,600,2.49879001625338,1.69391081134365,2.4343186827742,0.128153987295184,3.01699546520776,-1.16427663369756,-0.514253985875665,-0.882344745738721
target/L.mat,target,target,,-1,4,4.05,5.05,10,600,3.57071008362401,1.49325655868729,1.99770139753237,-0.086664973047622,3.28589529115759,-0.451612401289567,-0.446308631863884,0.210973779859956
target/L.mat,target,target,,-1,5,5.05,6.05,10,600,3.19688791874623,1.60512133711056,2.54455795618082,0.0231085314114308,3.17461518420387,-1.16943023033821,-0.516399688350098,-0.7181848670562
target/L.mat,target,target,,-1,6,6.05,7.05,10,600,3.09419503487114,1.71740079099448,3.09485812921749,-0.0897669883359566,2.91030054091929,-1.47176262355313,-0.639426808189365,-0.606791675347663
target/M.mat,target,target,,-1,0,0.05,1.05,10,600,0.326465402107751,-0.249080447819266,3.17295221445796,-0.616794882299178,22.1697262052817,1.44672126064043,-0.495141920261286,-1.69679290588628
target/M.mat,target,target,,-1,1,1.05,2.05,10,600,0.531917884279081,-0.221038378161722,3.30672578858291,-0.62841959091438,17.6271109450619,1.37231701383745,-0.983925062041428,-1.66638704549774
target/M.mat,target,target,,-1,2,2.05,3.05,10,600,0.201523368774647,-0.415306545949255,3.16818326079893,-0.689197505671376,19.0796382791653,1.60680270615926,-0.874583988876401,-1.57609972087781
target/M.mat,target,target,,-1,3,3.05,4.05,10,600,0.743086746877208,-0.269993648955743,3.52618813003552,-0.465834781763563,18.5020678584742,1.52906570917105,-0.905536116051602,-1.64450750899615
target/M.mat,target,target,,-1,4,4.05,5.05,10,600,0.647833201960938,-0.25507924790669,3.54874972295163,-0.452898471058332,18.8594194351295,1.47362586485475,-0.843556732235234,-1.71555233940529
target/M.mat,target,target,,-1,5,5.05,6.05,10,600,0.725595635970956,-0.379841756605703,3.46033654416867,-0.712834180491393,19.0008446791803,1.56324771850777,-0.82394749805858,-1.59446015239027
target/M.mat,target,target,,-1,6,6.05,7.05,10,600,0.31648993294591,-0.377398407564814,3.28116823535003,-0.373080223282121,19.873102513435,1.61513577373431,-0.749284028902798,-1.6898978489298
target/N.mat,target,target,,-1,0,0.05,1.05,10,600,2.35049536239668,1.72436095708185,4.05608157547664,-1.35102045324426,65.5344327116266,-1.46290182431558,3.42220264145827,-1.35052258563948
target/N.mat,target,target,,-1,1,1.05,2.05,10,600,3.00436804083639,1.79906910483038,3.76236388705751,-1.76488000234913,66.347798589805,-1.14684733195365,3.70063114345203,-1.26228780393597
target/N.mat,target,target,,-1,2,2.05,3.05,10,600,3.15457721017373,1.75117217102268,4.45465017599501,-0.137133695971592,66.0765899130096,-0.795535083029205,3.18701876275143,-1.29710132752449
target/N.mat,target,target,,-1,3,3.05,4.05,10,600,3.01826417704932,1.61552850450277,4.80000199952298,-0.724327112163273,61.3118046671943,-1.38703108798657,3.55755508676981,-1.21776703075055
target/N.mat,target,target,,-1,4,4.05,5.05,10,600,2.69393418218776,1.7323953063701,4.20460458238397,-1.48899784651336,66.9951548402807,-1.20542434090109,3.81447833985875,-1.25118039519001
target/N.mat,target,target,,-1,5,5.05,6.05,10,600,2.36153185494783,1.65019056374746,4.9318645828294,-0.734997784403679,77.6314778626136,-1.40799070822678,3.83018356051942,-1.5961957633445
target/N.mat,target,target,,-1,6,6.05,7.05,10,600,2.67315148862528,1.70042039161335,4.05648953005993,-0.553803954598835,69.0624218417871,-0.865752947298454,4.01138618474765,-1.27618162638625
target/O.mat,target,target,,-1,0,0.05,1.05,10,600,2.81488835189629,1.4929638125523,2.29871441679655,0.363437262448453,3.25340878418893,0.110759713259365,0.0420940201672943,-0.349107489792421
target/O.mat,target,target,,-1,1,1.05,2.05,10,600,3.24689632057659,1.56740288206819,2.73243124571364,-0.26630857324027,2.19553234955669,0.328507106975815,-0.578801085440565,-0.631850429443899
target/O.mat,target,target,,-1,2,2.05,3.05,10,600,2.8746355722411,1.66627349479289,2.67427656914588,-0.0912936526913281,2.48059413142587,0.195935231105847,-0.369301673811307,-0.822196386338395
target/O.mat,target,target,,-1,3,3.05,4.05,10,600,2.72197405327417,1.64029912424566,2.3803588266466,0.076873319206137,2.11416974651806,-0.0357358536066811,-0.583796930067168,-0.746390571641571
target/O.mat,target,target,,-1,4,4.05,5.05,10,600,3.28349299954792,1.65880896593582,3.48586530241839,0.0662697055898698,2.10210518787404,-0.402712087813555,-0.556535931627917,-0.766328018595978
target/O.mat,target,target,,-1,5,5.05,6.05,10,600,3.28044146883999,1.57870303087859,2.84513347356021,-0.00309355570100425,2.43269360613574,-0.0488218461294759,-0.446797462623965,-0.487779655057401
target/O.mat,target,target,,-1,6,6.05,7.05,10,600,3.1330469343579,1.53320567965541,2.41526747586027,0.252199630964844,2.0487739852428,0.223448460773032,-0.586917712933103,-0.330422183034688
target/P.mat,target,target,,-1,0,0.05,1.05,10,600,3.11495019016146,1.79481076825839,3.68805413256207,-0.04539821466591,14.820133659255,-0.934764230195118,-0.940792510552231,-1.24794006174318
target/P.mat,target,target,,-1,1,1.05,2.05,10,600,2.34910864082788,1.63837280585429,4.46802020163656,-0.081760165695169,14.58261469339,-1.27985538017049,-0.973750679092603,-1.54231871281804
target/P.mat,target,target,,-1,2,2.05,3.05,10,600,2.26095670607591,1.73737316547174,3.0487733874333,-0.120985573862507,15.3322107615929,-1.39699856123722,-0.878228510236931,-1.21640855934821
target/P.mat,target,target,,-1,3,3.05,4.05,10,600,2.9361319701776,1.6549433252063,3.03795498954978,0.0105545075136967,14.2206779340694,-0.685124064726392,-1.01431701993713,-1.23342284266508
target/P.mat,target,target,,-1,4,4.05,5.05,10,600,2.86690974980282,1.79925640615336,2.95930824557506,0.0037786633259604,14.9973623509259,-0.67119606571149,-0.912377033455692,-0.891409295825624
target/P.mat,target,target,,-1,5,5.05,6.05,10,600,3.11811383654229,1.7289096599562,4.2190413949362,0.0223961569533435,14.6730175856551,-1.32301135650787,-0.902109084599188,-1.31118595506085
target/P.mat,target,target,,-1,6,6.05,7.05,10,600,2.14215147759049,1.82852268980237,3.45317678000323,-0.0351681016870998,14.6014432094409,-0.560369044629353,-0.880567001820805,-1.38294190755018
