file_id,domain,split,label,label_code,window_index,start_seconds,end_seconds,actual_revolutions,rpm_used,env_spread_order,env_entropy,env_centroid_order,skewness,peak_to_peak,env_harmonic_ratio,crest_factor,env_low_order_ratio
source/12kHz_DE_data/B/0007/B007_0.mat,source,validation,B,3,0,0.05,0.718,19.9954666666667,1796,0.197784233458517,0.837944881716118,0.0262607798138506,-0.406018545119548,-1.05564150260197,-0.824626072765125,-1.08725042951234,-0.2161812004588
source/12kHz_DE_data/B/0007/B007_0.mat,source,validation,B,3,1,0.718,1.386,19.9954666666667,1796,0.548210432890826,0.925656430622193,0.202665185772882,-0.133193055489538,-1.04816786576027,-0.881424442459992,-0.905796910015698,-0.0420723762586569
source/12kHz_DE_data/B/0007/B007_0.mat,source,validation,B,3,2,1.386,2.054,19.9954666666667,1796,0.708462712112905,1.00850784583804,0.476244082585607,-0.0615209163973913,-1.06476317218313,-0.918556553134129,-1.02733706092592,-0.203827901384515
source/12kHz_DE_data/B/0007/B007_0.mat,source,validation,B,3,3,2.054,2.722,19.9954666666667,1796,0.636049422172502,1.11869469701609,0.228380788454789,-0.0529353858626125,-1.04874276090194,-0.987807208579813,-0.926328649283792,-0.100059764838377
source/12kHz_DE_data/B/0007/B007_0.mat,source,validation,B,3,4,2.722,3.39,19.9954666666667,1796,0.43627518966166,1.12281413338889,0.00805488404312022,-0.257203047582728,-1.08645588219547,-1.02477199245517,-1.28352109953753,0.356719855998236
source/12kHz_DE_data/B/0007/B007_0.mat,source,validation,B,3,5,3.39,4.058,19.9954666666667,1796,0.336333730446363,1.14197660804988,0.0443230571839118,-0.34415534722839,-1.03034611636851,-1.02368409370491,-0.800580747350909,0.0419951005305674
source/12kHz_DE_data/B/0007/B007_0.mat,source,validation,B,3,6,4.058,4.726,19.9954666666667,1796,0.281611020511905,0.991784489716385,-0.0184176553465405,-0.20609297851901,-1.05648468214309,-1.01429284042259,-0.969519813497487,0.0160716945949764
source/12kHz_DE_data/B/0007/B007_0.mat,source,validation,B,3,7,4.726,5.394,19.9954666666667,1796,0.800865421009868,1.2106096164473,0.339261645325292,-0.231905190838163,-1.05307363763585,-1.12131725137411,-0.840276850182779,-0.123758675623302
source/12kHz_DE_data/B/0007/B007_0.mat,source,validation,B,3,8,5.394,6.062,19.9954666666667,1796,0.720130637578738,1.07620946948679,0.201915500255499,-0.0540056462019186,-1.06763764789148,-1.04735267970971,-1.16046962479071,-0.234527561687413
source/12kHz_DE_data/B/0007/B007_0.mat,source,validation,B,3,9,6.062,6.73,19.9954666666667,1796,0.379663017310961,1.10085012593948,0.211388723790373,0.00909612726889894,-1.05502828111753,-1.13310711298273,-1.08676561924839,-0.378192188757799
source/12kHz_DE_data/B/0007/B007_0.mat,source,validation,B,3,10,6.73,7.398,19.9954666666667,1796,0.386335110517543,1.06271500456391,0.251466006680413,-0.0725636880155411,-1.05173221563862,-0.904239383829142,-1.0478706446537,-0.686489360638392
source/12kHz_DE_data/B/0007/B007_1.mat,source,test,B,3,0,0.05,0.727,19.9940666666667,1772,0.398571540029927,0.888066170259412,0.507781949602137,-0.0925761750803537,-1.0101864600673,-1.23076764150514,-0.783137142982902,-0.343013468285686
source/12kHz_DE_data/B/0007/B007_1.mat,source,test,B,3,1,0.727,1.404,19.9940666666667,1772,0.327896489344463,0.975911678459206,0.359083348155224,0.0380556590739824,-1.05215380540918,-0.966135804146802,-1.06013732069811,-0.424033081064214
source/12kHz_DE_data/B/0007/B007_1.mat,source,test,B,3,2,1.404,2.081,19.9940666666667,1772,0.736528763583547,1.09814477538767,0.714699108299089,0.170306538348502,-1.082738226946,-0.885086876357417,-1.17820536314724,-0.703435249618602
source/12kHz_DE_data/B/0007/B007_1.mat,source,test,B,3,3,2.081,2.758,19.9940666666667,1772,0.701840570130444,1.02070546063562,0.557682878764868,0.00353302380957022,-1.00547231990561,-0.850507213394554,-0.683750157515273,-0.108613832585588
source/12kHz_DE_data/B/0007/B007_1.mat,source,test,B,3,4,2.758,3.435,19.9940666666667,1772,0.648690921294092,1.06199420374028,0.555668383624371,0.0741248378548234,-1.06529974098202,-1.28525673140597,-1.14334397763,-0.663292830761686
source/12kHz_DE_data/B/0007/B007_1.mat,source,test,B,3,5,3.435,4.112,19.9940666666667,1772,0.513111364883376,0.803683434277744,0.44623983699739,-0.06660371651171,-1.06001070567866,-0.915609531946469,-1.11587809275358,-0.0836082976901269
source/12kHz_DE_data/B/0007/B007_1.mat,source,test,B,3,6,4.112,4.789,19.9940666666667,1772,0.456142799652336,1.01913123303593,0.870235665312295,-0.069489002600342,-1.05529656551697,-1.18748982982335,-1.01563206950974,-0.749126304426948
source/12kHz_DE_data/B/0007/B007_1.mat,source,test,B,3,7,4.789,5.466,19.9940666666667,1772,0.705036468063762,1.00123047712998,0.591111552931569,-0.129569124972625,-1.05709790362754,-1.00277292385688,-1.14492075587759,-0.118023224567531
source/12kHz_DE_data/B/0007/B007_1.mat,source,test,B,3,8,5.466,6.143,19.9940666666667,1772,0.621612769807977,1.1463801818234,0.351913339172817,-0.119362398547098,-1.04897271895861,-0.618975703054121,-1.04934627232893,-0.136260963897934
source/12kHz_DE_data/B/0007/B007_1.mat,source,test,B,3,9,6.143,6.82,19.9940666666667,1772,0.580200166477213,1.0229804906927,0.458752081008879,-0.145142175414984,-1.04640485399248,-0.518678042095859,-0.991769205107964,-0.0781561194209623
source/12kHz_DE_data/B/0007/B007_1.mat,source,test,B,3,10,6.82,7.497,19.9940666666667,1772,0.77381560493687,0.970185429028963,0.939675185619162,-0.247710291592502,-1.07779412872764,-0.988576724666088,-1.22426495686827,-0.660507169533567
source/12kHz_DE_data/B/0007/B007_2.mat,source,train,B,3,0,0.05,0.7365,20.0000333333333,1748,1.48383059245631,1.25185800192783,1.38429731937506,0.0575091069606421,-1.07813906581264,-0.904335865713191,-1.33060887771023,-0.636681107922138
source/12kHz_DE_data/B/0007/B007_2.mat,source,train,B,3,1,0.7365,1.423,20.0000333333333,1748,1.1069913110238,1.29602289646251,1.01236180349392,0.0075172189199032,-1.04475682125303,-0.734015094382015,-1.13859077824343,-0.508965526841925
source/12kHz_DE_data/B/0007/B007_2.mat,source,train,B,3,2,1.423,2.1095,20.0000333333333,1748,1.18099087554694,1.20528121024663,1.28767514130078,0.149548443412263,-1.05587146065864,-0.678635310795132,-1.2173237304657,-0.530710713862268
source/12kHz_DE_data/B/0007/B007_2.mat,source,train,B,3,3,2.1095,2.796,20.0000333333333,1748,1.14043766963786,0.965815236396455,0.713833098896397,0.0999707725924203,-1.0460215905647,-0.473684481494972,-1.13124184092645,0.120790552404765
source/12kHz_DE_data/B/0007/B007_2.mat,source,train,B,3,4,2.796,3.4825,20.0000333333333,1748,0.547623474556078,0.930808481891143,0.508235594569065,0.100204955136644,-1.03306728670575,-1.00173795370738,-0.979463335032526,-0.462413657466345
source/12kHz_DE_data/B/0007/B007_2.mat,source,train,B,3,5,3.4825,4.169,20.0000333333333,1748,0.8681417452771,1.07663089305238,0.923174811631549,0.087065914156759,-1.05460669134697,-0.915947027274554,-1.10729605893203,-0.60134332103765
source/12kHz_DE_data/B/0007/B007_2.mat,source,train,B,3,6,4.169,4.8555,20.0000333333333,1748,0.64503814926341,1.01436941683502,0.603143295195062,0.277739427791688,-1.07342492565095,-1.12072355497582,-1.20021038078577,-0.551876768341286
source/12kHz_DE_data/B/0007/B007_2.mat,source,train,B,3,7,4.8555,5.542,20.0000333333333,1748,0.736328296844681,1.01272764143618,0.582558583532891,0.148295605780906,-1.04801456038916,-0.72448593417732,-1.10991261758673,-0.58271622969048
source/12kHz_DE_data/B/0007/B007_2.mat,source,train,B,3,8,5.542,6.2285,20.0000333333333,1748,0.751607839708264,0.983257062547845,0.604508253586919,0.0815686997157034,-1.05567982894475,-1.25020590682178,-1.16859076916757,-0.674606967372705
source/12kHz_DE_data/B/0007/B007_2.mat,source,train,B,3,9,6.2285,6.915,20.0000333333333,1748,0.638296812721565,0.920581428373835,0.636405751784041,0.0553561441210727,-1.04506343199525,-1.11766447796515,-1.0995131795875,-0.439632436206861
source/12kHz_DE_data/B/0007/B007_2.mat,source,train,B,3,10,6.915,7.6015,20.0000333333333,1748,0.618415502458056,1.0258937705929,0.740711504977756,0.151436227459927,-1.04655815936359,-1.22001349157483,-1.0749614197042,-0.724498099386965
source/12kHz_DE_data/B/0007/B007_3.mat,source,train,B,3,0,0.05,0.747,20.0039,1722,1.41552235335599,1.10917670732229,1.63554579932648,-0.00497643402623089,-1.02486544935126,-1.05357533788083,-1.01934983631725,-0.711487147998916
source/12kHz_DE_data/B/0007/B007_3.mat,source,train,B,3,1,0.747,1.444,20.0039,1722,1.46630704884994,1.05506406760721,1.16907648090171,0.0566798376451398,-1.05311196397863,-0.767287680295257,-1.18745210191381,-0.231875315052063
source/12kHz_DE_data/B/0007/B007_3.mat,source,train,B,3,2,1.444,2.141,20.0039,1722,1.36975361745778,1.17103690147567,1.5409293678494,-0.0666356463461254,-1.06043229544922,-0.699858545379195,-1.26568668191945,-0.660346010988254
source/12kHz_DE_data/B/0007/B007_3.mat,source,train,B,3,3,2.141,2.838,20.0039,1722,1.4395692129065,0.922983717885904,1.32342733286906,-0.0191767714580561,-1.02379231175348,-0.555197959329262,-1.06826990027783,-0.330808738319842
source/12kHz_DE_data/B/0007/B007_3.mat,source,train,B,3,4,2.838,3.535,20.0039,1722,1.56457393033745,1.21567648973519,1.65020451506797,0.0241958706785971,-1.05127229952529,-0.676366974440694,-1.20951322006714,-0.487149489251148
source/12kHz_DE_data/B/0007/B007_3.mat,source,train,B,3,5,3.535,4.232,20.0039,1722,1.25862497270331,1.01180943538685,1.08363018835703,-0.0584207583258372,-1.0153988426851,-0.674387053212064,-1.00466742301957,-0.224215534512819
source/12kHz_DE_data/B/0007/B007_3.mat,source,train,B,3,6,4.232,4.929,20.0039,1722,1.50459601068702,1.26338298473914,1.30085704555481,-0.144810428570004,-1.03827966932355,-0.754822041089038,-1.15694110522928,-0.262073625798629
source/12kHz_DE_data/B/0007/B007_3.mat,source,train,B,3,7,4.929,5.626,20.0039,1722,1.31937308147558,1.34420218198143,1.13140716368149,0.0518516732071283,-1.03207080179352,-0.897375474606525,-1.09693608044182,-0.505606830773365
source/12kHz_DE_data/B/0007/B007_3.mat,source,train,B,3,8,5.626,6.323,20.0039,1722,1.76684301294893,1.35325896603107,1.10483200572737,0.0218083301985025,-0.972205054374325,-1.03930449358608,-0.687680029895744,-0.140944548046524
source/12kHz_DE_data/B/0007/B007_3.mat,source,train,B,3,9,6.323,7.02,20.0039,1722,1.33830730599197,1.34955652684181,1.08413861082608,0.0984732543137207,-1.03893121715078,-0.635805361491902,-1.14359788829655,-0.404657252425133
source/12kHz_DE_data/B/0007/B007_3.mat,source,train,B,3,10,7.02,7.717,20.0039,1722,1.62196763349339,1.28780831383241,1.14429653796232,0.0717161567307465,-1.02337072198292,-0.951761880369253,-1.0047238016295,-0.414661927990489
source/12kHz_DE_data/B/0014/B014_0.mat,source,train,B,3,0,0.05,0.718,19.9954666666667,1796,-0.326773503513807,0.842622161000849,-1.04152830387459,-0.347614422318531,-0.466220677019515,-0.778647638403616,1.08162676067254,1.1206071725419
source/12kHz_DE_data/B/0014/B014_0.mat,source,train,B,3,1,0.718,1.386,19.9954666666667,1796,-0.0311610256820261,0.78636705666353,-0.794308522362685,0.0457269395681802,-0.789120114923944,-1.25451774392841,0.344279086115495,0.846679056248068
source/12kHz_DE_data/B/0014/B014_0.mat,source,train,B,3,2,1.386,2.054,19.9954666666667,1796,0.132762116809372,1.00046885638394,-0.877638888741337,0.0667961214993239,-0.617264793907509,-0.700249514665562,2.51571020837679,0.788188709644347
source/12kHz_DE_data/B/0014/B014_0.mat,source,train,B,3,3,2.054,2.722,19.9954666666667,1796,-0.45722803584296,0.757669667920131,-1.2470763787492,4.17287728442813,-0.303870289012018,-0.246506716983766,3.13820471298445,1.36568825922343
source/12kHz_DE_data/B/0014/B014_0.mat,source,train,B,3,4,2.722,3.39,19.9954666666667,1796,1.03453272377871,1.38087906957932,0.291653646596143,-0.225843231577005,-1.02356235369681,-0.731479536662323,-0.0291128255172856,-0.0888382244677421
source/12kHz_DE_data/B/0014/B014_0.mat,source,train,B,3,5,3.39,4.058,19.9954666666667,1796,0.0327463229964715,1.01430780823285,-0.514163566296951,-0.33900409065788,-0.982629819609934,-0.428106693860635,0.659852917060955,0.23196505080464
source/12kHz_DE_data/B/0014/B014_0.mat,source,train,B,3,6,4.058,4.726,19.9954666666667,1796,-0.0253506471570379,0.970876520589137,-0.803438271293845,0.430025610300824,-0.796938688850651,-0.793395970439389,1.90538613318562,0.518059674599535
source/12kHz_DE_data/B/0014/B014_0.mat,source,train,B,3,7,4.726,5.394,19.9954666666667,1796,1.06861332729042,1.05314215700621,-0.236774065954974,6.40101616338671e-05,-0.937902977588038,-0.60431216509678,0.768171297849228,0.704437737987579
source/12kHz_DE_data/B/0014/B014_0.mat,source,train,B,3,8,5.394,6.062,19.9954666666667,1796,-0.266858945775851,0.821838376834933,-1.04836529660681,3.62989778812262,-0.361973024663426,-0.197001781860315,2.83544529444605,1.22974272333838
source/12kHz_DE_data/B/0014/B014_0.mat,source,train,B,3,9,6.062,6.73,19.9954666666667,1796,-0.397577418378773,0.774183938403008,-1.26670621898218,-0.505914386948767,-0.6545179990877,-0.917451958400693,1.20247872189094,1.24827285173211
source/12kHz_DE_data/B/0014/B014_0.mat,source,train,B,3,10,6.73,7.398,19.9954666666667,1796,-0.0487246583722944,0.645313975584024,-1.14875387596096,1.94242877052665,-0.604540448105222,-1.07429440717878,0.985265623185801,1.31850490916812
source/12kHz_DE_data/B/0014/B014_1.mat,source,train,B,3,0,0.05,0.727,19.9940666666667,1772,-0.0235729652234815,0.92725369253289,-0.513176594448459,-0.0215434983508878,-0.70786826823464,-0.389094700529777,1.00240411708131,0.646614432792937
source/12kHz_DE_data/B/0014/B014_1.mat,source,train,B,3,1,0.727,1.404,19.9940666666667,1772,-0.168427897206276,0.975072646072454,-0.647272580977068,-0.830520529224445,-0.789656683722836,-0.605688846865111,0.160992984629332,0.432943650026226
source/12kHz_DE_data/B/0014/B014_1.mat,source,train,B,3,2,1.404,2.081,19.9940666666667,1772,-0.305498564208854,0.765446597054501,-1.03190893441981,0.290078969337756,-0.713233956223556,-1.2004908786797,0.608622660150768,0.975105604567336
source/12kHz_DE_data/B/0014/B014_1.mat,source,train,B,3,3,2.081,2.758,19.9940666666667,1772,-0.164769217449507,0.968131594077916,-0.304596847238998,0.291338434942896,-0.904482406685645,-1.20981210372653,0.124972111602687,-0.108459717661851
source/12kHz_DE_data/B/0014/B014_1.mat,source,train,B,3,4,2.758,3.435,19.9940666666667,1772,0.329036405373516,1.02010787565828,-0.260206189416816,-0.137235377594649,-0.955993011379242,-0.342846543071562,0.0828330802241686,0.513659504288899
source/12kHz_DE_data/B/0014/B014_1.mat,source,train,B,3,5,3.435,4.112,19.9940666666667,1772,0.129489850688696,1.09192782756298,-0.413068531837556,0.601785933762205,-0.823422191710231,-1.25555712248224,0.254229270193625,0.427028914264203
source/12kHz_DE_data/B/0014/B014_1.mat,source,train,B,3,6,4.112,4.789,19.9940666666667,1772,-0.17000615631225,0.891250738873477,-0.586855498495512,-0.184519018970758,-0.702579232931279,-0.318195318836096,0.573071300837125,0.485563217763263
source/12kHz_DE_data/B/0014/B014_1.mat,source,train,B,3,7,4.789,5.466,19.9940666666667,1772,0.0421979721656359,1.14817388763558,-0.253085660632264,0.764648826614191,-0.703499065157951,-1.20077748059058,1.50757209290624,0.232630508173358
source/12kHz_DE_data/B/0014/B014_1.mat,source,train,B,3,8,5.466,6.143,19.9940666666667,1772,-0.141273946542549,0.817015054578448,-0.547091149005466,0.0960541278200179,-0.843045279212553,-0.311024174421757,0.22130705220905,0.362607964116029
source/12kHz_DE_data/B/0014/B014_1.mat,source,train,B,3,9,6.143,6.82,19.9940666666667,1772,0.277340527035224,1.02162444614832,-0.392076402822926,-0.375749473301829,-0.859257322207636,-0.691034101485808,0.350763303386584,0.595580214143947
source/12kHz_DE_data/B/0014/B014_1.mat,source,train,B,3,10,6.82,7.497,19.9940666666667,1772,0.15575370843412,1.05111505544114,-0.374311032271136,-0.0994279979013529,-0.858337489980965,-1.15293770340005,0.492862129112031,0.230980184251771
source/12kHz_DE_data/B/0014/B014_2.mat,source,train,B,3,0,0.05,0.736,19.9969,1749,0.196215465801459,0.782598652270629,-0.63045949307007,3.00849504784339,-0.657890717252162,-1.18535496024922,2.50502904504111,0.922852352773166
source/12kHz_DE_data/B/0014/B014_2.mat,source,train,B,3,1,0.736,1.422,19.9969,1749,0.385038940811643,0.86392004851866,-0.622899362151105,1.15779089026098,-0.56391452476057,-0.177742100887466,1.7969472602279,0.737768942987971
source/12kHz_DE_data/B/0014/B014_2.mat,source,train,B,3,2,1.422,2.108,19.9969,1749,1.30701010393443,1.01212316403552,-0.21583693052488,0.166999248413644,-0.640605536659296,-0.494350171478502,1.1768518569029,1.22673233244495
source/12kHz_DE_data/B/0014/B014_2.mat,source,train,B,3,3,2.108,2.794,19.9969,1749,-0.415383603723329,0.718436652245215,-1.27458673147045,0.199196602792254,-0.689624929072324,-0.301675187395483,0.836014732368455,1.65239632178967
source/12kHz_DE_data/B/0014/B014_2.mat,source,train,B,3,4,2.794,3.48,19.9969,1749,0.224269365120753,0.716766216351446,-0.845814598060607,0.713163469266211,-0.664942764323309,-0.346943206552562,1.3881432207548,1.17406406925248
source/12kHz_DE_data/B/0014/B014_2.mat,source,train,B,3,5,3.48,4.166,19.9969,1749,0.402151541463195,1.17926873176643,0.011337906077162,1.38518232553284,-0.929049592406327,-1.03144222055309,0.81626811970844,-0.347198319434127
source/12kHz_DE_data/B/0014/B014_2.mat,source,train,B,3,6,4.166,4.852,19.9969,1749,0.811803212822211,1.15421067032973,0.0635098621086376,0.105703243978839,-0.978682206303803,-0.934678296726397,0.0543298273873738,0.402076669218187
source/12kHz_DE_data/B/0014/B014_2.mat,source,train,B,3,7,4.852,5.538,19.9969,1749,0.189298869661712,0.687081457754244,-0.887997207925962,1.22406682532536,-0.727682987450852,-0.0935961927397192,0.807476197222052,1.41106926626555
source/12kHz_DE_data/B/0014/B014_2.mat,source,train,B,3,8,5.538,6.224,19.9969,1749,0.727268882351049,0.923666218030143,-0.443613559511117,1.58760327370225,-0.780573340484456,-0.592891941532477,0.640182252293589,0.838900065873447
source/12kHz_DE_data/B/0014/B014_2.mat,source,train,B,3,9,6.224,6.91,19.9969,1749,0.161154125169256,0.750171398468973,-0.85493401958202,1.19846288319621,-0.546092775368812,-0.66193399400287,2.03438776962971,1.23239412147549
source/12kHz_DE_data/B/0014/B014_2.mat,source,train,B,3,10,6.91,7.596,19.9969,1749,0.11590355649969,0.67302914618965,-1.08140269801291,-0.340071193098173,-0.876350871086612,-0.347736805205933,0.010209343333782,1.46955246781545
source/12kHz_DE_data/B/0014/B014_3.mat,source,train,B,3,0,0.05,0.746,19.9984,1724,0.263040241015761,0.869854678368427,-0.159457056863356,1.15658921461098,-0.841282267444767,-0.421618382062749,1.08850312461184,0.330286735837861
source/12kHz_DE_data/B/0014/B014_3.mat,source,train,B,3,1,0.746,1.442,19.9984,1724,1.47492912550964,1.05938244885793,0.263888625145399,0.895167748975354,-0.42716613372876,-0.551004044370203,3.05166557154485,0.265537599254923
source/12kHz_DE_data/B/0014/B014_3.mat,source,train,B,3,2,1.442,2.138,19.9984,1724,0.304067998322463,1.06404954516595,-0.0713985019366161,0.164970466160946,-0.939091094214156,-0.739554814284269,0.155498317491016,0.282104320336073
source/12kHz_DE_data/B/0014/B014_3.mat,source,train,B,3,3,2.138,2.834,19.9984,1724,-0.119803195133658,0.715600003921635,-0.941413916108609,2.01777879343177,-0.55805059431554,-0.581809893195906,1.53027782647218,1.0147993216524
source/12kHz_DE_data/B/0014/B014_3.mat,source,train,B,3,4,2.834,3.53,19.9984,1724,0.558649994801848,0.94845277253738,-0.722887787214652,1.15454013838136,-0.629107633825904,-0.505823672306788,2.12060191838243,1.28115949981805
source/12kHz_DE_data/B/0014/B014_3.mat,source,train,B,3,5,3.53,4.226,19.9984,1724,-0.077194745768879,0.779284027060365,-0.942738687099351,2.2542990708541,-0.59285091355794,-1.15619654817203,1.46186959417224,0.917243428985867
source/12kHz_DE_data/B/0014/B014_3.mat,source,train,B,3,6,4.226,4.922,19.9984,1724,0.336332319646064,0.983895357082311,-0.442650328739727,1.54016502933898,-0.760298705154908,-0.159315746620826,0.657146971245878,0.538542754211427
source/12kHz_DE_data/B/0014/B014_3.mat,source,train,B,3,7,4.922,5.618,19.9984,1724,0.091259976916178,1.02548292581046,-0.733413316967733,1.57218565271523,-0.782336352252243,-0.609136960958187,1.21576853257782,0.900991424454589
source/12kHz_DE_data/B/0014/B014_3.mat,source,train,B,3,8,5.618,6.314,19.9984,1724,0.594244198382253,1.08422162671259,-0.187820353702678,-0.081281274120805,-0.878650451653291,0.0617217130366917,0.660052489088266,0.462328298387873
source/12kHz_DE_data/B/0014/B014_3.mat,source,train,B,3,9,6.314,7.01,19.9984,1724,1.00860229238753,1.10116537308355,-0.142018458809322,-0.784575028557385,-1.0301928109974,-0.619504316130443,-0.480073143211219,0.674023964255596
source/12kHz_DE_data/B/0014/B014_3.mat,source,train,B,3,10,7.01,7.706,19.9984,1724,0.581084157286151,0.965333375507061,-0.493445885961618,-0.763446518751082,-0.978298942876023,-0.32951810722193,-0.458079467992104,0.85666570188009
source/12kHz_DE_data/B/0021/B021_0.mat,source,train,B,3,0,0.05,0.718,19.9954666666667,1796,1.38417874785174,1.43300534977368,1.0855783836676,0.0787623718113628,-1.06020233739255,-1.03486120372582,-0.826317515354675,-0.286186389881012
source/12kHz_DE_data/B/0021/B021_0.mat,source,train,B,3,1,0.718,1.386,19.9954666666667,1796,0.970234668167249,1.40471355306423,1.28516436831909,-0.226508142459947,-1.04728635987638,-1.18791133834424,-0.541440025951494,-0.781729375587492
source/12kHz_DE_data/B/0021/B021_0.mat,source,train,B,3,2,1.386,2.054,19.9954666666667,1796,1.21917190969072,1.39434697975022,1.00512464828755,-0.0893559935926796,-1.04720970719082,-1.07158912770135,-0.727269108903852,-0.596051466751782
source/12kHz_DE_data/B/0021/B021_0.mat,source,train,B,3,3,2.054,2.722,19.9954666666667,1796,1.08725146914499,1.35119419880279,0.598256980499739,-0.152878866354854,-0.918739806199051,-1.05305799334071,0.0593084425436647,-0.22640091875924
source/12kHz_DE_data/B/0021/B021_0.mat,source,train,B,3,4,2.722,3.39,19.9954666666667,1796,1.2571702697741,1.27788367347522,0.939475840013323,0.184385129200314,-0.603735594906885,-1.34068689298679,1.12933092078016,-0.171749127117314
source/12kHz_DE_data/B/0021/B021_0.mat,source,train,B,3,5,3.39,4.058,19.9954666666667,1796,0.878281700821209,1.28695560377507,0.808449387455222,-0.0782584363619033,-1.00045156900169,-0.191424649632322,-0.399799463756114,-0.583157115872901
source/12kHz_DE_data/B/0021/B021_0.mat,source,train,B,3,6,4.058,4.726,19.9954666666667,1796,0.762178668729859,1.24348173178547,0.55315860080961,0.0856944199106289,-0.550040388674943,0.252685501101533,1.68995271418747,-0.445518409026928
source/12kHz_DE_data/B/0021/B021_0.mat,source,train,B,3,7,4.726,5.394,19.9954666666667,1796,1.26916235945997,1.31186818718317,1.00311933245423,0.137753431146203,-1.04234226165802,-1.24166014406595,-0.711266769745913,-0.317625898123202
source/12kHz_DE_data/B/0021/B021_0.mat,source,train,B,3,8,5.394,6.062,19.9954666666667,1796,0.176786142008892,1.12748636594673,0.330754953780913,-0.399384783917583,-0.552646579983846,-0.883682411554929,0.820573264820677,-0.608391601159418
source/12kHz_DE_data/B/0021/B021_0.mat,source,train,B,3,9,6.062,6.73,19.9954666666667,1796,0.924059568051933,1.3568204195823,1.60133764629523,-0.34448156552862,-1.01317591480398,-1.32804560542783,-0.533295986034237,-1.045506609572
source/12kHz_DE_data/B/0021/B021_0.mat,source,train,B,3,10,6.73,7.398,19.9954666666667,1796,0.671319682620964,1.29265388640506,0.751803512039546,-0.156638923691233,-0.931885741771897,-1.28908164861375,-0.275600164404875,-0.609720628654135
source/12kHz_DE_data/B/0021/B021_1.mat,source,validation,B,3,0,0.05,0.7265,20.00185,1774,0.953551421566428,1.15441487374437,1.08426136236095,-0.430393892954634,-1.05295865860752,-0.147253773133734,-0.603820237180112,-0.589775675784032
source/12kHz_DE_data/B/0021/B021_1.mat,source,validation,B,3,1,0.7265,1.403,20.00185,1774,1.16772748660719,1.29701368205679,1.23234244303175,0.0724987825680055,-1.09615244691829,-0.292963838777935,-0.964485967259903,-0.509347224750588
source/12kHz_DE_data/B/0021/B021_1.mat,source,validation,B,3,2,1.403,2.0795,20.00185,1774,0.803107643959557,1.19906220893106,1.06035693215403,-0.0834745984608367,-1.10400934718778,-1.25040626389719,-1.00011142122203,-0.774338064347955
source/12kHz_DE_data/B/0021/B021_1.mat,source,validation,B,3,3,2.0795,2.756,20.00185,1774,1.10349644857132,1.38456993282502,1.02847608641399,0.679276782785932,-0.699168188424039,-1.33227429537135,1.31855689546789,-0.387837853108177
source/12kHz_DE_data/B/0021/B021_1.mat,source,validation,B,3,4,2.756,3.4325,20.00185,1774,1.03983495667773,1.42952484013787,1.4046610711817,0.0570361202330901,-1.09741721622997,-1.41407289801257,-0.939551159805552,-0.725970234488787
source/12kHz_DE_data/B/0021/B021_1.mat,source,validation,B,3,5,3.4325,4.109,20.00185,1774,0.981089400821104,1.14532846964818,1.37978916781786,-0.416748327373215,-1.0949260039494,-1.04634995850738,-0.985262370577092,-1.01708194326784
source/12kHz_DE_data/B/0021/B021_1.mat,source,validation,B,3,6,4.109,4.7855,20.00185,1774,1.20870956702052,1.22392573956843,1.04003120974048,-0.415158662333895,-1.08020868832266,-1.10481973811883,-0.874390667029513,-0.690225394988145
source/12kHz_DE_data/B/0021/B021_1.mat,source,validation,B,3,7,4.7855,5.462,20.00185,1774,-0.0502696590341403,0.827670306604342,-0.967413035812659,-0.0510532013041971,-0.619181111046408,-1.0966038969642,1.43752977947196,0.780000296423363
source/12kHz_DE_data/B/0021/B021_1.mat,source,validation,B,3,8,5.462,6.1385,20.00185,1774,0.608596761776932,1.30879153879863,0.532629481084571,-0.285064701398637,-0.913642402609581,-1.34007986354287,0.282425717944572,-0.554845884468388
source/12kHz_DE_data/B/0021/B021_1.mat,source,validation,B,3,9,6.1385,6.815,20.00185,1774,0.87323347016386,1.32483252530636,0.570944410780262,-0.0548606471486444,-0.656319337198265,-0.855021351137861,1.41176999194532,-0.545695088969005
source/12kHz_DE_data/B/0021/B021_1.mat,source,validation,B,3,10,6.815,7.4915,20.00185,1774,0.664442522714217,1.17935052323143,1.27240035591902,-0.357482160287356,-0.726763155224181,-1.1618796636062,1.13700846310778,-1.03760070074186
source/12kHz_DE_data/B/0021/B021_2.mat,source,validation,B,3,0,0.05,0.734,19.9956,1754,0.904125953083055,1.09660070856509,1.11064842157848,-0.255474475220091,-1.11132967865837,-0.831189754872568,-1.04199650681588,-0.816305334955022
source/12kHz_DE_data/B/0021/B021_2.mat,source,validation,B,3,1,0.734,1.418,19.9956,1754,0.889003567706388,1.25732604871881,1.45913189802502,-0.00966815222646996,-1.09500265663495,-1.10783769052054,-0.953986227977589,-1.17458506584995
source/12kHz_DE_data/B/0021/B021_2.mat,source,validation,B,3,2,1.418,2.102,19.9956,1754,1.22222559344862,1.29663539097627,1.03021782352249,0.0223355097430846,-1.11274775334115,-0.910353900568572,-1.02975830797161,-0.639563812615197
source/12kHz_DE_data/B/0021/B021_2.mat,source,validation,B,3,3,2.102,2.786,19.9956,1754,1.48048204595173,1.41540460544357,1.51383592845528,0.167725263417009,-1.11178959477171,-0.834583415025066,-1.07580423258261,-0.855782892715195
source/12kHz_DE_data/B/0021/B021_2.mat,source,validation,B,3,4,2.786,3.47,19.9956,1754,1.4633759436876,1.4172138304594,1.33640031097019,0.113389216401131,-1.08223998448989,-0.827031887388729,-0.717632258244595,-0.674984293890436
source/12kHz_DE_data/B/0021/B021_2.mat,source,validation,B,3,5,3.47,4.154,19.9956,1754,1.61079603234721,1.37496545566871,1.28621862616001,-0.161962543149123,-1.11132967865837,-0.973305406484657,-1.09215348489655,-0.33203301911634
source/12kHz_DE_data/B/0021/B021_2.mat,source,validation,B,3,6,4.154,4.838,19.9956,1754,1.17638281037304,1.26617510921486,1.29594862701436,-0.271224761413132,-1.09002023207382,-1.09404709237619,-0.838043630252915,-0.85788930722085
source/12kHz_DE_data/B/0021/B021_2.mat,source,validation,B,3,7,4.838,5.522,19.9956,1754,1.14532781485489,1.33565756114072,1.60538015737494,-0.417774002916738,-1.10634725409723,-1.24467950565953,-1.01551398252901,-1.03866064362389
source/12kHz_DE_data/B/0021/B021_2.mat,source,validation,B,3,8,5.522,6.206,19.9956,1754,0.93604103222788,1.29244981928913,1.42402353213738,-0.595112530974574,-1.10052164999498,-0.723729771839851,-0.91852391739155,-1.0926549908586
source/12kHz_DE_data/B/0021/B021_2.mat,source,validation,B,3,9,6.206,6.89,19.9956,1754,1.27104034677205,1.43574393982451,1.48402960128357,-0.0723391701302182,-1.08944533693215,-0.976234109534875,-0.811738161993088,-0.835925919800992
source/12kHz_DE_data/B/0021/B021_2.mat,source,validation,B,3,10,6.89,7.574,19.9956,1754,1.08034241447839,1.26455909026707,1.35867525348824,0.236586900957679,-1.02310243758347,-0.969971784638943,-0.258967203587539,-0.672963597096543
source/12kHz_DE_data/B/0021/B021_3.mat,source,train,B,3,0,0.05,0.744,19.9987666666667,1729,1.93349479717897,1.4250607120688,2.01954433087466,-0.0842257358290085,-1.09427445612217,-0.853094705783542,-1.06384784882039,-0.78349723794889
source/12kHz_DE_data/B/0021/B021_3.mat,source,train,B,3,1,0.744,1.438,19.9987666666667,1729,1.61921421513763,1.28647385483398,2.14595129526921,-0.143997549483,-1.06300016041534,-1.00498728383555,-0.867369629575431,-1.08774498392927
source/12kHz_DE_data/B/0021/B021_3.mat,source,train,B,3,2,1.438,2.132,19.9987666666667,1729,2.04058558711982,1.54043537741026,2.52239746377889,-0.0416510664273098,-1.10485252672889,-0.902280522002464,-1.14556018648878,-1.01118407198754
source/12kHz_DE_data/B/0021/B021_3.mat,source,train,B,3,3,2.132,2.826,19.9987666666667,1729,2.0369504349463,1.58835049163508,2.25965385984064,0.244564638073858,-1.08231663717544,-0.94043077931122,-0.986457039195416,-0.660763680352817
source/12kHz_DE_data/B/0021/B021_3.mat,source,train,B,3,4,2.826,3.52,19.9987666666667,1729,2.20672017300614,1.39023568246678,2.25596674928667,0.128417025817651,-1.09262642338272,-0.775791945092774,-1.06966589457542,-0.912032073038908
source/12kHz_DE_data/B/0021/B021_3.mat,source,train,B,3,5,3.52,4.214,19.9987666666667,1729,2.39898621884378,1.44450662192424,2.01219258873488,0.241915844904381,-1.0959608152044,-0.889472089667298,-1.02337600685248,-0.340693436044489
source/12kHz_DE_data/B/0021/B021_3.mat,source,train,B,3,6,4.214,4.908,19.9987666666667,1729,1.78853385369405,1.55301999059932,2.48378377701095,-0.0750299569937176,-1.09350792926661,-0.835118355391221,-1.0717986890627,-1.01019651082382
source/12kHz_DE_data/B/0021/B021_3.mat,source,train,B,3,7,4.908,5.602,19.9987666666667,1729,1.75497780155217,1.34898086957939,1.92862135271439,0.207559523603914,-1.10059830268054,-1.075437803444,-1.03686322054913,-0.907482645437444
source/12kHz_DE_data/B/0021/B021_3.mat,source,train,B,3,8,5.602,6.296,19.9987666666667,1729,1.85117734703314,1.52078441925514,2.33278285469481,-0.204474230977942,-1.07775580238487,-1.27694118534464,-0.935916867472615,-1.00473414303432
source/12kHz_DE_data/B/0021/B021_3.mat,source,train,B,3,9,6.296,6.99,19.9987666666667,1729,2.24120669161574,1.54701820484855,2.2788987681108,-0.0542180058984916,-1.08361973282989,-1.42907035825874,-1.07237044821357,-0.8394342508138
source/12kHz_DE_data/B/0021/B021_3.mat,source,train,B,3,10,6.99,7.684,19.9987666666667,1729,1.66464108099733,1.2823431432649,1.81718999108361,0.202134681767402,-1.08653253488102,-0.613083220961312,-1.05105744367926,-0.837318889122254
source/12kHz_DE_data/B/0028/B028_0_(1797rpm).mat,source,train,B,3,0,0.05,0.718,20.0066,1797,-0.053781869955337,0.31273614299675,-1.21113934322464,0.257928354764914,3.35301317828898,-0.418200751148084,-0.429378627360953,1.98397035109897
source/12kHz_DE_data/B/0028/B028_0_(1797rpm).mat,source,train,B,3,1,0.718,1.386,20.0066,1797,0.525420127592127,0.65992680495383,-0.406848290915651,0.23796212057536,2.79847392379561,-0.77878152110131,-0.802528365765891,0.974848163754592
source/12kHz_DE_data/B/0028/B028_0_(1797rpm).mat,source,train,B,3,2,1.386,2.054,20.0066,1797,-0.139892389714373,0.57589746637587,-0.848659386926003,0.272544084454962,3.27620718736192,-0.0328843563355337,-0.578849880752533,1.21595667924849
source/12kHz_DE_data/B/0028/B028_0_(1797rpm).mat,source,train,B,3,3,2.054,2.722,20.0066,1797,0.269446463447529,0.677302959656857,-0.804900730938982,0.222673016627625,2.78618496524728,-1.16388759087796,-0.716636109036641,1.41440475786265
source/12kHz_DE_data/B/0028/B028_0_(1797rpm).mat,source,train,B,3,4,2.722,3.39,20.0066,1797,0.305938145815466,0.749508801165259,-0.726420458196177,0.296560436328628,3.21111411005123,-0.268127708272669,-0.590673005204709,1.21960623746187
source/12kHz_DE_data/B/0028/B028_0_(1797rpm).mat,source,train,B,3,5,3.39,4.058,20.0066,1797,0.612214420151814,0.7988185003945,-0.375926034102266,0.190132741035887,2.96015053469707,-0.97030010366725,-0.735422098190146,0.969537985019302
source/12kHz_DE_data/B/0028/B028_0_(1797rpm).mat,source,train,B,3,6,4.058,4.726,20.0066,1797,-0.0333959477000483,0.379706552126185,-0.965571483791263,0.235321709155147,2.97128740338149,-0.208126879844621,-0.814320597550454,1.77389463047366
source/12kHz_DE_data/B/0028/B028_0_(1797rpm).mat,source,train,B,3,7,4.726,5.394,20.0066,1797,-0.123146829833238,0.345878550541555,-1.04601033269237,0.30472217025026,3.25681367465283,-1.06315744266445,-0.630216380143028,1.33493120351008
source/12kHz_DE_data/B/0028/B028_0_(1797rpm).mat,source,train,B,3,8,5.394,6.062,20.0066,1797,-0.143810377874515,0.593612934902661,-0.977907541671163,0.226573355309347,2.67136000881132,-0.370160611334831,-0.9031209699259,1.31091472917593
source/12kHz_DE_data/B/0028/B028_0_(1797rpm).mat,source,train,B,3,9,6.062,6.73,20.0066,1797,0.28507240707085,0.645665817766769,-0.762716714874478,0.264758149527271,3.36991049629293,-0.875923101150835,-0.602537136654398,1.4862207985924
source/12kHz_DE_data/B/0028/B028_0_(1797rpm).mat,source,train,B,3,10,6.73,7.398,20.0066,1797,0.442470735623335,0.783489911779103,-0.550433023976789,0.222102672845746,2.58418520910911,-0.958321267113515,-1.0363741762363,1.05757944769741
source/12kHz_DE_data/B/0028/B028_1_(1772rpm).mat,source,test,B,3,0,0.05,0.727,19.9940666666667,1772,-0.507637862914416,-0.0368246453835828,-1.64547198179724,0.232002924883983,3.23377187737472,-0.48594448240849,-0.721636503494748,2.52679188849766
source/12kHz_DE_data/B/0028/B028_1_(1772rpm).mat,source,test,B,3,1,0.727,1.404,19.9940666666667,1772,0.985363584721994,0.828802638921563,-0.271439272768277,0.240894741510301,2.80020205859146,-0.734632134641786,-0.773505547701562,1.02980543807547
source/12kHz_DE_data/B/0028/B028_1_(1772rpm).mat,source,test,B,3,2,1.404,2.081,19.9940666666667,1772,0.156431113209476,0.539751333800544,-0.990043146190953,0.207497949112845,3.00104972486572,-0.395906596155568,-0.637595272345984,1.58139443581919
source/12kHz_DE_data/B/0028/B028_1_(1772rpm).mat,source,test,B,3,3,2.081,2.758,19.9940666666667,1772,0.217195989424308,0.500118302129987,-0.909382865921208,0.174946729252416,3.32958735105622,-0.257362910070385,-0.397206018847668,1.38800660535296
source/12kHz_DE_data/B/0028/B028_1_(1772rpm).mat,source,test,B,3,4,2.758,3.435,19.9940666666667,1772,0.522261927246976,0.814240673153361,-0.594582661453904,0.202435672429624,2.81191497220784,-0.432877214691861,-0.787615056562332,1.02690890314232
source/12kHz_DE_data/B/0028/B028_1_(1772rpm).mat,source,test,B,3,5,3.435,4.112,19.9940666666667,1772,-0.296373334721929,0.138445268319476,-1.32033340430032,0.354348327759749,3.34053220476333,0.128229891251009,-0.569368384393512,2.03772715285005
source/12kHz_DE_data/B/0028/B028_1_(1772rpm).mat,source,test,B,3,6,4.112,4.789,19.9940666666667,1772,0.194382006337038,0.2421319766205,-1.02221113718059,0.200787635991875,2.62201215964069,-0.923101855602367,-0.93703718740762,1.58422800364713
source/12kHz_DE_data/B/0028/B028_1_(1772rpm).mat,source,test,B,3,7,4.789,5.466,19.9940666666667,1772,0.0961495422769798,0.342292289151117,-0.959264427389413,0.19895759926647,2.49355413981518,-0.0336831337457062,-1.00095365332205,1.52371704785945
source/12kHz_DE_data/B/0028/B028_1_(1772rpm).mat,source,test,B,3,8,5.466,6.143,19.9940666666667,1772,0.301391565869509,0.608934382557502,-0.90707584815904,0.132224157785497,2.11758881422722,-0.948491100179207,-1.10726036096429,1.55869428196999
source/12kHz_DE_data/B/0028/B028_1_(1772rpm).mat,source,test,B,3,9,6.143,6.82,19.9940666666667,1772,0.723907193382664,0.704224679246586,-0.383362116914859,0.248805430380483,3.07593556601961,-0.728029801993789,-0.715163233618573,0.994072170698101
source/12kHz_DE_data/B/0028/B028_1_(1772rpm).mat,source,test,B,3,10,6.82,7.497,19.9940666666667,1772,0.510650650276198,0.693281871611634,-0.606238370166201,0.155414510588223,2.13717434191362,-0.355971335474111,-1.07990927243704,1.24279659029123
source/12kHz_DE_data/B/0028/B028_2_(1750rpm).mat,source,train,B,3,0,0.05,0.7355,19.99375,1750,-0.479388763904207,0.047412485442623,-1.43450829413277,0.139362891799098,2.97339956813198,0.0251544768665045,-0.79979089507665,1.967580163882
source/12kHz_DE_data/B/0028/B028_2_(1750rpm).mat,source,train,B,3,1,0.7355,1.421,19.99375,1750,-0.337319504495566,0.12426415671959,-1.28753897401237,0.128810199032081,2.65926306524031,-1.04835306864119,-1.01852764847757,1.87109921789894
source/12kHz_DE_data/B/0028/B028_2_(1750rpm).mat,source,train,B,3,2,1.421,2.1065,19.99375,1750,0.547145219317484,0.317976732989599,-0.978461773184326,0.102091973485278,2.37872918337923,-0.663983685546748,-1.03282121823014,1.89016527906951
source/12kHz_DE_data/B/0028/B028_2_(1750rpm).mat,source,train,B,3,3,2.1065,2.792,19.99375,1750,-0.700869692520393,-0.1137794816461,-1.56176893261001,0.222655304092063,2.94190911185189,-0.196343504855623,-0.863053992090213,2.03508216742017
source/12kHz_DE_data/B/0028/B028_2_(1750rpm).mat,source,train,B,3,4,2.792,3.4775,19.99375,1750,0.055689703940995,0.414032892948426,-0.983637217730601,0.172601244801768,3.11107430686874,-0.211595720018265,-0.863730423887724,1.41168946344964
source/12kHz_DE_data/B/0028/B028_2_(1750rpm).mat,source,train,B,3,5,3.4775,4.163,19.99375,1750,0.497804815752908,0.461502898998445,-0.915768358436967,0.143856762998691,2.81191497220784,-0.77330745504215,-0.949737782864643,1.80097213438395
source/12kHz_DE_data/B/0028/B028_2_(1750rpm).mat,source,train,B,3,6,4.163,4.8485,19.99375,1750,-0.920973432032184,-0.0692611201546816,-1.59110180865486,0.279025223596601,2.9703273284949,-0.143414341859694,-0.932725875585729,2.02719000248528
source/12kHz_DE_data/B/0028/B028_2_(1750rpm).mat,source,train,B,3,7,4.8485,5.534,19.99375,1750,0.335620814741851,0.211939985202739,-1.04182859243554,0.132103917808518,2.50987541288718,-0.903965303798427,-1.0805814481232,1.95387483542448
source/12kHz_DE_data/B/0028/B028_2_(1750rpm).mat,source,train,B,3,8,5.534,6.2195,19.99375,1750,0.453565773449763,0.239381904149963,-1.07868191673021,0.151275914242089,3.38200743986394,-0.141085617944359,-0.62502314428302,2.24764549405884
source/12kHz_DE_data/B/0028/B028_2_(1750rpm).mat,source,train,B,3,9,6.2195,6.905,19.99375,1750,-0.719096516878784,0.0934737183385368,-1.55460369946643,0.118141464885282,3.16925484499599,-0.856446732576722,-0.793728896803785,2.19268792367909
source/12kHz_DE_data/B/0028/B028_2_(1750rpm).mat,source,train,B,3,10,6.905,7.5905,19.99375,1750,0.048279868376975,0.315643697601178,-1.06092500117085,0.253726531982404,3.50412896543796,-0.770632364104388,-0.665068004489466,1.65582779357931
source/12kHz_DE_data/B/0028/B028_3_(1730rpm).mat,source,train,B,3,0,0.05,0.7435,19.9959166666667,1730,0.422719871709016,0.535028053781578,-0.894187470048924,0.238106120322808,3.28830413093293,-0.385811050957525,-0.764914073802494,1.97333151855337
source/12kHz_DE_data/B/0028/B028_3_(1730rpm).mat,source,train,B,3,1,0.7435,1.437,19.9959166666667,1730,0.115586838374375,0.29568488969639,-1.19464791846133,0.156979882916317,3.2107300800966,-0.184821682846344,-0.655459293001689,1.9351582164028
source/12kHz_DE_data/B/0028/B028_3_(1730rpm).mat,source,train,B,3,2,1.437,2.1305,19.9959166666667,1730,-0.333507313321032,0.189915780930112,-1.16769966713002,0.129645448944014,3.56960607270328,0.385439602465267,-0.506727495900486,1.55061708140976
source/12kHz_DE_data/B/0028/B028_3_(1730rpm).mat,source,train,B,3,3,2.1305,2.824,19.9959166666667,1730,-0.587646393970613,-0.023841257647509,-1.68370862365061,0.173812661520148,2.98300031699787,-0.0856688811058646,-0.812427746095423,2.58685531340515
source/12kHz_DE_data/B/0028/B028_3_(1730rpm).mat,source,train,B,3,4,2.824,3.5175,19.9959166666667,1730,-0.37271787563194,0.168196162838394,-1.35869899598255,0.182030049030151,2.93864485723749,0.108241730488029,-0.963746506698955,1.97980624379251
source/12kHz_DE_data/B/0028/B028_3_(1730rpm).mat,source,train,B,3,5,3.5175,4.211,19.9959166666667,1730,0.201354372121886,0.420980968363362,-0.952655762488013,0.16492951567772,3.09609713863796,-0.207014309690501,-0.849135553669593,1.59549831671831
source/12kHz_DE_data/B/0028/B028_3_(1730rpm).mat,source,train,B,3,6,4.211,4.9045,19.9959166666667,1730,0.0884051015821007,0.567818533649611,-0.945270408027131,0.138681899791211,2.6471661216693,-0.0539402533411963,-0.855081837457669,1.50429347469534
source/12kHz_DE_data/B/0028/B028_3_(1730rpm).mat,source,train,B,3,7,4.9045,5.598,19.9959166666667,1730,-0.922509229715637,0.0468166509935016,-1.58555371159942,0.188083169482172,3.7591248553158,0.0599806362906062,-0.572033498880822,1.94705504279369
source/12kHz_DE_data/B/0028/B028_3_(1730rpm).mat,source,train,B,3,8,5.598,6.2915,19.9959166666667,1730,-0.0352018946464034,0.530869624680802,-1.11005765978492,0.183445083126825,3.25239733017453,-0.311454136141889,-0.821280037159102,1.53572649323475
source/12kHz_DE_data/B/0028/B028_3_(1730rpm).mat,source,train,B,3,9,6.2915,6.985,19.9959166666667,1730,-0.458957633651666,0.170107983669901,-1.58029531105422,0.170484638269859,2.69209762636163,-0.166613544964128,-0.906609768196249,2.21843583945682
source/12kHz_DE_data/B/0028/B028_3_(1730rpm).mat,source,train,B,3,10,6.985,7.6785,19.9959166666667,1730,-0.381891539260141,0.300406159279961,-1.31738779947243,0.11540119882348,3.11222639673264,-0.2179808075103,-0.78367973455231,1.86603443650379
source/12kHz_DE_data/IR/0007/IR007_0.mat,source,train,IR,2,0,0.05,0.718,20.0066,1797,-0.444483472777573,-1.29603505124423,0.960940993863131,0.779890949588109,-0.679698406292829,1.18481035901762,-0.639316214162932,-1.24214911362602
source/12kHz_DE_data/IR/0007/IR007_0.mat,source,train,IR,2,1,0.718,1.386,20.0066,1797,-0.479084858559926,-1.28772927380736,0.981414675791396,0.804548918819221,-0.654173062002698,1.16018006819608,-0.577714672246282,-1.30583453940342
source/12kHz_DE_data/IR/0007/IR007_0.mat,source,train,IR,2,2,1.386,2.054,20.0066,1797,-0.380864546307601,-1.27425844624914,0.927656945631367,0.8193108924887,-0.636696249695942,1.10322810638192,-0.366471584322354,-1.22108385928992
source/12kHz_DE_data/IR/0007/IR007_0.mat,source,train,IR,2,3,2.054,2.722,20.0066,1797,-0.468409255059162,-1.32940216430703,0.880925130853216,1.0400628042983,-0.593464135042388,1.1622927091394,-0.276374182493964,-1.208467298455
source/12kHz_DE_data/IR/0007/IR007_0.mat,source,train,IR,2,4,2.722,3.39,20.0066,1797,-0.376377585150253,-1.27355273737568,0.917386905666565,0.85713775702307,-0.620254248644191,1.11212338061073,-0.336364430614032,-1.18868210337015
source/12kHz_DE_data/IR/0007/IR007_0.mat,source,train,IR,2,5,3.39,4.058,20.0066,1797,-0.389863974999827,-1.22750046914133,0.86922329094898,0.785448569068401,-0.640988800087075,1.09034991460008,-0.491474318009688,-1.21244552908875
source/12kHz_DE_data/IR/0007/IR007_0.mat,source,train,IR,2,6,4.058,4.726,20.0066,1797,-0.44985518791647,-1.2214563028818,0.905032984345072,1.01754697556928,-0.66701238683332,1.14578127257683,-0.553800392578942,-1.21641558912927
source/12kHz_DE_data/IR/0007/IR007_0.mat,source,train,IR,2,7,4.726,5.394,20.0066,1797,-0.378864201661382,-1.25745530007689,0.944755154835615,1.16238095359183,-0.683492714227848,1.11563011028673,-0.560230908424216,-1.24086089306457
source/12kHz_DE_data/IR/0007/IR007_0.mat,source,train,IR,2,8,5.394,6.062,20.0066,1797,-0.333094133548089,-1.24906757424267,0.954621461183397,1.23273851066327,-0.602049235824654,1.08086252134226,-0.230230012122759,-1.23707648612538
source/12kHz_DE_data/IR/0007/IR007_0.mat,source,train,IR,2,9,6.062,6.73,20.0066,1797,-0.451713301659069,-1.2948001889396,0.919352370123513,1.229495184987,-0.627076337658671,1.14955836532286,-0.27963862539859,-1.25679429969816
source/12kHz_DE_data/IR/0007/IR007_0.mat,source,train,IR,2,10,6.73,7.398,20.0066,1797,-0.526956685930313,-1.26079193132128,0.86618210582769,1.18875908455911,-0.623013745324206,1.21660178209483,-0.550947642505872,-1.23979896857153
source/12kHz_DE_data/IR/0007/IR007_1.mat,source,test,IR,2,0,0.05,0.727,19.9940666666667,1772,-0.377796172246622,-1.42159880581012,1.02046863128515,0.897697219671653,-0.67268468556446,1.38053343363073,-0.676469886371991,-1.17757432069028
source/12kHz_DE_data/IR/0007/IR007_1.mat,source,test,IR,2,1,0.727,1.404,19.9940666666667,1772,-0.460930149395993,-1.45662226971224,0.974009009007947,0.833635166623087,-0.629835834338685,1.48034237497194,-0.472036933463226,-1.14554772403462
source/12kHz_DE_data/IR/0007/IR007_1.mat,source,test,IR,2,2,1.404,2.081,19.9940666666667,1772,-0.310201796137472,-1.39275785447776,1.01117993816979,0.573364633620102,-0.678395310638378,1.38836229637216,-0.683120378843029,-1.08850488329778
source/12kHz_DE_data/IR/0007/IR007_1.mat,source,test,IR,2,3,2.081,2.758,19.9940666666667,1772,-0.33818456688917,-1.46280603319076,0.989094805783901,0.852040466770598,-0.627076337658671,1.42726599628807,-0.4477965843163,-1.06679142033967
source/12kHz_DE_data/IR/0007/IR007_1.mat,source,test,IR,2,4,2.758,3.435,19.9940666666667,1772,-0.341755788624203,-1.35978725435023,1.02804337897856,0.885567565126519,-0.646852730532105,1.3769162092753,-0.539771064498493,-1.13728859785778
source/12kHz_DE_data/IR/0007/IR007_1.mat,source,test,IR,2,5,3.435,4.112,19.9940666666667,1772,-0.318595216840787,-1.36891163701244,1.04679860989901,0.718481897903083,-0.618184626134181,1.36237572060584,-0.448425232232851,-1.1425142530496
source/12kHz_DE_data/IR/0007/IR007_1.mat,source,test,IR,2,6,4.112,4.789,19.9940666666667,1772,-0.352721512373909,-1.37922722671604,0.975636591232347,0.608577439081724,-0.630640687537022,1.27138605404922,-0.556457643223616,-1.09618806903054
source/12kHz_DE_data/IR/0007/IR007_1.mat,source,test,IR,2,7,4.789,5.466,19.9940666666667,1772,-0.412562173265585,-1.36041422472223,0.971794901377516,0.699373257524074,-0.629337591882571,1.33691308055214,-0.560259138050009,-1.15868424325475
source/12kHz_DE_data/IR/0007/IR007_1.mat,source,test,IR,2,8,5.466,6.143,19.9940666666667,1772,-0.453530177039197,-1.45320460581059,1.00233741444076,0.845005798002544,-0.65432636737381,1.44124997549812,-0.562706536781331,-1.2371256449586
source/12kHz_DE_data/IR/0007/IR007_1.mat,source,test,IR,2,9,6.143,6.82,19.9940666666667,1772,-0.426965720203139,-1.45607133441954,1.02092699366538,0.679135896568031,-0.67153489528112,1.45869504753047,-0.631892239747364,-1.19998598997335
source/12kHz_DE_data/IR/0007/IR007_1.mat,source,test,IR,2,10,6.82,7.497,19.9940666666667,1772,-0.411163340951528,-1.41446249795116,0.991152560793832,0.670455874802087,-0.639685704432624,1.4078119461363,-0.581420126256361,-1.15692011308062
source/12kHz_DE_data/IR/0007/IR007_2.mat,source,train,IR,2,0,0.05,0.7365,20.0000333333333,1748,-0.230217722286879,-1.23406281420277,0.783860581908121,0.487053634088478,-0.612359022031929,1.14377179156947,-0.559423680850723,-0.698611353321672
source/12kHz_DE_data/IR/0007/IR007_2.mat,source,train,IR,2,1,0.7365,1.423,20.0000333333333,1748,-0.206460260454238,-1.29587212161039,0.879666603815381,0.534459386808586,-0.621059101842529,1.23712127603467,-0.403653727133228,-0.742679580662071
source/12kHz_DE_data/IR/0007/IR007_2.mat,source,train,IR,2,2,1.423,2.1095,20.0000333333333,1748,-0.293992189398382,-1.3542954391976,0.846273019801114,0.539226021644595,-0.619372742760298,1.26588363480473,-0.464063830166263,-0.703914776939402
source/12kHz_DE_data/IR/0007/IR007_2.mat,source,train,IR,2,3,2.1095,2.796,20.0000333333333,1748,-0.257267180370986,-1.32022519217652,0.777543973651723,0.406607941295855,-0.634971564270933,1.1270755302157,-0.60438281249965,-0.607495585160669
source/12kHz_DE_data/IR/0007/IR007_2.mat,source,train,IR,2,4,2.796,3.4825,20.0000333333333,1748,-0.251384926878999,-1.28171261326763,0.771404090111497,0.406557049706483,-0.614083707456938,1.13199631154543,-0.559783152650152,-0.618050136580024
source/12kHz_DE_data/IR/0007/IR007_2.mat,source,train,IR,2,5,3.4825,4.169,20.0000333333333,1748,-0.276474840387534,-1.32634359827744,0.79295839911682,0.469656738174515,-0.654288041031032,1.11313570259579,-0.62844109226311,-0.616157804670654
source/12kHz_DE_data/IR/0007/IR007_2.mat,source,train,IR,2,6,4.169,4.8555,20.0000333333333,1748,-0.325118991261268,-1.31288519060062,0.754545849335321,0.570981719196604,-0.654594651773256,1.11416865420088,-0.701560521071998,-0.645110858574652
source/12kHz_DE_data/IR/0007/IR007_2.mat,source,train,IR,2,7,4.8555,5.542,20.0000333333333,1748,-0.249650015780427,-1.28342116717533,0.823832982654189,0.452935705822311,-0.649190637441562,1.13671007048933,-0.626895395517115,-0.686622374062561
source/12kHz_DE_data/IR/0007/IR007_2.mat,source,train,IR,2,8,5.542,6.2285,20.0000333333333,1748,-0.342145292974351,-1.29831613057974,0.749418170439762,0.500467119579781,-0.641065452772631,1.09877681787385,-0.597074383416301,-0.662585557563493
source/12kHz_DE_data/IR/0007/IR007_2.mat,source,train,IR,2,9,6.2285,6.915,20.0000333333333,1748,-0.306239841587975,-1.28797335786039,0.750423438862862,0.459200527164888,-0.637654408265392,1.09978649832358,-0.656183693537701,-0.641545957151385
source/12kHz_DE_data/IR/0007/IR007_2.mat,source,train,IR,2,10,6.915,7.6015,20.0000333333333,1748,-0.291624324278873,-1.30272230003416,0.760520183586221,0.57411581206588,-0.645358003163764,1.09673100745014,-0.62717474734887,-0.598642084060892
source/12kHz_DE_data/IR/0007/IR007_3.mat,source,train,IR,2,0,0.05,0.7475,20.006625,1721,0.765287240810159,-0.653274700917515,2.26165419532686,-0.128122825956022,-0.657124190396602,0.87345521515988,-0.788345514505453,-1.20228573925643
source/12kHz_DE_data/IR/0007/IR007_3.mat,source,train,IR,2,1,0.7475,1.445,20.006625,1721,0.819338997574431,-0.695448820146068,2.29761247112474,-0.229196470808896,-0.65773741188105,0.840994227814708,-0.776875303783566,-1.10986199723929
source/12kHz_DE_data/IR/0007/IR007_3.mat,source,train,IR,2,2,1.445,2.1425,20.006625,1721,0.940246537078755,-0.631532214291959,2.31901755563912,-0.111597823306568,-0.634358342786486,0.731700340837725,-0.694660545152839,-1.13482842079795
source/12kHz_DE_data/IR/0007/IR007_3.mat,source,train,IR,2,3,2.1425,2.84,20.006625,1721,0.749743990243512,-0.636952943447106,2.19711891110544,-0.182281990034685,-0.614122033799716,0.8428313643137,-0.724893175854523,-1.14347018657697
source/12kHz_DE_data/IR/0007/IR007_3.mat,source,train,IR,2,4,2.84,3.5375,20.006625,1721,0.772101326623615,-0.758696186140867,2.34644398798982,-0.11528367150683,-0.648040847158223,0.912518470242077,-0.753335426341298,-1.2383367415675
source/12kHz_DE_data/IR/0007/IR007_3.mat,source,train,IR,2,5,3.5375,4.235,20.006625,1721,0.910621803434911,-0.624779999413054,2.18613615382526,-0.277092107569102,-0.616843204136952,0.733148668284992,-0.667950986231563,-1.07554396899416
source/12kHz_DE_data/IR/0007/IR007_3.mat,source,train,IR,2,6,4.235,4.9325,20.006625,1721,0.914854605280079,-0.634422828183601,2.23758359116449,-0.288794666396114,-0.614696928941385,0.756380734169475,-0.679002404176293,-1.06463417663821
source/12kHz_DE_data/IR/0007/IR007_3.mat,source,train,IR,2,7,4.9325,5.63,20.006625,1721,0.895877318549492,-0.55631947456172,2.0949966794667,-0.255825916692373,-0.619449395445854,0.737793545343604,-0.689506230871126,-1.0341024625057
source/12kHz_DE_data/IR/0007/IR007_3.mat,source,train,IR,2,8,5.63,6.3275,20.006625,1721,0.822600591405749,-0.639317453192644,2.24761012520583,-0.0647488127530498,-0.636964534095388,0.826287481825134,-0.693517123050494,-1.1449708868937
source/12kHz_DE_data/IR/0007/IR007_3.mat,source,train,IR,2,9,6.3275,7.025,20.006625,1721,0.908893556846209,-0.588675214709386,2.28104594650167,-0.121317847246733,-0.662949794498854,0.743234219460069,-0.797120740554326,-1.10955881045379
source/12kHz_DE_data/IR/0007/IR007_3.mat,source,train,IR,2,10,7.025,7.7225,20.006625,1721,0.858123391329635,-0.541758366734036,2.10910871124973,-0.349049593550805,-0.592620955501272,0.721060566125762,-0.733144968948753,-1.08634159746884
source/12kHz_DE_data/IR/0014/IR014_0.mat,source,validation,IR,2,0,0.05,0.718,19.9954666666667,1796,-0.627870158510982,-0.19796709807041,-0.539143973766629,-0.520663012346088,-0.369829924932911,0.188913199433164,1.7950802007812,0.054506600871443
source/12kHz_DE_data/IR/0014/IR014_0.mat,source,validation,IR,2,1,0.718,1.386,19.9954666666667,1796,-0.498623427947482,-0.0999256424003862,-0.550601559957872,-1.40118617388894,-0.537737632643214,0.042409621460903,0.951534412607707,0.170616462137806
source/12kHz_DE_data/IR/0014/IR014_0.mat,source,validation,IR,2,2,1.386,2.054,19.9954666666667,1796,-0.596744477105965,-0.256754233678616,-0.469236701011058,-0.619757894756003,-0.465415823821177,0.272092643118622,1.18527273510077,-0.0801888084281172
source/12kHz_DE_data/IR/0014/IR014_0.mat,source,validation,IR,2,3,2.054,2.722,19.9954666666667,1796,-0.682744308540458,-0.240365528366357,-0.543574822206659,0.206203233536083,-0.407351414512547,0.195953607651027,1.26415145073023,0.0429673507493266
source/12kHz_DE_data/IR/0014/IR014_0.mat,source,validation,IR,2,4,2.722,3.39,19.9954666666667,1796,-0.607075413746316,-0.17670529228825,-0.579015867999234,0.0650096819055724,-0.428354250354877,0.243851919405777,1.17006587417145,0.123304152575384
source/12kHz_DE_data/IR/0014/IR014_0.mat,source,validation,IR,2,5,3.39,4.058,19.9954666666667,1796,-0.670649905738142,-0.21001492945914,-0.502806761840057,-1.1848505586224,-0.46970837421231,0.256986053889429,1.05346331169814,-0.0369488815923475
source/12kHz_DE_data/IR/0014/IR014_0.mat,source,validation,IR,2,6,4.058,4.726,19.9954666666667,1796,-0.643006727690059,-0.23770369475678,-0.512476384161275,-1.28027208400332,-0.408577857481442,0.285128426834967,1.61792024140368,0.0343296451849585
source/12kHz_DE_data/IR/0014/IR014_0.mat,source,validation,IR,2,7,4.726,5.394,19.9954666666667,1796,-0.613865465031368,-0.171243836080433,-0.525371702956333,-0.46311852596029,-0.493432380391876,0.115226402725806,1.32111721828659,0.121682666146502
source/12kHz_DE_data/IR/0014/IR014_0.mat,source,validation,IR,2,8,5.394,6.062,19.9954666666667,1796,-0.591210837108669,-0.218925658929974,-0.511609948875722,0.0852642119561773,-0.468290299529525,0.223404385567377,1.16091214368269,0.00720339556445299
source/12kHz_DE_data/IR/0014/IR014_0.mat,source,validation,IR,2,9,6.062,6.73,19.9954666666667,1796,-0.604892351859705,-0.262451990386086,-0.516755192873177,-0.736785311257076,-0.481934477558484,0.299922451120874,1.05282502789105,0.0576849336724205
source/12kHz_DE_data/IR/0014/IR014_0.mat,source,validation,IR,2,10,6.73,7.398,19.9954666666667,1796,-0.583496706411766,-0.175661675374337,-0.543002551685201,-1.44265195645027,-0.470168290325646,0.0988668864123539,1.27018205956801,0.0996872340425376
source/12kHz_DE_data/IR/0014/IR014_1.mat,source,train,IR,2,0,0.05,0.7265,20.00185,1774,-0.435115644744973,-0.11778019629658,-0.489025262853786,0.512423729965176,-0.469095152727863,0.158943185472764,1.61330200581818,-0.00397009674890032
source/12kHz_DE_data/IR/0014/IR014_1.mat,source,train,IR,2,1,0.7265,1.403,20.00185,1774,-0.565092654069515,-0.0564733842358711,-0.561973006345207,-0.198945359109856,-0.584649076203454,-0.932611509151836,1.2160902529691,-0.0349893494129318
source/12kHz_DE_data/IR/0014/IR014_1.mat,source,train,IR,2,2,1.403,2.0795,20.00185,1774,-0.465638616682396,-0.0327093921208641,-0.446115983064653,-0.678864561823819,-0.557782309916094,0.0260663757819803,1.30011894216133,-0.073698194539186
source/12kHz_DE_data/IR/0014/IR014_1.mat,source,train,IR,2,3,2.0795,2.756,20.00185,1774,-0.36567658259824,-0.154055771453906,-0.377945938165747,-0.177325893196456,-0.543754868459356,0.289567229184625,1.38917537482433,-0.135334150524698
source/12kHz_DE_data/IR/0014/IR014_1.mat,source,train,IR,2,4,2.756,3.4325,20.00185,1774,-0.362630085966706,-0.071282026050595,-0.376591288223284,0.613686529166883,-0.588749994880697,-0.940010314664529,1.07927581101971,-0.155862166893656
source/12kHz_DE_data/IR/0014/IR014_1.mat,source,train,IR,2,5,3.4325,4.109,20.00185,1774,-0.435733943441373,0.0155157357948574,-0.512914270056528,0.218823982133218,-0.431037094349335,-0.0100665606022328,2.37109706818787,0.0343623758150115
source/12kHz_DE_data/IR/0014/IR014_1.mat,source,train,IR,2,6,4.109,4.7855,20.00185,1774,-0.541570584649216,-0.0313207554313577,-0.581360296045711,-0.793562037017462,-0.514818479661986,0.159452475899759,1.60677617307936,0.118204123422721
source/12kHz_DE_data/IR/0014/IR014_1.mat,source,train,IR,2,7,4.7855,5.462,20.00185,1774,-0.460460031817342,-0.175890272079848,-0.488345284671166,-0.165028137280644,-0.498108194210789,0.266553150517514,1.49055119527695,-0.0125492078881309
source/12kHz_DE_data/IR/0014/IR014_1.mat,source,train,IR,2,8,5.462,6.1385,20.00185,1774,-0.458820937492422,-0.0854577636805283,-0.480777277257255,0.780972710655588,-0.596913505892405,0.00616918638153046,1.09151250652305,-0.0684051897929551
source/12kHz_DE_data/IR/0014/IR014_1.mat,source,train,IR,2,9,6.1385,6.815,20.00185,1774,-0.322539277534822,-0.00163013611148122,-0.420078289175386,0.659063859534037,-0.486533638691841,-0.0581174049056994,1.55653046940532,-0.069326084678068
source/12kHz_DE_data/IR/0014/IR014_1.mat,source,train,IR,2,10,6.815,7.4915,20.00185,1774,-0.403078805889055,-0.1189404731508,-0.473658134286073,-0.482515155184168,-0.512135635667527,0.150718744232183,1.63509383190199,0.0178826330314199
source/12kHz_DE_data/IR/0014/IR014_2.mat,source,validation,IR,2,0,0.05,0.735,20.002,1752,-0.379364974985797,-0.0349767852071173,-0.50160677172658,0.659661413319175,-0.516926428514774,0.165219025802557,1.4631567201449,0.195366390245296
source/12kHz_DE_data/IR/0014/IR014_2.mat,source,validation,IR,2,1,0.735,1.42,20.002,1752,-0.166306239832982,0.0703497802444433,-0.364398167063607,-0.389314149700977,-0.542221814748237,0.1366876897635,1.50611437846524,0.101438235030649
source/12kHz_DE_data/IR/0014/IR014_2.mat,source,validation,IR,2,2,1.42,2.105,20.002,1752,-0.298507957972394,0.0318631218441722,-0.484207638770737,-0.285056081509759,-0.524821655127037,0.0635667235145792,1.60553256502957,0.266335685010522
source/12kHz_DE_data/IR/0014/IR014_2.mat,source,validation,IR,2,3,2.105,2.79,20.002,1752,-0.319522317082238,-0.0140388157515059,-0.44476367819512,0.862188817835134,-0.629644202624795,0.137655956686165,0.881447397089604,0.164224957573725
source/12kHz_DE_data/IR/0014/IR014_2.mat,source,validation,IR,2,4,2.79,3.475,20.002,1752,-0.15567277273192,0.00935383394728584,-0.42800360174661,1.42313497512,-0.569855107891156,0.122263419815393,1.49238638058467,0.193207246989152
source/12kHz_DE_data/IR/0014/IR014_2.mat,source,validation,IR,2,5,3.475,4.16,20.002,1752,-0.265198684531619,-0.0212127261783695,-0.485214330408839,-0.0881342467666634,-0.470781511810094,0.0626947430069299,1.90549031657799,0.249639435106013
source/12kHz_DE_data/IR/0014/IR014_2.mat,source,validation,IR,2,6,4.16,4.845,20.002,1752,-0.326679270106636,0.0251578923599379,-0.478543440221841,-1.03517393379106,-0.441806796669945,0.205073679793005,1.85775018534638,0.188526895172658
source/12kHz_DE_data/IR/0014/IR014_2.mat,source,validation,IR,2,7,4.845,5.53,20.002,1752,-0.244847930964913,0.0190982514985451,-0.408710468783304,-0.289912023859402,-0.505581831052494,0.221672542660173,1.73030872199096,0.162313183310713
source/12kHz_DE_data/IR/0014/IR014_2.mat,source,validation,IR,2,8,5.53,6.215,20.002,1752,-0.197678928862819,-0.0487238640169256,-0.399260810831352,0.576480904774997,-0.659653729019949,0.0607374158745623,1.10756026491982,0.184333897158188
source/12kHz_DE_data/IR/0014/IR014_2.mat,source,validation,IR,2,9,6.215,6.9,20.002,1752,-0.257934490040876,-0.0740597372417457,-0.430030076993027,0.232064634960043,-0.589784806135702,0.070302792816345,1.26817005590582,0.0829699592969007
source/12kHz_DE_data/IR/0014/IR014_2.mat,source,validation,IR,2,10,6.9,7.585,20.002,1752,-0.317414834851834,-0.0814844027545538,-0.502487534957118,-0.165540902915947,-0.457750555265583,0.128724051045062,1.75973054392484,0.16689059048745
source/12kHz_DE_data/IR/0014/IR014_3.mat,source,test,IR,2,0,0.05,0.7445,20.0016,1728,-0.32142697320197,-0.0295522153129707,-0.546841322488129,0.333656129336226,-0.527159562036493,0.164493541780787,1.17434100162447,0.245367987537825
source/12kHz_DE_data/IR/0014/IR014_3.mat,source,test,IR,2,1,0.7445,1.439,20.0016,1728,-0.30944779691185,-0.0659286203435896,-0.600980766527902,0.678091436221253,-0.485652132807948,0.273530166306399,1.23967367182756,0.349867173852711
source/12kHz_DE_data/IR/0014/IR014_3.mat,source,test,IR,2,2,1.439,2.1335,20.0016,1728,-0.295218696289023,0.031588442643276,-0.537542670913836,0.112362828969824,-0.52229211650369,0.203487583399494,1.25569590459148,0.412612444871108
source/12kHz_DE_data/IR/0014/IR014_3.mat,source,test,IR,2,3,2.1335,2.828,20.0016,1728,-0.227921487151348,-0.0653537990889097,-0.479018191458368,-0.437234967719498,-0.526546340552046,0.244783177195783,1.40104420041164,0.212753237876128
source/12kHz_DE_data/IR/0014/IR014_3.mat,source,test,IR,2,4,2.828,3.5225,20.0016,1728,-0.312942739114397,-0.115874533468933,-0.536055553359497,-0.0450781737322554,-0.363697710088435,0.403219180777128,1.86085128648383,0.323517841194593
source/12kHz_DE_data/IR/0014/IR014_3.mat,source,test,IR,2,5,3.5225,4.217,20.0016,1728,-0.237569511346916,-0.0596037494545722,-0.517789157477055,0.660676071445323,-0.532870187110411,0.176202690928668,1.38878935335966,0.273835119917586
source/12kHz_DE_data/IR/0014/IR014_3.mat,source,test,IR,2,6,4.217,4.9115,20.0016,1728,-0.376571720682735,-0.191512016137597,-0.55735579049618,0.0580911615379777,-0.503780492941929,0.328197840443557,1.31529879405837,0.399435945069217
source/12kHz_DE_data/IR/0014/IR014_3.mat,source,test,IR,2,7,4.9115,5.606,20.0016,1728,-0.262318745510182,-0.0549222227347825,-0.598800685585835,-0.155858989957586,-0.33031546552882,0.256011732059417,1.95513098695278,0.350522374815149
source/12kHz_DE_data/IR/0014/IR014_3.mat,source,test,IR,2,8,5.606,6.3005,20.0016,1728,-0.148452936873577,-0.00977138419602786,-0.428094423457516,0.0243042352586066,-0.476377157855678,0.269116842298319,1.28592208236589,0.282848933853649
source/12kHz_DE_data/IR/0014/IR014_3.mat,source,test,IR,2,9,6.3005,6.995,20.0016,1728,-0.188609493842815,0.00405813379307032,-0.479711913123864,0.649826167656641,-0.558702142142766,0.18731765014604,0.880833770350897,0.289225214335893
source/12kHz_DE_data/IR/0014/IR014_3.mat,source,test,IR,2,10,6.995,7.6895,20.0016,1728,-0.192333266513764,0.0513675134004744,-0.591286661050419,0.59639630071365,-0.396849996591382,0.263527228335127,1.62332766202517,0.439131868979291
source/12kHz_DE_data/IR/0021/IR021_0.mat,source,validation,IR,2,0,0.05,0.718,20.0066,1797,-0.615057390002849,-0.712604491813182,-0.549486986958019,2.17825810750511,0.220414917019275,-0.284647073801493,0.180531993738917,0.442183112281354
source/12kHz_DE_data/IR/0021/IR021_0.mat,source,validation,IR,2,1,0.718,1.386,20.0066,1797,-0.665549480443763,-0.696121272170974,-0.528322364101054,1.99544303197702,0.137917464189686,-0.248856744834139,0.00729240681344459,0.34214678466118
source/12kHz_DE_data/IR/0021/IR021_0.mat,source,validation,IR,2,2,1.386,2.054,20.0066,1797,-0.559172285675845,-0.663914152301002,-0.407938009231478,1.80432699541073,0.184771418235759,-0.190576251240229,0.0693752412905943,0.131773239253246
source/12kHz_DE_data/IR/0021/IR021_0.mat,source,validation,IR,2,3,2.054,2.722,20.0066,1797,-0.583606034474284,-0.65233107827998,-0.386795989415973,1.85780641568508,0.378894344406197,-0.218241478774314,0.181343312380089,0.0459857191041088
source/12kHz_DE_data/IR/0021/IR021_0.mat,source,validation,IR,2,4,2.722,3.39,20.0066,1797,-0.611687986423198,-0.675877726691072,-0.470848770523232,1.65577983484194,0.232296083280447,-0.232924771197684,-0.00390980560504943,0.244604533736718
source/12kHz_DE_data/IR/0021/IR021_0.mat,source,validation,IR,2,5,3.39,4.058,20.0066,1797,-0.687356848270976,-0.742145813192123,-0.453598655595414,1.74270438986789,0.152768922016151,-0.164127228495982,-0.110185109657451,0.105443990306467
source/12kHz_DE_data/IR/0021/IR021_0.mat,source,validation,IR,2,6,4.058,4.726,20.0066,1797,-0.56326197344763,-0.676086783255596,-0.375771515348147,1.9523272165442,0.0993036738408778,-0.107533685201541,-0.0645797281529844,0.171181268096776
source/12kHz_DE_data/IR/0021/IR021_0.mat,source,validation,IR,2,7,4.726,5.394,20.0066,1797,-0.588704492254633,-0.80553808754842,-0.555725633526601,1.92123028737995,0.122874374649332,-0.195939509074428,0.0403012530075412,0.604777191224847
source/12kHz_DE_data/IR/0021/IR021_0.mat,source,validation,IR,2,8,5.394,6.062,20.0066,1797,-0.632503220897032,-0.707200923096358,-0.556503122380264,2.00955148486718,0.298600656286342,-0.219234735512043,0.241806004379826,0.352796003470347
source/12kHz_DE_data/IR/0021/IR021_0.mat,source,validation,IR,2,9,6.062,6.73,20.0066,1797,-0.603247280977491,-0.804352528018272,-0.522336247740467,2.00044504884366,0.194448819787198,-0.202547943744176,-0.0134506452317459,0.340236961228589
source/12kHz_DE_data/IR/0021/IR021_0.mat,source,validation,IR,2,10,6.73,7.398,20.0066,1797,-0.383477134772951,-0.623108919004589,-0.302924722385507,1.75478649234055,0.112717893813169,-0.134912539300615,-0.101366082767437,0.167501041389417
source/12kHz_DE_data/IR/0021/IR021_1.mat,source,validation,IR,2,0,0.05,0.7265,20.00185,1774,-0.555845051427569,-0.627904782608778,-0.180201064300548,1.543279774466,-0.0704820246655462,-0.0688442314738432,0.00655263093721768,-0.545282090908486
source/12kHz_DE_data/IR/0021/IR021_1.mat,source,validation,IR,2,1,0.7265,1.403,20.00185,1774,-0.577427332631998,-0.710844742725899,-0.162561738736691,1.74286082831298,-0.13889454652423,-0.0624171945866315,-0.207460873505538,-0.555154082228324
source/12kHz_DE_data/IR/0021/IR021_1.mat,source,validation,IR,2,2,1.403,2.0795,20.00185,1774,-0.52663019348727,-0.646120254985409,-0.165440982842051,1.87935814501006,0.343921556621296,-0.027738313060334,0.734531547187348,-0.196774502625289
source/12kHz_DE_data/IR/0021/IR021_1.mat,source,validation,IR,2,3,2.0795,2.756,20.00185,1774,-0.485232735530903,-0.769125703549849,-0.0864376421996989,1.7959315178158,-0.193701216696732,0.0473235352876462,-0.269718233649907,-0.420054414668403
source/12kHz_DE_data/IR/0021/IR021_1.mat,source,validation,IR,2,4,2.756,3.4325,20.00185,1774,-0.54419847329452,-0.669781216376526,-0.225319454323077,1.91375557681984,-0.11618618842828,-0.0793162827715821,-0.0635780801171836,-0.251487536114302
source/12kHz_DE_data/IR/0021/IR021_1.mat,source,validation,IR,2,5,3.4325,4.109,20.00185,1774,-0.540295754644013,-0.576269169178879,-0.148843220069918,1.76371431459446,0.101986517835336,-0.0515693640475842,0.344536136389157,-0.432044179983783
source/12kHz_DE_data/IR/0021/IR021_1.mat,source,validation,IR,2,6,4.109,4.7855,20.00185,1774,-0.547976960605121,-0.707672705266446,-0.140355526877771,1.63936417853325,-0.100280756175421,0.0433201618016991,-0.24569104010583,-0.30185693965594
source/12kHz_DE_data/IR/0021/IR021_1.mat,source,validation,IR,2,7,4.7855,5.462,20.00185,1774,-0.375601074988016,-0.666747099645097,-0.0271616400024265,1.44568650374597,-0.161507088763234,0.0489581223297,-0.244805923135899,-0.171091533126879
source/12kHz_DE_data/IR/0021/IR021_1.mat,source,validation,IR,2,8,5.462,6.1385,20.00185,1774,-0.403826518181916,-0.746784167550317,-0.0790404448044775,1.5207011084023,0.0283999397016264,0.0937459154794448,0.134471421671762,-0.128348672723042
source/12kHz_DE_data/IR/0021/IR021_1.mat,source,validation,IR,2,9,6.1385,6.815,20.00185,1774,-0.556494151095882,-0.546375197392045,-0.183261392759022,1.33139025973327,-0.0403958455848367,-0.101050497116933,-0.107033793908677,-0.310802486780729
source/12kHz_DE_data/IR/0021/IR021_1.mat,source,validation,IR,2,10,6.815,7.4915,20.00185,1774,-0.640260358903509,-0.69867059864954,-0.235891628331703,1.53221767148358,0.0717087070407367,-0.105833379735173,0.171498873897041,-0.478473061832582
source/12kHz_DE_data/IR/0021/IR021_2.mat,source,train,IR,2,0,0.05,0.735,20.002,1752,-0.561170811767256,-0.595371774532036,-0.246060058233064,1.82763736304613,0.0137401135890511,-0.0977333365353654,-0.0429519677974382,-0.216974491144756
source/12kHz_DE_data/IR/0021/IR021_2.mat,source,train,IR,2,1,0.735,1.42,20.002,1752,-0.556499046943117,-0.637114555010075,-0.237304974443225,1.76959753215423,0.000900788758430051,-0.123121645609367,-0.0863719121542035,-0.28223653174337
source/12kHz_DE_data/IR/0021/IR021_2.mat,source,train,IR,2,2,1.42,2.105,20.002,1752,-0.529018110996521,-0.571502427457888,-0.256032281937374,1.35613108164388,0.0535036942211991,-0.139983594583392,-0.0903919075003891,-0.107493287022125
source/12kHz_DE_data/IR/0021/IR021_2.mat,source,train,IR,2,3,2.105,2.79,20.002,1752,-0.575209358827818,-0.66074462340853,-0.186352519883678,1.34348712531566,-0.0729732369461146,-0.0821631828532616,-0.104216780589623,-0.408435101289594
source/12kHz_DE_data/IR/0021/IR021_2.mat,source,train,IR,2,4,2.79,3.475,20.002,1752,-0.530298387379206,-0.49647248427375,-0.169671667347551,1.22166956330675,-0.0215201217666847,-0.0793089547207405,-0.182903299330297,-0.195529982385066
source/12kHz_DE_data/IR/0021/IR021_2.mat,source,train,IR,2,5,3.475,4.16,20.002,1752,-0.586703925666491,-0.632933899365974,-0.210372297997373,1.3136348303295,-0.100184940318476,-0.0860933515075278,-0.369111973661864,-0.353894121005997
source/12kHz_DE_data/IR/0021/IR021_2.mat,source,train,IR,2,6,4.16,4.845,20.002,1752,-0.557805986534525,-0.465088662421709,-0.310645248219755,1.32313229942111,0.0247589371377187,-0.190467061346336,-0.21320873206111,-0.00983914126023852
source/12kHz_DE_data/IR/0021/IR021_2.mat,source,train,IR,2,7,4.845,5.53,20.002,1752,-0.553022450914316,-0.532975293501527,-0.243932448539528,1.53144211394948,0.291318651158527,-0.218543836770559,0.229257131029306,-0.182834734897289
source/12kHz_DE_data/IR/0021/IR021_2.mat,source,train,IR,2,8,5.53,6.215,20.002,1752,-0.486421635042498,-0.561553781058153,-0.257235869848378,1.54069303240071,0.219169310878991,-0.166847195132204,0.0797091446550402,0.0452050497932759
source/12kHz_DE_data/IR/0021/IR021_2.mat,source,train,IR,2,9,6.215,6.9,20.002,1752,-0.492945049589139,-0.677462936495317,-0.254611569637762,1.62518384302655,0.0629894640587476,-0.100536455423357,-0.138488421061868,0.13779436700775
source/12kHz_DE_data/IR/0021/IR021_2.mat,source,train,IR,2,10,6.9,7.585,20.002,1752,-0.542323726607152,-0.647119405291489,-0.282119802071628,1.84847263697648,0.0662472031948754,-0.0926529055104868,-0.138998626082609,0.00661488906915961
source/12kHz_DE_data/IR/0021/IR021_3.mat,source,train,IR,2,0,0.05,0.7445,20.0016,1728,-0.0806635375884472,-0.531692389403866,-0.0635807540317158,2.27634800557024,-0.0287063110375546,-0.17202568872387,-0.00482734826354792,-0.0908586500679836
source/12kHz_DE_data/IR/0021/IR021_3.mat,source,train,IR,2,1,0.7445,1.439,20.0016,1728,-0.0997761946299331,-0.563799507642788,0.0826526218254557,2.13379917955357,-0.0102138506471824,-0.0509730215106089,0.134856766177339,-0.353132868118434
source/12kHz_DE_data/IR/0021/IR021_3.mat,source,train,IR,2,2,1.439,2.1335,20.0016,1728,-0.132232692821508,-0.542561275576121,0.00467269462899514,1.62705555758269,0.0617438579184634,-0.107311399716963,0.20934248179858,-0.303584590588983
source/12kHz_DE_data/IR/0021/IR021_3.mat,source,train,IR,2,3,2.1335,2.828,20.0016,1728,-0.0341813176464936,-0.487631247750695,0.0518337476599287,1.3942000189389,-0.0104054823610723,-0.0534728486705937,0.051126092795651,-0.246969890725233
source/12kHz_DE_data/IR/0021/IR021_3.mat,source,train,IR,2,4,2.828,3.5225,20.0016,1728,-0.16722619560092,-0.495231262475549,0.0476464038904835,1.48535493827765,0.120670609939598,-0.149053947582434,0.230102245287662,-0.589183678689676
source/12kHz_DE_data/IR/0021/IR021_3.mat,source,train,IR,2,5,3.5225,4.217,20.0016,1728,-0.00393295024422187,-0.410250165081649,0.082184366476636,1.74940163609544,-0.0670326538155285,-0.131895957170883,-0.140531800822468,-0.373335647328681
source/12kHz_DE_data/IR/0021/IR021_3.mat,source,train,IR,2,6,4.217,4.9115,20.0016,1728,-0.0313227970006717,-0.410223771592846,0.105815549332589,1.85227419045313,-0.0821715592128282,-0.128644415163076,-0.141214244378586,-0.408277589928805
source/12kHz_DE_data/IR/0021/IR021_3.mat,source,train,IR,2,7,4.9115,5.606,20.0016,1728,-0.0672334398356048,-0.409017297006546,0.0699187103923448,2.15785838388291,0.266598160066733,-0.0631954272134369,0.572784250229577,-0.319114491447137
source/12kHz_DE_data/IR/0021/IR021_3.mat,source,train,IR,2,8,5.606,6.3005,20.0016,1728,-0.0105025064252247,-0.401318731817279,0.162810711111629,2.11498481805931,0.0375024461113948,-0.119182521275716,0.130251156732751,-0.513940309681828
source/12kHz_DE_data/IR/0021/IR021_3.mat,source,train,IR,2,9,6.3005,6.995,20.0016,1728,-0.114913503755424,-0.452472887598919,0.0817847592785203,2.25882120853937,0.0180518271515734,-0.141732732845626,0.179255031146338,-0.521685525207746
source/12kHz_DE_data/IR/0021/IR021_3.mat,source,train,IR,2,10,6.995,7.6895,20.0016,1728,-0.110316419338298,-0.444518648271334,0.0608735445030792,2.15105361224947,-0.118102505567179,-0.154207546069032,-0.0707765774476926,-0.488635586478493
source/12kHz_DE_data/IR/0028/IR028_0_(1797rpm).mat,source,train,IR,2,0,0.05,0.718,20.0066,1797,1.60911918354089,1.15002908609048,1.17711330779068,0.891375089916471,0.311111907622783,-0.689342891897622,-0.8528506235813,-0.752505213578322
source/12kHz_DE_data/IR/0028/IR028_0_(1797rpm).mat,source,train,IR,2,1,0.718,1.386,20.0066,1797,1.79128899015916,1.34326800568951,1.77421004977558,0.720123500403629,0.260803983565559,-0.909033602175666,-1.03211473138145,-1.13261779517432
source/12kHz_DE_data/IR/0028/IR028_0_(1797rpm).mat,source,train,IR,2,2,1.386,2.054,20.0066,1797,2.00409330950992,1.02619876536227,1.36176609096911,0.596272895766276,0.543546037665797,-0.670020228595511,-0.49654244671265,-0.696098074109441
source/12kHz_DE_data/IR/0028/IR028_0_(1797rpm).mat,source,train,IR,2,3,2.054,2.722,20.0066,1797,1.79490889973605,1.09584269874028,1.56389869204642,0.313174472418686,0.291622387425042,-0.745523843887636,-0.893626091902546,-0.776271179968202
source/12kHz_DE_data/IR/0028/IR028_0_(1797rpm).mat,source,train,IR,2,4,2.722,3.39,20.0066,1797,2.09336018590706,1.33265925504298,1.57117570278543,0.481442157899686,0.362955951498549,-0.949202324507857,-0.692769884766917,-0.665915709934557
source/12kHz_DE_data/IR/0028/IR028_0_(1797rpm).mat,source,train,IR,2,5,3.39,4.058,20.0066,1797,1.77620561795741,1.29320195650468,1.27460148256461,0.638685966764042,0.416912160124808,-0.951724951561149,-0.686860654926437,-0.790343152950506
source/12kHz_DE_data/IR/0028/IR028_0_(1797rpm).mat,source,train,IR,2,6,4.058,4.726,20.0066,1797,1.74527945466381,1.18968445882202,1.13734450222729,0.487960469677711,0.274437046955112,-0.813301404655374,-0.992395656805451,-0.420565687103078
source/12kHz_DE_data/IR/0028/IR028_0_(1797rpm).mat,source,train,IR,2,7,4.726,5.394,20.0066,1797,1.33774354719256,1.08552685326714,0.883043631007965,0.406046777195461,0.228737482353512,-0.615673565191311,-1.00835079553638,-0.614692420789771
source/12kHz_DE_data/IR/0028/IR028_0_(1797rpm).mat,source,train,IR,2,8,5.394,6.062,20.0066,1797,1.72793058656051,1.29636770494282,1.45358295868066,0.59164415700258,0.197151018584759,-0.811381735558086,-0.932272544018285,-0.911326348689318
source/12kHz_DE_data/IR/0028/IR028_0_(1797rpm).mat,source,train,IR,2,9,6.062,6.73,20.0066,1797,1.42710601399249,1.18147825169097,0.847300021024467,0.508784282390696,0.462227694771773,-0.86529591662384,-0.841971895084749,-0.467001353307516
source/12kHz_DE_data/IR/0028/IR028_0_(1797rpm).mat,source,train,IR,2,10,6.73,7.398,20.0066,1797,1.5931706037615,1.07550485363571,0.861772649811372,0.683818471896586,0.319944596579395,-0.822916378647785,-0.886352377484027,-0.371248267596982
source/12kHz_DE_data/IR/0028/IR028_1_(1772rpm).mat,source,train,IR,2,0,0.05,0.727,19.9940666666667,1772,2.20333796285707,1.45113836645767,1.56005904404863,0.325253162642537,0.217120576225794,-0.554989164230005,-0.969390450868568,-0.393311111716111
source/12kHz_DE_data/IR/0028/IR028_1_(1772rpm).mat,source,train,IR,2,1,0.727,1.404,19.9940666666667,1772,2.18863872800903,1.47896184954438,1.5498806217825,0.47097895669517,0.0962471480043342,-1.20325395442019,-1.14958058447855,-0.704008063393201
source/12kHz_DE_data/IR/0028/IR028_1_(1772rpm).mat,source,train,IR,2,2,1.404,2.081,19.9940666666667,1772,1.78903690848888,1.2851182982674,1.1608393078727,0.68051043953646,0.415568055283584,-0.878694676734183,-0.846161335545702,-0.446887973360087
source/12kHz_DE_data/IR/0028/IR028_1_(1772rpm).mat,source,train,IR,2,3,2.081,2.758,19.9940666666667,1772,1.71908346778374,1.37546447106722,1.23264484746163,0.6749328520412,0.308519705428995,-0.977534145916812,-0.775002306350637,-0.459163832503614
source/12kHz_DE_data/IR/0028/IR028_1_(1772rpm).mat,source,train,IR,2,4,2.758,3.435,19.9940666666667,1772,1.80679035890411,1.38938322102276,1.37771072499681,0.682334014384049,0.249955137347112,-0.917621782049735,-1.01191299511404,-0.604766424114365
source/12kHz_DE_data/IR/0028/IR028_1_(1772rpm).mat,source,train,IR,2,5,3.435,4.112,19.9940666666667,1772,1.91712414491992,1.4202927075106,1.49480276537947,0.493057180898726,0.270596747408759,-0.963262990592973,-0.935576877812891,-0.565095453768078
source/12kHz_DE_data/IR/0028/IR028_1_(1772rpm).mat,source,train,IR,2,6,4.112,4.789,19.9940666666667,1772,1.85585063343178,1.38404593654941,1.97916385831367,0.533006158525983,0.263780215713983,-0.815921624837365,-0.891945365648022,-0.880550209777573
source/12kHz_DE_data/IR/0028/IR028_1_(1772rpm).mat,source,train,IR,2,7,4.789,5.466,19.9940666666667,1772,1.84166936562389,1.42749255670925,1.63306849711495,0.612023211598484,0.307367615565089,-0.925347099192415,-0.808202256326628,-0.742899324177242
source/12kHz_DE_data/IR/0028/IR028_1_(1772rpm).mat,source,train,IR,2,8,5.466,6.143,19.9940666666667,1772,1.11134860030594,1.38165076693384,0.993639468981659,0.6011619768644,0.472692511035585,-0.974868554395521,-0.741791825846411,-0.769667093417334
source/12kHz_DE_data/IR/0028/IR028_1_(1772rpm).mat,source,train,IR,2,9,6.143,6.82,19.9940666666667,1772,1.69312332344961,1.40081255886296,1.48028302342014,0.316530270433448,0.257827751417136,-0.885353679928426,-0.991592866481592,-0.716071273490211
source/12kHz_DE_data/IR/0028/IR028_1_(1772rpm).mat,source,train,IR,2,10,6.82,7.497,19.9940666666667,1772,1.97999590158536,1.43282535316532,1.76529995468883,0.461557501127363,0.1546197011089,-1.18037023379312,-1.11738103149768,-0.79572890683855
source/12kHz_DE_data/IR/0028/IR028_2_(1750rpm).mat,source,validation,IR,2,0,0.05,0.7355,19.99375,1750,1.68416495578182,1.35455993687368,1.01540807650286,0.816244398290236,0.567163879875868,-1.04031009407908,-0.633931995486587,-0.448915961788156
source/12kHz_DE_data/IR/0028/IR028_2_(1750rpm).mat,source,validation,IR,2,1,0.7355,1.421,19.99375,1750,1.62883244257459,1.36000819867013,1.47705020956143,0.767883378981247,0.307655638031066,-0.22879874313561,-0.927046900446245,-0.632683945800143
source/12kHz_DE_data/IR/0028/IR028_2_(1750rpm).mat,source,validation,IR,2,2,1.421,2.1065,19.99375,1750,1.48841662872875,1.53656095441008,1.65540214739007,1.21505741847768,0.236706103912195,-0.0112179923008126,-0.926641950201517,-0.782256690708046
source/12kHz_DE_data/IR/0028/IR028_2_(1750rpm).mat,source,validation,IR,2,3,2.1065,2.792,19.99375,1750,1.84199574830193,1.47631458801992,1.55713792768193,0.79866218556129,0.282501676002454,-0.780988260940025,-0.790624174013139,-0.552319204802718
source/12kHz_DE_data/IR/0028/IR028_2_(1750rpm).mat,source,validation,IR,2,4,2.792,3.4775,19.99375,1750,1.36985889879826,1.33471519085,1.34086763012182,0.978767520351725,0.261764058452148,-0.896986216250363,-0.815366340299899,-0.808556409425337
source/12kHz_DE_data/IR/0028/IR028_2_(1750rpm).mat,source,validation,IR,2,5,3.4775,4.163,19.99375,1750,1.45652393389026,1.18447185235762,0.868841932565987,0.830225681659677,0.462707732215067,0.399258375797295,-0.810698468750041,0.0386665331482945
source/12kHz_DE_data/IR/0028/IR028_2_(1750rpm).mat,source,validation,IR,2,6,4.163,4.8485,19.99375,1750,1.63488825945099,1.40159121647959,1.47181820496525,0.636728659540983,0.277029249148901,-0.773685323284084,-0.972439607495607,-0.879052201086416
source/12kHz_DE_data/IR/0028/IR028_2_(1750rpm).mat,source,validation,IR,2,7,4.8485,5.534,19.99375,1750,1.59944825430717,1.25753730646547,0.924548806297783,0.736622648032402,0.378989202104572,-0.961224328393476,-0.827609325270974,-0.21973181509587
source/12kHz_DE_data/IR/0028/IR028_2_(1750rpm).mat,source,validation,IR,2,8,5.534,6.2195,19.99375,1750,1.77399750045884,1.52975306120582,1.4537644005395,0.868250512628697,0.314952207169136,-0.165845781577171,-0.770879670732856,-0.557954038187788
source/12kHz_DE_data/IR/0028/IR028_2_(1750rpm).mat,source,validation,IR,2,9,6.2195,6.905,19.99375,1750,1.49715685596417,1.29419081744727,1.01570455908434,0.705823918838634,0.417776227522737,0.0875004486468988,-0.865535363122343,-0.539130705787031
source/12kHz_DE_data/IR/0028/IR028_2_(1750rpm).mat,source,validation,IR,2,10,6.905,7.5905,19.99375,1750,1.79506076025008,1.33726061514071,1.28270057471106,0.645501360013152,0.338858071845184,-0.93969926080612,-0.788167607101443,-0.260138823068214
source/12kHz_DE_data/IR/0028/IR028_3_(1730rpm).mat,source,validation,IR,2,0,0.05,0.7435,19.9959166666667,1730,1.3820944618488,1.18375713982362,0.993470907545127,0.787333354052178,0.249475099903818,-0.749535283882263,-0.889282008657215,-0.598636890136708
source/12kHz_DE_data/IR/0028/IR028_3_(1730rpm).mat,source,validation,IR,2,1,0.7435,1.437,19.9959166666667,1730,1.86266079871395,1.37600302334125,1.39671934035135,1.05132158535815,0.252835362006877,-0.883500164044096,-0.927570290377508,-0.699435115498435
source/12kHz_DE_data/IR/0028/IR028_3_(1730rpm).mat,source,validation,IR,2,2,1.437,2.1305,19.9959166666667,1730,1.33475780318807,1.22835997331975,1.07561845745964,1.00335957780803,0.187742284696194,-1.06320301714083,-0.959132002961827,-0.891463740082409
source/12kHz_DE_data/IR/0028/IR028_3_(1730rpm).mat,source,validation,IR,2,3,2.1305,2.824,19.9959166666667,1730,1.40047514253264,1.28896054936824,1.19729419691951,1.19364538401884,0.205887700052712,-0.871792220401922,-0.812059201752211,-0.596884368020669
source/12kHz_DE_data/IR/0028/IR028_3_(1730rpm).mat,source,validation,IR,2,4,2.824,3.5175,19.9959166666667,1730,1.45446880784425,1.49712092649338,1.88079666799015,0.998799635884772,0.1660445922593,-0.119798749874149,-1.05047113851604,-0.894460152808494
source/12kHz_DE_data/IR/0028/IR028_3_(1730rpm).mat,source,validation,IR,2,5,3.5175,4.211,19.9959166666667,1730,1.24707636379091,0.968778238256113,0.687884431074562,0.545162940903481,0.283557758377701,-0.951649940974549,-0.900863065940968,-0.374720915404332
source/12kHz_DE_data/IR/0028/IR028_3_(1730rpm).mat,source,validation,IR,2,6,4.211,4.9045,19.9959166666667,1730,1.11022060991726,1.26101695495649,1.13330330288366,1.16858470766563,0.159420075541841,-1.11568628402839,-1.06243207169128,-0.892010670405812
source/12kHz_DE_data/IR/0028/IR028_3_(1730rpm).mat,source,validation,IR,2,7,4.9045,5.598,19.9959166666667,1730,1.43549376708372,1.10397284408685,1.0021492807644,1.04369865034818,0.458099372759444,-0.978829904437712,-0.748471240880181,-0.884434977977207
source/12kHz_DE_data/IR/0028/IR028_3_(1730rpm).mat,source,validation,IR,2,8,5.598,6.2915,19.9959166666667,1730,1.73298390407535,1.45034833722601,1.88799980533901,0.89113928631677,0.311111907622783,-1.05405223851515,-0.817645312848867,-1.00080430620602
source/12kHz_DE_data/IR/0028/IR028_3_(1730rpm).mat,source,validation,IR,2,9,6.2915,6.985,19.9959166666667,1730,1.18228467958731,1.27486473327553,1.31980334035383,1.10190173187848,0.151547461471817,-0.9093820275007,-1.04057757085762,-1.00479209790887
source/12kHz_DE_data/IR/0028/IR028_3_(1730rpm).mat,source,validation,IR,2,10,6.985,7.6785,19.9959166666667,1730,1.11604375432364,1.0901215947858,1.41508935225993,0.796464325292999,0.292870484777607,-0.615682563761096,-0.857631249048413,-1.41458036377722
source/12kHz_DE_data/OR/Centered/0007/OR007@6_0.mat,source,train,OR,1,0,0.05,0.718,19.9954666666667,1796,-1.02464451677923,-1.77601205598652,-0.119900931969418,0.3727238902843,0.281353802036253,2.38087660128976,-0.554537223728211,-1.28662634243212
source/12kHz_DE_data/OR/Centered/0007/OR007@6_0.mat,source,train,OR,1,1,0.718,1.386,19.9954666666667,1796,-1.08268151325201,-1.89967767268408,-0.0249287679852107,0.18695606208264,0.203072246912242,2.60931032976275,-0.544941111374252,-1.45221423770679
source/12kHz_DE_data/OR/Centered/0007/OR007@6_0.mat,source,train,OR,1,2,1.386,2.054,19.9954666666667,1796,-1.10566590819508,-1.91005364546814,-0.0563409975895525,0.0988352130031878,0.23564963827352,2.57909571443127,-0.557729355397745,-1.44076586083699
source/12kHz_DE_data/OR/Centered/0007/OR007@6_0.mat,source,train,OR,1,3,2.054,2.722,19.9954666666667,1796,-1.00983993970502,-1.77124644315992,-0.151105784380244,0.298886736084607,0.256154231659736,2.328095805458,-0.657071079006413,-1.22003151489583
source/12kHz_DE_data/OR/Centered/0007/OR007@6_0.mat,source,train,OR,1,4,2.722,3.39,19.9954666666667,1796,-1.03165422267413,-1.75027712367652,-0.186856071905961,0.175495761484786,0.27138895291398,2.27049542140239,-0.647432938113137,-1.1569885216659
source/12kHz_DE_data/OR/Centered/0007/OR007@6_0.mat,source,train,OR,1,5,3.39,4.058,19.9954666666667,1796,-1.07257312044066,-1.76819125468035,-0.166896452428413,0.21468695085767,0.243698170256894,2.34132967757552,-0.571582533482116,-1.2142778825889
source/12kHz_DE_data/OR/Centered/0007/OR007@6_0.mat,source,train,OR,1,6,4.058,4.726,19.9954666666667,1796,-1.13057363272573,-1.91008011195088,-0.098270531365099,0.386561298764406,0.209300277613662,2.57094499859398,-0.646193829175749,-1.38279193146799
source/12kHz_DE_data/OR/Centered/0007/OR007@6_0.mat,source,train,OR,1,7,4.726,5.394,19.9954666666667,1796,-1.14306793406109,-1.96873875102253,-0.0522350157027651,0.230808825149776,0.258837075654194,2.63194400620339,-0.484149309635711,-1.43434980911831
source/12kHz_DE_data/OR/Centered/0007/OR007@6_0.mat,source,train,OR,1,8,5.394,6.062,19.9954666666667,1796,-1.15476168488791,-1.81778823347246,-0.157833846317262,0.141769321037779,0.291893546300196,2.39621893093123,-0.521386128626574,-1.26834638094507
source/12kHz_DE_data/OR/Centered/0007/OR007@6_0.mat,source,train,OR,1,9,6.062,6.73,19.9954666666667,1796,-1.08856690262117,-1.70730192002692,-0.223654173822401,0.457437377806952,0.305116134558597,2.16440910068768,-0.497854479877409,-1.1156960472178
source/12kHz_DE_data/OR/Centered/0007/OR007@6_0.mat,source,train,OR,1,10,6.73,7.398,19.9954666666667,1796,-1.06282263958259,-1.69600420799056,-0.208854966414065,0.14640886671244,0.274550876193163,2.2032464564725,-0.631913115669444,-1.09752943648603
source/12kHz_DE_data/OR/Centered/0007/OR007@6_1.mat,source,train,OR,1,0,0.05,0.727,20.00535,1773,-1.11093450316526,-1.73206020164679,-0.168858911712159,0.0727500328257823,0.105627520399243,2.2953704452362,-0.551722222725569,-1.30441447946766
source/12kHz_DE_data/OR/Centered/0007/OR007@6_1.mat,source,train,OR,1,1,0.727,1.404,20.00535,1773,-1.11143159798816,-1.76968555731625,-0.148947982880004,0.138169998952293,0.0958543029908601,2.35403667568797,-0.555443417817947,-1.34738832153715
source/12kHz_DE_data/OR/Centered/0007/OR007@6_1.mat,source,train,OR,1,2,1.404,2.081,20.00535,1773,-1.15302631046763,-1.70930543885849,-0.173734540732199,0.100046976000791,0.120287346511819,2.30031886628413,-0.50059661660009,-1.29409050224509
source/12kHz_DE_data/OR/Centered/0007/OR007@6_1.mat,source,train,OR,1,3,2.081,2.758,20.00535,1773,-1.16680326363898,-1.72140821598124,-0.17729777224641,0.163232705324351,0.0863685331533116,2.30372079229894,-0.570594764672887,-1.32613796993557
source/12kHz_DE_data/OR/Centered/0007/OR007@6_1.mat,source,train,OR,1,4,2.758,3.435,20.00535,1773,-1.1985880517744,-1.7512514477248,-0.190512805588534,0.195450957147327,0.0893388247186045,2.30824201323812,-0.518561182598079,-1.31927280767845
source/12kHz_DE_data/OR/Centered/0007/OR007@6_1.mat,source,train,OR,1,5,3.435,4.112,20.00535,1773,-1.1852072775385,-1.78310013055726,-0.151320478626727,-0.0476195242777552,0.0878057710074857,2.37753934859653,-0.603679409132667,-1.35915570994739
source/12kHz_DE_data/OR/Centered/0007/OR007@6_1.mat,source,train,OR,1,6,4.112,4.789,20.00535,1773,-1.30101031509866,-1.8656244160195,-0.163037604655458,0.131739974645131,0.0961417505616947,2.45379907737711,-0.531851595701644,-1.40896078996605
source/12kHz_DE_data/OR/Centered/0007/OR007@6_1.mat,source,train,OR,1,7,4.789,5.466,20.00535,1773,-1.22796536668867,-1.79251900391958,-0.186603874376004,0.162448569560938,0.0503417709420163,2.38551520803427,-0.66808248533463,-1.3406069311508
source/12kHz_DE_data/OR/Centered/0007/OR007@6_1.mat,source,train,OR,1,8,5.466,6.143,20.00535,1773,-1.29678227030889,-1.82924226057845,-0.215020553593393,0.03511234252752,0.0501501392281265,2.3777144290292,-0.620330786485129,-1.33247910661612
source/12kHz_DE_data/OR/Centered/0007/OR007@6_1.mat,source,train,OR,1,9,6.143,6.82,20.00535,1773,-1.21347126488149,-1.7153711714692,-0.220406258198459,0.00190358607829205,0.106585678968693,2.30511939248277,-0.577511563149594,-1.24480739085015
source/12kHz_DE_data/OR/Centered/0007/OR007@6_1.mat,source,train,OR,1,10,6.82,7.497,20.00535,1773,-1.24104604233676,-1.7122292796291,-0.235977424709542,0.19311842818871,0.128814957779917,2.30632202153344,-0.498977244315481,-1.23795036533914
source/12kHz_DE_data/OR/Centered/0007/OR007@6_2.mat,source,train,OR,1,0,0.05,0.7355,19.99375,1750,-1.5936796507468,-1.9866921674343,-0.300216471052252,0.155146968093489,0.0383647888238994,2.51770573661126,-0.470568535904716,-1.44011643670917
source/12kHz_DE_data/OR/Centered/0007/OR007@6_2.mat,source,train,OR,1,1,0.7355,1.421,19.99375,1750,-1.62948690612475,-1.98666304164428,-0.322194799859924,0.128939553798325,0.119904083084039,2.50085735200579,-0.411732307118178,-1.43373245406413
source/12kHz_DE_data/OR/Centered/0007/OR007@6_2.mat,source,train,OR,1,2,1.421,2.1065,19.99375,1750,-1.65304468996913,-2.01840035823792,-0.305600978540187,-0.0789215581486998,0.000613341187595069,2.53847226166325,-0.666809627236925,-1.47571956207862
source/12kHz_DE_data/OR/Centered/0007/OR007@6_2.mat,source,train,OR,1,3,2.1065,2.792,19.99375,1750,-1.66661282232066,-2.02640810087158,-0.332875312567937,-0.0815400085511446,0.0122070598779324,2.52984060405424,-0.608507490611262,-1.44919355834547
source/12kHz_DE_data/OR/Centered/0007/OR007@6_2.mat,source,train,OR,1,4,2.792,3.4775,19.99375,1750,-1.61438061712731,-2.00734560167431,-0.308063752961338,-0.0327599366773127,0.068355152047664,2.5397153741057,-0.47771142681538,-1.43655889792845
source/12kHz_DE_data/OR/Centered/0007/OR007@6_2.mat,source,train,OR,1,5,3.4775,4.163,19.99375,1750,-1.56578356679261,-1.95425972555027,-0.299298231680498,0.04505480684011,0.0804279500227257,2.48224636725456,-0.485059485907471,-1.41312323818682
source/12kHz_DE_data/OR/Centered/0007/OR007@6_2.mat,source,train,OR,1,6,4.163,4.8485,19.99375,1750,-1.52233896405634,-1.85649518081403,-0.30775764981956,0.0896970656129837,0.0474672952336682,2.41410410305047,-0.54470353474024,-1.36591471496593
source/12kHz_DE_data/OR/Centered/0007/OR007@6_2.mat,source,train,OR,1,7,4.8485,5.534,19.99375,1750,-1.47839801066945,-1.86747529213452,-0.291819409358794,-0.0696021369107299,0.0734333924657454,2.43387851164206,-0.487184210685966,-1.37166763742186
source/12kHz_DE_data/OR/Centered/0007/OR007@6_2.mat,source,train,OR,1,8,5.534,6.2195,19.99375,1750,-1.4758044175085,-1.93393247680193,-0.270321539162893,-0.0165593136709475,0.0617438579184634,2.485646359734,-0.511068398556141,-1.42863426780773
source/12kHz_DE_data/OR/Centered/0007/OR007@6_2.mat,source,train,OR,1,9,6.2195,6.905,19.99375,1750,-1.49800548355085,-1.95777896255784,-0.246674244508736,0.259977936154084,0.122395295364607,2.50502835547144,-0.454612315813426,-1.45954060681373
source/12kHz_DE_data/OR/Centered/0007/OR007@6_2.mat,source,train,OR,1,10,6.905,7.5905,19.99375,1750,-1.49323880245086,-1.97454684519849,-0.237146883928006,-0.111802986224427,0.0665346507657102,2.51054832331411,-0.58506652794267,-1.48130474508375
source/12kHz_DE_data/OR/Centered/0007/OR007@6_3.mat,source,validation,OR,1,0,0.05,0.7455,19.995625,1725,-0.948181907405955,-1.72912241075715,-0.0838057168216609,-0.1672373705084,0.139067254473026,2.37572042849709,-0.38998956164022,-1.2440334449041
source/12kHz_DE_data/OR/Centered/0007/OR007@6_3.mat,source,validation,OR,1,1,0.7455,1.441,19.995625,1725,-1.00674506902331,-1.8173095793225,-0.0612898327530888,-0.260498122292921,0.121628768509047,2.47331251161118,-0.398310789442215,-1.33600264904075
source/12kHz_DE_data/OR/Centered/0007/OR007@6_3.mat,source,validation,OR,1,2,1.441,2.1365,19.995625,1725,-0.925962357588199,-1.75984757236799,-0.0268351600105847,-0.0868701789784329,0.144049679034162,2.43036736161528,-0.445423886745562,-1.28026744444029
source/12kHz_DE_data/OR/Centered/0007/OR007@6_3.mat,source,validation,OR,1,3,2.1365,2.832,19.995625,1725,-0.976946517472691,-1.87080089651906,0.00881809350481879,-0.106951456818531,0.118275213515975,2.56546802860735,-0.510259514878195,-1.40545181595882
source/12kHz_DE_data/OR/Centered/0007/OR007@6_3.mat,source,validation,OR,1,4,2.832,3.5275,19.995625,1725,-0.962342440411196,-1.82761602392568,-0.0160334730040464,-0.133470230353664,0.171453014120413,2.52989655317944,-0.390065209672859,-1.36540156528504
source/12kHz_DE_data/OR/Centered/0007/OR007@6_3.mat,source,validation,OR,1,5,3.5275,4.223,19.995625,1725,-0.918499505028296,-1.81197034889881,0.0312857795607563,-0.121843920556518,0.140025413042475,2.5405292139406,-0.429751861063769,-1.41811148892113
source/12kHz_DE_data/OR/Centered/0007/OR007@6_3.mat,source,validation,OR,1,6,4.223,4.9185,19.995625,1725,-0.981629015359276,-1.88876231532504,0.0238978101769602,-0.258270441069938,0.121341320938213,2.56806804791747,-0.450653211034268,-1.45675353158981
source/12kHz_DE_data/OR/Centered/0007/OR007@6_3.mat,source,validation,OR,1,7,4.9185,5.614,19.995625,1725,-0.993401935640967,-1.85519558688593,0.01410824136112,-0.209907941848242,0.141079387468869,2.55010067217623,-0.437590027244539,-1.43022012447011
source/12kHz_DE_data/OR/Centered/0007/OR007@6_3.mat,source,validation,OR,1,8,5.614,6.3095,19.995625,1725,-0.974474030112082,-1.87913188594109,0.018503648617643,-0.0601532869270001,0.122586927078497,2.57928424677547,-0.430542110419291,-1.42338337792666
source/12kHz_DE_data/OR/Centered/0007/OR007@6_3.mat,source,validation,OR,1,9,6.3095,7.005,19.995625,1725,-1.05469832956763,-1.86476213929404,-0.0262094645119727,-0.0934330821338865,0.103136308118675,2.54709242600801,-0.533096536313594,-1.42243940526254
source/12kHz_DE_data/OR/Centered/0007/OR007@6_3.mat,source,validation,OR,1,10,7.005,7.7005,19.995625,1725,-1.00185874058877,-1.80076565754813,-0.05245365394755,-0.0914453564939856,0.0944170651366861,2.49450821607402,-0.566315744973464,-1.34792454464657
source/12kHz_DE_data/OR/Centered/0014/OR014@6_0.mat,source,train,OR,1,0,0.05,0.718,19.9954666666667,1796,1.43141803376761,1.50939773717149,1.52541528435679,-0.134844880663284,-1.11230539444162,-0.869710878728001,-1.00245752267165,-0.596423271722007
source/12kHz_DE_data/OR/Centered/0014/OR014@6_0.mat,source,train,OR,1,1,0.718,1.386,19.9954666666667,1796,1.41393670147217,1.42659858946316,1.44678062309228,-0.0692124408328263,-1.13721139482832,-0.909259474551496,-1.07590749446937,-0.744994480488276
source/12kHz_DE_data/OR/Centered/0014/OR014@6_0.mat,source,train,OR,1,2,1.386,2.054,19.9954666666667,1796,1.17410726091081,1.24887577597229,0.995582126130244,0.042189762891854,-1.12994075856159,-0.794574585928728,-1.05121916040198,-0.273624244057564
source/12kHz_DE_data/OR/Centered/0014/OR014@6_0.mat,source,train,OR,1,3,2.054,2.722,19.9954666666667,1796,1.20687725474515,1.18391703980935,0.985470652448436,0.0602653307232789,-1.12195167997601,-0.554180141216995,-1.0845919555858,-0.27515882410565
source/12kHz_DE_data/OR/Centered/0014/OR014@6_0.mat,source,train,OR,1,4,2.722,3.39,19.9954666666667,1796,1.51033002605756,1.39230302225072,1.28527804031935,-0.540389891173506,-1.10297522352752,-0.984332845878775,-0.82501413953621,-0.457527466987947
source/12kHz_DE_data/OR/Centered/0014/OR014@6_0.mat,source,train,OR,1,5,3.39,4.058,19.9954666666667,1796,1.42580639884217,1.46024588792379,1.32369127044955,-0.188817958029141,-1.13012276394903,-1.06968565418353,-1.09987217800516,-0.667626358605316
source/12kHz_DE_data/OR/Centered/0014/OR014@6_0.mat,source,train,OR,1,6,4.058,4.726,19.9954666666667,1796,1.50089951705907,1.44408245750775,1.31410623384565,-0.0589268367218643,-1.13673243328243,-0.691045877607538,-1.13722387000895,-0.383765126913176
source/12kHz_DE_data/OR/Centered/0014/OR014@6_0.mat,source,train,OR,1,7,4.726,5.394,19.9954666666667,1796,1.31726457816289,1.25034407836266,1.49635825143967,-0.240508344103279,-1.12873377546593,-0.219195372565289,-1.06617371494372,-0.371828722381597
source/12kHz_DE_data/OR/Centered/0014/OR014@6_0.mat,source,train,OR,1,8,5.394,6.062,19.9954666666667,1796,1.55443047970278,1.4942588029861,1.51048875967188,0.0486299508623501,-1.12464344386395,-0.852048462242996,-1.10205146748237,-0.60297297189716
source/12kHz_DE_data/OR/Centered/0014/OR014@6_0.mat,source,train,OR,1,9,6.062,6.73,19.9954666666667,1796,1.61113581458599,1.51835171241812,1.71411374354817,-0.163643092971067,-1.08988999409358,-0.650777197860136,-0.72197263743885,-0.575966458333968
source/12kHz_DE_data/OR/Centered/0014/OR014@6_0.mat,source,train,OR,1,10,6.73,7.398,19.9954666666667,1796,0.949130724154884,1.20509895007769,1.06291708274458,-0.386955059711394,-1.1232831930736,-0.51665080555298,-1.08697594811508,-0.29313134438229
source/12kHz_DE_data/OR/Centered/0014/OR014@6_1.mat,source,train,OR,1,0,0.05,0.727,19.9940666666667,1772,1.49917851195375,1.36337127952373,1.3302984079678,0.211962584203011,-1.12720109851905,-0.631060709673271,-0.939254304548041,-0.562482284518276
source/12kHz_DE_data/OR/Centered/0014/OR014@6_1.mat,source,train,OR,1,1,0.727,1.404,19.9940666666667,1772,1.69916257099207,1.45904326697438,1.46606441658095,-0.335851304647639,-1.13395445631622,-0.43537446920336,-1.06099448043699,-0.54469350914176
source/12kHz_DE_data/OR/Centered/0014/OR014@6_1.mat,source,train,OR,1,2,1.404,2.081,19.9940666666667,1772,1.7080478754083,1.39854648639648,1.33302632943288,-0.021888761539091,-1.12778543160505,-0.458458384596896,-0.896245129653197,-0.0363476473056902
source/12kHz_DE_data/OR/Centered/0014/OR014@6_1.mat,source,train,OR,1,3,2.081,2.758,19.9940666666667,1772,1.35698077076415,1.39445173127191,1.37820227376241,-0.072993657319538,-1.14417549570569,-0.93663293627133,-1.16502323976331,-0.353402873852217
source/12kHz_DE_data/OR/Centered/0014/OR014@6_1.mat,source,train,OR,1,4,2.758,3.435,19.9940666666667,1772,1.45313891230109,1.47512294478872,1.23404963438401,0.0361759440776138,-1.12813986314901,-0.658985103461025,-0.950945715840762,-0.439884119005258
source/12kHz_DE_data/OR/Centered/0014/OR014@6_1.mat,source,train,OR,1,5,3.435,4.112,19.9940666666667,1772,1.38793104199494,1.57148450475965,1.24258369211588,-0.5410191297351,-1.12165472381755,-1.10952150822175,-0.884240001524057,-0.729340502986048
source/12kHz_DE_data/OR/Centered/0014/OR014@6_1.mat,source,train,OR,1,6,4.112,4.789,19.9940666666667,1772,1.48228050057826,1.39963878687646,1.40988961271599,-0.188143154263129,-1.1236567830794,-0.907371074756625,-0.957200936781681,-0.630411628672754
source/12kHz_DE_data/OR/Centered/0014/OR014@6_1.mat,source,train,OR,1,7,4.789,5.466,19.9940666666667,1772,1.59573568167804,1.43451445615906,1.76758154188799,-0.17070439156098,-1.14361990031244,-0.896925901684543,-1.13517119128371,-0.794552135782376
source/12kHz_DE_data/OR/Centered/0014/OR014@6_1.mat,source,train,OR,1,8,5.466,6.143,19.9940666666667,1772,1.22651282004883,1.51445769295087,1.31860899150583,-0.0515340452064007,-1.13168417858866,-1.34834740835742,-0.982349146165525,-0.640313307472393
source/12kHz_DE_data/OR/Centered/0014/OR014@6_1.mat,source,train,OR,1,9,6.143,6.82,19.9940666666667,1772,1.33778511450315,1.45969968194996,1.37592676130227,-0.429655869560137,-1.14791139576369,-1.34644864566267,-1.2080777296433,-0.458561196091401
source/12kHz_DE_data/OR/Centered/0014/OR014@6_1.mat,source,train,OR,1,10,6.82,7.497,19.9940666666667,1772,1.45879294312901,1.3712740331575,1.38486308275448,-0.104296849386944,-1.13152133166305,-0.434267693795953,-0.841481585005928,-0.2748685724288
source/12kHz_DE_data/OR/Centered/0014/OR014@6_2.mat,source,validation,OR,1,0,0.05,0.736,19.9969,1749,1.94089286517219,1.38107800351895,1.27166076098964,-0.0625169423246279,-1.13152133166305,-0.917496380962695,-1.10017763539734,0.155135819664169
source/12kHz_DE_data/OR/Centered/0014/OR014@6_2.mat,source,validation,OR,1,1,0.736,1.422,19.9969,1749,1.34087194205613,1.36012361761583,1.38023056008077,-0.0993437322750325,-1.1324505170621,-1.25476006587856,-1.11395344007523,-0.581969884230175
source/12kHz_DE_data/OR/Centered/0014/OR014@6_2.mat,source,validation,OR,1,2,1.422,2.108,19.9969,1749,1.47486865482039,1.27163023245656,1.30306088564781,-0.0466410671289492,-1.13369581708143,-1.01380638803212,-1.08865797705111,-0.511228878159702
source/12kHz_DE_data/OR/Centered/0014/OR014@6_2.mat,source,validation,OR,1,3,2.108,2.794,19.9969,1749,1.67880516247736,1.38413145685594,1.73829846838139,-0.353257684604924,-1.13337970246114,-0.642722326481831,-1.11116897041016,-0.538643794866377
source/12kHz_DE_data/OR/Centered/0014/OR014@6_2.mat,source,validation,OR,1,4,2.794,3.48,19.9969,1749,1.64560053501038,1.31198910341676,1.81332736565696,-0.289946931142604,-1.10530297664058,-0.711894483162575,-0.672573585595553,-0.544259543757295
source/12kHz_DE_data/OR/Centered/0014/OR014@6_2.mat,source,validation,OR,1,5,3.48,4.166,19.9969,1749,1.3860658264383,1.24142387154709,1.45338216585725,0.201165265034674,-1.11554317449189,-0.694248013583975,-1.03391140002491,-0.73273328437315
source/12kHz_DE_data/OR/Centered/0014/OR014@6_2.mat,source,validation,OR,1,6,4.166,4.852,19.9969,1749,1.33262414048109,1.33385583358732,1.55554559398043,-0.0416950626633124,-1.11812956683974,-0.895292735296178,-0.985730219168842,-0.938319403103181
source/12kHz_DE_data/OR/Centered/0014/OR014@6_2.mat,source,validation,OR,1,7,4.852,5.538,19.9969,1749,1.66116468095641,1.38953756740896,2.12933729168903,-0.122326574585385,-1.12107039073155,-0.805958134528067,-0.986140613346743,-0.776714279725777
source/12kHz_DE_data/OR/Centered/0014/OR014@6_2.mat,source,validation,OR,1,8,5.538,6.224,19.9969,1749,1.72123159478002,1.35256713207347,1.4758655360748,0.0730203750375278,-1.14070781411338,-0.60726747238204,-1.07882131406181,-0.231686705782359
source/12kHz_DE_data/OR/Centered/0014/OR014@6_2.mat,source,validation,OR,1,9,6.224,6.91,19.9969,1749,1.41961317990743,1.40997127395523,1.69972430183552,-0.196767688414518,-1.1324505170621,-1.22482580665815,-0.992926291946062,-0.741563747046558
source/12kHz_DE_data/OR/Centered/0014/OR014@6_2.mat,source,validation,OR,1,10,6.91,7.596,19.9969,1749,1.82717511897096,1.37598196226258,1.61331903957665,-0.0202388182861656,-1.12576421388136,-1.01775285237766,-0.819332668495092,-0.772873180949337
source/12kHz_DE_data/OR/Centered/0014/OR014@6_3.mat,source,train,OR,1,0,0.05,0.7465,20.0011583333333,1723,1.9426079096338,1.36750945442994,1.49837954188108,-0.416925243745833,-1.01941559223011,-0.594058636470785,-0.0404766022878617,-0.0915960626114267
source/12kHz_DE_data/OR/Centered/0014/OR014@6_3.mat,source,train,OR,1,1,0.7465,1.443,20.0011583333333,1723,1.7513638320335,1.46919063021393,1.35345386759339,-0.286128975255111,-1.05759840666912,-0.621024154504614,-0.306111723399834,-0.213039593271207
source/12kHz_DE_data/OR/Centered/0014/OR014@6_3.mat,source,train,OR,1,2,1.443,2.1395,20.0011583333333,1723,1.8610425563677,1.42595416878736,1.10982933928701,-0.0724636486294632,-1.13487406248434,-0.761602579664399,-1.09939611183304,-0.0933589530887317
source/12kHz_DE_data/OR/Centered/0014/OR014@6_3.mat,source,train,OR,1,3,2.1395,2.836,20.0011583333333,1723,1.11573490680158,1.30350138103792,0.334719017371206,0.156633264347866,-1.03808551328922,-0.916329062518027,-0.285413485583377,0.0315959885833603
source/12kHz_DE_data/OR/Centered/0014/OR014@6_3.mat,source,train,OR,1,4,2.836,3.5325,20.0011583333333,1723,1.90167229783677,1.40417850370558,0.926196889427067,-0.101894396946604,-1.14545911264869,-0.990808347752547,-1.13056876453517,0.226736254247245
source/12kHz_DE_data/OR/Centered/0014/OR014@6_3.mat,source,train,OR,1,5,3.5325,4.229,20.0011583333333,1723,1.81518630152002,1.30796600620092,1.31960427873687,-0.0169794668112151,-0.986779152492603,-0.52165604968501,0.32254646745101,0.0393938268566412
source/12kHz_DE_data/OR/Centered/0014/OR014@6_3.mat,source,train,OR,1,6,4.229,4.9255,20.0011583333333,1723,1.83756870411677,1.44353719486685,1.5214498917285,-0.0545460162930054,-1.09887531269463,-0.541190402402269,-0.441776245529172,-0.444796250866411
source/12kHz_DE_data/OR/Centered/0014/OR014@6_3.mat,source,train,OR,1,7,4.9255,5.622,20.0011583333333,1723,2.02306966471388,1.39811401284485,1.2348544293137,0.0502975587140628,-1.00094683502027,-0.690527836256443,0.0829757648804891,0.0935771789999324
source/12kHz_DE_data/OR/Centered/0014/OR014@6_3.mat,source,train,OR,1,8,5.622,6.3185,20.0011583333333,1723,2.06304414088366,1.42596386056031,1.34038234044429,0.0299284031831595,-1.06193779827496,-0.784829965485933,-0.102457132667826,0.0452365046728254
source/12kHz_DE_data/OR/Centered/0014/OR014@6_3.mat,source,train,OR,1,9,6.3185,7.015,20.0011583333333,1723,1.7174973268342,1.51419198106247,1.57280673210104,-0.140050252665972,-1.12730647005915,-0.952884992088419,-0.910540670556812,-0.440746980368231
source/12kHz_DE_data/OR/Centered/0014/OR014@6_3.mat,source,train,OR,1,10,7.015,7.7115,20.0011583333333,1723,1.92767895780141,1.40570558578639,1.39852829889784,-0.0115385480452137,-1.06258918597738,-0.948459753826227,-0.420873240730091,-0.312452979410226
source/12kHz_DE_data/OR/Centered/0021/OR021@6_0.mat,source,train,OR,1,0,0.05,0.718,19.9954666666667,1796,-1.34549016331172,-0.721473583833256,-1.19682248491881,0.355057382171534,1.31089518490957,-0.09616517027117,1.21642829697606,0.861068021942314
source/12kHz_DE_data/OR/Centered/0021/OR021@6_0.mat,source,train,OR,1,1,0.718,1.386,19.9954666666667,1796,-1.3401419321008,-0.505801754969979,-1.26342987162613,0.674268280315679,1.08093712824173,-0.0992955226274389,1.01485907751025,0.944814989297311
source/12kHz_DE_data/OR/Centered/0021/OR021@6_0.mat,source,train,OR,1,2,1.386,2.054,19.9954666666667,1796,-1.31563615298258,-0.615937277689759,-1.24260005203116,0.338637349063073,1.02967564477619,-0.144839586776601,1.08837849575967,0.928619082688281
source/12kHz_DE_data/OR/Centered/0021/OR021@6_0.mat,source,train,OR,1,3,2.054,2.722,19.9954666666667,1796,-1.42284158883068,-0.558667384110135,-1.25936399434783,0.457544341691297,1.67997786586146,-0.101586138097298,1.99366212347048,1.00778684809378
source/12kHz_DE_data/OR/Centered/0021/OR021@6_0.mat,source,train,OR,1,4,2.722,3.39,19.9954666666667,1796,-1.2570048162211,-0.614498459766345,-1.20206135970819,-0.287748403733286,1.02172292864976,-0.189500443273479,1.05993807099227,0.887440160893984
source/12kHz_DE_data/OR/Centered/0021/OR021@6_0.mat,source,train,OR,1,5,3.39,4.058,19.9954666666667,1796,-1.35896516278622,-0.726634086837824,-1.23148630878222,1.65614708642442,1.23155965535917,-0.0702476329120621,1.13998757466334,0.886452172952402
source/12kHz_DE_data/OR/Centered/0021/OR021@6_0.mat,source,train,OR,1,6,4.058,4.726,19.9954666666667,1796,-1.36508849182151,-0.658391844674682,-1.24478134620929,1.80776462967854,1.41696333854762,-0.137157410611047,1.42833313692408,0.899909921486179
source/12kHz_DE_data/OR/Centered/0021/OR021@6_0.mat,source,train,OR,1,7,4.726,5.394,19.9954666666667,1796,-1.45293292109294,-0.624198440075717,-1.25515886045107,1.35161049743166,1.65717369190857,-0.111325511170021,1.52884517033525,0.94100175355754
source/12kHz_DE_data/OR/Centered/0021/OR021@6_0.mat,source,train,OR,1,8,5.394,6.062,19.9954666666667,1796,-1.46368173963126,-0.767881110615314,-1.28016948996164,0.227557001038111,1.07614633539449,-0.00958323545858365,1.05980934508811,0.992189596010584
source/12kHz_DE_data/OR/Centered/0021/OR021@6_0.mat,source,train,OR,1,9,6.062,6.73,19.9954666666667,1796,-1.39281034330638,-0.599468780520367,-1.3084776958563,0.0841236705964851,0.861518815837832,-0.138481528831786,1.16154732104401,1.03658582130094
source/12kHz_DE_data/OR/Centered/0021/OR021@6_0.mat,source,train,OR,1,10,6.73,7.398,19.9954666666667,1796,-1.35383977423023,-0.507336936238497,-1.32559430740951,0.352230597276218,1.3218181926013,-0.170351868720042,1.43873214447019,1.05315491227853
source/12kHz_DE_data/OR/Centered/0021/OR021@6_1.mat,source,train,OR,1,0,0.05,0.7275,19.9975416666667,1771,-1.3697673214241,-0.351760158199347,-1.30559231952369,1.0695499831004,1.20061113356596,-0.649974920687799,1.57684136216734,1.04897218527412
source/12kHz_DE_data/OR/Centered/0021/OR021@6_1.mat,source,train,OR,1,1,0.7275,1.405,19.9975416666667,1771,-1.36950821359187,-0.487793920951871,-1.27402126426509,1.71646126209227,1.35477884739035,-0.61205253564463,1.70977021759933,1.01229438119172
source/12kHz_DE_data/OR/Centered/0021/OR021@6_1.mat,source,train,OR,1,2,1.405,2.0825,19.9975416666667,1771,-1.30403344642075,-0.477061014617832,-1.28423616284528,0.664495766376331,1.22293622823412,-0.622664524034427,1.46597163497393,1.04519401687262
source/12kHz_DE_data/OR/Centered/0021/OR021@6_1.mat,source,train,OR,1,3,2.0825,2.76,19.9975416666667,1771,-1.25118660344919,-0.491996631734358,-1.2029024936964,0.615265099396373,1.52389383489816,-0.511705203877165,1.46176579918478,0.899572736677803
source/12kHz_DE_data/OR/Centered/0021/OR021@6_1.mat,source,train,OR,1,4,2.76,3.4375,19.9975416666667,1771,-1.32202366722836,-0.586678290172444,-1.21930923149801,0.904297238995665,1.2593462538732,-0.517222309326021,1.32201706708242,0.912201347162345
source/12kHz_DE_data/OR/Centered/0021/OR021@6_1.mat,source,train,OR,1,5,3.4375,4.115,19.9975416666667,1771,-1.40050695665886,-0.734981165800283,-1.18718922517512,0.79698554770879,1.36972612107376,-0.496543706061708,1.43262028790006,0.947484314530755
source/12kHz_DE_data/OR/Centered/0021/OR021@6_1.mat,source,train,OR,1,6,4.115,4.7925,19.9975416666667,1771,-1.39116132035309,-0.459380280421692,-1.26144824278511,0.403097813902255,1.25350148659956,-0.0396502469518952,1.60806139356294,1.11064456365813
source/12kHz_DE_data/OR/Centered/0021/OR021@6_1.mat,source,train,OR,1,7,4.7925,5.47,19.9975416666667,1771,-1.33281544642458,-0.410651058572537,-1.29511756720857,0.258896891619845,0.707925997155102,-0.161683383683004,0.744743068153508,1.10238147730612
source/12kHz_DE_data/OR/Centered/0021/OR021@6_1.mat,source,train,OR,1,8,5.47,6.1475,19.9975416666667,1771,-1.23874380335148,-0.475596366144769,-1.23863516577566,0.31269956671961,1.45931394731728,-0.582003720300047,1.83190898213541,0.98375084803677
source/12kHz_DE_data/OR/Centered/0021/OR021@6_1.mat,source,train,OR,1,9,6.1475,6.825,19.9975416666667,1771,-1.17673286662242,-0.47143302321973,-1.14945515424287,0.390853395142647,1.32066840231796,-0.471377490368162,0.925041579654774,0.878537766403052
source/12kHz_DE_data/OR/Centered/0021/OR021@6_1.mat,source,train,OR,1,10,6.825,7.5025,19.9975416666667,1771,-1.2814893091595,-0.632309643932453,-1.14973273571768,1.49920607042701,1.53405031573433,-0.484042560829048,1.16228197725764,0.818342392283014
source/12kHz_DE_data/OR/Centered/0021/OR021@6_2.mat,source,validation,OR,1,0,0.05,0.7365,20.0000333333333,1748,-1.31395959152167,-0.575566642735482,-1.16526285760344,0.566941986074822,1.74292888387428,-0.514354451342881,1.68540321368165,0.898318244262258
source/12kHz_DE_data/OR/Centered/0021/OR021@6_2.mat,source,validation,OR,1,1,0.7365,1.423,20.0000333333333,1748,-1.31826148271934,-0.731735888313492,-1.10527066344519,0.397786282470372,1.41619681169206,-0.433882345960745,1.53958974385663,0.800793487049633
source/12kHz_DE_data/OR/Centered/0021/OR021@6_2.mat,source,validation,OR,1,2,1.423,2.1095,20.0000333333333,1748,-1.30073821129617,-0.332952000819204,-1.26438320101683,1.89580754907828,1.23452994692446,-0.261728800384152,1.70801268186883,1.06830877545387
source/12kHz_DE_data/OR/Centered/0021/OR021@6_2.mat,source,validation,OR,1,3,2.1095,2.796,20.0000333333333,1748,-1.31818594259674,-0.421780058137701,-1.2725476394584,0.074086720448941,1.21230066811324,-0.668939774624488,1.83382146443513,1.05171156339335
source/12kHz_DE_data/OR/Centered/0021/OR021@6_2.mat,source,validation,OR,1,4,2.796,3.4825,20.0000333333333,1748,-1.41404559875995,-0.555389465880458,-1.25396595825238,1.08049183972371,1.12156305158638,-0.146727162199344,1.43178179212199,1.08445255293164
source/12kHz_DE_data/OR/Centered/0021/OR021@6_2.mat,source,validation,OR,1,5,3.4825,4.169,20.0000333333333,1748,-1.36309489765939,-0.30924325847567,-1.32270749658579,1.39118983207573,1.16017684193519,-0.710954296148209,1.06610271860652,1.09316124575125
source/12kHz_DE_data/OR/Centered/0021/OR021@6_2.mat,source,validation,OR,1,6,4.169,4.8555,20.0000333333333,1748,-1.31152896499228,-0.447854161305279,-1.24379088758522,1.58514839754925,1.49716121081053,-0.578660336984618,1.2074179221802,0.993879567306771
source/12kHz_DE_data/OR/Centered/0021/OR021@6_2.mat,source,validation,OR,1,7,4.8555,5.542,20.0000333333333,1748,-1.34039444801779,-0.412382460578558,-1.22017783305726,0.695139415142644,1.31961442789156,-0.518147346206757,1.35011170538458,0.905505665946418
source/12kHz_DE_data/OR/Centered/0021/OR021@6_2.mat,source,validation,OR,1,8,5.542,6.2285,20.0000333333333,1748,-1.34271948302271,-0.570935806818195,-1.19985921582593,2.41039713591784,1.83893637253311,-0.510464242852579,1.88722164309465,0.938812177593772
source/12kHz_DE_data/OR/Centered/0021/OR021@6_2.mat,source,validation,OR,1,9,6.2285,6.915,20.0000333333333,1748,-1.22751687926677,-0.493320289258676,-1.13745558421464,-0.428539798229052,1.08170365509729,-0.159762496142037,1.33229982586738,0.934508535948236
source/12kHz_DE_data/OR/Centered/0021/OR021@6_2.mat,source,validation,OR,1,10,6.915,7.6015,20.0000333333333,1748,-1.39227969120566,-0.323709119837285,-1.26883106158382,0.273420191516328,1.01166226367054,-0.137712880137709,1.11980116825554,1.09710783793846
source/12kHz_DE_data/OR/Centered/0021/OR021@6_3.mat,source,test,OR,1,0,0.05,0.7475,20.006625,1721,-1.07300363109438,-0.600608075793235,-0.900758051409472,0.99524279454347,1.45481060204087,-0.254301114575354,1.61791014931827,0.626452785535237
source/12kHz_DE_data/OR/Centered/0021/OR021@6_3.mat,source,test,OR,1,1,0.7475,1.445,20.006625,1721,-1.15496644306764,-0.287484913040744,-1.18110992166328,-0.0551585153148656,0.791094160983305,-0.629300765691234,1.15062000479163,1.00912889332966
source/12kHz_DE_data/OR/Centered/0021/OR021@6_3.mat,source,test,OR,1,2,1.445,2.1425,20.006625,1721,-1.06818692137336,-0.230159176851939,-1.09938282221957,0.280529216075316,0.794639347690268,-0.611855497597498,1.08873801324044,0.87751754268571
source/12kHz_DE_data/OR/Centered/0021/OR021@6_3.mat,source,test,OR,1,3,2.1425,2.84,20.006625,1721,-1.07710788084322,-0.294233903101915,-1.16187563504764,1.47184186058012,1.28694122067334,-0.67399546819187,1.77159992965399,1.01998321152096
source/12kHz_DE_data/OR/Centered/0021/OR021@6_3.mat,source,test,OR,1,4,2.84,3.5375,20.006625,1721,-1.03272389752847,-0.337229772432659,-1.13028073110767,0.473717607464184,1.36963030521682,-0.5965026741657,1.72999702638524,0.92521307521822
source/12kHz_DE_data/OR/Centered/0021/OR021@6_3.mat,source,test,OR,1,5,3.5375,4.235,20.006625,1721,-0.881753784063739,-0.247018757085328,-1.03870051876459,0.564744461449089,1.18825088802006,-0.554327851544224,1.14773147392287,0.801028749824998
source/12kHz_DE_data/OR/Centered/0021/OR021@6_3.mat,source,test,OR,1,6,4.235,4.9325,20.006625,1721,-1.10483038853912,-0.469270861724107,-1.04979776451453,1.30725302810526,1.83893637253311,-0.464848086751207,2.10321679945442,0.817017523080847
source/12kHz_DE_data/OR/Centered/0021/OR021@6_3.mat,source,test,OR,1,7,4.9325,5.63,20.006625,1721,-1.18272926674956,-0.457166755416875,-1.07353139145663,1.62087059094336,1.83040876126501,-0.497741463548427,1.71166783767147,0.81334269896422
source/12kHz_DE_data/OR/Centered/0021/OR021@6_3.mat,source,test,OR,1,8,5.63,6.3275,20.006625,1721,-0.959610102865757,-0.38353857988946,-1.00168860090603,-0.216368433031414,1.20703079598127,-0.496702395296055,1.73850247796656,0.849578760591919
source/12kHz_DE_data/OR/Centered/0021/OR021@6_3.mat,source,test,OR,1,9,6.3275,7.025,20.006625,1721,-1.00982662881127,-0.273914021312199,-1.11573445597864,-0.246869661123504,0.653502590410379,-0.645198099059756,0.739341045002126,0.963542954904993
source/12kHz_DE_data/OR/Centered/0021/OR021@6_3.mat,source,test,OR,1,10,7.025,7.7225,20.006625,1721,-1.07311113778742,-0.122418362541651,-1.1866360195534,0.843697874357481,1.33724454556943,-0.704457331815761,1.47598632836466,0.987255547282836
source/12kHz_DE_data/OR/Opposite/0007/OR007@12_0.mat,source,test,OR,1,0,0.05,0.718,20.0066,1797,-0.337679443768464,0.289896784445601,-0.595987644594761,-0.478749323287392,-0.530800564600401,-0.396333115243563,0.279500797893361,0.221587348382654
source/12kHz_DE_data/OR/Opposite/0007/OR007@12_0.mat,source,test,OR,1,1,0.718,1.386,20.0066,1797,0.0106180075955018,0.433494634098986,-0.217442849828296,-0.280608115296979,-0.647772562758777,-0.452760951155751,-0.379549971513153,-0.09335031336728
source/12kHz_DE_data/OR/Opposite/0007/OR007@12_0.mat,source,test,OR,1,2,1.386,2.054,20.0066,1797,0.242735730897772,0.497577576845108,0.332093600333393,-0.275235740348883,-0.683760998627294,-0.0277621213551914,-0.306212066504422,-0.505263308675109
source/12kHz_DE_data/OR/Opposite/0007/OR007@12_0.mat,source,test,OR,1,3,2.054,2.722,20.0066,1797,0.0657367598634339,0.600612342818034,0.177378297213516,-0.208908259486421,-0.646737751503771,-0.180872742742752,-0.0629233291046107,-0.505759313218372
source/12kHz_DE_data/OR/Opposite/0007/OR007@12_0.mat,source,test,OR,1,4,2.722,3.39,20.0066,1797,-0.170381404966061,0.450647826349114,-0.301470018855897,-0.551071828387891,-0.539232360011555,-0.444797330411588,0.500688585040179,-0.120410829387056
source/12kHz_DE_data/OR/Opposite/0007/OR007@12_0.mat,source,test,OR,1,5,3.39,4.058,20.0066,1797,-0.150825253394072,0.309246371891391,-0.372576840547701,-0.245945679900647,-0.539845581496002,-0.280737571573707,0.214760014803532,-0.00941239071488434
source/12kHz_DE_data/OR/Opposite/0007/OR007@12_0.mat,source,test,OR,1,6,4.058,4.726,20.0066,1797,-0.148135008245131,0.286014311196189,-0.350150850691994,-0.499003501591724,-0.538120896070994,-0.258795629292483,0.345192125735788,0.00518741989206353
source/12kHz_DE_data/OR/Opposite/0007/OR007@12_0.mat,source,test,OR,1,7,4.726,5.394,20.0066,1797,0.0237385176233174,0.446962511788068,-0.189440251965302,-0.208337314513882,-0.497226688326896,-0.294795784772114,0.112359607618396,0.0293323844828505
source/12kHz_DE_data/OR/Opposite/0007/OR007@12_0.mat,source,test,OR,1,8,5.394,6.062,20.0066,1797,0.147308150603642,0.430711888188727,0.391498034926851,-0.406663649599522,-0.581046399982324,0.0780447292706426,-0.0107059926959157,-0.731197522888692
source/12kHz_DE_data/OR/Opposite/0007/OR007@12_0.mat,source,test,OR,1,9,6.062,6.73,20.0066,1797,0.016566451757134,0.363555412853536,-0.00656393116432047,-0.661217912610804,-0.56127000710889,-0.0800269479363019,0.316910405704842,-0.592215587693121
source/12kHz_DE_data/OR/Opposite/0007/OR007@12_0.mat,source,test,OR,1,10,6.73,7.398,20.0066,1797,-0.113911050157295,0.337638453465991,-0.215506650650402,-0.169453088822698,-0.592237692073493,-0.406896598251902,0.212008582447711,-0.146766774664441
source/12kHz_DE_data/OR/Opposite/0007/OR007@12_1.mat,source,test,OR,1,0,0.05,0.727,20.00535,1773,0.370857438153148,0.546090234621508,-0.0639433210443507,-0.279252750062192,-0.609714504380249,-1.14365074871058,-0.258898154364798,0.302079549535328
source/12kHz_DE_data/OR/Opposite/0007/OR007@12_1.mat,source,test,OR,1,1,0.727,1.404,20.00535,1773,0.707751160741773,0.736796334921352,0.341867286562061,-0.367405277416894,-0.687861917304537,-1.03152222555424,-0.386901192853131,-0.0811684529662465
source/12kHz_DE_data/OR/Opposite/0007/OR007@12_1.mat,source,test,OR,1,2,1.404,2.081,20.00535,1773,0.570084015280019,0.823533357511723,0.430030278784456,-0.63030643556062,-0.685025767938967,-1.10693092427163,-0.359569663611968,-0.340609937955448
source/12kHz_DE_data/OR/Opposite/0007/OR007@12_1.mat,source,test,OR,1,3,2.081,2.758,20.00535,1773,0.351628213850677,0.691239314533743,0.00125886622152181,-0.45615423758175,-0.525128265869261,-1.1523572129306,0.343073501215635,0.157259831000917
source/12kHz_DE_data/OR/Opposite/0007/OR007@12_1.mat,source,test,OR,1,4,2.758,3.435,20.00535,1773,-0.0148169431262157,0.440862733719665,-0.43235147966275,-0.314631654418605,-0.478331801337355,-0.353659214418847,0.657596996832665,0.386787550199444
source/12kHz_DE_data/OR/Opposite/0007/OR007@12_1.mat,source,test,OR,1,5,3.435,4.112,20.00535,1773,-0.173778562380403,0.447425495528274,-0.621141240829487,-0.514103766059247,-0.396466733163603,-0.530592414119611,0.875467785501303,0.56460286011875
source/12kHz_DE_data/OR/Opposite/0007/OR007@12_1.mat,source,test,OR,1,6,4.112,4.789,20.00535,1773,0.218904758441994,0.62162198054691,-0.148479195469895,-0.221004805486591,-0.573802721197287,-1.19544662924752,0.0185942256129987,0.350050326328268
source/12kHz_DE_data/OR/Opposite/0007/OR007@12_1.mat,source,test,OR,1,7,4.789,5.466,20.00535,1773,0.44233349130307,0.819344400167186,0.319997768128942,-0.52980029241262,-0.599213086459084,-1.09784562533551,0.0395568436466336,-0.272409237673047
source/12kHz_DE_data/OR/Opposite/0007/OR007@12_1.mat,source,test,OR,1,8,5.466,6.143,20.00535,1773,0.241763080611288,0.789174651627671,0.189449401769459,-0.476808980279427,-0.639839009803736,-1.09641150951746,-0.0444456646473062,-0.313239474980269
source/12kHz_DE_data/OR/Opposite/0007/OR007@12_1.mat,source,test,OR,1,9,6.143,6.82,20.00535,1773,0.366199472417086,0.705972803999215,-0.0310456525141927,-0.665591323126196,-0.541110350807676,-1.19851053588854,0.559102627799988,0.10066139022899
source/12kHz_DE_data/OR/Opposite/0007/OR007@12_1.mat,source,test,OR,1,10,6.82,7.497,20.00535,1773,0.0353647826149159,0.616477891053386,-0.389103683780643,-0.494719154031273,-0.598178275204079,-0.374011747977668,0.127688369855407,0.339623711035662
source/12kHz_DE_data/OR/Opposite/0007/OR007@12_2.mat,source,test,OR,1,0,0.05,0.7355,19.99375,1750,-0.0721172326631416,0.0676766311237119,-0.35776344125571,-0.263898547823271,-0.429504040638216,-0.323830253993653,0.162613283257063,0.208891349757328
source/12kHz_DE_data/OR/Opposite/0007/OR007@12_2.mat,source,test,OR,1,1,0.7355,1.421,19.99375,1750,-0.134993421840008,0.0487443870033136,-0.364454376907074,-0.187275691869999,-0.44322487135273,-0.245978595860036,0.128185536438855,0.112307518914216
source/12kHz_DE_data/OR/Opposite/0007/OR007@12_2.mat,source,test,OR,1,2,1.421,2.1065,19.99375,1750,0.0410424528506634,0.0798092853610904,-0.248221328107729,-0.134989547444682,-0.508609612131954,-0.352622809981746,0.0865809560889616,0.134936168977456
source/12kHz_DE_data/OR/Opposite/0007/OR007@12_2.mat,source,test,OR,1,3,2.1065,2.792,19.99375,1750,-0.066852776176318,0.240418311431786,-0.3638326194708,-0.156276763770164,-0.429887304065996,-0.292566209888777,0.265542310918302,0.123958245730819
source/12kHz_DE_data/OR/Opposite/0007/OR007@12_2.mat,source,test,OR,1,4,2.792,3.4775,19.99375,1750,-0.209309861929468,0.170275513383582,-0.477074117422997,-0.193536775011971,-0.456945702067245,-0.374172419437567,0.186008110507743,0.245353153570671
source/12kHz_DE_data/OR/Opposite/0007/OR007@12_2.mat,source,test,OR,1,5,3.4775,4.163,19.99375,1750,-0.251623120971617,0.21459084308924,-0.608089885329645,-0.0984876664252968,-0.223231663807161,-0.508701872234879,0.812490521927373,0.423706930709796
source/12kHz_DE_data/OR/Opposite/0007/OR007@12_2.mat,source,test,OR,1,6,4.163,4.8485,19.99375,1750,-0.271085489515452,0.0524392163303174,-0.578314689624116,-0.354330436401863,-0.516466512401438,-0.474377141846991,-0.0438757562078296,0.378151114466213
source/12kHz_DE_data/OR/Opposite/0007/OR007@12_2.mat,source,test,OR,1,7,4.8485,5.534,19.99375,1750,-0.17530319979443,0.149252512209563,-0.54228418131274,-0.274524103662841,-0.473770966546776,-0.468826537029357,0.0509712550115847,0.417154431902981
source/12kHz_DE_data/OR/Opposite/0007/OR007@12_2.mat,source,test,OR,1,8,5.534,6.2195,19.99375,1750,-0.231546755991546,0.124152042934335,-0.484051409241245,-0.44899853959616,-0.53516976767709,-0.366753023665622,-0.142148262855167,0.111396167094673
source/12kHz_DE_data/OR/Opposite/0007/OR007@12_2.mat,source,test,OR,1,9,6.2195,6.905,19.99375,1750,-0.124652545954588,0.123723511727784,-0.480510179502536,-0.256511638505732,-0.581199705353436,-0.340895879798075,-0.213451420628201,0.304544586375319
source/12kHz_DE_data/OR/Opposite/0007/OR007@12_2.mat,source,test,OR,1,10,6.905,7.5905,19.99375,1750,-0.00510102448381174,0.267750676162454,-0.376287147019957,-0.203724321796103,-0.465339171135621,-0.389984027486846,0.0993957799005219,0.170783614417259
source/12kHz_DE_data/OR/Opposite/0007/OR007@12_3.mat,source,train,OR,1,0,0.05,0.746,19.9984,1724,-0.114625249255721,0.248769125384603,-0.17844370797426,-0.38131886936782,-0.469785026897866,-0.344546397925588,0.276659904906912,-0.0822192327580251
source/12kHz_DE_data/OR/Opposite/0007/OR007@12_3.mat,source,train,OR,1,1,0.746,1.442,19.9984,1724,-0.208139860531263,0.1533633841957,-0.267653337393795,-0.29410977425362,-0.556632519632755,-0.29002134197474,0.0559140411377816,-0.0474740013634809
source/12kHz_DE_data/OR/Opposite/0007/OR007@12_3.mat,source,train,OR,1,2,1.442,2.138,19.9984,1724,-0.288357729658223,-0.00836401695578309,-0.281718962686634,-0.288518835374097,-0.568858622978929,-0.17607235207315,-0.172278933783134,-0.00171837407042035
source/12kHz_DE_data/OR/Opposite/0007/OR007@12_3.mat,source,train,OR,1,3,2.138,2.834,19.9984,1724,-0.0934886595824752,0.174465165727048,-0.220301942017682,-0.353102969979085,-0.568245401494481,-0.389965316165748,-0.179826956089562,0.151275449400713
source/12kHz_DE_data/OR/Opposite/0007/OR007@12_3.mat,source,train,OR,1,4,2.834,3.53,19.9984,1724,-0.105471289298632,0.0696166162453061,-0.241391983367586,-0.212062762191577,-0.511369108811968,-0.185086913642916,0.121594995293083,0.00428697585155917
source/12kHz_DE_data/OR/Opposite/0007/OR007@12_3.mat,source,train,OR,1,5,3.53,4.226,19.9984,1724,-0.157116785420871,0.14085379462029,-0.316811482772485,-0.517813446474081,-0.58150631609566,-0.3301046817406,-0.106121846354862,0.240965707273325
source/12kHz_DE_data/OR/Opposite/0007/OR007@12_3.mat,source,train,OR,1,6,4.226,4.922,19.9984,1724,-0.146567701403291,0.197143399975518,-0.38621065310587,-0.185024153225689,-0.53704775847321,-0.455777780472792,0.0786408675592714,0.293606466190494
source/12kHz_DE_data/OR/Opposite/0007/OR007@12_3.mat,source,train,OR,1,7,4.922,5.618,19.9984,1724,-0.0356908230223843,0.255202409129908,-0.353670310110488,-0.402200139382858,-0.544483068972137,-0.362139218808532,0.0160862315091211,0.240067161262363
source/12kHz_DE_data/OR/Opposite/0007/OR007@12_3.mat,source,train,OR,1,8,5.618,6.314,19.9984,1724,-0.113751433300147,0.121149723675606,-0.456714165560372,-0.474255876106026,-0.597871664461855,-0.341711337009637,-0.215466333222185,0.255312229093781
source/12kHz_DE_data/OR/Opposite/0007/OR007@12_3.mat,source,train,OR,1,9,6.314,7.01,19.9984,1724,-0.0758211878694781,0.265672867098815,-0.222363711365926,-0.385946995780868,-0.563952851103348,-0.288237941792452,-0.0481262415401399,-0.0473273591126714
source/12kHz_DE_data/OR/Opposite/0007/OR007@12_3.mat,source,train,OR,1,10,7.01,7.706,19.9984,1724,-0.301255039881563,0.156654836062633,-0.496096306380737,-0.415771062731181,-0.564067830131682,-0.379782642876546,-0.0498901474011281,0.223981169100156
source/12kHz_DE_data/OR/Opposite/0021/OR021@12_0.mat,source,validation,OR,1,0,0.05,0.718,19.9954666666667,1796,-1.22581630913846,-0.366850579132789,-1.46313512695362,-2.39259167895673,0.503646590148501,0.0767804587256321,1.6629787965064,1.60889131830444
source/12kHz_DE_data/OR/Opposite/0021/OR021@12_0.mat,source,validation,OR,1,1,0.718,1.386,19.9954666666667,1796,-1.23629645983072,-0.235218014422328,-1.47767081308806,-2.13363298339292,0.771260278595703,-0.0574831596657739,2.04286924583239,1.59705112290123
source/12kHz_DE_data/OR/Opposite/0021/OR021@12_0.mat,source,validation,OR,1,2,1.386,2.054,19.9954666666667,1796,-1.20885534333522,-0.42623358805092,-1.46241901693225,-2.63362561010525,0.698536043174498,0.122513684448158,1.81600729925564,1.63682207863659
source/12kHz_DE_data/OR/Opposite/0021/OR021@12_0.mat,source,validation,OR,1,3,2.054,2.722,19.9954666666667,1796,-1.19088380719432,-0.229468160101977,-1.45537695652175,-2.09567244251939,0.57857459027944,-0.00236876234164028,1.56622697394658,1.61129703223188
source/12kHz_DE_data/OR/Opposite/0021/OR021@12_0.mat,source,validation,OR,1,4,2.722,3.39,19.9954666666667,1796,-1.08882124941529,-0.407393178385961,-1.39135301557787,-2.09447369067771,0.533253689944486,0.130129894868558,1.62540923633307,1.58334104224366
source/12kHz_DE_data/OR/Opposite/0021/OR021@12_0.mat,source,validation,OR,1,5,3.39,4.058,19.9954666666667,1796,-1.13653098881466,-0.290977055893602,-1.43109492215933,-1.77866423521677,0.388188482529855,-0.00522032158013482,1.56813089477264,1.64972715696971
source/12kHz_DE_data/OR/Opposite/0021/OR021@12_0.mat,source,validation,OR,1,6,4.058,4.726,19.9954666666667,1796,-1.14146825594702,-0.380921167674954,-1.44360068929688,-2.93311241446897,0.457750794671878,0.0192111798163578,1.61794007234424,1.6246380459206
source/12kHz_DE_data/OR/Opposite/0021/OR021@12_0.mat,source,validation,OR,1,7,4.726,5.394,19.9954666666667,1796,-1.18519000145537,-0.27824521611415,-1.45167618818635,-2.50525489225668,0.67314484108409,-0.888587152829078,1.9129134526664,1.61429891461651
source/12kHz_DE_data/OR/Opposite/0021/OR021@12_0.mat,source,validation,OR,1,8,5.394,6.062,19.9954666666667,1796,-1.25374419018205,-0.456765588037708,-1.46684849436092,-2.49802649796112,0.689625168478619,0.0690389378051261,1.87948139794515,1.62238621945423
source/12kHz_DE_data/OR/Opposite/0021/OR021@12_0.mat,source,validation,OR,1,9,6.062,6.73,19.9954666666667,1796,-1.33007251312888,-0.30905341858587,-1.51925106695794,-2.03761141550193,0.715399633996807,0.0562318460431189,1.98116573051557,1.66157307400647
source/12kHz_DE_data/OR/Opposite/0021/OR021@12_0.mat,source,validation,OR,1,10,6.73,7.398,19.9954666666667,1796,-1.30655422411519,-0.359876494902978,-1.48478559748,-2.36745001656782,0.64497497914228,0.0041011541469103,1.69889750598994,1.59749228298603
source/12kHz_DE_data/OR/Opposite/0021/OR021@12_1.mat,source,train,OR,1,0,0.05,0.7275,19.9975416666667,1771,-1.18977910835631,-0.301895089157136,-1.4734797327607,-2.70655938273804,0.508820646423528,-0.874006445176547,1.722374304119,1.63230865289925
source/12kHz_DE_data/OR/Opposite/0021/OR021@12_1.mat,source,train,OR,1,1,0.7275,1.405,19.9975416666667,1771,-1.14078204542767,-0.374894747704334,-1.46431044386676,-3.00059510561988,0.583077935555852,-0.842439365206768,1.87897516867714,1.63025247790042
source/12kHz_DE_data/OR/Opposite/0021/OR021@12_1.mat,source,train,OR,1,2,1.405,2.0825,19.9975416666667,1771,-1.12798476693432,-0.267908227488112,-1.4860342115613,-2.81463331874451,0.462541587519125,-0.846716277883273,1.85411991873202,1.67556350039788
source/12kHz_DE_data/OR/Opposite/0021/OR021@12_1.mat,source,train,OR,1,3,2.0825,2.76,19.9975416666667,1771,-0.946751595496097,-0.371350818730101,-1.34765887579946,-2.21710403539332,0.18457978652187,-0.861748660499604,1.27942821432115,1.5333721649507
source/12kHz_DE_data/OR/Opposite/0021/OR021@12_1.mat,source,train,OR,1,4,2.76,3.4375,19.9975416666667,1771,-1.0587149562348,-0.367210154924383,-1.41579824399905,-3.04791671158219,0.454397239678805,-0.835803427181327,1.76839744630287,1.57396110928671
source/12kHz_DE_data/OR/Opposite/0021/OR021@12_1.mat,source,train,OR,1,5,3.4375,4.115,19.9975416666667,1771,-1.11345241411757,-0.290034142909805,-1.46833357050885,-2.8348729382023,0.62360804304356,-0.882971872062417,2.13921421206034,1.64221075237693
source/12kHz_DE_data/OR/Opposite/0021/OR021@12_1.mat,source,train,OR,1,6,4.115,4.7925,19.9975416666667,1771,-1.21973114178598,-0.33199050907949,-1.49058782595377,-2.73849897923165,0.480459152767827,-0.840582669738624,1.82731619646146,1.67646531058413
source/12kHz_DE_data/OR/Opposite/0021/OR021@12_1.mat,source,train,OR,1,7,4.7925,5.47,19.9975416666667,1771,-1.06688391217529,-0.282475116067616,-1.45341896003974,-3.06983285864422,0.49818508630264,-0.882046316541715,1.84851190264649,1.60653822889987
source/12kHz_DE_data/OR/Opposite/0021/OR021@12_1.mat,source,train,OR,1,8,5.47,6.1475,19.9975416666667,1771,-1.0832159347982,-0.233963381776453,-1.42186233966684,-2.65439529546851,0.620541935621322,-0.88061971929129,2.17142973069252,1.57425540626582
source/12kHz_DE_data/OR/Opposite/0021/OR021@12_1.mat,source,train,OR,1,9,6.1475,6.825,19.9975416666667,1771,-1.00224595971336,-0.376890359117842,-1.3861500558769,-2.82182279619004,0.572250743721075,-0.854041890622371,2.17037292977068,1.56041245678326
source/12kHz_DE_data/OR/Opposite/0021/OR021@12_1.mat,source,train,OR,1,10,6.825,7.5025,19.9975416666667,1771,-1.07954201819147,-0.318844456268062,-1.42563782696271,-2.20261043072077,0.276754640902896,-0.839757022910231,1.7144691089977,1.56337468654867
source/12kHz_DE_data/OR/Opposite/0021/OR021@12_2.mat,source,train,OR,1,0,0.05,0.7375,20.00625,1746,-1.04330776502926,-0.199814163520999,-1.42590975748977,-2.7375876481634,0.413771316334153,-0.878920098514408,1.61659296129269,1.53090764812441
source/12kHz_DE_data/OR/Opposite/0021/OR021@12_2.mat,source,train,OR,1,1,0.7375,1.425,20.00625,1746,-0.965479550038769,-0.38194373392886,-1.37527252946086,-3.10672943212551,0.374774262557564,0.0347811739293118,1.51318783732399,1.50819940875343
source/12kHz_DE_data/OR/Opposite/0021/OR021@12_2.mat,source,train,OR,1,2,1.425,2.1125,20.00625,1746,-0.983244169894718,-0.264186018139819,-1.3748610114478,-2.73472099510443,0.405531152636888,0.0557314458960127,1.81311886316002,1.56645550450777
source/12kHz_DE_data/OR/Opposite/0021/OR021@12_2.mat,source,train,OR,1,3,2.1125,2.8,20.00625,1746,-0.912169795446376,-0.304142213413749,-1.37953776725088,-2.91315139254355,0.392212748521543,-0.842926112938241,1.7072047013422,1.58077869488899
source/12kHz_DE_data/OR/Opposite/0021/OR021@12_2.mat,source,train,OR,1,4,2.8,3.4875,20.00625,1746,-1.21843847340285,-0.246866907358008,-1.49261364841962,-3.15783171468041,0.397386804796569,-0.0673013113150423,1.52434278206185,1.63552503494825
source/12kHz_DE_data/OR/Opposite/0021/OR021@12_2.mat,source,train,OR,1,5,3.4875,4.175,20.00625,1746,-0.922020159167409,-0.322061210345176,-1.42919468929963,-3.56672528205311,0.601953659374004,-0.824209327480316,2.00242540234146,1.65909285203112
source/12kHz_DE_data/OR/Opposite/0021/OR021@12_2.mat,source,train,OR,1,6,4.175,4.8625,20.00625,1746,-1.15590195205767,-0.169435394337811,-1.48905109017985,-2.95718369864102,0.529612687380579,-0.144986092057348,2.05844300571526,1.60655382935217
source/12kHz_DE_data/OR/Opposite/0021/OR021@12_2.mat,source,train,OR,1,7,4.8625,5.55,20.00625,1746,-0.764295925944938,-0.357579490702345,-1.34421220736593,-2.74122504056123,0.33778934177682,0.0163322936836061,1.70161151966669,1.56589405275703
source/12kHz_DE_data/OR/Opposite/0021/OR021@12_2.mat,source,train,OR,1,8,5.55,6.2375,20.00625,1746,-0.866510097072359,-0.180161506147138,-1.38887276571688,-2.57178941975455,0.370175101424208,-0.86944902101423,1.87024104708709,1.59944925583507
source/12kHz_DE_data/OR/Opposite/0021/OR021@12_2.mat,source,train,OR,1,9,6.2375,6.925,20.00625,1746,-0.993321110479345,-0.396299393125059,-1.42296781809501,-2.81666749728021,0.401506886645201,-0.828232617044984,1.8133850630973,1.67964718071076
source/12kHz_DE_data/OR/Opposite/0021/OR021@12_2.mat,source,train,OR,1,10,6.925,7.6125,20.00625,1746,-0.966500104480045,-0.258327164346183,-1.41244517595419,-2.94922390075433,0.443474231987083,-0.870947790572579,1.8188454861699,1.65413545558653
source/12kHz_DE_data/OR/Opposite/0021/OR021@12_3.mat,source,test,OR,1,0,0.05,0.7485,20.0003833333333,1718,-0.539466961506697,-0.330048061216104,-1.28624855235336,-2.92285916688333,0.35216172031856,0.00503301681143201,2.20097000563828,1.53357073496185
source/12kHz_DE_data/OR/Opposite/0021/OR021@12_3.mat,source,test,OR,1,1,0.7485,1.447,20.0003833333333,1718,-0.749509854217633,-0.191780703657126,-1.4193440656648,-3.10637669707485,0.393937433946552,-0.843974815036653,2.24089242991743,1.74082973057582
source/12kHz_DE_data/OR/Opposite/0021/OR021@12_3.mat,source,test,OR,1,2,1.447,2.1455,20.0003833333333,1718,-0.524212414663105,-0.248211189669313,-1.31935845190885,-3.14868513062098,0.328782651223996,-0.809886898452881,1.87399754260171,1.66040714215622
source/12kHz_DE_data/OR/Opposite/0021/OR021@12_3.mat,source,test,OR,1,3,2.1455,2.844,20.0003833333333,1718,-0.550068180017324,-0.270837707145881,-1.33809968382261,-3.0962661946103,0.276179745761227,-0.879247414016038,1.77138275363247,1.67648776267931
source/12kHz_DE_data/OR/Opposite/0021/OR021@12_3.mat,source,test,OR,1,4,2.844,3.5425,20.0003833333333,1718,-0.804624063513411,-0.282545094873835,-1.41217988872584,-3.53435620589122,0.0980580677005936,0.0121118145442652,1.23499932228963,1.68706102783388
source/12kHz_DE_data/OR/Opposite/0021/OR021@12_3.mat,source,test,OR,1,5,3.5425,4.241,20.0003833333333,1718,-0.282644214065533,-0.250868953814846,-1.25863345064116,-3.24394185427606,0.335106497782362,0.13060530395213,2.25282219975163,1.67879596118618
source/12kHz_DE_data/OR/Opposite/0021/OR021@12_3.mat,source,test,OR,1,6,4.241,4.9395,20.0003833333333,1718,-0.569162683384872,-0.297912684352902,-1.26560800735869,-3.15864337320166,0.188220789085777,0.0945449483457255,1.49455027426697,1.55075923960556
source/12kHz_DE_data/OR/Opposite/0021/OR021@12_3.mat,source,test,OR,1,7,4.9395,5.638,20.0003833333333,1718,-0.75071136231159,-0.309616891806822,-1.39859724346431,-3.01983273568301,0.357814855878311,0.0392312407494083,1.93077250142971,1.66273343469302
source/12kHz_DE_data/OR/Opposite/0021/OR021@12_3.mat,source,test,OR,1,8,5.638,6.3365,20.0003833333333,1718,-0.718470603033335,-0.274932497216985,-1.34053306891379,-2.59437458046076,0.331848758646234,0.0468499690800855,1.80938403183853,1.58708576100402
source/12kHz_DE_data/OR/Opposite/0021/OR021@12_3.mat,source,test,OR,1,9,6.3365,7.035,20.0003833333333,1718,-0.758751353870081,-0.153186919953124,-1.45108447814294,-3.04188273331126,0.307224083411386,-0.138271458791725,1.97132752832293,1.69075371902524
source/12kHz_DE_data/OR/Opposite/0021/OR021@12_3.mat,source,test,OR,1,10,7.035,7.7335,20.0003833333333,1718,-0.644140377352369,-0.220274717694337,-1.31549270918409,-2.64746555942541,0.20594672262059,-0.906912105040177,1.7387709636009,1.58623450606412
source/12kHz_DE_data/OR/Orthogonal/0007/OR007@3_0.mat,source,train,OR,1,0,0.05,0.718,20.0066,1797,-0.657223020255131,-0.631985013217904,0.204389602255343,0.305668265409992,0.0787032645977168,0.503302555311597,-0.998166158978857,-1.18003006544543
source/12kHz_DE_data/OR/Orthogonal/0007/OR007@3_0.mat,source,train,OR,1,1,0.718,1.386,20.0066,1797,-0.608641943183097,-0.607291943627464,0.344440881240016,0.292781642959285,0.0850271111560825,0.450709154877223,-1.00762688561545,-1.22987056844672
source/12kHz_DE_data/OR/Orthogonal/0007/OR007@3_0.mat,source,train,OR,1,2,1.386,2.054,20.0066,1797,-0.685515859065024,-0.549102374403247,0.26876244829384,0.32664998298827,0.16167979671203,0.311825553139441,-0.940415029033849,-1.11142691666253
source/12kHz_DE_data/OR/Orthogonal/0007/OR007@3_0.mat,source,train,OR,1,3,2.054,2.722,20.0066,1797,-0.610250120210429,-0.526969819327851,0.2931356728288,0.31566940018054,0.11741287080347,0.318238898358611,-1.04975029180517,-1.1522001776362
source/12kHz_DE_data/OR/Orthogonal/0007/OR007@3_0.mat,source,train,OR,1,4,2.722,3.39,20.0066,1797,-0.63819100424704,-0.576951913899221,0.250179514820806,0.321700685937718,0.16963251283846,0.364158136693287,-0.93255249790844,-1.13638980640925
source/12kHz_DE_data/OR/Orthogonal/0007/OR007@3_0.mat,source,train,OR,1,5,3.39,4.058,20.0066,1797,-0.604552652497865,-0.631728010167686,0.305820194039165,0.298737732657204,0.078511632883827,0.493133502466908,-1.04777534478707,-1.22688406321023
source/12kHz_DE_data/OR/Orthogonal/0007/OR007@3_0.mat,source,train,OR,1,6,4.058,4.726,20.0066,1797,-0.670668145398625,-0.671172925625872,0.296266426102368,0.290675195088499,0.0312744154099741,0.524305830092887,-1.0437668829289,-1.24738916870029
source/12kHz_DE_data/OR/Orthogonal/0007/OR007@3_0.mat,source,train,OR,1,7,4.726,5.394,20.0066,1797,-0.661851047080232,-0.615863325323556,0.249262391932789,0.310112535531437,0.108406180250647,0.444099653249666,-1.03588700225435,-1.15155956186095
source/12kHz_DE_data/OR/Orthogonal/0007/OR007@3_0.mat,source,train,OR,1,8,5.394,6.062,20.0066,1797,-0.683565358026499,-0.625953119535028,0.275864032298859,0.307144602249456,0.156026661152279,0.469192385798331,-0.972588990554914,-1.17290452196645
source/12kHz_DE_data/OR/Orthogonal/0007/OR007@3_0.mat,source,train,OR,1,9,6.062,6.73,20.0066,1797,-0.613400794203251,-0.627031443712663,0.242451664266736,0.336255594460667,0.185537945091319,0.378030559026529,-0.921402442774926,-1.09010764080352
source/12kHz_DE_data/OR/Orthogonal/0007/OR007@3_0.mat,source,train,OR,1,10,6.73,7.398,20.0066,1797,-0.694412690583945,-0.702217123313011,0.217995078652372,0.33344751337282,0.132839223771605,0.587970765674892,-1.01621005122052,-1.19545111909846
source/12kHz_DE_data/OR/Orthogonal/0007/OR007@3_1.mat,source,train,OR,1,0,0.05,0.7265,20.00185,1774,-0.783828007292841,-0.737258693777873,0.130980853687475,0.351560991579991,0.20632998604837,0.361449484693936,-1.05478549504299,-1.19347851562152
source/12kHz_DE_data/OR/Orthogonal/0007/OR007@3_1.mat,source,train,OR,1,1,0.7265,1.403,20.00185,1774,-0.802022333315381,-0.755448758917383,0.10259655228164,0.37775977845329,0.21993583773455,0.450512161472326,-1.02729981669512,-1.2243399270445
source/12kHz_DE_data/OR/Orthogonal/0007/OR007@3_1.mat,source,train,OR,1,2,1.403,2.0795,20.00185,1774,-0.82390852642623,-0.75432732545562,0.0767391301818656,0.401051290605571,0.237949218840198,0.502417379816592,-1.01984185246574,-1.22161031524065
source/12kHz_DE_data/OR/Orthogonal/0007/OR007@3_1.mat,source,train,OR,1,3,2.0795,2.756,20.00185,1774,-0.819632566095234,-0.745047012306099,0.123855460998414,0.361248671409125,0.214665965602579,0.43382349222977,-1.01257426084679,-1.20691282531634
source/12kHz_DE_data/OR/Orthogonal/0007/OR007@3_1.mat,source,train,OR,1,4,2.756,3.4325,20.00185,1774,-0.774212225219754,-0.737111913307497,0.134843908271238,0.358474252681759,0.209204461756718,0.428649156122479,-1.03964521671598,-1.22676525831128
source/12kHz_DE_data/OR/Orthogonal/0007/OR007@3_1.mat,source,train,OR,1,5,3.4325,4.109,20.00185,1774,-0.843388295364105,-0.794932402161969,0.0859450576566879,0.363563427973284,0.26420276364311,0.51673616808019,-0.977431659795182,-1.24509947795647
source/12kHz_DE_data/OR/Orthogonal/0007/OR007@3_1.mat,source,train,OR,1,6,4.109,4.7855,20.00185,1774,-0.767620275738529,-0.747328568203855,0.0971902987556017,0.386287362064725,0.239673904265207,0.517427907216172,-0.972662549819485,-1.22644585194551
source/12kHz_DE_data/OR/Orthogonal/0007/OR007@3_1.mat,source,train,OR,1,7,4.7855,5.462,20.00185,1774,-0.784671016826696,-0.764529583845667,0.0876083394434731,0.354647365256728,0.213228727748405,0.512199512041529,-1.05754289398953,-1.21449025143641
source/12kHz_DE_data/OR/Orthogonal/0007/OR007@3_1.mat,source,train,OR,1,8,5.462,6.1385,20.00185,1774,-0.8272679389976,-0.787465927383683,0.129107102242995,0.361325444851269,0.204892748194196,0.520556545953641,-1.0422412161703,-1.27022037717016
source/12kHz_DE_data/OR/Orthogonal/0007/OR007@3_1.mat,source,train,OR,1,9,6.1385,6.815,20.00185,1774,-0.759569907886856,-0.699821383234209,0.135364720122233,0.383026789856411,0.289306518162683,0.457425154241515,-0.988322492737927,-1.22916587959072
source/12kHz_DE_data/OR/Orthogonal/0007/OR007@3_1.mat,source,train,OR,1,10,6.815,7.4915,20.00185,1774,-0.74155465411649,-0.754904563965073,0.114911527307261,0.348131698615554,0.222235418301229,0.531907651416925,-1.02703649543324,-1.24943370099562
source/12kHz_DE_data/OR/Orthogonal/0007/OR007@3_2.mat,source,test,OR,1,0,0.05,0.7355,20.005175,1751,-0.54803592278107,-0.652584827476581,0.315608786355764,0.370685812017497,0.232870978422117,0.602113840581666,-1.02886226665195,-1.0992062785302
source/12kHz_DE_data/OR/Orthogonal/0007/OR007@3_2.mat,source,test,OR,1,1,0.7355,1.421,20.005175,1751,-0.589646686628983,-0.678445974213494,0.240678332437415,0.373849687870312,0.230858845426273,0.635972677353247,-1.00912640415441,-1.06657577284201
source/12kHz_DE_data/OR/Orthogonal/0007/OR007@3_2.mat,source,test,OR,1,2,1.421,2.1065,20.005175,1751,-0.586940568734915,-0.706184978007685,0.241939998181857,0.361188567985325,0.230667213712383,0.687933445854982,-1.06046593863639,-1.09466931887518
source/12kHz_DE_data/OR/Orthogonal/0007/OR007@3_2.mat,source,test,OR,1,3,2.1065,2.792,20.005175,1751,-0.596673434001392,-0.696118604974148,0.212600517453841,0.365211648038372,0.276563009189007,0.669022369382081,-0.953434928358782,-1.05633215862747
source/12kHz_DE_data/OR/Orthogonal/0007/OR007@3_2.mat,source,test,OR,1,4,2.792,3.4775,20.005175,1751,-0.564986036962269,-0.716850459479677,0.25139641329378,0.391020262749799,0.274550876193163,0.744808301144719,-0.970956330562394,-1.09003731309066
source/12kHz_DE_data/OR/Orthogonal/0007/OR007@3_2.mat,source,test,OR,1,5,3.4775,4.163,20.005175,1751,-0.549249467260099,-0.715431642379226,0.272283279860793,0.364228621698669,0.274455060336218,0.742881050506526,-0.984681041381809,-1.11235146937248
source/12kHz_DE_data/OR/Orthogonal/0007/OR007@3_2.mat,source,test,OR,1,6,4.163,4.8485,20.005175,1751,-0.568134411989087,-0.743418135228641,0.264829167117613,0.378669644521135,0.311439981116963,0.750609830470279,-0.967778510220737,-1.10478496614946
source/12kHz_DE_data/OR/Orthogonal/0007/OR007@3_2.mat,source,test,OR,1,7,4.8485,5.534,20.005175,1751,-0.564984400774845,-0.736721232585762,0.232336967396089,0.372496064256575,0.297642497716892,0.708142691089264,-0.908526036377086,-1.09293255534169
source/12kHz_DE_data/OR/Orthogonal/0007/OR007@3_2.mat,source,test,OR,1,8,5.534,6.2195,20.005175,1751,-0.558060252209129,-0.711117885699684,0.236300765124014,0.36700518439102,0.348233270183818,0.648459250654885,-0.90318958433931,-1.05399080155276
source/12kHz_DE_data/OR/Orthogonal/0007/OR007@3_2.mat,source,test,OR,1,9,6.2195,6.905,20.005175,1751,-0.575024492957566,-0.716567419092534,0.236552364777439,0.340820590541366,0.275796482333447,0.651540945219221,-0.970583055729912,-1.0514147779038
source/12kHz_DE_data/OR/Orthogonal/0007/OR007@3_2.mat,source,test,OR,1,10,6.905,7.5905,20.005175,1751,-0.556325868797194,-0.680330979565484,0.211052496771582,0.366074982554186,0.314985167823925,0.564738838469159,-0.943297108501435,-0.996811308413622
source/12kHz_DE_data/OR/Orthogonal/0007/OR007@3_3.mat,source,train,OR,1,0,0.05,0.7455,19.995625,1725,-0.43501633369744,-0.514523922637827,0.589703433849195,0.427590908770926,0.208629566615048,0.394279826478933,-0.964339817068042,-1.32313701505652
source/12kHz_DE_data/OR/Orthogonal/0007/OR007@3_3.mat,source,train,OR,1,1,0.7455,1.441,19.995625,1725,-0.339669624411504,-0.56601689974205,0.589941713119186,0.410963557276043,0.143474783892493,0.448687093102822,-1.01135599995808,-1.23109791088984
source/12kHz_DE_data/OR/Orthogonal/0007/OR007@3_3.mat,source,train,OR,1,2,1.441,2.1365,19.995625,1725,-0.421312692464423,-0.547202095613737,0.617548814793897,0.427343536263227,0.162350507710645,0.456209085618425,-1.00423644045933,-1.28772397421087
source/12kHz_DE_data/OR/Orthogonal/0007/OR007@3_3.mat,source,train,OR,1,3,2.1365,2.832,19.995625,1725,-0.370405573680883,-0.502051975149209,0.655026971689018,0.434120928086298,0.119329187942369,0.385699270852379,-1.0114117247192,-1.32002963480827
source/12kHz_DE_data/OR/Orthogonal/0007/OR007@3_3.mat,source,train,OR,1,4,2.832,3.5275,19.995625,1725,-0.377875736301836,-0.570341582908656,0.595873074052382,0.454556827276935,0.228942528287374,0.467247682060713,-0.942217279023401,-1.3018215482767
source/12kHz_DE_data/OR/Orthogonal/0007/OR007@3_3.mat,source,train,OR,1,5,3.5275,4.223,19.995625,1725,-0.410729954195051,-0.570354654134479,0.610175795905284,0.437186098125533,0.2710056894862,0.50125260975729,-0.860534935791272,-1.28952660682338
source/12kHz_DE_data/OR/Orthogonal/0007/OR007@3_3.mat,source,train,OR,1,6,4.223,4.9185,19.995625,1725,-0.383150335953478,-0.519010878753489,0.589873226993899,0.435812019443746,0.167812011556506,0.417026355462971,-1.01927225753421,-1.29910093123019
source/12kHz_DE_data/OR/Orthogonal/0007/OR007@3_3.mat,source,train,OR,1,7,4.9185,5.614,19.995625,1725,-0.356328298430305,-0.569249247399914,0.557220691141805,0.426690127553985,0.282311960605703,0.491938734086739,-0.905146885242943,-1.28193637507939
source/12kHz_DE_data/OR/Orthogonal/0007/OR007@3_3.mat,source,train,OR,1,8,5.614,6.3095,19.995625,1725,-0.405647711614383,-0.608117507959158,0.578271711117151,0.419002804309651,0.261136656220872,0.53953133471824,-0.874791500979721,-1.32622170872003
source/12kHz_DE_data/OR/Orthogonal/0007/OR007@3_3.mat,source,train,OR,1,9,6.3095,7.005,19.995625,1725,-0.38990549772244,-0.576358294207224,0.559689784824031,0.446242180034901,0.243123275115224,0.498466384260478,-0.897456517869809,-1.28328490089796
source/12kHz_DE_data/OR/Orthogonal/0007/OR007@3_3.mat,source,train,OR,1,10,7.005,7.7005,19.995625,1725,-0.385229163282346,-0.564535072566225,0.567398621999457,0.431640815291816,0.217157177883147,0.458417561728945,-0.946258695942989,-1.31172155067745
source/12kHz_DE_data/OR/Orthogonal/0021/OR021@3_0.mat,source,train,OR,1,0,0.05,0.718,19.9954666666667,1796,-0.380187169220529,-0.794581677478611,-1.13314678639875,0.133253753695654,-0.421072245227062,0.579952026982833,-0.142616211399179,1.31594244147293
source/12kHz_DE_data/OR/Orthogonal/0021/OR021@3_0.mat,source,train,OR,1,1,0.718,1.386,19.9954666666667,1796,-0.539262770536938,-0.685242565935618,-1.19097055694211,0.485675119500051,-0.344994454812784,0.462320302759532,0.238055377322718,1.31040563735098
source/12kHz_DE_data/OR/Orthogonal/0021/OR021@3_0.mat,source,train,OR,1,2,1.386,2.054,19.9954666666667,1796,-0.46731690125117,-0.695678935022669,-1.13737024793024,0.167372807290882,-0.43755257262159,0.549524659523338,-0.117221175637113,1.23076359752036
source/12kHz_DE_data/OR/Orthogonal/0021/OR021@3_0.mat,source,train,OR,1,3,2.054,2.722,19.9954666666667,1796,-0.376389366128064,-0.770833389761048,-1.14539495770888,0.712451727503132,-0.356377378617842,0.515133630718388,0.36660695723247,1.31244603818915
source/12kHz_DE_data/OR/Orthogonal/0021/OR021@3_0.mat,source,train,OR,1,4,2.722,3.39,19.9954666666667,1796,-0.517778444730237,-0.542316778609688,-1.09602397287424,1.15942816770826,-0.25408436974343,0.522336344822847,0.731086708171746,1.23662972015805
source/12kHz_DE_data/OR/Orthogonal/0021/OR021@3_0.mat,source,train,OR,1,5,3.39,4.058,19.9954666666667,1796,-0.416327024078026,-0.703279420132946,-1.16506999581431,0.97306193114578,-0.208744306237087,0.563847762597119,0.689952671831818,1.33456424617318
source/12kHz_DE_data/OR/Orthogonal/0021/OR021@3_0.mat,source,train,OR,1,6,4.058,4.726,19.9954666666667,1796,-0.442133787396991,-0.799833845428426,-1.19592323623348,0.383576916519162,-0.311267273168167,0.63613328734274,0.353115959395188,1.42059466193394
source/12kHz_DE_data/OR/Orthogonal/0021/OR021@3_0.mat,source,train,OR,1,7,4.726,5.394,19.9954666666667,1796,-0.492845722701672,-0.714497816879507,-1.16124813416819,-0.382273535189741,-0.474269209002889,0.579148831850922,-0.352379214543664,1.20365526156917
source/12kHz_DE_data/OR/Orthogonal/0021/OR021@3_0.mat,source,train,OR,1,8,5.394,6.062,19.9954666666667,1796,-0.364383546169473,-0.69535889536848,-1.12059568608136,0.927699040921304,-0.40558840274476,0.490657332597076,0.0994695015109504,1.27750944177885
source/12kHz_DE_data/OR/Orthogonal/0021/OR021@3_0.mat,source,train,OR,1,9,6.062,6.73,19.9954666666667,1796,-0.552464326229098,-0.768407329182319,-1.18047813234818,0.211151629440529,-0.424636595105413,0.616267152867545,-0.0403723475268735,1.34580942448138
source/12kHz_DE_data/OR/Orthogonal/0021/OR021@3_0.mat,source,train,OR,1,10,6.73,7.398,19.9954666666667,1796,-0.492117955602791,-0.640237097259922,-1.15342842744801,-0.103122735390354,-0.37343260115404,0.373265794167314,0.0914582098080094,1.18562447839691
source/12kHz_DE_data/OR/Orthogonal/0021/OR021@3_1.mat,source,train,OR,1,0,0.05,0.7275,19.9975416666667,1771,-0.29184523112049,-0.673719556292245,-0.90309357304697,0.984409792546723,-0.497073382955784,0.305508858428987,0.089519858366285,0.956555391971007
source/12kHz_DE_data/OR/Orthogonal/0021/OR021@3_1.mat,source,train,OR,1,1,0.7275,1.405,19.9975416666667,1771,-0.139462612406166,-0.671925586182414,-0.882771084291451,0.719352939367179,-0.435712908168248,0.231851503396224,0.19736381828801,0.988020594037581
source/12kHz_DE_data/OR/Orthogonal/0021/OR021@3_1.mat,source,train,OR,1,2,1.405,2.0825,19.9975416666667,1771,-0.086215330780361,-0.60173178047724,-0.778190452382553,0.922519608105737,-0.406623213999766,0.190873774379317,0.411746496539694,0.886646785701456
source/12kHz_DE_data/OR/Orthogonal/0021/OR021@3_1.mat,source,train,OR,1,3,2.0825,2.76,19.9975416666667,1771,-0.128636854326243,-0.657896419644279,-0.889455434154848,0.624828930177175,-0.540343823952116,0.357521099784891,-0.231853993418944,0.967275282013146
source/12kHz_DE_data/OR/Orthogonal/0021/OR021@3_1.mat,source,train,OR,1,4,2.76,3.4375,19.9975416666667,1771,-0.312135359881673,-0.581168466040868,-0.897024078430421,0.985092674383807,-0.342311610818326,0.333780976109343,0.411727941460393,0.958242752421035
source/12kHz_DE_data/OR/Orthogonal/0021/OR021@3_1.mat,source,train,OR,1,5,3.4375,4.115,19.9975416666667,1771,-0.132457258830151,-0.57570560686863,-0.826741237600519,0.381406646920123,-0.463997749138392,0.166193476905216,-0.000541936273669632,0.924695839459677
source/12kHz_DE_data/OR/Orthogonal/0021/OR021@3_1.mat,source,train,OR,1,6,4.115,4.7925,19.9975416666667,1771,-0.045798345567345,-0.587532763265948,-0.750257880696072,1.48733156635392,-0.434869728627132,0.182396566509192,0.436931038982869,0.86330066712157
source/12kHz_DE_data/OR/Orthogonal/0021/OR021@3_1.mat,source,train,OR,1,7,4.7925,5.47,19.9975416666667,1771,-0.310152322747207,-0.722327270640132,-0.860225191819403,1.45194953564199,-0.491861000337979,0.126749354383076,0.107880720560242,0.769501464582491
source/12kHz_DE_data/OR/Orthogonal/0021/OR021@3_1.mat,source,train,OR,1,8,5.47,6.1475,19.9975416666667,1771,-0.287927525703337,-0.628528272141117,-0.85079449085072,0.494717061403504,-0.483122594184601,0.301395071153029,-0.109781374502525,0.844498212083274
source/12kHz_DE_data/OR/Orthogonal/0021/OR021@3_1.mat,source,train,OR,1,9,6.1475,6.825,19.9975416666667,1771,-0.312583509708966,-0.611136436017404,-0.884184846953165,0.711766454634318,-0.544751353371583,0.250859443464849,-0.279224045249574,0.918080387762605
source/12kHz_DE_data/OR/Orthogonal/0021/OR021@3_1.mat,source,train,OR,1,10,6.825,7.5025,19.9975416666667,1771,-0.35785906340692,-0.58306087164762,-0.912751557784514,0.934258217992596,-0.463959422795614,0.208665339086592,0.27490832522558,0.955725498331918
source/12kHz_DE_data/OR/Orthogonal/0021/OR021@3_2.mat,source,train,OR,1,0,0.05,0.737,20.00315,1747,-0.288024683796804,-0.569283817724563,-0.938663852452861,1.10402615444871,-0.486150375264061,0.322182482339997,0.131875944471948,0.996147644469628
source/12kHz_DE_data/OR/Orthogonal/0021/OR021@3_2.mat,source,train,OR,1,1,0.737,1.424,20.00315,1747,-0.147333294556628,-0.685470812702949,-0.930777733516427,0.951220325648793,-0.561538291508336,0.450875587005709,-0.147155928492912,1.04271061955047
source/12kHz_DE_data/OR/Orthogonal/0021/OR021@3_2.mat,source,train,OR,1,2,1.424,2.111,20.00315,1747,-0.398388064019301,-0.766824924530443,-1.03427858292633,0.638490819287437,-0.59001476419237,0.3735477365015,-0.279953572217018,1.06932108709343
source/12kHz_DE_data/OR/Orthogonal/0021/OR021@3_2.mat,source,train,OR,1,3,2.111,2.798,20.00315,1747,-0.429575960910007,-0.661179149523412,-1.01609278521244,0.85624239478681,-0.554141307352187,0.30382970950188,-0.191752966462725,1.05894963927711
source/12kHz_DE_data/OR/Orthogonal/0021/OR021@3_2.mat,source,train,OR,1,4,2.798,3.485,20.00315,1747,-0.277143582308992,-0.667521427989279,-0.935607475566398,0.130928584956721,-0.548315703249935,0.304049375391184,-0.309992388263463,0.968976452505425
source/12kHz_DE_data/OR/Orthogonal/0021/OR021@3_2.mat,source,train,OR,1,5,3.485,4.172,20.00315,1747,-0.303751024708217,-0.704386063402027,-0.976601530037366,1.03342177098462,-0.573496110455063,0.36924630041787,-0.0932588968312377,1.04708137629373
source/12kHz_DE_data/OR/Orthogonal/0021/OR021@3_2.mat,source,train,OR,1,6,4.172,4.859,20.00315,1747,-0.0824555211732477,-0.44800436101732,-0.873835165901285,0.821605573472915,-0.449931981338876,0.26398524106507,0.237835858489373,1.05816981103162
source/12kHz_DE_data/OR/Orthogonal/0021/OR021@3_2.mat,source,train,OR,1,7,4.859,5.546,20.00315,1747,-0.286989606323754,-0.568907158165649,-0.936105608245334,1.73619387421657,-0.443148218667175,0.326686933581247,0.403436438992003,1.03543693685098
source/12kHz_DE_data/OR/Orthogonal/0021/OR021@3_2.mat,source,train,OR,1,8,5.546,6.233,20.00315,1747,-0.11744681130878,-0.570670708702493,-0.847985024524638,1.1161720956165,-0.448015664199977,0.342866222618711,0.199433312854976,0.951785570544992
source/12kHz_DE_data/OR/Orthogonal/0021/OR021@3_2.mat,source,train,OR,1,9,6.233,6.92,20.00315,1747,-0.0140029679667015,-0.602483510432367,-0.827373134132507,0.87042931555195,-0.571771425030055,0.319307996211159,-0.177203162977163,1.01668651542197
source/12kHz_DE_data/OR/Orthogonal/0021/OR021@3_2.mat,source,train,OR,1,10,6.92,7.607,20.00315,1747,-0.180791885840356,-0.667450366320548,-0.939891678420825,1.13417803296495,-0.467677078045078,0.390913525536902,0.135605682667989,1.07481923927547
source/12kHz_DE_data/OR/Orthogonal/0021/OR021@3_3.mat,source,train,OR,1,0,0.05,0.748,19.9977,1719,-0.141258837662632,-0.569594794123543,-0.88584612175799,0.621287088288054,-0.594613925325727,0.326778650591022,-0.310527991811768,0.998963722245615
source/12kHz_DE_data/OR/Orthogonal/0021/OR021@3_3.mat,source,train,OR,1,1,0.748,1.446,19.9977,1719,0.0678956417733456,-0.506835528226912,-0.798156760157691,0.895601292377343,-0.531260480713736,0.263747091324534,-0.194876681866212,1.02539895913656
source/12kHz_DE_data/OR/Orthogonal/0021/OR021@3_3.mat,source,train,OR,1,2,1.446,2.144,19.9977,1719,-0.122370922641553,-0.504920087973828,-0.866996222696562,1.24294213439716,-0.450621855508879,0.273263358811165,0.330493206796344,1.0280642882805
source/12kHz_DE_data/OR/Orthogonal/0021/OR021@3_3.mat,source,train,OR,1,3,2.144,2.842,19.9977,1719,0.0930019943341638,-0.434715843822358,-0.700831889726164,0.820803108431007,-0.436517761366585,0.260008205725465,0.225047433434212,0.860542416545683
source/12kHz_DE_data/OR/Orthogonal/0021/OR021@3_3.mat,source,train,OR,1,4,2.842,3.54,19.9977,1719,0.23238310710315,-0.451880570302546,-0.655144904340938,1.11158495149491,-0.541876877663235,0.168980906866268,-0.255410360689752,0.958157441973293
source/12kHz_DE_data/OR/Orthogonal/0021/OR021@3_3.mat,source,train,OR,1,5,3.54,4.238,19.9977,1719,-0.0374602658111449,-0.587596307287911,-0.793875508625231,1.05197035452467,-0.620599185729193,0.148496608832629,-0.475832532882953,0.819962004740856
source/12kHz_DE_data/OR/Orthogonal/0021/OR021@3_3.mat,source,train,OR,1,6,4.238,4.936,19.9977,1719,-0.10706169630801,-0.583358522529659,-0.875902329061391,0.458435035541501,-0.632978594446479,0.358816844624937,-0.447549977523914,1.00571636190003
source/12kHz_DE_data/OR/Orthogonal/0021/OR021@3_3.mat,source,train,OR,1,7,4.936,5.634,19.9977,1719,-0.0868305732356735,-0.669045462135825,-0.844185920042115,1.02631612149449,-0.598753170345748,0.260379331579146,-0.258594436912518,0.919189542323585
source/12kHz_DE_data/OR/Orthogonal/0021/OR021@3_3.mat,source,train,OR,1,8,5.634,6.332,19.9977,1719,0.0753622434411561,-0.396530337811262,-0.689563647788522,0.462822849081404,-0.551880053128286,0.242106850490339,-0.0568680645013434,0.807435736732691
source/12kHz_DE_data/OR/Orthogonal/0021/OR021@3_3.mat,source,train,OR,1,9,6.332,7.03,19.9977,1719,-0.0151706304143174,-0.623498780624555,-0.788973623470785,0.627380100778883,-0.651758502407686,0.154266658880987,-0.57556205308164,0.859191618613135
source/12kHz_DE_data/OR/Orthogonal/0021/OR021@3_3.mat,source,train,OR,1,10,7.03,7.728,19.9977,1719,-0.0242723290798505,-0.457752975003238,-0.80641284686822,1.31281065482984,-0.480593055561255,0.253899884577407,0.391063575969646,0.98144960055505
source/48kHz_DE_data/B/0007/B007_0.mat,source,test,B,3,0,0.05,0.718,19.9954666666667,1796,0.133051086191724,0.955493224775334,0.0963051828474547,-0.268465252254461,-1.03687838282078,-0.801041589852249,-1.0662353748711,-0.138398166803058
source/48kHz_DE_data/B/0007/B007_0.mat,source,test,B,3,1,0.718,1.386,19.9954666666667,1796,0.215326578200887,0.892972657029144,0.338861748159612,-0.383033047091568,-1.00079828325465,-0.624952588766502,-0.65338625507308,-0.337991915562709
source/48kHz_DE_data/B/0007/B007_0.mat,source,test,B,3,2,1.386,2.054,19.9954666666667,1796,0.0481028801608522,0.672563408629528,0.0436452237014557,-0.112934529515773,-0.992282789086932,-0.699316344051339,-0.783463104361576,-0.215298976514323
source/48kHz_DE_data/B/0007/B007_0.mat,source,test,B,3,3,2.054,2.722,19.9954666666667,1796,0.292644952762071,0.995509836863202,0.140057108908642,-0.207284602030373,-1.00921533240309,-0.738030192504046,-0.778251454414755,-0.0766028730516825
source/48kHz_DE_data/B/0007/B007_0.mat,source,test,B,3,4,2.722,3.39,19.9954666666667,1796,0.200882141465184,0.931841344654652,0.21197377198408,-0.214165929342622,-1.0333343621267,-0.651073332055873,-1.02514983840699,-0.250972324568389
source/48kHz_DE_data/B/0007/B007_1.mat,source,validation,B,3,0,0.05,0.727,19.9940666666667,1772,0.363992099113993,1.02605554718203,0.377555507879031,-0.314914675031732,-1.03943795332206,-0.595590369210586,-0.95227459781414,-0.708186809485442
source/48kHz_DE_data/B/0007/B007_1.mat,source,validation,B,3,1,0.727,1.404,19.9940666666667,1772,0.316757404200759,0.978424006452575,0.142219801629879,-0.208283897883171,-1.03392503224238,-0.782827402687496,-0.993212161848094,-0.035256170860384
source/48kHz_DE_data/B/0007/B007_1.mat,source,validation,B,3,2,1.404,2.081,19.9940666666667,1772,0.307202491448467,1.00151187046387,0.457788011228661,-0.120185151018071,-1.01526970108881,-0.964251121021089,-0.738891241480372,-0.421363641350693
source/48kHz_DE_data/B/0007/B007_1.mat,source,validation,B,3,3,2.081,2.758,19.9940666666667,1772,0.270495414559927,0.875457769258492,-0.0219890580084152,-0.00295310145810903,-1.03353125216526,-0.622812100187983,-0.947468567682519,0.0136680531513487
source/48kHz_DE_data/B/0007/B007_1.mat,source,validation,B,3,4,2.758,3.435,19.9940666666667,1772,0.362095663208962,0.981201301068431,0.100373710185637,-0.0673693174285641,-1.01571270367557,-0.708727965342717,-0.874558239755559,-0.220952096253782
source/48kHz_DE_data/B/0007/B007_2.mat,source,validation,B,3,0,0.05,0.737,20.00315,1747,1.03852472664797,1.28138939630406,1.18760565125387,-0.070845858799388,-1.02157018232274,-1.24664381584703,-0.786273095604526,-0.921927971945488
source/48kHz_DE_data/B/0007/B007_2.mat,source,validation,B,3,1,0.737,1.424,20.00315,1747,0.637498700351531,1.35378074918604,0.994479442076424,0.132851089432839,-1.0353032625123,-1.30204414043695,-0.936860123130933,-0.965955808121627
source/48kHz_DE_data/B/0007/B007_2.mat,source,validation,B,3,2,1.424,2.111,20.00315,1747,0.998009467342615,1.37148323105707,1.56269942173925,-0.194257594228339,-1.0552383789165,-1.07286814217132,-1.06702281929141,-1.10571097769362
source/48kHz_DE_data/B/0007/B007_2.mat,source,validation,B,3,3,2.111,2.798,20.00315,1747,0.707051235405961,1.19106580224678,0.665911173531927,-0.136996051311533,-1.02432664286258,-0.708526181600728,-0.963191186137627,-0.779871207350983
source/48kHz_DE_data/B/0007/B007_2.mat,source,validation,B,3,4,2.798,3.485,20.00315,1747,1.31609121408926,1.33777757971282,1.16653732797296,-0.355196917968365,-0.96284772832221,-0.798353097019077,-0.502921520104839,-0.79110244064712
source/48kHz_DE_data/B/0007/B007_3.mat,source,train,B,3,0,0.05,0.7475,20.006625,1721,1.18291096702153,0.913528464956726,1.35790239934541,0.106351460233219,-1.03535248502194,-0.251792751802168,-0.952224214896165,-0.964432432754951
source/48kHz_DE_data/B/0007/B007_3.mat,source,train,B,3,1,0.7475,1.445,20.006625,1721,0.897066004921824,1.11860423456837,0.889343174009505,0.0217224747039517,-1.00832932722957,-0.698702944263172,-0.844399778442239,-0.646103994118585
source/48kHz_DE_data/B/0007/B007_3.mat,source,train,B,3,2,1.445,2.1425,20.006625,1721,0.878182639934472,1.22609531450575,0.558963506728889,0.0805517338509723,-1.05883162212022,-1.05331736042582,-1.15077731290227,-0.543138179008422
source/48kHz_DE_data/B/0007/B007_3.mat,source,train,B,3,3,2.1425,2.84,20.006625,1721,1.38173367471705,1.30288936914083,1.1850656887456,-0.00420441360068894,-1.03230068942426,-1.30699023101526,-0.875730049456196,-0.650530330421818
source/48kHz_DE_data/B/0007/B007_3.mat,source,train,B,3,4,2.84,3.5375,20.006625,1721,1.05708150884084,1.23121908179953,0.792142171254916,-0.217772393340911,-1.01546659112737,-1.22384418063565,-0.709807258052034,-0.301500629459103
source/48kHz_DE_data/B/0014/B014_0.mat,source,train,B,3,0,0.05,0.718,20.0066,1797,0.179072451801084,1.03408320538073,-0.298084725455169,-0.0681229427649878,-0.787861706551994,-0.974120281855394,1.09615066891123,0.388491527159081
source/48kHz_DE_data/B/0014/B014_0.mat,source,train,B,3,1,0.718,1.386,20.0066,1797,0.0521341732362123,0.776120947624588,-0.674771465209571,-0.629093626649578,-0.698621296574666,-1.21350560543281,0.704298628389354,0.735031772103408
source/48kHz_DE_data/B/0014/B014_0.mat,source,train,B,3,2,1.386,2.054,20.0066,1797,0.199792848622048,1.09029688028618,-0.304791374742569,-0.16523543214519,-0.757589863123391,-0.906573210017842,1.13716283134037,0.404969371537096
source/48kHz_DE_data/B/0014/B014_0.mat,source,train,B,3,3,2.054,2.722,20.0066,1797,-0.12149335282592,0.864962310530397,-0.167312387933991,0.277140367378492,-0.815278644421476,-0.754826265667661,0.691002872437325,-0.156340189079448
source/48kHz_DE_data/B/0014/B014_0.mat,source,train,B,3,4,2.722,3.39,20.0066,1797,0.0764131723894213,0.727055822524898,-0.50897462433225,-0.0532606363592277,-0.776392861805873,-1.1157597436063,0.597484834055095,0.513409603427549
source/48kHz_DE_data/B/0014/B014_1.mat,source,train,B,3,0,0.05,0.727,19.9940666666667,1772,0.302556196846381,0.790472898402748,-0.756779386974664,0.987739595642567,-0.320149419952671,-0.433051368733532,3.08332181713371,1.26800669696014
source/48kHz_DE_data/B/0014/B014_1.mat,source,train,B,3,1,0.727,1.404,19.9940666666667,1772,0.503957953010205,0.976512471964994,-0.60269626171977,0.166795472506573,-0.482731369293606,-0.299227305074414,1.75944901960309,1.05347904963849
source/48kHz_DE_data/B/0014/B014_1.mat,source,train,B,3,2,1.404,2.081,19.9940666666667,1772,0.345874276599833,1.13721390376586,-0.191249403314898,-0.28654645606893,-0.766991362464632,-0.62491415355981,1.41099079182381,0.341397544393637
source/48kHz_DE_data/B/0014/B014_1.mat,source,train,B,3,3,2.081,2.758,19.9940666666667,1772,-0.0611054636661296,1.06411131770083,-0.140641600851436,0.325313752217121,-0.794359077824474,-1.23575141006707,0.619300081535465,-0.0876305694290951
source/48kHz_DE_data/B/0014/B014_1.mat,source,train,B,3,4,2.758,3.435,19.9940666666667,1772,0.0456536414582169,1.06756472769574,-0.0462194299310874,0.461836681247719,-0.928638084122407,-0.432702551243548,-0.213861051047074,-0.312226445573554
source/48kHz_DE_data/B/0014/B014_2.mat,source,train,B,3,0,0.05,0.7365,20.0000333333333,1748,0.14636113664956,0.905518708763065,-0.539966809199971,1.76404291215803,-0.4212032322436,-0.946737979801721,2.96605751791715,0.533365109263828
source/48kHz_DE_data/B/0014/B014_2.mat,source,train,B,3,1,0.7365,1.423,20.0000333333333,1748,0.420298716811122,1.05610345474214,0.0500494858828351,0.203105178145595,-0.954086121606289,-1.1019829289057,0.0534580955541858,-0.152544534283013
source/48kHz_DE_data/B/0014/B014_2.mat,source,train,B,3,2,1.423,2.1095,20.0000333333333,1748,0.22168334154063,0.639479274384056,-0.902688668760536,2.88380749576742,-0.0549385380123269,-0.315164934270241,2.94428734355384,1.27641340533707
source/48kHz_DE_data/B/0014/B014_2.mat,source,train,B,3,3,2.1095,2.796,20.0000333333333,1748,-0.177426649763172,0.891057206442234,-0.778374025446186,-1.64367675095027,-0.339296976202633,-0.651802290751569,2.45319846636572,0.890379884183162
source/48kHz_DE_data/B/0014/B014_2.mat,source,train,B,3,4,2.796,3.4825,20.0000333333333,1748,0.169675713733791,0.807875471260663,-0.312401768413002,1.43485952757437,-0.519303693956129,0.101876883033086,2.24883850690592,0.539195453402449
source/48kHz_DE_data/B/0014/B014_3.mat,source,test,B,3,0,0.05,0.7455,19.995625,1725,1.06352213436088,0.911249554390661,-0.163571369227222,0.951309168578025,-0.787763261532714,-0.295145845586949,0.370148631076023,0.767735667916265
source/48kHz_DE_data/B/0014/B014_3.mat,source,test,B,3,1,0.7455,1.441,19.995625,1725,-0.0583491836131127,0.75637937667073,-0.88070981967643,2.01346157176072,-0.327286683850472,-0.366707528536918,1.83058285924989,1.28271590901675
source/48kHz_DE_data/B/0014/B014_3.mat,source,test,B,3,2,1.441,2.1365,19.995625,1725,0.827861253818816,1.18567711359035,0.0716874987443906,-0.118142072255982,-0.604310968104417,-1.2768455304796,1.87862418416149,0.115950123622472
source/48kHz_DE_data/B/0014/B014_3.mat,source,test,B,3,3,2.1365,2.832,19.995625,1725,0.0318237544265771,0.637695012074975,-0.878564007368044,3.51547362076585,-0.396936534991078,-0.440888985263932,2.23599439753457,1.16104404115325
source/48kHz_DE_data/B/0014/B014_3.mat,source,test,B,3,4,2.832,3.5275,19.995625,1725,0.452794532222865,1.0559088024832,-0.353785220304939,0.413971867029704,-0.464174483159324,-0.386864867471046,1.97560776087043,0.773337624719077
source/48kHz_DE_data/B/0021/B021_0.mat,source,train,B,3,0,0.05,0.718,20.0066,1797,0.461263393288519,1.16588974508267,0.755686992030277,0.037416983784387,-0.663369025725241,-0.588004388096678,-0.95820990715969,-0.52698039130766
source/48kHz_DE_data/B/0021/B021_0.mat,source,train,B,3,1,0.718,1.386,20.0066,1797,0.530810540641454,1.35262935662152,0.799008785356358,-0.0737631082512672,-0.637767028749555,-1.35115085868101,-0.915210894898716,-0.624849965151725
source/48kHz_DE_data/B/0021/B021_0.mat,source,train,B,3,2,1.386,2.054,20.0066,1797,0.65721349624643,1.18812586875384,0.403322981372885,-0.133103546588941,-0.324831850331356,-0.855904593285981,-0.393086096250235,-0.35154022958997
source/48kHz_DE_data/B/0021/B021_0.mat,source,train,B,3,3,2.054,2.722,20.0066,1797,0.256181763286772,1.14418614327108,0.747788132555054,-0.185762428952875,-0.629200206684613,-1.21485983116201,-0.91899845102524,-0.663468006775762
source/48kHz_DE_data/B/0021/B021_0.mat,source,train,B,3,4,2.722,3.39,20.0066,1797,0.620470679011447,1.05320938480258,0.774837735077673,-0.271851803983078,-0.682964400333555,-0.988620337267601,-1.02469559464836,-0.13700308717033
source/48kHz_DE_data/B/0021/B021_1.mat,source,train,B,3,0,0.05,0.7265,20.00185,1774,0.4760681218952,1.09457738458553,0.22801563174742,-0.233592505384208,-0.463879148101484,-1.0771881395395,0.381382363897795,0.000740146964866177
source/48kHz_DE_data/B/0021/B021_1.mat,source,train,B,3,1,0.7265,1.403,20.00185,1774,0.398627749744778,1.18685331852143,0.653418635782577,-0.285370020989531,-0.85052196132372,-1.20886289026873,-0.445604026938268,-0.352656224325001
source/48kHz_DE_data/B/0021/B021_1.mat,source,train,B,3,2,1.403,2.0795,20.00185,1774,0.107507403210873,1.00949832894859,-0.641944931185934,-0.0363761269392021,-0.130987315406134,-0.362798639449742,1.02321555014312,0.66270779019318
source/48kHz_DE_data/B/0021/B021_1.mat,source,train,B,3,3,2.0795,2.756,20.00185,1774,0.0338435368448783,1.08872732978752,-0.224514965180087,-0.104799377578564,-0.621243511420579,-1.20543324788943,-0.0383717293775088,-0.000163480886585042
source/48kHz_DE_data/B/0021/B021_1.mat,source,train,B,3,4,2.756,3.4325,20.00185,1774,0.380931040388033,1.15833698009968,0.126707081647435,0.0603625664363599,-0.354506731681394,-1.0655921488365,0.747189327928223,0.111892179742596
source/48kHz_DE_data/B/0021/B021_2.mat,source,train,B,3,0,0.05,0.734,19.9956,1754,0.444193857108608,1.39131580802734,0.539681015356894,0.558709501310654,0.252456034689501,-1.27874061061815,1.97328791100384,-0.55794473963766
source/48kHz_DE_data/B/0021/B021_2.mat,source,train,B,3,1,0.734,1.418,19.9956,1754,-0.0141824461699109,1.19271742207481,0.154607293182575,0.133196547689672,0.261168418895782,-1.39512545420326,1.90123828458137,-0.277286917234466
source/48kHz_DE_data/B/0021/B021_2.mat,source,train,B,3,2,1.418,2.102,19.9956,1754,0.0433789087328518,1.01810532660911,-0.217555228511448,0.168897526994396,0.310095593477946,0.0414034448938275,1.08232871867621,-0.122907718925144
source/48kHz_DE_data/B/0021/B021_2.mat,source,train,B,3,3,2.102,2.786,19.9956,1754,-0.295355159086687,0.850656046302859,-1.19574345728858,0.127852272672126,0.304828784946466,-0.326975028488303,0.654194584324588,1.3767365041737
source/48kHz_DE_data/B/0021/B021_2.mat,source,train,B,3,4,2.786,3.47,19.9956,1754,0.0875619954922889,0.950837565426737,0.352922183860203,0.0460145777711113,-0.459793679801364,-0.736191963130989,0.307686692094124,-0.414723589928177
source/48kHz_DE_data/B/0021/B021_3.mat,source,test,B,3,0,0.05,0.744,19.9987666666667,1729,0.316533564580089,1.00079572472117,-0.527150506556371,0.191433253604392,0.312212161392466,-1.04055648000853,1.15845556966676,0.561832580375882
source/48kHz_DE_data/B/0021/B021_3.mat,source,test,B,3,1,0.744,1.438,19.9987666666667,1729,0.366042806158237,1.24133542845731,0.276618254428142,0.184103963575348,0.312212161392466,-1.4338769128335,0.939167221294205,-0.246846777628588
source/48kHz_DE_data/B/0021/B021_3.mat,source,test,B,3,2,1.438,2.132,19.9987666666667,1729,0.567032322514326,1.16054904652147,1.20937935121975,0.55115470606817,0.0624079249694438,-0.921171818233409,1.58195428689811,-1.07833980085672
source/48kHz_DE_data/B/0021/B021_3.mat,source,test,B,3,3,2.132,2.826,19.9987666666667,1729,-0.228161458755705,1.01674641873663,-0.58412470142374,0.189299726042548,0.312212161392466,0.171849637039112,0.261267449245433,0.361368492087331
source/48kHz_DE_data/B/0021/B021_3.mat,source,test,B,3,4,2.826,3.52,19.9987666666667,1729,1.05263098282354,1.28774894483189,0.918900076499689,0.146531699059431,-0.187839314040339,-0.85075168910725,1.17686982858469,-0.548483461002271
source/48kHz_DE_data/IR/0007/IR007_0.mat,source,train,IR,2,0,0.05,0.718,19.9954666666667,1796,-0.108525894997235,-1.13035754712519,1.27549772520743,-0.0130723787872248,0.123695442838844,1.02717153355251,-0.398213392692696,-1.38706230211517
source/48kHz_DE_data/IR/0007/IR007_0.mat,source,train,IR,2,1,0.718,1.386,19.9954666666667,1796,-0.0197210597991019,-1.04430962846421,1.25843366468466,-0.0983471893784179,0.0824368400203342,0.925957388479728,-0.424468209625033,-1.30628073367259
source/48kHz_DE_data/IR/0007/IR007_0.mat,source,train,IR,2,2,1.386,2.054,19.9954666666667,1796,-0.0200130757189746,-1.05351520269012,1.24497996686767,-0.0419760987574285,0.132360734122923,0.933403439980998,-0.42139223513646,-1.29560975737776
source/48kHz_DE_data/IR/0007/IR007_0.mat,source,train,IR,2,3,2.054,2.722,19.9954666666667,1796,0.0343203844871372,-1.04889899616191,1.28935199932313,-0.119153531449823,0.213597839911159,0.972794654909202,-0.194891420648409,-1.28932351315261
source/48kHz_DE_data/IR/0007/IR007_0.mat,source,train,IR,2,4,2.722,3.39,19.9954666666667,1796,-0.00889666840224738,-1.03586422002317,1.25762810307563,-0.0993025167968325,0.163083130493747,0.998345163781838,-0.284905358327409,-1.34032439187418
source/48kHz_DE_data/IR/0007/IR007_1.mat,source,test,IR,2,0,0.05,0.727,19.9940666666667,1772,-0.415770838718133,-1.43284849411905,1.29925111778357,-0.428235992396953,-0.570002878885334,1.53165258367486,-0.375078682164642,-1.44482795602557
source/48kHz_DE_data/IR/0007/IR007_1.mat,source,test,IR,2,1,0.727,1.404,19.9940666666667,1772,-0.378788417545419,-1.42864259851936,1.32346783236946,-0.654579814994165,-0.565474407998453,1.54555964121885,-0.3258856348601,-1.45529599962351
source/48kHz_DE_data/IR/0007/IR007_1.mat,source,test,IR,2,2,1.404,2.081,19.9940666666667,1772,-0.344328758720551,-1.40478786931303,1.32925105448552,-0.769617058724022,-0.593974241080016,1.52893494588757,-0.376169001720156,-1.46929801719248
source/48kHz_DE_data/IR/0007/IR007_1.mat,source,test,IR,2,3,2.081,2.758,19.9940666666667,1772,-0.222367699835088,-1.3932657379238,1.30120839694292,-0.945357412071133,-0.560699824563373,1.45148473480088,-0.271576468946161,-1.36030298989553
source/48kHz_DE_data/IR/0007/IR007_1.mat,source,test,IR,2,4,2.758,3.435,19.9940666666667,1772,-0.305874198752514,-1.37708726483256,1.27633728811023,-1.09191235991749,-0.557155803869293,1.50388483778536,-0.252164744756133,-1.37710307475072
source/48kHz_DE_data/IR/0007/IR007_2.mat,source,train,IR,2,0,0.05,0.7365,20.0000333333333,1748,0.0156092044775263,-1.16795187385419,1.37847464494729,-0.608762559351826,-0.558435589119933,1.29463709442538,-0.313213868068976,-1.32616745792439
source/48kHz_DE_data/IR/0007/IR007_2.mat,source,train,IR,2,1,0.7365,1.423,20.0000333333333,1748,0.0688159036894138,-1.23292173331112,1.40863683137536,-0.689384722107194,-0.572168669309494,1.28629907780705,-0.367475881331023,-1.27245976727307
source/48kHz_DE_data/IR/0007/IR007_2.mat,source,train,IR,2,2,1.423,2.1095,20.0000333333333,1748,0.000648620578854357,-1.21218961776409,1.34883800621551,-0.589370424507852,-0.545194734026772,1.31081853248061,-0.244702520209778,-1.28759085056242
source/48kHz_DE_data/IR/0007/IR007_2.mat,source,train,IR,2,3,2.1095,2.796,20.0000333333333,1748,-0.0439603063832229,-1.2429300182006,1.3395607885182,-0.657728960722809,-0.52944353094197,1.33389376680284,-0.196316601901136,-1.30160976283306
source/48kHz_DE_data/IR/0007/IR007_2.mat,source,train,IR,2,4,2.796,3.4825,20.0000333333333,1748,-0.0702090541027814,-1.17734294027576,1.32636860813582,-0.639417942055047,-0.554300898310172,1.33662226139194,-0.309750526700695,-1.34897710525954
source/48kHz_DE_data/IR/0007/IR007_3.mat,source,test,IR,2,0,0.05,0.7475,20.006625,1721,1.00614758833972,-0.624679522582972,2.89078826542977,-1.20408612077883,-0.605000083239377,0.994775780943568,-0.459021958264462,-1.40697940589966
source/48kHz_DE_data/IR/0007/IR007_3.mat,source,test,IR,2,1,0.7475,1.445,20.006625,1721,1.12321709605443,-0.587561081359232,2.77684110940785,-1.08435906363594,-0.587279979768976,0.877047946344573,-0.422275282434499,-1.28829332407656
source/48kHz_DE_data/IR/0007/IR007_3.mat,source,test,IR,2,2,1.445,2.1425,20.006625,1721,1.10332301939572,-0.606673980875484,2.74158086895227,-1.25416144392143,-0.587329202278615,0.919025411136576,-0.406697166009585,-1.27802515701837
source/48kHz_DE_data/IR/0007/IR007_3.mat,source,test,IR,2,3,2.1425,2.84,20.006625,1721,1.01925777633371,-0.525864483388599,2.76752772868358,-1.00666752190261,-0.608150323856337,0.901050523517962,-0.463187324402303,-1.38144958870438
source/48kHz_DE_data/IR/0007/IR007_3.mat,source,test,IR,2,4,2.84,3.5375,20.006625,1721,1.10818258744822,-0.595253321165449,2.90518018063438,-1.15286182529945,-0.594811023743896,0.923640094410467,-0.400730309655111,-1.3494959127032
source/48kHz_DE_data/IR/0014/IR014_0.mat,source,train,IR,2,0,0.05,0.718,19.9954666666667,1796,-0.330666530491875,0.745202707325531,-0.236985594523179,-0.703678028217741,-0.651454250209633,-0.828000801487525,0.415047261209824,-0.520805243665855
source/48kHz_DE_data/IR/0014/IR014_1.mat,source,validation,IR,2,0,0.05,0.727,19.9940666666667,1772,-0.640753361314403,0.0464221908515614,-0.772500453772969,0.371173741594103,-0.0139645255150392,0.146570969643952,1.94075632381034,0.383126283306064
source/48kHz_DE_data/IR/0014/IR014_1.mat,source,validation,IR,2,1,0.727,1.404,19.9940666666667,1772,-0.931576754997016,-0.0914400406543661,-0.986718961915667,0.492110853209429,-0.228725892453394,0.170978579291304,1.33295499575831,0.481098277697174
source/48kHz_DE_data/IR/0014/IR014_1.mat,source,validation,IR,2,2,1.404,2.081,19.9940666666667,1772,-0.928423735544897,-0.0594993346080874,-1.04853626034402,1.1916690164646,-0.273037041065159,0.268804499802937,1.00834661399487,0.612385561813953
source/48kHz_DE_data/IR/0014/IR014_1.mat,source,validation,IR,2,3,2.081,2.758,19.9940666666667,1772,-0.829574582894987,-0.222694462640548,-0.847461403107832,1.10273091178926,-0.0708797341763731,0.529136820914905,1.27954511345156,0.329590918768569
source/48kHz_DE_data/IR/0014/IR014_1.mat,source,validation,IR,2,4,2.758,3.435,19.9940666666667,1772,-0.726702904889153,-0.178598718171854,-0.816160231848603,0.491261927256142,-0.0764924796671966,0.212624539063125,1.50321101222559,0.470627902708114
source/48kHz_DE_data/IR/0014/IR014_2.mat,source,train,IR,2,0,0.05,0.7355,20.005175,1751,-0.797147048469234,-0.10698743766707,-0.893258444625056,0.161745769478108,-0.308682898392846,0.238975426244462,1.35564248206976,0.483595841890258
source/48kHz_DE_data/IR/0014/IR014_2.mat,source,train,IR,2,1,0.7355,1.421,20.005175,1751,-0.851016628846232,-0.118023257605469,-0.991813335547492,0.677362776686225,-0.241625360160375,0.28763877505066,1.23135782529138,0.626343777065046
source/48kHz_DE_data/IR/0014/IR014_2.mat,source,train,IR,2,2,1.421,2.1065,20.005175,1751,-0.770149273386088,0.150983152951423,-0.885995825201873,1.2659626731795,-0.0787572717073536,0.201558143851846,1.74840439112341,0.467680472959086
source/48kHz_DE_data/IR/0014/IR014_2.mat,source,train,IR,2,3,2.1065,2.792,20.005175,1751,-0.852626638237673,-0.144429258571974,-0.914731587314934,0.93188186286108,-0.311341567309552,0.397658997708583,1.17804516188383,0.478411634697856
source/48kHz_DE_data/IR/0014/IR014_2.mat,source,train,IR,2,4,2.792,3.4775,20.005175,1751,-0.858576483298057,0.011941511365733,-0.923121986036953,-0.160013986049366,-0.353781800757709,0.22663230779431,1.0826444325998,0.550275426816298
source/48kHz_DE_data/IR/0014/IR014_3.mat,source,test,IR,2,0,0.05,0.745,19.9928333333333,1726,-0.430011948002794,0.856133436584756,-1.04039212951394,3.1432716457431,-0.134983195834727,-1.14534309368784,-0.135439780962264,0.837824578410067
source/48kHz_DE_data/IR/0014/IR014_3.mat,source,test,IR,2,1,0.745,1.44,19.9928333333333,1726,-0.838506036407143,-0.123535147687591,-0.980703729197389,0.562746449561013,-0.166394876739511,0.317950978211337,1.29577709412822,0.666970083587623
source/48kHz_DE_data/IR/0014/IR014_3.mat,source,test,IR,2,2,1.44,2.135,19.9928333333333,1726,-0.939600830614049,-0.194743060955559,-0.998815005648846,1.15450209805087,-0.141876041174335,0.305982079503412,1.48154433276262,0.514346567855876
source/48kHz_DE_data/IR/0014/IR014_3.mat,source,test,IR,2,3,2.135,2.83,19.9928333333333,1726,-0.843137520973477,-0.12585988510814,-1.03382972026041,0.396747450190252,-0.273233979503434,0.243110627174509,0.90344988465071,0.681310925426776
source/48kHz_DE_data/IR/0014/IR014_3.mat,source,test,IR,2,4,2.83,3.525,19.9928333333333,1726,-0.756291186990993,-0.0993873849836145,-1.00241392319147,0.0283789526626306,-0.226953446508924,0.337762520286753,1.24080672283617,0.671539245032335
source/48kHz_DE_data/IR/0021/IR021_0.mat,source,test,IR,2,0,0.05,0.718,19.9954666666667,1796,0.452938073191506,0.0985768069788365,0.905199225097636,-0.0869651088252842,-0.0976144538702109,-0.252928018808943,-0.732758530078316,-0.865864140022073
source/48kHz_DE_data/IR/0021/IR021_0.mat,source,test,IR,2,1,0.718,1.386,19.9954666666667,1796,0.706907790546951,0.0650611141965797,1.04312959610655,-0.268075697820742,-0.0887544021350099,-0.310170749070184,-0.751039003638057,-0.623784375430787
source/48kHz_DE_data/IR/0021/IR021_0.mat,source,test,IR,2,2,1.386,2.054,19.9954666666667,1796,0.466707557189515,-0.00789965437943612,0.860117901939555,-0.366274232844184,-0.0467676014120862,-0.187879830363833,-0.61853512773822,-0.549639659046618
source/48kHz_DE_data/IR/0021/IR021_0.mat,source,test,IR,2,3,2.054,2.722,19.9954666666667,1796,0.401390213604288,0.199342721951717,0.717745764905875,-0.45730630025836,0.139244262517491,-0.364078754257006,-0.514313949941135,-0.539188639308645
source/48kHz_DE_data/IR/0021/IR021_0.mat,source,test,IR,2,4,2.722,3.39,19.9954666666667,1796,0.521162973449951,0.219967350169225,0.856354222122905,-0.487315705734801,-0.0086201564410827,-0.487854201575574,-0.672205542328044,-0.792813109158288
source/48kHz_DE_data/IR/0021/IR021_1.mat,source,train,IR,2,0,0.05,0.7265,20.00185,1774,0.798778929459415,0.282048522559702,0.193164913220068,0.0073978472176174,-0.0375629921094053,-0.78806518724204,-0.748571770293948,0.329931518946002
source/48kHz_DE_data/IR/0021/IR021_1.mat,source,train,IR,2,1,0.7265,1.403,20.00185,1774,0.957907557128742,0.213668653496361,0.623152079699087,-0.00543913491729633,0.0734829896384446,-0.721529287871161,-0.396203744217061,0.146768117748057
source/48kHz_DE_data/IR/0021/IR021_1.mat,source,train,IR,2,2,1.403,2.0795,20.00185,1774,0.935123953226177,0.17192288876677,0.595142803181955,-0.0317037096037365,0.00181501560259809,-0.824468827053441,-0.678784552503288,0.035427110783112
source/48kHz_DE_data/IR/0021/IR021_1.mat,source,train,IR,2,3,2.0795,2.756,20.00185,1774,0.647043210861464,0.161501306864577,0.375118255049513,0.0106832794350035,0.116798798121649,-0.713637894948449,-0.559798792672678,-0.190605124040609
source/48kHz_DE_data/IR/0021/IR021_1.mat,source,train,IR,2,4,2.756,3.4325,20.00185,1774,0.604670417124686,0.0370475877373651,0.250615220420607,0.138491978424002,0.121671826576009,-0.670196759078795,-0.670629919476528,0.0786928073372151
source/48kHz_DE_data/IR/0021/IR021_2.mat,source,train,IR,2,0,0.05,0.735,20.002,1752,0.280125851458707,-0.289995267638485,-0.248560241493812,0.227751316251611,0.312212161392466,-0.238624888721544,-0.834289672071765,1.05085181648483
source/48kHz_DE_data/IR/0021/IR021_2.mat,source,train,IR,2,1,0.735,1.42,20.002,1752,0.38496864295482,-0.300246621285994,-0.161023338222638,0.29602348992531,0.223365531492258,-0.182261572558066,-0.914627456391012,1.15075051248913
source/48kHz_DE_data/IR/0021/IR021_2.mat,source,train,IR,2,2,1.42,2.105,20.002,1752,0.218684383404319,-0.226207930261509,-0.321963919585124,0.297759071288306,0.190288005014175,-0.105795565462208,-0.926324025990009,1.24727993213852
source/48kHz_DE_data/IR/0021/IR021_2.mat,source,train,IR,2,3,2.105,2.79,20.002,1752,0.159542194277357,-0.175624715151357,-0.391168290278958,0.308154894681996,0.199197279259016,-0.457941254422429,-0.930822305990373,0.958715104231122
source/48kHz_DE_data/IR/0021/IR021_2.mat,source,train,IR,2,4,2.79,3.475,20.002,1752,0.253815631298743,-0.25675601545053,-0.361057366507204,0.234641315768774,0.24512188075314,-0.509137965704364,-0.809990229074898,1.12241961369172
source/48kHz_DE_data/IR/0021/IR021_3.mat,source,train,IR,2,0,0.05,0.745,20.0044166666667,1727,0.295000638586689,-0.12772078042132,-0.160449663178427,0.225125030863768,-0.445322261967202,-0.533923979722146,-0.773806777815924,0.468927480873335
source/48kHz_DE_data/IR/0021/IR021_3.mat,source,train,IR,2,1,0.745,1.44,20.0044166666667,1727,0.296172833078988,-0.157924573053673,-0.212531968732133,0.200690124728539,-0.477612228291045,-0.356449039843939,-0.847261981081979,0.662565516982547
source/48kHz_DE_data/IR/0021/IR021_3.mat,source,train,IR,2,2,1.44,2.135,20.0044166666667,1727,0.284403631424749,-0.0325221105393516,-0.155169075744989,0.171270305827976,-0.486816837593726,-0.536156447696258,-0.853127078171687,0.516001012852181
source/48kHz_DE_data/IR/0021/IR021_3.mat,source,train,IR,2,3,2.135,2.83,20.0044166666667,1727,0.353250921113803,-0.132985777356924,-0.0109479119568879,0.166455346814071,-0.463436145514724,-0.451609827398493,-0.805201972805758,0.495413499973435
source/48kHz_DE_data/IR/0021/IR021_3.mat,source,train,IR,2,4,2.83,3.525,20.0044166666667,1727,0.301113883388126,-0.133884066718672,-0.0388361989307128,0.113897539801803,-0.474068207596965,-0.360617319496508,-0.877302042929367,0.359599865982594
source/48kHz_DE_data/OR/Centered/0007/OR007@6_0.mat,source,validation,OR,1,0,0.05,0.718,19.9954666666667,1796,-1.04260384758836,-1.70128914912128,-0.106851691044863,0.401579807964106,1.69359020354411,2.26952870175732,-0.56399135424619,-1.2079240557639
source/48kHz_DE_data/OR/Centered/0007/OR007@6_0.mat,source,validation,OR,1,1,0.718,1.386,19.9954666666667,1796,-1.0613956471202,-1.74774988859583,-0.0810544985380285,0.447715264706208,1.5460833132765,2.36653522399044,-0.666444098403344,-1.27786628619456
source/48kHz_DE_data/OR/Centered/0007/OR007@6_0.mat,source,validation,OR,1,2,1.386,2.054,19.9954666666667,1796,-1.16256774490048,-1.89054574125517,-0.0200002204341672,0.334502257746409,1.36874024961031,2.60358216544454,-0.778714918668793,-1.4399813164504
source/48kHz_DE_data/OR/Centered/0007/OR007@6_0.mat,source,validation,OR,1,3,2.054,2.722,19.9954666666667,1796,-1.19349380495325,-1.96967023606806,-0.0024253112525268,0.327479283233621,1.42388301232717,2.68602807145236,-0.66197672812384,-1.47972997488367
source/48kHz_DE_data/OR/Centered/0007/OR007@6_0.mat,source,validation,OR,1,4,2.722,3.39,19.9954666666667,1796,-1.15841756254419,-1.8076867761211,-0.0879662777694118,0.430749001206738,1.46543702280309,2.47105335285359,-0.641474848325671,-1.33784494375494
source/48kHz_DE_data/OR/Centered/0007/OR007@6_1.mat,source,train,OR,1,0,0.05,0.7265,20.00185,1774,-1.18220255138148,-1.7809148219337,-0.107925067252472,0.346707593314594,1.1377314615143,2.41353783560432,-0.63072337605254,-1.31689780859832
source/48kHz_DE_data/OR/Centered/0007/OR007@6_1.mat,source,train,OR,1,1,0.7265,1.403,20.00185,1774,-1.17877136962367,-1.79715918202439,-0.08987803925174,0.359389578654547,1.15998550503932,2.46975872992658,-0.611371848432654,-1.35181054996573
source/48kHz_DE_data/OR/Centered/0007/OR007@6_1.mat,source,train,OR,1,2,1.403,2.0795,20.00185,1774,-1.20828464846853,-1.79318208525015,-0.0957724999383261,0.359009642045465,1.13487585415932,2.48064878270503,-0.656445297218888,-1.35698596773757
source/48kHz_DE_data/OR/Centered/0007/OR007@6_1.mat,source,train,OR,1,3,2.0795,2.756,20.00185,1774,-1.15590389267532,-1.80326968701937,-0.0937554206142313,0.391520000927722,1.17692221073093,2.44837109471235,-0.617859439172988,-1.33182754963358
source/48kHz_DE_data/OR/Centered/0007/OR007@6_1.mat,source,train,OR,1,4,2.756,3.4325,20.00185,1774,-1.1486593730592,-1.82827713810863,-0.0600603033513293,0.378440525076438,1.12808147803885,2.49541322580817,-0.632944377689697,-1.37838564842653
source/48kHz_DE_data/OR/Centered/0007/OR007@6_2.mat,source,train,OR,1,0,0.05,0.7355,19.99375,1750,-1.57010023257798,-1.90654050293038,-0.249797312218814,0.433538665532041,1.01976533698787,2.49236707676415,-0.65204393181976,-1.40361730399466
source/48kHz_DE_data/OR/Centered/0007/OR007@6_2.mat,source,train,OR,1,1,0.7355,1.421,19.99375,1750,-1.52791757903018,-1.84348701912697,-0.264743756394694,0.453342891920205,1.05984230917674,2.43380174476957,-0.602867209227556,-1.33151000698857
source/48kHz_DE_data/OR/Centered/0007/OR007@6_2.mat,source,train,OR,1,2,1.421,2.1065,19.99375,1750,-1.51842713212507,-1.82531258958986,-0.268512705621301,0.469866502064648,1.1911017782867,2.39320567042696,-0.471329876476619,-1.30728609236952
source/48kHz_DE_data/OR/Centered/0007/OR007@6_2.mat,source,train,OR,1,3,2.1065,2.792,19.99375,1750,-1.55704736586206,-1.89894788353224,-0.265692345093036,0.388798141998461,1.02843062827195,2.45034742614032,-0.644038332526124,-1.34803208457116
source/48kHz_DE_data/OR/Centered/0007/OR007@6_2.mat,source,train,OR,1,4,2.792,3.4775,19.99375,1750,-1.51808474628405,-1.89472086096802,-0.239046936979371,0.371510130162277,1.00962300741673,2.47006446163183,-0.672457714416198,-1.3845341960807
source/48kHz_DE_data/OR/Centered/0007/OR007@6_3.mat,source,train,OR,1,0,0.05,0.7455,19.995625,1725,-1.1818767870369,-1.82248426761134,-0.0889374151059832,0.384246885892594,1.05196477164575,2.47915232108104,-0.580074983024855,-1.32101500069691
source/48kHz_DE_data/OR/Centered/0007/OR007@6_3.mat,source,train,OR,1,1,0.7455,1.441,19.995625,1725,-1.20942688986431,-1.8499999301758,-0.10576815097445,0.413675103932165,1.07234790000717,2.47810684403428,-0.553145635407095,-1.31935849037353
source/48kHz_DE_data/OR/Centered/0007/OR007@6_3.mat,source,train,OR,1,2,1.441,2.1365,19.995625,1725,-1.16350459321461,-1.73933413480606,-0.11094196815164,0.501143736499205,1.03374796610536,2.39917586785576,-0.58261617277884,-1.26571386903724
source/48kHz_DE_data/OR/Centered/0007/OR007@6_3.mat,source,train,OR,1,3,2.1365,2.832,19.995625,1725,-1.19645377125911,-1.85465894695587,-0.0766258293528918,0.393256084569551,1.0639780163805,2.49798448266467,-0.595010599034187,-1.33459177117827
source/48kHz_DE_data/OR/Centered/0007/OR007@6_3.mat,source,train,OR,1,4,2.832,3.5275,19.995625,1725,-1.18829107394935,-1.82531335068321,-0.076461510298637,0.363377523883544,1.07756676862144,2.45765857974348,-0.557702728996065,-1.30855295847138
source/48kHz_DE_data/OR/Centered/0014/OR014@6_0.mat,source,test,OR,1,0,0.05,0.718,19.9954666666667,1796,0.336164127018269,1.01013883352762,0.58209111045525,-0.0365274249525979,-1.02900278127838,-0.872249594176152,-0.929421055277832,-0.530503166594216
source/48kHz_DE_data/OR/Centered/0014/OR014@6_0.mat,source,test,OR,1,1,0.718,1.386,19.9954666666667,1796,0.147708623643359,1.04169270996447,0.614842259547781,-0.225837439929501,-1.03131623923146,-0.479181178568616,-0.954722134522639,-0.792720260808406
source/48kHz_DE_data/OR/Centered/0014/OR014@6_0.mat,source,test,OR,1,2,1.386,2.054,19.9954666666667,1796,0.462017353218867,1.166630660157,0.498408748664466,-0.232248330127406,-1.0572072793021,-0.866544819228537,-0.988239151437206,-0.523262822073248
source/48kHz_DE_data/OR/Centered/0014/OR014@6_0.mat,source,test,OR,1,3,2.054,2.722,19.9954666666667,1796,0.433233557908341,1.07198902455404,-0.471012795739211,-0.0625029466242116,-0.776343639296233,-0.718174525431241,0.0596355854690363,0.567214530644382
source/48kHz_DE_data/OR/Centered/0014/OR014@6_0.mat,source,test,OR,1,4,2.722,3.39,19.9954666666667,1796,0.526990734174577,1.0614027399553,0.658198779392597,-0.306519677081603,-1.0397332883799,-0.675223121828055,-0.912559493389377,-0.357150477081
source/48kHz_DE_data/OR/Centered/0014/OR014@6_1.mat,source,validation,OR,1,0,0.05,0.727,19.9940666666667,1772,0.913330527430913,1.38209663321791,0.563640623540692,-0.27916040800621,-1.04554154451742,-0.681348654080491,-0.930230214676401,0.00504372685653775
source/48kHz_DE_data/OR/Centered/0014/OR014@6_1.mat,source,validation,OR,1,1,0.727,1.404,19.9940666666667,1772,0.541307809998883,1.27519406127188,0.683195785324433,-0.2264986969749,-1.01940439189857,-1.27083236551752,-0.772269751103508,-0.321176500976572
source/48kHz_DE_data/OR/Centered/0014/OR014@6_1.mat,source,validation,OR,1,2,1.404,2.081,19.9940666666667,1772,0.92752233721843,1.33859804363402,0.933758437790523,0.0688308056856609,-1.04239130390046,-1.12136427162026,-0.976303199049041,-0.294885990508429
source/48kHz_DE_data/OR/Centered/0014/OR014@6_1.mat,source,validation,OR,1,3,2.081,2.758,19.9940666666667,1772,0.857632978608639,1.29873424379409,0.596315477615191,-0.150003962985828,-1.02629554324818,-1.39765938580737,-0.897680655778543,-0.0699224454122627
source/48kHz_DE_data/OR/Centered/0014/OR014@6_1.mat,source,validation,OR,1,4,2.758,3.435,19.9940666666667,1772,0.678987805430775,1.38461333045,0.829873402619876,-0.21602578537281,-1.0426866389583,-1.26716101342317,-0.768223579287135,-0.653559703270664
source/48kHz_DE_data/OR/Centered/0014/OR014@6_2.mat,source,train,OR,1,0,0.05,0.736,19.9969,1749,0.98065262714333,1.29936463674062,0.408863426676771,-0.240364133113732,-0.4125892930566,-1.10226102105492,1.2898072900929,0.162237332637641
source/48kHz_DE_data/OR/Centered/0014/OR014@6_2.mat,source,train,OR,1,1,0.736,1.422,19.9969,1749,1.15411429447133,1.44813948252748,1.25889390495899,-0.317242349668298,-1.04037318100522,-0.519202312502351,-1.06204731938377,-0.51034128511015
source/48kHz_DE_data/OR/Centered/0014/OR014@6_2.mat,source,train,OR,1,2,1.422,2.108,19.9969,1749,1.21030002723529,1.33551177100753,0.617144686859275,-0.104882179872761,-1.00700031946929,-0.809571830174509,-0.885759102411665,0.140425358149366
source/48kHz_DE_data/OR/Centered/0014/OR014@6_2.mat,source,train,OR,1,3,2.108,2.794,19.9969,1749,0.962420528381366,1.24081803059473,0.582064320450301,-0.125518976636989,-1.01275935309717,-0.894856142200205,-0.823983174994127,-0.310363990454503
source/48kHz_DE_data/OR/Centered/0014/OR014@6_2.mat,source,train,OR,1,4,2.794,3.48,19.9969,1749,1.19502768455663,1.41531694767218,1.24962479918456,-0.150270197708623,-1.02782144104702,-1.21352817944767,-0.972114542353232,-0.741422921518726
source/48kHz_DE_data/OR/Centered/0014/OR014@6_3.mat,source,validation,OR,1,0,0.05,0.7465,20.0011583333333,1723,1.24962905936811,1.25711865524702,0.99085155537141,-0.0423149554295217,-0.978352818858811,-0.601286987835331,-0.770727552869448,-0.145758995956274
source/48kHz_DE_data/OR/Centered/0014/OR014@6_3.mat,source,validation,OR,1,1,0.7465,1.443,20.0011583333333,1723,1.07144769727276,1.35191857461292,0.927006076929912,0.0622206308137369,-1.02683699085422,-0.816390401473434,-1.07769785938466,-0.693227380212497
source/48kHz_DE_data/OR/Centered/0014/OR014@6_3.mat,source,validation,OR,1,2,1.443,2.1395,20.0011583333333,1723,1.09024097612005,1.23307105130202,0.374839894604913,-0.0599367223939552,-1.00532675414153,-0.762502083974554,-0.897956355320716,-0.0360862324785823
source/48kHz_DE_data/OR/Centered/0014/OR014@6_3.mat,source,validation,OR,1,3,2.1395,2.836,20.0011583333333,1723,1.34739033316239,1.27797780519305,0.760668166182317,-0.132714989141324,-0.986277642910852,-0.616294725669116,-0.803884966256362,0.160027394193307
source/48kHz_DE_data/OR/Centered/0014/OR014@6_3.mat,source,validation,OR,1,4,2.836,3.5325,20.0011583333333,1723,1.38987088824448,1.35161926547967,1.09252001888417,-0.102374724298809,-1.02048728711065,-0.766616597581992,-0.989098611559585,-0.226104066399558
source/48kHz_DE_data/OR/Centered/0021/OR021@6_0.mat,source,train,OR,1,0,0.05,0.718,19.9954666666667,1796,-1.23430956126898,-0.506493421602421,-1.16718526570442,-2.6790704103548,1.24890320992027,-0.533771942379141,0.860758140821878,0.856249604415154
source/48kHz_DE_data/OR/Centered/0021/OR021@6_0.mat,source,train,OR,1,1,0.718,1.386,19.9954666666667,1796,-1.2439190051076,-0.542980237229351,-1.21853129587236,-1.047259168664,1.52442008506631,-0.16864997308689,1.1691742494181,0.941988859242752
source/48kHz_DE_data/OR/Centered/0021/OR021@6_0.mat,source,train,OR,1,2,1.386,2.054,19.9954666666667,1796,-1.27258603177693,-0.478676988088726,-1.21781589924451,-2.13641098358018,1.48719872023243,-0.197972397056232,1.26501360011518,0.89219166640044
source/48kHz_DE_data/OR/Centered/0021/OR021@6_0.mat,source,train,OR,1,3,2.054,2.722,19.9954666666667,1796,-1.44209382918999,-0.63081804552902,-1.25635957058807,-0.374797065759681,2.22749030970631,-0.0220339186867321,1.85960136505078,0.999143243810043
source/48kHz_DE_data/OR/Centered/0021/OR021@6_0.mat,source,train,OR,1,4,2.722,3.39,19.9954666666667,1796,-1.3939751921008,-0.694397265733006,-1.20807539624024,-1.33158552192314,1.74321868998929,-0.0426237435130473,1.37490505545349,0.949248704540342
source/48kHz_DE_data/OR/Centered/0021/OR021@6_1.mat,source,train,OR,1,0,0.05,0.7275,19.9975416666667,1771,-1.31067734070485,-0.396938182420935,-1.20027466512894,-1.68153511958798,1.60260464506129,-0.312613905907554,1.33577466650717,0.877987972588899
source/48kHz_DE_data/OR/Centered/0021/OR021@6_1.mat,source,train,OR,1,1,0.7275,1.405,19.9975416666667,1771,-1.38272095301205,-0.611665010953462,-1.17075421006073,-2.57213436315123,1.69162081916137,-0.473533976013502,1.63329665308902,0.867757468991117
source/48kHz_DE_data/OR/Centered/0021/OR021@6_1.mat,source,train,OR,1,2,1.405,2.0825,19.9975416666667,1771,-1.36349700978026,-0.711584975936257,-1.13699182467177,-2.17360807223161,1.72450953835321,-0.132080055153351,1.65923552587231,0.872355196702445
source/48kHz_DE_data/OR/Centered/0021/OR021@6_1.mat,source,train,OR,1,3,2.0825,2.76,19.9975416666667,1771,-1.39364030023815,-0.582372655721846,-1.18572534783697,-3.47941824854895,1.23590527299415,-0.0412899419419636,1.13469345525968,0.969375592574048
source/48kHz_DE_data/OR/Centered/0021/OR021@6_1.mat,source,train,OR,1,4,2.76,3.4375,19.9975416666667,1771,-1.41226247282764,-0.425641466884869,-1.24466606443532,-1.9585623067178,1.19888084659854,-0.0281817253107111,1.07911799458953,1.06671191529544
source/48kHz_DE_data/OR/Centered/0021/OR021@6_2.mat,source,train,OR,1,0,0.05,0.737,20.00315,1747,-1.33847282642201,-0.545329185203969,-1.08041132795268,-2.11616456343038,1.88855925743588,-0.469541897047797,1.8142300629096,0.758112021453805
source/48kHz_DE_data/OR/Centered/0021/OR021@6_2.mat,source,train,OR,1,1,0.737,1.424,20.00315,1747,-1.34499224007817,-0.541054357789908,-1.14310850241808,-2.58563181054233,2.03074880987008,-0.534373547062046,1.97618848605218,0.910267553508976
source/48kHz_DE_data/OR/Centered/0021/OR021@6_2.mat,source,train,OR,1,2,1.424,2.111,20.00315,1747,-1.20036039635719,-0.389301560516031,-1.05396751698913,-3.32838419049113,1.82317569592874,-0.577869462988081,2.11854822187515,0.790552051302698
source/48kHz_DE_data/OR/Centered/0021/OR021@6_2.mat,source,train,OR,1,3,2.111,2.798,20.00315,1747,-1.3744642106461,-0.452265417620716,-1.2096242906281,-2.03774080460275,1.42929881937972,-0.154322745707999,1.17658421422706,1.00071605220305
source/48kHz_DE_data/OR/Centered/0021/OR021@6_2.mat,source,train,OR,1,4,2.798,3.485,20.00315,1747,-1.32435675456999,-0.302616785393244,-1.23360807445165,-1.98673674083089,1.09273102836858,-0.708963665332377,0.930710782145092,1.01146347936635
source/48kHz_DE_data/OR/Centered/0021/OR021@6_3.mat,source,train,OR,1,0,0.05,0.748,19.9977,1719,-0.816208339385598,-0.360112671905841,-0.885839591072643,-3.49113391644916,1.45864264668262,-0.425988259018467,1.59740681549464,0.65408431506439
source/48kHz_DE_data/OR/Centered/0021/OR021@6_3.mat,source,train,OR,1,1,0.748,1.446,19.9977,1719,-1.11724366601598,-0.0658655641192778,-1.13717024262281,-1.93331429373612,1.63431173362349,-0.74072251506388,1.96703147854366,0.93516243456017
source/48kHz_DE_data/OR/Centered/0021/OR021@6_3.mat,source,train,OR,1,2,1.446,2.144,19.9977,1719,-1.04884135208904,-0.35842207897683,-1.06064719701336,-1.76105647235243,1.35072038250819,-0.471670817091529,1.28162150813281,0.868558474728719
source/48kHz_DE_data/OR/Centered/0021/OR021@6_3.mat,source,train,OR,1,3,2.144,2.842,19.9977,1719,-1.09711043139232,-0.280914850627318,-1.18951058731741,-1.2356870181557,1.20774307632089,-0.244865008636798,1.21391980484013,0.988876625856263
source/48kHz_DE_data/OR/Centered/0021/OR021@6_3.mat,source,train,OR,1,4,2.842,3.54,19.9977,1719,-1.06762439707526,-0.241858237851681,-1.15681700274241,-1.19252852982759,1.70973915548262,-0.631500538091586,1.712628294425,0.920680260638151
source/48kHz_DE_data/OR/Opposite/0007/OR007@12_0.mat,source,train,OR,1,0,0.05,0.718,19.9954666666667,1796,-0.073099297764158,0.0961356876826351,0.0547827831914732,-0.0716541195086562,-0.651761467397381,0.334837524590443,-0.0718654287880238,-0.276773191311903
source/48kHz_DE_data/OR/Opposite/0007/OR007@12_0.mat,source,train,OR,1,1,0.718,1.386,19.9954666666667,1796,-0.106694230720229,0.304264406252524,0.18839682664375,0.262463907524523,-0.696504728660145,0.328169016800767,-0.0281036535530055,-0.569531163033503
source/48kHz_DE_data/OR/Opposite/0007/OR007@12_0.mat,source,train,OR,1,2,1.386,2.054,19.9954666666667,1796,-0.220742255219939,0.402510122408988,0.0982407013003409,0.062966965207904,-0.790913502149674,0.0865603502398994,-0.380272682988451,-0.581155900281379
source/48kHz_DE_data/OR/Opposite/0007/OR007@12_1.mat,source,validation,OR,1,0,0.05,0.727,19.9940666666667,1772,-0.44547642544881,0.161304331592926,-0.701578405261205,0.134033099707602,-0.297408620498989,-0.453453576559447,0.446187131592753,0.404332476803026
source/48kHz_DE_data/OR/Opposite/0007/OR007@12_1.mat,source,validation,OR,1,1,0.727,1.404,19.9940666666667,1772,-0.342157651039203,0.194031397853885,-0.552886476038581,0.00669828950146203,-0.41637942629888,-0.346082418527635,0.293688229165429,0.239684388622343
source/48kHz_DE_data/OR/Opposite/0007/OR007@12_1.mat,source,validation,OR,1,2,1.404,2.081,19.9940666666667,1772,-0.459516077507644,0.0613505656238721,-0.559667647827852,-0.150609382223744,-0.490902305893847,-0.199016012105101,0.032982788381325,0.121331308867416
source/48kHz_DE_data/OR/Opposite/0007/OR007@12_1.mat,source,validation,OR,1,3,2.081,2.758,19.9940666666667,1772,-0.456854485212889,0.113443823526148,-0.441580371405822,-0.0191875456095562,-0.539238810360331,-0.0110340984227944,-0.0830183376529177,-0.0857334232854957
source/48kHz_DE_data/OR/Opposite/0007/OR007@12_1.mat,source,validation,OR,1,4,2.758,3.435,19.9940666666667,1772,-0.450288112852047,0.122045003695351,-0.476235497589217,0.326412140646385,-0.442467356408082,-0.273920774027327,0.230336594012209,0.131326756477395
source/48kHz_DE_data/OR/Opposite/0007/OR007@12_2.mat,source,train,OR,1,0,0.05,0.736,19.9969,1749,-0.548765155425824,0.125751472363413,-0.573791409328401,0.248064095405177,-0.405107471591319,-0.240625078050313,0.364067634097069,0.00770760450369937
source/48kHz_DE_data/OR/Opposite/0007/OR007@12_2.mat,source,train,OR,1,1,0.736,1.422,19.9969,1749,-0.539259527281841,0.261795784215751,-0.670717577446319,0.217649902779573,-0.449703065325163,-0.433278054787017,0.283168716605089,0.225125980265123
source/48kHz_DE_data/OR/Opposite/0007/OR007@12_2.mat,source,train,OR,1,2,1.422,2.108,19.9969,1749,-0.650368385826384,0.180103667448198,-0.72525189968039,0.185949489484458,-0.361742440598475,-0.484242826634962,0.418907818937019,0.345798122589294
source/48kHz_DE_data/OR/Opposite/0007/OR007@12_2.mat,source,train,OR,1,3,2.108,2.794,19.9969,1749,-0.548665204995702,0.120555122316892,-0.670378077161558,0.0254185218206987,-0.367846031793835,-0.367691440256907,0.571429744697075,0.26703761288827
source/48kHz_DE_data/OR/Opposite/0007/OR007@12_2.mat,source,train,OR,1,4,2.794,3.48,19.9969,1749,-0.539984049804144,0.117528912809298,-0.64125789205484,-0.00686144555022211,-0.429275723824561,-0.358648704732601,0.457575274852076,0.286939869421683
source/48kHz_DE_data/OR/Opposite/0007/OR007@12_3.mat,source,test,OR,1,0,0.05,0.7465,20.0011583333333,1723,-0.34264672296221,0.252604485062834,-0.542753279853797,-0.0913666530482023,-0.41844677170376,-0.446778422020331,0.537075207966191,0.110111994100324
source/48kHz_DE_data/OR/Opposite/0007/OR007@12_3.mat,source,test,OR,1,1,0.7465,1.443,20.0011583333333,1723,-0.504778870958271,0.150221697717791,-0.612459471193526,0.187473251129946,-0.336885073230273,-0.333778053603137,0.899888169438317,0.0994404022484578
source/48kHz_DE_data/OR/Opposite/0007/OR007@12_3.mat,source,test,OR,1,2,1.443,2.1395,20.0011583333333,1723,-0.31406808749427,0.402103258561921,-0.610367421136859,0.159240634793156,-0.434690199884962,-0.546326115346746,0.411935240737983,0.303511930326469
source/48kHz_DE_data/OR/Opposite/0007/OR007@12_3.mat,source,test,OR,1,3,2.1395,2.836,20.0011583333333,1723,-0.323645175353014,0.459868908571546,-0.67054441538903,0.00995511980335404,-0.449063172699843,-0.521616221935016,0.394360597914101,0.400017992564674
source/48kHz_DE_data/OR/Opposite/0007/OR007@12_3.mat,source,test,OR,1,4,2.836,3.5325,20.0011583333333,1723,-0.34488003626793,0.346091964534994,-0.716798939814823,-0.0747291996705983,-0.407962377150439,-0.491298871629036,0.586698762645269,0.395085646565701
source/48kHz_DE_data/OR/Opposite/0021/OR021@12_0.mat,source,test,OR,1,0,0.05,0.718,19.9954666666667,1796,-1.85195695112022,-0.448883250064445,-1.66984577309803,0.799404558923387,1.2949868044765,0.185626183650003,1.14129274023461,1.70159899778259
source/48kHz_DE_data/OR/Opposite/0021/OR021@12_0.mat,source,test,OR,1,1,0.718,1.386,19.9954666666667,1796,-1.92648483299585,-0.679428087346874,-1.6383511937865,0.740404037857728,1.26524910029705,0.263845362816901,1.05062633457265,1.64892211822265
source/48kHz_DE_data/OR/Opposite/0021/OR021@12_0.mat,source,test,OR,1,2,1.386,2.054,19.9954666666667,1796,-1.89446911861322,-0.435813041770668,-1.65605580167351,1.02511086975179,1.18292883309831,0.198947531303865,1.08368186739654,1.62748443527933
source/48kHz_DE_data/OR/Opposite/0021/OR021@12_1.mat,source,test,OR,1,0,0.05,0.7275,19.9975416666667,1771,-1.98079958138322,-0.655179080123505,-1.68268565748466,0.926794116495788,0.831196782340027,-0.677450560979733,0.879959990096427,1.78160325678603
source/48kHz_DE_data/OR/Opposite/0021/OR021@12_1.mat,source,test,OR,1,1,0.7275,1.405,19.9975416666667,1771,-1.87982538087371,-0.534215999024376,-1.67942128805839,0.97096137911349,0.910562972964656,-0.70410636842434,1.09783935550254,1.80782370332221
source/48kHz_DE_data/OR/Opposite/0021/OR021@12_1.mat,source,test,OR,1,2,1.405,2.0825,19.9975416666667,1771,-1.90745460340521,-0.590701031068963,-1.66274003415908,0.817078084602472,1.01198626867603,-0.65262857160966,1.04896396060819,1.7455742095878
source/48kHz_DE_data/OR/Opposite/0021/OR021@12_1.mat,source,test,OR,1,3,2.0825,2.76,19.9975416666667,1771,-1.80438845233451,-0.36857569891283,-1.67238105584626,0.909043631695399,0.961766966916028,-0.704085628889636,1.26879992463511,1.78906945584704
source/48kHz_DE_data/OR/Opposite/0021/OR021@12_1.mat,source,test,OR,1,4,2.76,3.4375,19.9975416666667,1771,-1.94034398269583,-0.68103571800642,-1.6574913200924,0.810240433293294,0.882991591606224,-0.693253760190957,0.887654671044801,1.74122871842426
source/48kHz_DE_data/OR/Opposite/0021/OR021@12_2.mat,source,train,OR,1,0,0.05,0.7375,20.00625,1746,-1.87243695114697,-0.604192255205627,-1.67985743338072,0.841800394747103,0.471587194050769,-0.670050089466365,0.747764352434133,1.80297325457555
source/48kHz_DE_data/OR/Opposite/0021/OR021@12_2.mat,source,train,OR,1,1,0.7375,1.425,20.00625,1746,-1.79919305782857,-0.37077197864044,-1.67056714441378,0.978080576991304,0.842028396445125,-0.598232735982379,1.32627148592813,1.83844486560891
source/48kHz_DE_data/OR/Opposite/0021/OR021@12_2.mat,source,train,OR,1,2,1.425,2.1125,20.00625,1746,-1.82230159583803,-0.319088169476321,-1.65036961602977,1.07825014257712,0.776644834937988,-0.713800392582081,1.17861030807698,1.72546335085195
source/48kHz_DE_data/OR/Opposite/0021/OR021@12_2.mat,source,train,OR,1,3,2.1125,2.8,20.00625,1746,-1.71476825823157,-0.412932350279186,-1.62734082151322,1.05774144454896,1.01690972963289,-0.675270443278789,2.02850064395242,1.77763311916535
source/48kHz_DE_data/OR/Opposite/0021/OR021@12_2.mat,source,train,OR,1,4,2.8,3.4875,20.00625,1746,-1.80798842348319,-0.371655841962138,-1.63839551816393,1.10847158403822,0.892641575081675,-0.649701146011558,1.20166422464174,1.75171591407013
source/48kHz_DE_data/OR/Opposite/0021/OR021@12_3.mat,source,validation,OR,1,0,0.05,0.7485,20.0003833333333,1718,-1.76901801181236,-0.322287518643554,-1.65223408266917,0.84643330538643,0.533819740545515,-0.704090724425668,1.11612958119438,1.76653881939949
source/48kHz_DE_data/OR/Opposite/0021/OR021@12_3.mat,source,validation,OR,1,1,0.7485,1.447,20.0003833333333,1718,-1.67129273124525,-0.393604772414748,-1.57158478575497,0.734303092619338,0.469223932791475,-0.643804701431902,1.03307965191694,1.68621700906832
source/48kHz_DE_data/OR/Opposite/0021/OR021@12_3.mat,source,validation,OR,1,2,1.447,2.1455,20.0003833333333,1718,-1.78667853217613,-0.527845910556194,-1.65078991912067,0.976606894614302,0.627168560287633,-0.693920435452514,1.28750078023338,1.74645084342423
source/48kHz_DE_data/OR/Opposite/0021/OR021@12_3.mat,source,validation,OR,1,3,2.1455,2.844,20.0003833333333,1718,-1.7495264532606,-0.507089151509177,-1.5991018402976,1.1026950989544,0.498173883217828,-0.692964397427854,1.30156733566387,1.68132024836684
source/48kHz_DE_data/OR/Opposite/0021/OR021@12_3.mat,source,validation,OR,1,4,2.844,3.5425,20.0003833333333,1718,-1.75733926224611,-0.499356485488977,-1.65583761823054,0.824355021156316,0.336684363832729,-0.702739411522267,0.783127012081758,1.83053846039762
source/48kHz_DE_data/OR/Orthogonal/0007/OR007@3_0.mat,source,train,OR,1,0,0.05,0.718,20.0066,1797,-0.421308238380011,-0.702209053828286,0.159950165546507,0.312460142691486,-0.393884739393398,0.881648465559099,-0.687489289799342,-0.952102945912708
source/48kHz_DE_data/OR/Orthogonal/0007/OR007@3_0.mat,source,train,OR,1,1,0.718,1.386,20.0066,1797,-0.431712856338195,-0.775224992249592,0.216892446442656,0.402701425717605,-0.462747030379764,0.989534309577878,-0.785345597954689,-1.06254819194117
source/48kHz_DE_data/OR/Orthogonal/0007/OR007@3_0.mat,source,train,OR,1,2,1.386,2.054,20.0066,1797,-0.403719918722866,-0.821951446823886,0.261187630163634,0.420670063275557,-0.463879148101484,1.09700307580516,-0.726469508389528,-1.15664443806259
source/48kHz_DE_data/OR/Orthogonal/0007/OR007@3_1.mat,source,test,OR,1,0,0.05,0.727,20.00535,1773,-0.602905878059542,-1.10006339000962,0.30097285155499,0.233565322172869,-0.318721967173111,1.37996667024383,-0.72845912557493,-1.40816994194062
source/48kHz_DE_data/OR/Orthogonal/0007/OR007@3_1.mat,source,test,OR,1,1,0.727,1.404,20.00535,1773,-0.612526260206994,-1.11494202937775,0.291143172675486,0.158703276491832,-0.30996036045719,1.3719432688808,-0.756347709987503,-1.40814494510189
source/48kHz_DE_data/OR/Orthogonal/0007/OR007@3_1.mat,source,test,OR,1,2,1.404,2.081,20.00535,1773,-0.638877780532718,-1.11242058004419,0.268873418262286,0.288419828015862,-0.317097624354991,1.40509234342891,-0.755336844629924,-1.42744944721761
source/48kHz_DE_data/OR/Orthogonal/0007/OR007@3_1.mat,source,test,OR,1,3,2.081,2.758,20.00535,1773,-0.648539148644817,-1.09368798714933,0.271483043774781,0.284048578176122,-0.30183864636659,1.34949970571598,-0.704548139475288,-1.39243688957582
source/48kHz_DE_data/OR/Orthogonal/0007/OR007@3_1.mat,source,test,OR,1,4,2.758,3.435,20.00535,1773,-0.639794549110222,-1.08823702021057,0.281012638871447,0.306640547561191,-0.30602255968599,1.34012679705096,-0.737445086931779,-1.40884588852182
source/48kHz_DE_data/OR/Orthogonal/0007/OR007@3_2.mat,source,train,OR,1,0,0.05,0.7355,19.99375,1750,-0.512401701821097,-0.973432551043474,0.402479550962576,0.323782986891545,-0.377739756231476,1.17613675653513,-0.774949413574234,-1.26174278452223
source/48kHz_DE_data/OR/Orthogonal/0007/OR007@3_2.mat,source,train,OR,1,1,0.7355,1.421,19.99375,1750,-0.531041320664562,-0.982389406954813,0.371881414087374,0.210158127212954,-0.358099974885114,1.22229795613931,-0.782829497537917,-1.2742837275832
source/48kHz_DE_data/OR/Orthogonal/0007/OR007@3_2.mat,source,train,OR,1,2,1.421,2.1065,19.99375,1750,-0.49776934367168,-0.961310375929294,0.355827204975797,0.310285813222544,-0.368879704496276,1.17882029940307,-0.770368260925883,-1.21641911473946
source/48kHz_DE_data/OR/Orthogonal/0007/OR007@3_2.mat,source,train,OR,1,3,2.1065,2.792,19.99375,1750,-0.485288031866179,-0.988307385527339,0.34521222412251,0.337016108608546,-0.354752844229594,1.19210236309503,-0.78934338501141,-1.18170380578932
source/48kHz_DE_data/OR/Orthogonal/0007/OR007@3_2.mat,source,train,OR,1,4,2.792,3.4775,19.99375,1750,-0.508423972142831,-0.988156587243976,0.368692026335381,0.273249966748529,-0.395509082211518,1.19332763600307,-0.81841013674311,-1.23450868997194
source/48kHz_DE_data/OR/Orthogonal/0007/OR007@3_3.mat,source,train,OR,1,0,0.05,0.746,19.9984,1724,-0.116548860326654,-0.855460240465485,0.574404186279394,0.227731570757263,-0.425584035601561,1.02251769985961,-0.936248138802559,-1.2875010363874
source/48kHz_DE_data/OR/Orthogonal/0007/OR007@3_3.mat,source,train,OR,1,1,0.746,1.442,19.9984,1724,-0.1560863004352,-0.873234895068033,0.568618311628739,0.166264311236874,-0.41465663846148,1.03778054895656,-0.913959493144197,-1.30639932759147
source/48kHz_DE_data/OR/Orthogonal/0007/OR007@3_3.mat,source,train,OR,1,2,1.442,2.138,19.9984,1724,-0.169532871603518,-0.805431196785585,0.543492820427058,0.184524328296649,-0.360314987818915,0.904334463245546,-0.768035225397709,-1.25160451914406
source/48kHz_DE_data/OR/Orthogonal/0007/OR007@3_3.mat,source,train,OR,1,3,2.138,2.834,19.9984,1724,-0.165949451658526,-0.861337989340355,0.550078733589469,0.168818462855252,-0.376164635922996,1.01115278742496,-0.822162128053129,-1.29581059965754
source/48kHz_DE_data/OR/Orthogonal/0007/OR007@3_3.mat,source,train,OR,1,4,2.834,3.53,19.9984,1724,-0.156594765904203,-0.850900154287954,0.541184392791198,0.243503250286323,-0.4172654314724,1.02671236576184,-0.87634848596266,-1.30313705508615
source/48kHz_DE_data/OR/Orthogonal/0021/OR021@3_0.mat,source,train,OR,1,0,0.05,0.718,19.9954666666667,1796,1.34844329823781,-0.314389710604524,-0.460548448685827,-2.04405660581518,-0.0320828618362943,0.518773213033943,0.359449604030189,1.38134872983138
source/48kHz_DE_data/OR/Orthogonal/0021/OR021@3_0.mat,source,train,OR,1,1,0.718,1.386,19.9954666666667,1796,1.5713395644806,-0.298791976246766,-0.303357170637827,-1.59208549463988,-0.00126199624633314,0.283126262764546,0.241131423208468,1.2431093809488
source/48kHz_DE_data/OR/Orthogonal/0021/OR021@3_0.mat,source,train,OR,1,2,1.386,2.054,19.9954666666667,1796,1.17625711828112,-0.292505615611224,-0.527160104806118,-1.38931799065447,0.0998658918076285,0.36756003028212,0.575155804933789,1.350690983522
source/48kHz_DE_data/OR/Orthogonal/0021/OR021@3_1.mat,source,validation,OR,1,0,0.05,0.728,20.001,1770,0.30570859406023,-0.400378706131307,-0.696151413280405,0.64182406065361,1.00666893084262,0.122749611163282,0.0109806551509238,1.00106120436998
source/48kHz_DE_data/OR/Orthogonal/0021/OR021@3_1.mat,source,validation,OR,1,1,0.728,1.406,20.001,1770,0.444973593583366,-0.390666974846758,-0.730225925305877,0.406307398230183,0.948375153113362,0.237502184364415,0.0377705956877712,1.19532832308875
source/48kHz_DE_data/OR/Orthogonal/0021/OR021@3_1.mat,source,validation,OR,1,2,1.406,2.084,20.001,1770,0.465079099965593,-0.406871747038589,-0.607857914890616,-0.0441891967922081,1.24949402523509,0.0667672068336051,0.532929833737993,0.930163707513612
source/48kHz_DE_data/OR/Orthogonal/0021/OR021@3_1.mat,source,validation,OR,1,3,2.084,2.762,20.001,1770,0.539926079898152,-0.41371824414437,-0.533371153006865,-0.246089318511419,0.953692490946773,0.170380431227716,0.17118768760103,0.922941916963292
source/48kHz_DE_data/OR/Orthogonal/0021/OR021@3_1.mat,source,validation,OR,1,4,2.762,3.44,20.001,1770,0.569474611131655,-0.337369938621618,-0.528762750534085,0.228390633231833,1.13645136166552,0.139354387269354,0.252666353577847,0.926188678295375
source/48kHz_DE_data/OR/Orthogonal/0021/OR021@3_2.mat,source,train,OR,1,0,0.05,0.7375,20.00625,1746,0.681655541838172,-0.313651452246741,-0.612979703155394,0.473038473518379,0.710867396554301,0.354773347276117,-0.144324039419847,1.16350431526837
source/48kHz_DE_data/OR/Orthogonal/0021/OR021@3_2.mat,source,train,OR,1,1,0.7375,1.425,20.00625,1746,0.747403997940267,-0.316631661244739,-0.54342724825465,0.328164398789916,0.829424336395557,0.278057144352943,0.0273868328052384,1.06669685705882
source/48kHz_DE_data/OR/Orthogonal/0021/OR021@3_2.mat,source,train,OR,1,2,1.425,2.1125,20.00625,1746,0.490477313153703,-0.284553811246997,-0.618005581637718,0.210024221858136,0.89854972822991,0.188883705207697,0.00987413062774081,0.964470394398225
source/48kHz_DE_data/OR/Orthogonal/0021/OR021@3_2.mat,source,train,OR,1,3,2.1125,2.8,20.00625,1746,0.798905851114874,-0.265980017714501,-0.391565425557129,0.280842987123864,0.81997129135838,0.0737011993990122,0.0459571559272378,0.763033188092294
source/48kHz_DE_data/OR/Orthogonal/0021/OR021@3_2.mat,source,train,OR,1,4,2.8,3.4875,20.00625,1746,0.650511865017914,-0.281407394509318,-0.508891166644111,0.0320670232510665,0.904064004501597,0.0405633661894089,0.0859657509722716,0.884282997727013
source/48kHz_DE_data/OR/Orthogonal/0021/OR021@3_3.mat,source,train,OR,1,0,0.05,0.748,19.9977,1719,0.622774297998639,-0.3603674128027,-0.615294778082399,-0.849926957288711,0.806776415993988,0.213174852548204,0.188672778068877,0.922194553507572
source/48kHz_DE_data/OR/Orthogonal/0021/OR021@3_3.mat,source,train,OR,1,1,0.748,1.446,19.9977,1719,0.673026623595321,-0.291451082406764,-0.594575049510702,-0.736533663171377,0.867827331859087,0.186144381156206,0.180168503221728,0.960843930043865
source/48kHz_DE_data/OR/Orthogonal/0021/OR021@3_3.mat,source,train,OR,1,2,1.446,2.144,19.9977,1719,0.66748312032093,-0.263002565159571,-0.461698320839261,-0.818886340810747,0.882794653167949,0.126715258909527,0.250006434439044,0.78998953199048
source/48kHz_DE_data/OR/Orthogonal/0021/OR021@3_3.mat,source,train,OR,1,3,2.144,2.842,19.9977,1719,0.832958141751454,-0.364366613733217,-0.457508884205796,-0.710211018799336,0.798898878463007,0.125907260250322,0.197223111052941,0.84267872377449
source/48kHz_DE_data/OR/Orthogonal/0021/OR021@3_3.mat,source,train,OR,1,4,2.842,3.54,19.9977,1719,0.609799787280363,-0.306542720812783,-0.610432684272416,-0.669617039870862,0.716775549702536,0.206572314365729,0.102567031847431,0.979875816127349
source/48kHz_Normal_data/N_0.mat,source,test,N,0,0,0.05,0.718,19.9954666666667,1796,2.32739156061986,1.63078315021914,2.08779530907733,-0.696892618111048,-1.17445529726459,-1.22622123670408,-0.965497729698254,-0.904774193315297
source/48kHz_Normal_data/N_0.mat,source,test,N,0,1,0.718,1.386,19.9954666666667,1796,1.93309249238861,1.56449318562705,2.58676455553263,-0.11242753466903,-1.16480768537515,-0.69614893737223,-0.941120942987706,-0.93650576868391
source/48kHz_Normal_data/N_0.mat,source,test,N,0,2,1.386,2.054,19.9954666666667,1796,1.62113152808347,1.50884974469503,1.20434376688534,-0.243409299949894,-1.18055888845995,-0.2237374503521,-1.16649847196768,-0.525440049718417
source/48kHz_Normal_data/N_0.mat,source,test,N,0,3,2.054,2.722,19.9954666666667,1796,1.88389251205115,1.56163743164819,2.09990993880661,-0.341870722824921,-1.18282312390339,-1.10524199544293,-1.19416958463256,-0.963628931962448
source/48kHz_Normal_data/N_0.mat,source,test,N,0,4,2.722,3.39,19.9954666666667,1796,1.66750083820041,1.45164154979999,0.95148793951498,-0.475099972243339,-1.17888532313219,-1.31133158194765,-1.18084743024903,-0.407806695695318
source/48kHz_Normal_data/N_0.mat,source,test,N,0,5,3.39,4.058,19.9954666666667,1796,1.98286968764664,1.60145747160795,2.17746671326434,-0.558528166733852,-1.17519363490919,-1.25952241952581,-1.0555443146529,-0.871826346879904
source/48kHz_Normal_data/N_0.mat,source,test,N,0,6,4.058,4.726,19.9954666666667,1796,1.84558052791638,1.53696771342241,1.92247008708128,-0.0577554187292361,-1.18459513425043,-1.0857194581472,-1.27157852538847,-0.957487086521925
source/48kHz_Normal_data/N_1_(1772rpm).mat,source,validation,N,0,0,0.05,0.727,19.9940666666667,1772,1.78711412701195,1.50074459577292,1.62027845971695,-1.35817604747832,-1.18774537486739,-0.828180276340913,-1.00006038249424,-0.641778788837307
source/48kHz_Normal_data/N_1_(1772rpm).mat,source,validation,N,0,1,0.727,1.404,19.9940666666667,1772,1.25720366042761,1.24930682739385,1.04080898334163,-1.45554727322723,-1.18484124679863,-0.825280929483242,-0.880847200617261,-0.513100911825014
source/48kHz_Normal_data/N_1_(1772rpm).mat,source,validation,N,0,2,1.404,2.081,19.9940666666667,1772,2.0644173914016,1.53052945736148,1.57233765112116,-1.11014750047098,-1.18395524162511,-1.20459139203949,-1.04511734888665,-0.414095929341086
source/48kHz_Normal_data/N_1_(1772rpm).mat,source,validation,N,0,3,2.081,2.758,19.9940666666667,1772,1.71585755296614,1.50387244508419,1.7196614714186,-1.19231250075848,-1.18636714459747,-1.17009327963378,-0.961166292829155,-0.577083063755652
source/48kHz_Normal_data/N_1_(1772rpm).mat,source,validation,N,0,4,2.758,3.435,19.9940666666667,1772,1.28188428336893,1.43235474624429,1.5100195178995,-1.33354378588486,-1.16731803336679,-1.21449574972898,-0.658588042995039,-0.870276868560938
source/48kHz_Normal_data/N_1_(1772rpm).mat,source,validation,N,0,5,3.435,4.112,19.9940666666667,1772,1.07289821568213,1.40704054238198,1.38098997249218,-1.12184372348138,-1.17337240205251,-1.04633840735143,-0.733903419275487,-0.886917894933168
source/48kHz_Normal_data/N_1_(1772rpm).mat,source,validation,N,0,6,4.112,4.789,19.9940666666667,1772,1.06528864267235,1.38025880299755,1.17676286598914,-1.13838223481888,-1.17450451977423,-1.10254776388971,-0.834848479172949,-0.702793158383491
source/48kHz_Normal_data/N_1_(1772rpm).mat,source,validation,N,0,7,4.789,5.466,19.9940666666667,1772,1.62714035886807,1.49205924948669,1.30508099407577,-1.17519289624465,-1.19055105791687,-0.834831075561762,-1.13880767400281,-0.455879897613363
source/48kHz_Normal_data/N_1_(1772rpm).mat,source,validation,N,0,8,5.466,6.143,19.9940666666667,1772,1.81388667295947,1.49671741755103,1.69980470581662,-1.09789348526097,-1.18991116529155,-1.14341286430999,-1.12605426299359,-0.898100928018039
source/48kHz_Normal_data/N_1_(1772rpm).mat,source,validation,N,0,9,6.143,6.82,19.9940666666667,1772,2.19471126150741,1.56699126548796,1.9038734948111,-1.30234534974468,-1.18636714459747,-1.06559802019705,-1.04374590352171,-0.50083767344655
source/48kHz_Normal_data/N_1_(1772rpm).mat,source,validation,N,0,10,6.82,7.497,19.9940666666667,1772,1.92202370431385,1.4278774057391,1.53812461236129,-1.29899189875875,-1.18557958444323,-1.10243765017536,-1.02264064194297,-0.407944774951554
source/48kHz_Normal_data/N_2_(1750rpm).mat,source,train,N,0,0,0.05,0.7355,19.99375,1750,1.93556381985193,1.64688480856536,2.02436259289063,-1.35124081313491,-1.18090344602743,0.12391071482745,-0.813527298584406,-0.863946883041335
source/48kHz_Normal_data/N_2_(1750rpm).mat,source,train,N,0,1,0.7355,1.421,19.99375,1750,1.88479096930685,1.51009292531557,2.23271236128332,-1.29965869419744,-1.18469357926971,-0.559134575669103,-0.985601357803098,-0.792830638495606
source/48kHz_Normal_data/N_2_(1750rpm).mat,source,train,N,0,2,1.421,2.1065,19.99375,1750,2.11808431224664,1.64244975075811,1.52133858265252,-1.12437212986265,-1.16121444217143,-1.10649588536419,-0.393627525560798,-0.38088576268359
source/48kHz_Normal_data/N_2_(1750rpm).mat,source,train,N,0,3,2.1065,2.792,19.99375,1750,2.28570972295803,1.63558054777889,2.38371116641464,-1.3756831929934,-1.18272467888411,-1.16507807066592,-0.884998317694159,-0.948692659122303
source/48kHz_Normal_data/N_2_(1750rpm).mat,source,train,N,0,4,2.792,3.4775,19.99375,1750,1.78662935582782,1.61243060018059,2.09471845176778,-1.30446625735098,-1.18533347189503,-1.22212383713067,-1.04533998641233,-0.667931344761922
source/48kHz_Normal_data/N_2_(1750rpm).mat,source,train,N,0,5,3.4775,4.163,19.99375,1750,1.48145302922025,1.43243993993245,0.784685420781538,-1.25776313060968,-1.16082066209431,-1.19499630209433,-0.461765483382138,-0.270884995551332
source/48kHz_Normal_data/N_2_(1750rpm).mat,source,train,N,0,6,4.163,4.8485,19.99375,1750,2.24020544990847,1.52284366696011,2.13627248681657,-1.14892218862541,-1.19261840332175,0.0672947108986324,-0.974194543705453,-1.14254848544759
source/48kHz_Normal_data/N_2_(1750rpm).mat,source,train,N,0,7,4.8485,5.534,19.99375,1750,1.9861975112425,1.56550706842407,1.77239896172664,-1.1788592007945,-1.19414430112059,-1.36087682292637,-1.04707493937666,-0.617663350256792
source/48kHz_Normal_data/N_2_(1750rpm).mat,source,train,N,0,8,5.534,6.2195,19.99375,1750,2.36784175779439,1.58028308860012,2.08712537332,-1.31746396451889,-1.18917282764695,-0.91711887267112,-0.969305489254348,-0.489604383827917
source/48kHz_Normal_data/N_2_(1750rpm).mat,source,train,N,0,9,6.2195,6.905,19.99375,1750,1.86373020358373,1.59077343563671,2.09833836381549,-1.24105214999667,-1.18464435676007,-1.16733145213975,-0.916165229999209,-1.0351550253185
source/48kHz_Normal_data/N_2_(1750rpm).mat,source,train,N,0,10,6.905,7.5905,19.99375,1750,1.97171840460648,1.57601945788486,1.80964472040969,-1.07250245481077,-1.19040339038795,-0.87018470676008,-0.958660306259399,-0.592614354951542
source/48kHz_Normal_data/N_3.mat,source,train,N,0,0,0.05,0.7455,19.995625,1725,2.33988330577623,1.6295209581518,2.90365196799869,-0.911091986711151,-1.18587491950107,-0.823747567341708,-0.999632195624731,-0.874053520298874
source/48kHz_Normal_data/N_3.mat,source,train,N,0,1,0.7455,1.441,19.995625,1725,2.4338860176748,1.5780256212851,2.37078648191213,-0.85010228205239,-1.18198634123951,-0.75798199096573,-1.0443427737273,-0.865027519462655
source/48kHz_Normal_data/N_3.mat,source,train,N,0,2,1.441,2.1365,19.995625,1725,2.375564377991,1.67227581140285,2.59486147507387,-1.01140164957099,-1.17543974745739,-0.694478328129979,-0.938670590825857,-0.692893486584802
source/48kHz_Normal_data/N_3.mat,source,train,N,0,3,2.1365,2.832,19.995625,1725,2.63989064507704,1.57966554608533,2.32241720154658,-1.18279868294657,-1.18169100618167,-0.746587460965462,-0.996172091918755,-0.634519212341639
source/48kHz_Normal_data/N_3.mat,source,train,N,0,4,2.832,3.5275,19.995625,1725,2.29060021512666,1.63412506692774,2.42946154331147,-0.96553404026908,-1.19124017305183,-0.877897183208537,-1.14789153209361,-0.81625168198328
source/48kHz_Normal_data/N_3.mat,source,train,N,0,5,3.5275,4.223,19.995625,1725,2.36427914781148,1.65326046099459,2.6340766320058,-0.927672651838028,-1.18754848482883,-0.534647231180232,-1.10667434679753,-0.91270561067388
source/48kHz_Normal_data/N_3.mat,source,train,N,0,6,4.223,4.9185,19.995625,1725,2.64884701447804,1.55219663058445,2.72032675976349,-1.05591352850131,-1.17342162456215,-0.701373078071513,-0.784933217021007,-0.617707777156369
source/48kHz_Normal_data/N_3.mat,source,train,N,0,7,4.9185,5.614,19.995625,1725,2.17720536287971,1.68143208198778,3.05244092172389,-0.981892680849307,-1.18956660772407,-1.31574863842716,-1.10522165410417,-1.31915084671862
source/48kHz_Normal_data/N_3.mat,source,train,N,0,8,5.614,6.3095,19.995625,1725,2.30475845091852,1.59929096020357,2.28705196671516,-0.819977661493955,-1.17504596738027,-0.577961516044648,-0.928720187343359,-0.678528612006351
source/48kHz_Normal_data/N_3.mat,source,train,N,0,9,6.3095,7.005,19.995625,1725,2.07059036452414,1.5995532672973,1.71508711353238,-0.996138221927846,-1.16756414591499,-0.838867004492633,-0.627306854805179,-0.55159396835279
source/48kHz_Normal_data/N_3.mat,source,train,N,0,10,7.005,7.7005,19.995625,1725,2.09809667966843,1.5165666713161,2.38958532615303,-1.0221159521815,-1.17524285741883,-0.85569025765876,-0.872535675895541,-0.776458173060197
target/A.mat,target,target,,-1,0,0.05,2.05,20,600,3.03768280232721,1.74444155912977,3.95515303035046,0.0975170496896047,5.78716793731774,-1.09794115972528,-0.760854242529952,-1.07145896281496
target/A.mat,target,target,,-1,1,2.05,4.05,20,600,2.85856839883912,1.73589564247092,3.57167208542163,-0.153024143697508,5.82927372562633,-0.0483420196388048,-0.829569493802972,-0.930559244561325
target/A.mat,target,target,,-1,2,4.05,6.05,20,600,2.93458104544407,1.70803402950837,3.24951340755311,-0.0864818995140023,6.05336384015158,-1.37115987547868,-0.751309525453318,-0.927752986337072
target/B.mat,target,target,,-1,0,0.05,2.05,20,600,2.75840913714366,1.68070482479943,2.66480922499997,0.172188965174676,3.68032394840036,-0.551558546410853,0.436140793315485,-0.632136694564005
target/B.mat,target,target,,-1,1,2.05,4.05,20,600,2.96129282766363,1.70238652648015,3.70085946462759,0.0239509138934984,4.58015738982613,-1.46858129706688,1.08974823691463,-0.856199183521345
target/B.mat,target,target,,-1,2,4.05,6.05,20,600,3.17753270527924,1.63863595861631,2.92678923412466,0.0482067593983216,3.44915556309895,-0.326880441799706,0.359814727758856,-0.719893534918706
target/C.mat,target,target,,-1,0,0.05,2.05,20,600,1.30109679055697,0.447154306286579,0.989437415128172,0.813651106988315,160.112952640002,1.52617656202455,1.76539818752039,-0.159926779290889
target/C.mat,target,target,,-1,1,2.05,4.05,20,600,1.24491008726368,0.311226295870974,0.846647154005552,0.27243111312899,161.646721304304,1.84456546281057,1.84136593038507,-0.0768799210247725
target/C.mat,target,target,,-1,2,4.05,6.05,20,600,1.09815229100287,0.378106945149973,0.700067879115776,0.212132748666913,162.242189102356,1.6716797676015,1.87348565947608,0.0394240104457467
target/D.mat,target,target,,-1,0,0.05,2.05,20,600,2.42726093475734,1.67548256145469,3.84134352129429,0.0017328384095103,14.9396366591309,-1.45030978752035,-0.875300628732342,-1.26509168349256
target/D.mat,target,target,,-1,1,2.05,4.05,20,600,2.51404682795824,1.73979027243335,3.29697513545827,-0.0578774261541637,15.6732299654121,-1.44903590440178,-0.775607162671768,-1.27162769512182
target/D.mat,target,target,,-1,2,4.05,6.05,20,600,2.9013745971775,1.69734679602012,4.28318252783552,-0.0230914747118262,14.9086444174615,-1.22456813116564,-0.908651880316418,-1.30561333274015
target/E.mat,target,target,,-1,0,0.05,2.05,20,600,2.23534068881962,0.866631553045911,1.93308312514999,-0.525782408770078,82.7820836618529,1.32227180618638,2.07921304187103,-0.371781481232397
target/E.mat,target,target,,-1,1,2.05,4.05,20,600,2.42388925975456,0.967072483573841,2.18006555525001,0.315532124598844,83.4032846125391,-0.628595368613244,1.89986672170518,-0.462470480036022
target/E.mat,target,target,,-1,2,4.05,6.05,20,600,2.14551092743308,0.952537433631921,1.85201132755381,-0.915726661390208,83.3272428157429,-0.448825662663746,2.0933359213101,-0.295132655719285
target/F.mat,target,target,,-1,0,0.05,2.05,20,600,2.79964436661335,1.72217133645038,4.27466434902411,0.00387188552779374,9.32385569904876,-1.28502060517564,-0.98569609652004,-1.11782663995641
target/F.mat,target,target,,-1,1,2.05,4.05,20,600,2.87454494334471,1.69976181499853,3.57945463947306,-0.0290979899785129,10.8553421171666,-1.39705640721161,-0.755978409109751,-1.13895181719017
target/F.mat,target,target,,-1,2,4.05,6.05,20,600,2.51454641613607,1.62482270189463,4.25734364699509,-0.128216144610026,9.95613712034246,-1.14731054050065,-0.938143005645355,-1.41630719705638
target/G.mat,target,target,,-1,0,0.05,2.05,20,600,2.47781754250176,1.68232126976362,2.9101604329401,-0.398891708031033,3.11247463678861,-0.608059218772875,-0.165401885249107,-0.892301286175374
target/G.mat,target,target,,-1,1,2.05,4.05,20,600,2.9629104206189,1.63858237968666,3.03760929914049,-0.156763724433136,3.43691743138318,-0.0376767544785857,0.0531925032497414,-0.685876722578661
target/G.mat,target,target,,-1,2,4.05,6.05,20,600,2.71233439196268,1.59853545272733,2.73376226810917,-0.435974864613034,3.39547316370788,0.0617122881957371,-0.090812783906857,-0.890838395961936
target/H.mat,target,target,,-1,0,0.05,2.05,20,600,0.99645463141694,-0.280627135904813,3.60218156131021,-1.9287085875808,28.4853300586523,1.29977778754409,-0.109476740166511,-1.60294315185981
target/H.mat,target,target,,-1,1,2.05,4.05,20,600,1.05582577453474,-0.191995348084962,3.27926231496045,-1.91421135372731,29.2048660514762,1.12725171686404,-0.00988496019820518,-1.41490203242104
target/H.mat,target,target,,-1,2,4.05,6.05,20,600,1.21937657301712,0.201298280332169,3.43259975276867,-1.81247227683821,28.520820640628,0.734373138874224,-0.0679652856403372,-1.4541645550914
target/I.mat,target,target,,-1,0,0.05,2.05,20,600,2.03927042443497,0.442456393690042,1.53987765840617,-0.383690604282239,139.732163449128,1.91734492818761,1.42896799603431,-0.0360586485633781
target/I.mat,target,target,,-1,1,2.05,4.05,20,600,2.18238359726347,0.369689915995075,1.66024395433399,0.131090100998429,139.742284714817,-0.567377336874415,1.53158918379475,0.106065962080556
target/I.mat,target,target,,-1,2,4.05,6.05,20,600,1.92692831031962,0.433010040508101,1.61848429644643,-0.068753208737892,138.177060744401,-0.696681300678569,1.47586017980748,-0.0575859636094306
target/J.mat,target,target,,-1,0,0.05,2.05,20,600,2.10354981624499,0.312917253971404,1.62790555401184,1.40327486643391,194.268189065387,-0.570124920189031,3.07644545167416,-0.0460829830552354
target/J.mat,target,target,,-1,1,2.05,4.05,20,600,1.89911019910804,0.436168598127267,1.61991917272972,1.33781074963407,193.72766055593,-0.580437362167073,3.01789666549089,-0.155859506439411
target/J.mat,target,target,,-1,2,4.05,6.05,20,600,1.71628443233304,0.269392364013554,1.80463509571511,1.16642519145747,182.019936083928,-0.734261627568248,2.97693053456974,-0.268592886887506
target/K.mat,target,target,,-1,0,0.05,2.05,20,600,0.743338054163104,-0.448631569928138,3.48481637041417,-0.310126374536724,25.7052565212408,1.44795843295537,-0.344798604535968,-1.66308259972996
target/K.mat,target,target,,-1,1,2.05,4.05,20,600,0.428349855881069,-0.694950501907455,3.32883144191019,-0.335623211877148,25.3571312879747,1.6528205482515,-0.278361769443095,-1.64634490263298
target/K.mat,target,target,,-1,2,4.05,6.05,20,600,0.33411356708927,-0.655823503950739,3.3072308627643,-0.336961926090098,26.5936787317425,1.5988153117911,-0.185106464033219,-1.68651455998101
target/L.mat,target,target,,-1,0,0.05,2.05,20,600,3.07093896747242,1.6246242025921,2.68243383443208,0.011077670882614,3.30481176091619,-1.10470140228527,-0.416471551319635,-0.740925015436291
target/L.mat,target,target,,-1,1,2.05,4.05,20,600,2.73367459108147,1.41105325431487,1.41653657842681,0.0264131154701345,3.20201145450372,-0.459855925439188,-0.44116607811767,0.117947337756598
target/L.mat,target,target,,-1,2,4.05,6.05,20,600,2.90520148176898,1.51091757450499,2.16024470288448,-0.0238004152557459,3.44746868548408,-0.23088600475543,-0.363557536194581,-0.407820146453852
target/M.mat,target,target,,-1,0,0.05,2.05,20,600,0.824573444176422,-0.119208870597028,3.52823604794434,-0.610670453336687,22.5882374492658,1.22401466667909,-0.431164338595044,-1.64595220018916
target/M.mat,target,target,,-1,1,2.05,4.05,20,600,0.975761737816536,0.0714272106826724,3.55366779347232,-0.566779800849794,19.4452206164026,1.07450748719964,-0.845435824018307,-1.62998288750281
target/M.mat,target,target,,-1,2,4.05,6.05,20,600,1.14027808220384,-0.0141069504394375,3.5973808548671,-0.571830032695339,19.8414383997086,1.15306482128871,-0.7902829553918,-1.55514824209421
target/N.mat,target,target,,-1,0,0.05,2.05,20,600,2.72870085598179,1.71762392468344,4.38017754777599,-1.53336755960361,70.1548455095842,-0.752673621269183,4.09436848201669,-1.28417425699314
target/N.mat,target,target,,-1,1,2.05,4.05,20,600,2.79208895494171,1.71075827071686,4.78958436493676,-0.391991808751914,69.238606356453,-0.60587104467021,3.83092222770881,-1.18961748313014
target/N.mat,target,target,,-1,2,4.05,6.05,20,600,2.86883226175891,1.71861440556916,4.33869929272672,-1.02882411767057,78.9999717451732,-1.3517495972914,4.79026193533438,-1.25449192699904
target/O.mat,target,target,,-1,0,0.05,2.05,20,600,3.07527385284674,1.5347730680111,2.73841270003721,0.0682849612716464,3.3479098301747,-0.132441940023678,0.193865394960781,-0.585820713450038
target/O.mat,target,target,,-1,1,2.05,4.05,20,600,2.70828365490943,1.61789411226011,2.71142244733649,0.00191780968928306,2.56185793767393,0.18914752549084,-0.289803988281538,-0.757151714780859
target/O.mat,target,target,,-1,2,4.05,6.05,20,600,3.19318372804051,1.58413528958825,2.78788388651536,0.0398546020616503,2.51313694303249,0.0548705924852782,-0.333953421432615,-0.466557148984231
target/P.mat,target,target,,-1,0,0.05,2.05,20,600,2.64986743415629,1.75817075871113,3.88142529613024,-0.0545507483109459,15.3611245306283,-1.02126926765462,-0.931308393143203,-1.47089089115755
target/P.mat,target,target,,-1,1,2.05,4.05,20,600,2.8432703846187,1.68441663584774,3.50291949052073,-0.0459111262685939,15.6336048794784,-1.46444062023275,-0.853541989139289,-1.19651563643901
target/P.mat,target,target,,-1,2,4.05,6.05,20,600,2.76895565703506,1.7751635321496,3.52037187135772,0.0222338734045841,15.8470445118077,-1.36531761862651,-0.886149334087357,-1.32113619193891
