file_id,domain,split,label,label_code,window_index,start_seconds,end_seconds,actual_revolutions,rpm_used,ac_rms,mean_abs,peak_to_peak,crest_factor,kurtosis_pearson,skewness,env_entropy,env_centroid_order,env_spread_order,env_peak_order,env_harmonic_ratio,env_low_order_ratio
source/12kHz_DE_data/B/0007/B007_0.mat,source,validation,B,3,0,0.05,0.718,19.9954666666667,1796,0.139078296863058,0.110795632290288,1.03844778443114,3.79391391624918,2.97634713822089,-0.0435589864663808,0.766595686630759,4.65484080608352,3.61789204157239,3.6,0.167117460569965,0.275787136634185
source/12kHz_DE_data/B/0007/B007_0.mat,source,validation,B,3,1,0.718,1.386,19.9954666666667,1796,0.135011584028131,0.108265405926996,1.07012263473054,4.24262283350436,2.9265184677147,-0.00235101534464875,0.781667003789859,4.8844398018074,3.91499928009513,3.6,0.155799773155725,0.303014995777899
source/12kHz_DE_data/B/0007/B007_0.mat,source,validation,B,3,2,1.386,2.054,19.9954666666667,1796,0.14022605982048,0.112013028967481,0.999788223552894,3.9420712119693,2.9089978636716,0.00847445203359087,0.79590321294785,5.24051616859631,4.05086843663588,2,0.148400799841904,0.277718996714798
source/12kHz_DE_data/B/0007/B007_0.mat,source,validation,B,3,3,2.054,2.722,19.9954666666667,1796,0.13803528565287,0.109845679943999,1.06768610778443,4.19185074309846,3.04520056895827,0.00977122344164994,0.814836420736088,4.91790992132114,3.9894731624201,3.6,0.134601860263603,0.293946687749206
source/12kHz_DE_data/B/0007/B007_0.mat,source,validation,B,3,4,2.722,3.39,19.9954666666667,1796,0.138102550260114,0.110794359954253,0.90784994011976,3.30856427916162,2.83199974429596,-0.0210816705334749,0.815544256053848,4.63114493883752,3.82009549988959,3.6,0.127236228618122,0.365379776985177
source/12kHz_DE_data/B/0007/B007_0.mat,source,validation,B,3,5,3.39,4.058,19.9954666666667,1796,0.137565616185834,0.109874829066715,1.14565497005988,4.50280753842509,3.03228227113206,-0.0342150762780258,0.818836909493114,4.67834974692945,3.7353605941962,2,0.12745300417101,0.31616181603299
source/12kHz_DE_data/B/0007/B007_0.mat,source,validation,B,3,6,4.058,4.726,19.9954666666667,1796,0.13748595361476,0.109530252533676,1.03487421157685,4.0850450962139,2.94977317062786,-0.013361929050142,0.79302966884542,4.59668962903342,3.68896419672521,3.6,0.12932431261962,0.312107806429616
source/12kHz_DE_data/B/0007/B007_0.mat,source,validation,B,3,7,4.726,5.394,19.9954666666667,1796,0.134193813372288,0.10732856107475,1.04933093812375,4.40464468454191,2.94696418592266,-0.017260644310502,0.830629995466871,5.06222680073278,4.12921164760832,2,0.107998545078233,0.290240553912074
source/12kHz_DE_data/B/0007/B007_0.mat,source,validation,B,3,8,5.394,6.062,19.9954666666667,1796,0.138085539738378,0.110475251073161,0.987605588822355,3.61285319101886,2.89970048266464,0.00960956971488611,0.807536260761074,4.88346404929734,4.06076103347955,3.6,0.122736783276319,0.272918056668667
source/12kHz_DE_data/B/0007/B007_0.mat,source,validation,B,3,9,6.062,6.73,19.9954666666667,1796,0.13907677904549,0.110805656972199,1.04104674650699,3.79511278353603,3.03971084129432,0.0191405562163376,0.811770220291359,4.89579391485852,3.77209713041511,2.6,0.105649288065043,0.250451187181856
source/12kHz_DE_data/B/0007/B007_0.mat,source,validation,B,3,10,6.73,7.398,19.9954666666667,1796,0.139401447789231,0.112252340736041,1.05501616766467,3.89129456047519,2.85805913621314,0.00680653524707027,0.805217531206282,4.94795646631447,3.77775403389717,2.2,0.151253650156466,0.202238398376155
source/12kHz_DE_data/B/0007/B007_1.mat,source,test,B,3,0,0.05,0.727,19.9940666666667,1772,0.139892149026495,0.111365197749494,1.23109584830339,4.54594310752681,3.09581894797533,0.00378381918722113,0.775207937189322,5.28156425101184,3.7881286342772,5.2,0.0861893750347235,0.255952581210971
source/12kHz_DE_data/B/0007/B007_1.mat,source,test,B,3,1,0.727,1.404,19.9940666666667,1772,0.136428661466976,0.108902195315266,1.05322938123753,3.86096080370115,3.0685964344208,0.0235146473320216,0.79030227233211,5.08802572020164,3.7282071182044,3.6,0.138920121201691,0.243282398555115
source/12kHz_DE_data/B/0007/B007_1.mat,source,test,B,3,2,1.404,2.081,19.9940666666667,1772,0.136480605010396,0.109286413178895,0.923606147704591,3.56899521583736,2.8791616724405,0.0434900184799255,0.811305364788277,5.55087709258504,4.07466410905475,2.6,0.155069993722811,0.199588330062054
source/12kHz_DE_data/B/0007/B007_1.mat,source,test,B,3,3,2.081,2.758,19.9940666666667,1772,0.138433589985231,0.110018116802721,1.25107536926148,4.79171308080782,3.08255110883969,0.0183002967266172,0.797999107085984,5.34651276042783,4.04525388406903,3.6,0.161960364316297,0.292608967201171
source/12kHz_DE_data/B/0007/B007_1.mat,source,test,B,3,4,2.758,3.435,19.9940666666667,1772,0.1415785060829,0.113371002878384,0.997514131736527,3.65520249686916,2.91192236921008,0.0289625901895646,0.805093677301557,5.34389079609176,4.00019119920185,5.2,0.0753318365121034,0.205865967805835
source/12kHz_DE_data/B/0007/B007_1.mat,source,test,B,3,5,3.435,4.112,19.9940666666667,1772,0.137657197384559,0.110231869868914,1.01993017964072,3.72312174968136,2.98319280394912,0.00770673828143221,0.760708603947651,5.20146416976978,3.88524069701171,2,0.148988025580676,0.29651943632917
source/12kHz_DE_data/B/0007/B007_1.mat,source,test,B,3,6,4.112,4.789,19.9940666666667,1772,0.138788410340872,0.11099318541629,1.0399097005988,3.97101600201474,2.9924155620783,0.0072709403434187,0.797728610398472,5.75331555830497,3.83694016147579,5.2,0.0948129455213076,0.192442973643937
source/12kHz_DE_data/B/0007/B007_1.mat,source,test,B,3,7,4.789,5.466,19.9940666666667,1772,0.141547935939614,0.113625700468833,1.032275249501,3.65130334703626,2.87212595935216,-0.00180365144441117,0.794652755815912,5.39002182118699,4.04796351140599,2,0.131619780173165,0.291137487506277
source/12kHz_DE_data/B/0007/B007_1.mat,source,test,B,3,8,5.466,6.143,19.9940666666667,1772,0.139421731917022,0.111715567612066,1.06671149700599,3.88764554171678,2.96007522793736,-0.000262012177636942,0.81959356762767,5.07869360146718,3.9772331132329,2,0.20809551352317,0.288285394283149
source/12kHz_DE_data/B/0007/B007_1.mat,source,test,B,3,9,6.143,6.82,19.9940666666667,1772,0.140463397116546,0.111959934437326,1.0775946506986,4.0300254942419,3.03829690092177,-0.00415582833879257,0.798390021395038,5.21774946969566,3.9421216283166,2,0.228080903618048,0.297372070551595
source/12kHz_DE_data/B/0007/B007_1.mat,source,test,B,3,10,6.82,7.497,19.9940666666667,1772,0.136711018424071,0.109837687524933,0.944560279441118,3.45509634804405,2.88359360168316,-0.0196478704320205,0.789318341226439,5.84369450343011,4.10627758568882,3.6,0.134448525888489,0.206301601047802
source/12kHz_DE_data/B/0007/B007_2.mat,source,train,B,3,0,0.05,0.7365,20.0000333333333,1748,0.147761107758829,0.119842748516799,0.943098363273453,3.19212285648525,2.73164278312845,0.0264529252759876,0.837717631104723,6.42239204123806,4.70826052130664,2,0.151234425101052,0.210027619257882
source/12kHz_DE_data/B/0007/B007_2.mat,source,train,B,3,1,0.7365,1.423,20.0000333333333,1748,0.149293509420448,0.119837695823096,1.08457936127745,3.66695648740164,2.83927177767517,0.0189020755313492,0.845306405230045,5.93829970547073,4.38875907291413,2,0.185172674745085,0.230000310866622
source/12kHz_DE_data/B/0007/B007_2.mat,source,train,B,3,2,1.423,2.1095,20.0000333333333,1748,0.151536395489207,0.121644870336739,1.03747317365269,3.47226102025413,2.81592314706296,0.0403546846889562,0.829714425045366,6.2966335323737,4.45149926272577,2,0.196207693585797,0.226599708444754
source/12kHz_DE_data/B/0007/B007_2.mat,source,train,B,3,3,2.1095,2.796,20.0000333333333,1748,0.147685031889138,0.118174025793476,1.07921900199601,3.68512937110004,2.9252839176125,0.0328663989345812,0.788567418913102,5.54974993882681,4.41711641395359,2,0.237046355571514,0.32848417519343
source/12kHz_DE_data/B/0007/B007_2.mat,source,train,B,3,4,2.796,3.4825,20.0000333333333,1748,0.147706165283271,0.11864461207421,1.1341220758483,4.0604561723172,2.83211688545162,0.0329017702172743,0.782552271461707,5.28215469221004,3.91450163017556,5.2,0.131826009131814,0.237280285032537
source/12kHz_DE_data/B/0007/B007_2.mat,source,train,B,3,5,3.4825,4.169,20.0000333333333,1748,0.146155678323495,0.116686617270121,1.04283353293413,3.74434390681889,2.89289727123093,0.0309172297624927,0.807608673211824,5.82221845652512,4.1862515691478,2,0.148920775998556,0.215553888751469
source/12kHz_DE_data/B/0007/B007_2.mat,source,train,B,3,6,4.169,4.8555,20.0000333333333,1748,0.146098971842172,0.117428707105073,0.963077884231537,3.51457991617189,2.80622738826721,0.0597168432231077,0.796910396114125,5.40568172449546,3.99709421326659,5.2,0.108116845485287,0.223289673168653
source/12kHz_DE_data/B/0007/B007_2.mat,source,train,B,3,7,4.8555,5.542,20.0000333333333,1748,0.150707897635273,0.120865815022115,1.0707723752495,3.73787352694341,2.87954503669031,0.0401654542141821,0.796628292810187,5.37888971156809,4.07449414425389,2,0.187071462634532,0.218466870455801
source/12kHz_DE_data/B/0007/B007_2.mat,source,train,B,3,8,5.542,6.2285,20.0000333333333,1748,0.144753422321099,0.116512848582331,1.0382853493014,3.5927707483618,2.84190311396617,0.0300869222489088,0.791564416424148,5.40745828486124,4.08744883426692,5.2,0.0823160911374788,0.204096616255776
source/12kHz_DE_data/B/0007/B007_2.mat,source,train,B,3,9,6.2285,6.915,20.0000333333333,1748,0.144840444917592,0.116818380608996,1.08327988023952,3.7635898678424,2.86916560612328,0.026127738539809,0.780794975312171,5.44897444491602,3.99137860214178,5.2,0.108726399554689,0.240842906780313
source/12kHz_DE_data/B/0007/B007_2.mat,source,train,B,3,10,6.915,7.6015,20.0000333333333,1748,0.146180373926367,0.116985221618176,1.07694491017964,3.82430290126553,2.90828331140653,0.0406398184227057,0.798890605022814,5.58473350405801,3.97452232484238,5.2,0.0883322553316568,0.196294434366113
source/12kHz_DE_data/B/0007/B007_3.mat,source,train,B,3,0,0.05,0.747,20.0039,1722,0.154838511136459,0.124308595863744,1.16888319361277,3.96182248996035,2.89288639111029,0.0170150154531012,0.813200961743728,6.74940427406966,4.6503456955307,2,0.121496851559181,0.198329140839763
source/12kHz_DE_data/B/0007/B007_3.mat,source,train,B,3,1,0.747,1.444,20.0039,1722,0.153615333547525,0.12376684540813,1.04916850299401,3.54612933728291,2.84364731963397,0.0263276711948836,0.803902884516344,6.14227155272934,4.69340326560357,2,0.178542753343247,0.273332825983971
source/12kHz_DE_data/B/0007/B007_3.mat,source,train,B,3,2,1.444,2.141,20.0039,1722,0.155032558778147,0.125226663995778,1.01814339321357,3.35266627421516,2.72414866556985,0.00770191555135558,0.82383028726855,6.62625634288274,4.61154088368894,2,0.191978735321116,0.206326803688689
source/12kHz_DE_data/B/0007/B007_3.mat,source,train,B,3,3,2.141,2.838,20.0039,1722,0.153637268269631,0.123612184335701,1.17343137724551,3.84085008340301,2.85684344297597,0.014870175190547,0.781207756383717,6.34316676511456,4.6707337145994,2,0.220803916446374,0.257861207438985
source/12kHz_DE_data/B/0007/B007_3.mat,source,train,B,3,4,2.838,3.535,20.0039,1722,0.155210695934639,0.12400434257106,1.05696538922156,3.49157530897042,2.91914909922317,0.0214212441066672,0.83150062715995,6.76848331234284,4.77671838828644,2,0.196659684055732,0.233411993194181
source/12kHz_DE_data/B/0007/B007_3.mat,source,train,B,3,5,3.535,4.232,20.0039,1722,0.157560333321203,0.126463166921935,1.20900467065868,3.99813002365696,2.87385026327277,0.0089427045581576,0.796470519121779,6.03105900761216,4.51732097428359,2,0.197054204702906,0.274530694193996
source/12kHz_DE_data/B/0007/B007_3.mat,source,train,B,3,6,4.232,4.929,20.0039,1722,0.159399041298787,0.128077280397369,1.11203089820359,3.62157872137129,2.82359806615385,-0.00410572079779202,0.839697948102527,6.31379042798523,4.72586638547231,2,0.181026666327239,0.268610289058212
source/12kHz_DE_data/B/0007/B007_3.mat,source,train,B,3,7,4.929,5.626,20.0039,1722,0.155390275257151,0.12478617266602,1.13834538922156,3.76996266992705,2.90170620067147,0.0255984179971624,0.853584964913582,6.09324308682257,4.56882597839586,2,0.152621358057918,0.230525557670633
source/12kHz_DE_data/B/0007/B007_3.mat,source,train,B,3,8,5.626,6.323,20.0039,1722,0.151628517722757,0.120291690464314,1.39206906187625,4.7819950616386,3.17989786681706,0.0210606264118575,0.855141175772425,6.0586542139183,4.94821129797921,2,0.124340471116097,0.287552955993066
source/12kHz_DE_data/B/0007/B007_3.mat,source,train,B,3,9,6.323,7.02,20.0039,1722,0.152425754756322,0.12139453697998,1.109269500998,3.65457461166428,3.01126508189611,0.0326402115278744,0.854504992328175,6.03172074441892,4.58487927340847,2,0.204742022665766,0.24631247089867
source/12kHz_DE_data/B/0007/B007_3.mat,source,train,B,3,10,7.02,7.717,20.0039,1722,0.147620603874176,0.118293349435303,1.17521816367265,3.99799060732001,2.89321783170109,0.0285987793801823,0.843894908321235,6.1100192403109,4.82537937505307,3.6,0.14178428045669,0.244747898291144
source/12kHz_DE_data/B/0014/B014_0.mat,source,train,B,3,0,0.05,0.718,19.9954666666667,1796,0.201108500504445,0.130800250417438,3.53653764471058,9.15724078015898,14.2210960351678,-0.034737540167363,0.76739937508936,3.26506088575247,3.17314818129579,1.4,0.176279159236586,0.484839639815633
source/12kHz_DE_data/B/0014/B014_0.mat,source,train,B,3,1,0.718,1.386,19.9954666666667,1796,0.150267823722713,0.104850974283122,2.16802167664671,7.33388415633091,8.01921637089885,0.0246733290428116,0.757733162032356,3.58682956975797,3.42378185852582,4.7,0.0814569111149524,0.442001626290381
source/12kHz_DE_data/B/0014/B014_0.mat,source,train,B,3,2,1.386,2.054,19.9954666666667,1796,0.115968802921498,0.0789895364861564,2.89638079840319,12.7035265334362,24.5347319780774,0.0278556498800417,0.794521887897586,3.4783710064368,3.56276333957515,1.8,0.191900830476392,0.432854663602479
source/12kHz_DE_data/B/0014/B014_0.mat,source,train,B,3,3,2.054,2.722,19.9954666666667,1796,0.158393489480592,0.100955402828789,4.22461285429142,14.2428674948827,29.8475769822281,0.648044306793741,0.752802141513577,2.99752997399537,3.06254290715852,1,0.282313973991132,0.523166435356349
source/12kHz_DE_data/B/0014/B014_0.mat,source,train,B,3,4,2.722,3.39,19.9954666666667,1796,0.0940791114675384,0.0712700658211502,1.17440598802395,6.41053871312671,5.45456738723105,-0.0163450368923179,0.859887088320255,5.00026265285784,4.32732539358729,2.4,0.185677911952533,0.295701558715631
source/12kHz_DE_data/B/0014/B014_0.mat,source,train,B,3,5,3.39,4.058,19.9954666666667,1796,0.0910428848372714,0.0683213188482575,1.34788670658683,8.11425365475901,6.94898553362814,-0.0334370227600568,0.796899810019196,3.95145198505491,3.47796540963569,1,0.246128221059013,0.345870103774082
source/12kHz_DE_data/B/0014/B014_0.mat,source,train,B,3,6,4.058,4.726,19.9954666666667,1796,0.0978005108260497,0.0724335324451826,2.13488491017964,11.1942813244511,12.331783834544,0.0827183766193664,0.789437090242039,3.57494675325795,3.42870816118563,1.7,0.173340395100238,0.390610766139976
source/12kHz_DE_data/B/0014/B014_0.mat,source,train,B,3,7,4.726,5.394,19.9954666666667,1796,0.0945051651035005,0.0724240421670568,1.53744850299401,8.38210970680567,5.72097395546711,0.0177763317026053,0.803572646086169,4.31248803943587,4.3562204762408,1,0.211017381525361,0.419757339731069
source/12kHz_DE_data/B/0014/B014_0.mat,source,train,B,3,8,5.394,6.062,19.9954666666667,1796,0.168500296687032,0.104784869899977,3.97836119760479,13.4941862278672,23.3117943824056,0.566031869342262,0.763828134963773,3.25616220401855,3.22394646300439,1.2,0.292178365948144,0.501906709324083
source/12kHz_DE_data/B/0014/B014_0.mat,source,train,B,3,9,6.062,6.73,19.9954666666667,1796,0.145303731036556,0.0970054239526011,2.73849385229541,9.45609060581629,14.2357401515205,-0.058647404234318,0.755639758808024,2.9719807731168,3.11311740832217,1.4,0.148620902249413,0.504804527560105
source/12kHz_DE_data/B/0014/B014_0.mat,source,train,B,3,10,6.73,7.398,19.9954666666667,1796,0.198094677684841,0.132630685732352,2.95030926147705,8.91895330143113,9.72280405907245,0.311154018155357,0.733496265663169,3.12550153896003,3.40889061347769,1.8,0.117368353662358,0.515787707625939
source/12kHz_DE_data/B/0014/B014_1.mat,source,train,B,3,0,0.05,0.727,19.9940666666667,1772,0.143536505949053,0.099788975004557,2.51238415169661,8.96133437544154,9.83569535174818,0.0145127012111726,0.781941458421461,3.95273657737554,3.43021536062194,1.2,0.253901781256199,0.410714691741821
source/12kHz_DE_data/B/0014/B014_1.mat,source,train,B,3,1,0.727,1.404,19.9940666666667,1772,0.16905500737925,0.116659519733598,2.16574758483034,6.88064352272996,8.03678382725534,-0.107676402789304,0.790158102911262,3.77820406686262,3.30740077399135,1.4,0.210743062843213,0.377299969638985
source/12kHz_DE_data/B/0014/B014_1.mat,source,train,B,3,2,1.404,2.081,19.9940666666667,1772,0.163810607214115,0.110060170621733,2.48964323353293,7.98756846743036,9.18989960024269,0.0615806260843622,0.754138437212031,3.2775809674041,3.19118604055652,4.4,0.0922223463931302,0.462085501901021
source/12kHz_DE_data/B/0014/B014_1.mat,source,train,B,3,3,2.081,2.758,19.9940666666667,1772,0.126736104022667,0.0913922460353476,1.67909193612774,6.79156899290432,6.89467719504561,0.0617708576582369,0.788965434473272,4.22421335953004,3.31050276876495,4.7,0.090364991825305,0.292633068331339
source/12kHz_DE_data/B/0014/B014_1.mat,source,train,B,3,4,2.758,3.435,19.9940666666667,1772,0.117439511909679,0.0867355348534037,1.46077912175649,6.68736512187173,5.69981510287828,-0.00296157373784749,0.797896425137765,4.28198998024473,3.72917359075722,1.2,0.263117225157292,0.389922649279865
source/12kHz_DE_data/B/0014/B014_1.mat,source,train,B,3,5,3.435,4.112,19.9940666666667,1772,0.146891069222415,0.104035636374364,2.02264223552894,7.11120368414487,7.0189474727689,0.108661313471251,0.81023711786303,4.0830321361195,3.55998896382242,3.2,0.0812498037342197,0.376374998759763
source/12kHz_DE_data/B/0014/B014_1.mat,source,train,B,3,6,4.112,4.789,19.9940666666667,1772,0.161239959456746,0.110259496343868,2.5348001996008,7.89965497868224,9.83005568122862,-0.0101033658445873,0.775755135867216,3.85683986616093,3.30606265428053,1.2,0.268029247311699,0.385528835609042
source/12kHz_DE_data/B/0014/B014_1.mat,source,train,B,3,7,4.789,5.466,19.9940666666667,1772,0.130794256517682,0.0897094866034773,2.53090175648703,10.2105434075573,10.8951105452365,0.133260369060037,0.81990177686035,4.29125769807223,3.48597894683321,4.7,0.0921652378729909,0.345974170753943
source/12kHz_DE_data/B/0014/B014_1.mat,source,train,B,3,8,5.466,6.143,19.9940666666667,1772,0.147298675424318,0.10274558914605,1.9394754491018,7.02979169044821,7.60622565994057,0.0322748230341984,0.762999352204893,3.90859511943191,3.33042312594378,1.2,0.269458175136914,0.366300583723094
source/12kHz_DE_data/B/0014/B014_1.mat,source,train,B,3,9,6.143,6.82,19.9940666666667,1772,0.127993088392839,0.0911500601192148,1.87076538922156,7.34991870952684,8.69446107790483,-0.0389871004632155,0.798157014708176,4.11035442273508,3.68534347850825,1.4,0.193737100889114,0.402733749229183
source/12kHz_DE_data/B/0014/B014_1.mat,source,train,B,3,10,6.82,7.497,19.9940666666667,1772,0.122113699803442,0.086701778919479,1.87466383233533,7.70130902927029,8.33739264322329,0.00274890959236669,0.803224332882468,4.13347692477906,3.58225665459537,4.2,0.101697829162459,0.345716086262907
source/12kHz_DE_data/B/0014/B014_2.mat,source,train,B,3,0,0.05,0.736,19.9969,1749,0.123709771894671,0.084440763822641,2.72419956087824,12.6771135255835,19.5972834946409,0.472174267506313,0.757085643906209,3.80008712628779,3.6165619691428,4.7,0.095238341296573,0.453913921935509
source/12kHz_DE_data/B/0014/B014_2.mat,source,train,B,3,1,0.736,1.422,19.9969,1749,0.167887677770414,0.117401876943583,3.122490499002,10.926127312293,10.7568281368248,0.192641135965158,0.771058952666123,3.80992700787747,3.77665508238441,1.2,0.296016064989854,0.424969811637706
source/12kHz_DE_data/B/0014/B014_2.mat,source,train,B,3,2,1.422,2.108,19.9969,1749,0.156686278679977,0.110758172697606,2.79745780439122,9.39271898936417,9.07105195096254,0.042990480448081,0.796524426549307,4.33973874920103,4.55834408485274,1.2,0.232928494078487,0.501435931926152
source/12kHz_DE_data/B/0014/B014_2.mat,source,train,B,3,3,2.108,2.794,19.9969,1749,0.164838986836643,0.115728470320527,2.58970327345309,8.54987693518703,8.52844338998142,0.0478536171411708,0.746060803232369,2.9617238991841,3.09802051612371,1.2,0.271321061578401,0.568003029818369
source/12kHz_DE_data/B/0014/B014_2.mat,source,train,B,3,4,2.794,3.48,19.9969,1749,0.156602031181319,0.107259371579291,2.69431149700599,9.91521268010304,9.93842155827099,0.125483943471414,0.74577377524731,3.51979188331454,3.64034733841614,1.2,0.262300920799115,0.493199450759062
source/12kHz_DE_data/B/0014/B014_2.mat,source,train,B,3,5,3.48,4.166,19.9969,1749,0.0968088219303027,0.0714457358431372,1.57497101796407,8.50104635195716,7.49437103831665,0.226986679377247,0.825244747811765,4.63541795320957,3.79116392199675,4.2,0.125907113768532,0.255298136853365
source/12kHz_DE_data/B/0014/B014_2.mat,source,train,B,3,6,4.166,4.852,19.9969,1749,0.115323176512804,0.0859018016791346,1.3646175249501,6.61688060465692,5.14760624307387,0.0337322400100176,0.820939066336351,4.70332231560151,4.13848520399813,2,0.145188368648368,0.372472863319164
source/12kHz_DE_data/B/0014/B014_2.mat,source,train,B,3,7,4.852,5.538,19.9969,1749,0.164240907135111,0.114133876916072,2.42840518962076,8.47930516980538,8.58424357376936,0.202651552594127,0.740673096748418,3.46488914542971,3.61069776497546,1.2,0.312783044230978,0.530263305220465
source/12kHz_DE_data/B/0014/B014_2.mat,source,train,B,3,8,5.538,6.224,19.9969,1749,0.158866287424033,0.113707339743924,2.20424471057884,8.06561087993745,7.28961098402457,0.257560642968079,0.781325029151822,4.04327628285676,4.06681316141871,1.2,0.213292984173745,0.440785115552493
source/12kHz_DE_data/B/0014/B014_2.mat,source,train,B,3,9,6.224,6.91,19.9969,1749,0.157043603281792,0.110851926985903,3.19802283433134,11.5132841455236,11.4970974034514,0.198784294775616,0.751513727405604,3.50792250844538,3.58683537304064,1.2,0.199535610986886,0.502321345947716
source/12kHz_DE_data/B/0014/B014_2.mat,source,train,B,3,10,6.91,7.596,19.9969,1749,0.138464573401788,0.101743281183385,1.79831932135729,6.50777688110623,5.78573200011284,-0.0335981995130177,0.738258513411903,3.21316240396861,3.54846988689612,1.2,0.262142787712911,0.539409150535254
source/12kHz_DE_data/B/0014/B014_3.mat,source,train,B,3,0,0.05,0.746,19.9984,1724,0.12985252563929,0.0936928227401428,1.94694746506986,9.17424505666141,7.75678099688159,0.192459633072778,0.772078689403225,4.41311992299513,3.67321904689837,1.2,0.247421087124872,0.361246056159929
source/12kHz_DE_data/B/0014/B014_3.mat,source,train,B,3,1,0.746,1.442,19.9984,1724,0.141483224435387,0.0931894149393976,3.70205904191617,14.0288684246895,28.9324045310753,0.152974142838258,0.804644904173451,4.96412511419101,4.70071345357138,1.2,0.221639599209867,0.351120317969136
source/12kHz_DE_data/B/0014/B014_3.mat,source,train,B,3,2,1.442,2.138,19.9984,1724,0.112588968662204,0.0831941871726913,1.53241301397206,6.86705598720488,6.2222931912261,0.0426840501339823,0.80544684290954,4.52773245586334,3.70800424188642,2,0.184068825839686,0.353711090436546
source/12kHz_DE_data/B/0014/B014_3.mat,source,train,B,3,3,2.138,2.834,19.9984,1724,0.179444090587498,0.111278577684225,3.1473430738523,10.2666914787114,16.7579900821743,0.322534998620587,0.745573387070111,3.39536467699631,3.34862700359459,1.2,0.215501201762676,0.46829296980305
source/12kHz_DE_data/B/0014/B014_3.mat,source,train,B,3,4,2.834,3.53,19.9984,1724,0.137959074749685,0.0909818148645334,2.84618834331337,11.7264795547184,15.6354076495765,0.192150137525969,0.785584058081523,3.67978716327555,3.92385041455881,1.2,0.230642275360958,0.509947477814962
source/12kHz_DE_data/B/0014/B014_3.mat,source,train,B,3,5,3.53,4.226,19.9984,1724,0.156622586034543,0.0995384695201577,2.9998519760479,10.0975275852152,18.3462102821544,0.358259376041997,0.756516097838097,3.39364042250627,3.3847523810607,4.4,0.101048469213238,0.453036775199667
source/12kHz_DE_data/B/0014/B014_3.mat,source,train,B,3,6,4.226,4.922,19.9984,1724,0.158514185289899,0.106900617494889,2.29017289421158,8.10756223306489,10.2677692805905,0.250395499394294,0.791674093422101,4.04452997499987,3.73535939805566,1.2,0.299687714702587,0.393813994977252
source/12kHz_DE_data/B/0014/B014_3.mat,source,train,B,3,7,4.922,5.618,19.9984,1724,0.138293398290191,0.0969527638327053,2.19677269461078,9.48895443000871,10.3661082696763,0.255231942371735,0.798820010305282,3.66608766950366,3.52757594149696,1.2,0.210055988941555,0.450495219409985
source/12kHz_DE_data/B/0014/B014_3.mat,source,train,B,3,8,5.618,6.314,19.9984,1724,0.115848218026063,0.0852459345080189,1.78857321357285,8.11474716818624,6.79668696239445,0.00548981796759576,0.808912975277972,4.37620369953505,3.95402879605632,1,0.343731811191285,0.381895262670536
source/12kHz_DE_data/B/0014/B014_3.mat,source,train,B,3,9,6.314,7.01,19.9984,1724,0.11061411254261,0.0837163253931859,1.14630471057884,5.29537756089983,4.6210456031376,-0.100736725462125,0.81182438863921,4.43581711458891,4.30534039681245,2,0.20799018166958,0.415001107811132
source/12kHz_DE_data/B/0014/B014_3.mat,source,train,B,3,10,7.01,7.706,19.9984,1724,0.133199920909074,0.0987307970444275,1.36624187624751,5.3497648123646,4.99576444032388,-0.0975454436536544,0.788484621626072,3.9784170632391,3.94287111585078,1.2,0.265773059672918,0.443563379302246
source/12kHz_DE_data/B/0021/B021_0.mat,source,train,B,3,0,0.05,0.718,19.9954666666667,1796,0.116169063604194,0.0900251397285769,1.01911800399202,4.43916414734261,3.73884559742894,0.0296630502734677,0.868843852975893,6.03359467946429,4.62377116402649,3.6,0.125225844516768,0.264839435128109
source/12kHz_DE_data/B/0021/B021_0.mat,source,train,B,3,1,0.718,1.386,19.9954666666667,1796,0.118216453753359,0.0917278764075225,1.07385864271457,5.14362593003535,3.75585927257933,-0.0164454660292727,0.863982524604353,6.29336563806033,4.27281058340458,7.2,0.0947289554049107,0.187344370323341
source/12kHz_DE_data/B/0021/B021_0.mat,source,train,B,3,2,1.386,2.054,19.9954666666667,1796,0.12488006076734,0.0972618894051809,1.07418351297405,4.68409686255083,3.59690208028331,0.00427020022856285,0.862201255019935,5.92888019262894,4.48387087659705,3.6,0.117907409759535,0.216381450845272
source/12kHz_DE_data/B/0021/B021_0.mat,source,train,B,3,3,2.054,2.722,19.9954666666667,1796,0.131609513453623,0.102032741925514,1.61866606786427,6.62919201654029,4.21078506964813,-0.0053243897413957,0.85478639054579,5.39932194600389,4.37202273893285,2.3,0.121599938035466,0.27418893475297
source/12kHz_DE_data/B/0021/B021_0.mat,source,train,B,3,4,2.722,3.39,19.9954666666667,1796,0.167821252426844,0.11568836811718,2.9537203992016,9.27520642827559,11.5193696269911,0.0456164699564461,0.842189575279249,5.84343504533635,4.51608761110792,7.2,0.064286779313054,0.282735608315405
source/12kHz_DE_data/B/0021/B021_0.mat,source,train,B,3,5,3.39,4.058,19.9954666666667,1796,0.118854700326878,0.0913208690345275,1.27235437125748,5.4938830288142,4.2120092562912,0.00594639191617889,0.843748388690932,5.67289768399862,4.1948486837338,1,0.293289669662729,0.218397922848301
source/12kHz_DE_data/B/0021/B021_0.mat,source,train,B,3,6,4.058,4.726,19.9954666666667,1796,0.152893403758487,0.108757287561944,3.18129201596806,10.6615449165412,11.6196194915629,0.0307100772146688,0.836278351722472,5.34062419052927,4.09641126294545,1.2,0.381783404438904,0.2399224339691
source/12kHz_DE_data/B/0021/B021_0.mat,source,train,B,3,7,4.726,5.394,19.9954666666667,1796,0.119304274373592,0.092475573620612,1.0948127744511,4.72366838641561,3.76355865194082,0.038573148346808,0.84802907293923,5.92627017561187,4.52625504909189,7.2,0.0840189264848016,0.259922794596541
source/12kHz_DE_data/B/0021/B021_0.mat,source,train,B,3,8,5.394,6.062,19.9954666666667,1796,0.193119598882668,0.131306156051449,3.17024642714571,8.51169236757205,10.866974101535,-0.0425570132255016,0.816347077342476,5.05115492401347,3.60008890649016,4.7,0.155349848473999,0.214451649509761
source/12kHz_DE_data/B/0021/B021_0.mat,source,train,B,3,9,6.062,6.73,19.9954666666667,1796,0.122798424743801,0.0953362241547991,1.21842590818363,5.16376499012905,3.87442792556065,-0.034264348779336,0.855753133908925,6.70488068329628,4.23366123753375,7.2,0.0668056921247154,0.146093793821872
source/12kHz_DE_data/B/0021/B021_0.mat,source,train,B,3,10,6.73,7.398,19.9954666666667,1796,0.146930713547699,0.109699617383977,1.56295081836327,5.80101034874903,4.81934484511131,-0.00589231444060076,0.844727514311787,5.59917029586093,4.01937689022583,3.1,0.0745696805281278,0.214243810684874
source/12kHz_DE_data/B/0021/B021_1.mat,source,validation,B,3,0,0.05,0.7265,20.00185,1774,0.110840810487578,0.0865198973869799,1.04981824351297,4.9893684809862,3.64978346224524,-0.0472406755601404,0.820974154240572,6.0318805115686,4.2586657696458,1,0.302091192940768,0.217362885033173
source/12kHz_DE_data/B/0021/B021_1.mat,source,validation,B,3,1,0.7265,1.403,20.00185,1774,0.106346997379642,0.0833163932436189,0.866753852295409,4.09749308675804,3.44440304178115,0.0287169883603792,0.84547665013068,6.22461530876872,4.4402539595272,1,0.273056891693588,0.229940619366549
source/12kHz_DE_data/B/0021/B021_1.mat,source,validation,B,3,2,1.403,2.0795,20.00185,1774,0.106828770944878,0.0844053592493644,0.833454650698603,4.0093963724126,3.30185937038652,0.00515853496985536,0.828645825272488,6.00076772195871,4.13111270600468,5.4,0.082276167830474,0.188500254192192
source/12kHz_DE_data/B/0021/B021_1.mat,source,validation,B,3,3,2.0795,2.756,20.00185,1774,0.134857280619122,0.0981815643442345,2.5492569261477,9.74313552909559,10.344862662438,0.120365647524124,0.860521282691014,5.95927323589444,4.38579596988714,7.2,0.065963080070713,0.24894275823527
source/12kHz_DE_data/B/0021/B021_1.mat,source,validation,B,3,4,2.756,3.4325,20.00185,1774,0.10583487504604,0.0835038545235106,0.861393493013972,4.15915334270593,3.26834936744494,0.0263814846512998,0.868245803286305,6.44889646406444,4.33182086731951,7.2,0.0496638267543186,0.196064215780829
source/12kHz_DE_data/B/0021/B021_1.mat,source,validation,B,3,5,3.4325,4.109,20.00185,1774,0.109543123149268,0.086196261135061,0.871951776447106,4.04611597672582,3.40121349000793,-0.0451796288698865,0.819412853822583,6.41652446063837,4.28201371846957,5.4,0.12293658628462,0.150538960882716
source/12kHz_DE_data/B/0021/B021_1.mat,source,validation,B,3,6,4.109,4.7855,20.00185,1774,0.10883446418502,0.0860478457590362,0.934326866267465,4.32028603521285,3.29929747185448,-0.0449395234782592,0.832918080871714,5.97431279625466,4.47500042757166,5.4,0.111285852427698,0.201654141848673
source/12kHz_DE_data/B/0021/B021_1.mat,source,validation,B,3,7,4.7855,5.462,20.00185,1774,0.146516680463663,0.102500481019589,2.88825904191617,10.0373386622852,13.6938147259006,0.0100555114201454,0.764830224931406,3.3615255461577,3.40758069178547,4.7,0.112922947339625,0.431574125623914
source/12kHz_DE_data/B/0021/B021_1.mat,source,validation,B,3,8,5.462,6.1385,20.00185,1774,0.121556880502321,0.0943131421815772,1.64026994011976,7.180929515729,4.37190401745461,-0.0252899365111396,0.847500417999615,5.31390453323761,3.9661975507979,6.4,0.0644077364731697,0.222825350489654
source/12kHz_DE_data/B/0021/B021_1.mat,source,validation,B,3,9,6.1385,6.815,20.00185,1774,0.146836242489437,0.102613514561427,2.7308594011976,9.97363834717492,11.7247113284323,0.00948042908961128,0.85025671176273,5.36377329548046,4.1905685646318,2,0.161060873711231,0.224256389795414
source/12kHz_DE_data/B/0021/B021_1.mat,source,validation,B,3,10,6.815,7.4915,20.00185,1774,0.135222866483198,0.0964224019330116,2.43230363273453,9.2941919057387,11.0347669716411,-0.0362279781092415,0.82525880189159,6.27675264921502,4.01354612188693,7.2,0.0999160472023864,0.147330152593571
source/12kHz_DE_data/B/0021/B021_2.mat,source,validation,B,3,0,0.05,0.734,19.9956,1754,0.103050202230773,0.0817145314892332,0.802429540918164,3.90582047342705,3.21979465758881,-0.0208205843714086,0.811040050572666,6.06622456473164,4.21676061393092,3.6,0.16580957615748,0.181937238572594
source/12kHz_DE_data/B/0021/B021_2.mat,source,validation,B,3,1,0.734,1.418,19.9956,1754,0.108628414613101,0.0858062130760229,0.871626906187625,4.12345745855914,3.29650775190853,0.0163063712997674,0.838657195716857,6.5197929196914,4.20393916916903,5.4,0.110684492879932,0.125907970144239
source/12kHz_DE_data/B/0021/B021_2.mat,source,validation,B,3,2,1.418,2.102,19.9956,1754,0.105775221494835,0.0836331186785003,0.796419441117764,3.93608381010852,3.2429670790177,0.0211402524009048,0.845411649057,5.96154019225958,4.48645992830066,3.6,0.150035266785292,0.209576809956883
source/12kHz_DE_data/B/0021/B021_2.mat,source,validation,B,3,3,2.102,2.786,19.9956,1754,0.1051263607806,0.0831305665079747,0.800480319361278,3.8222187440931,3.13869736167528,0.0431001388430249,0.865819548840991,6.59099290123695,4.7054214715819,3.6,0.165133352790463,0.175763574561192
source/12kHz_DE_data/B/0021/B021_2.mat,source,validation,B,3,4,2.786,3.47,19.9956,1754,0.108146704885433,0.0851478404335226,0.925717804391218,4.70792743269938,3.28008534946092,0.0348931408116609,0.866130424710427,6.36005173307994,4.6909181415974,3.6,0.166638076072965,0.204037608371924
source/12kHz_DE_data/B/0021/B021_2.mat,source,validation,B,3,5,3.47,4.154,19.9956,1754,0.106980375469234,0.0847859289855328,0.802429540918164,3.7817893530068,3.18836062176019,-0.00669640190757937,0.858870962714051,6.29473780640383,4.81590758449689,2,0.137491500651837,0.25766974933666
source/12kHz_DE_data/B/0021/B021_2.mat,source,validation,B,3,6,4.154,4.838,19.9956,1754,0.107072794064072,0.084399750710073,0.892743473053892,4.41016712191045,3.31025115748685,-0.0231995312193811,0.840177713812358,6.30740188025395,4.44759233590076,5.4,0.113432418214614,0.175434164735345
source/12kHz_DE_data/B/0021/B021_2.mat,source,validation,B,3,7,4.838,5.522,19.9956,1754,0.108096471635017,0.0854194290496899,0.823546107784431,3.97130801443429,3.15851875208289,-0.0453345484422296,0.852116758134649,6.71014220995178,4.42126250104343,7.2,0.0834172861403656,0.147164394335051
source/12kHz_DE_data/B/0021/B021_2.mat,source,validation,B,3,8,5.522,6.206,19.9956,1754,0.107156457113859,0.084170575437221,0.84823624750499,4.21115074238505,3.28058846109283,-0.0721200256822343,0.844692449827529,6.47409765768541,4.24381966672809,3.6,0.187222136131252,0.138720534652366
source/12kHz_DE_data/B/0021/B021_2.mat,source,validation,B,3,9,6.206,6.89,19.9956,1754,0.107825056345169,0.0852478221612061,0.89518,4.47521682837798,3.21552589192768,0.00684044676518848,0.869314419962106,6.55219850294719,4.5278472919812,3.6,0.13690792499941,0.178868890239546
source/12kHz_DE_data/B/0021/B021_2.mat,source,validation,B,3,10,6.89,7.574,19.9956,1754,0.109807353580555,0.0861787069175072,1.17635520958084,5.84214131088081,3.6832591522815,0.0535011038519005,0.839900036192922,6.38904366445573,4.36616492876876,3.6,0.13815576073905,0.204353613306935
source/12kHz_DE_data/B/0021/B021_3.mat,source,train,B,3,0,0.05,0.744,19.9987666666667,1729,0.1166733798284,0.092654485786238,0.874713173652695,3.8517851918926,3.09578890802315,0.00504508205525398,0.867478740216425,7.24919721701567,5.08950624535383,3.6,0.161444778566166,0.187067904684206
source/12kHz_DE_data/B/0021/B021_3.mat,source,train,B,3,1,0.744,1.438,19.9987666666667,1729,0.117507568370771,0.0927898416398461,1.00726023952096,4.33764806887728,3.2375510269972,-0.00398294232138143,0.843665610639778,7.41372208769399,4.82304490198712,5.4,0.131178545077937,0.139488381874818
source/12kHz_DE_data/B/0021/B021_3.mat,source,train,B,3,2,1.438,2.132,19.9987666666667,1729,0.116298741672919,0.0923372452973641,0.829881077844311,3.64972212547602,3.08373000758382,0.0114756239727329,0.887303360750126,7.90368525932814,5.18030267816076,3.6,0.151643974490793,0.151461294424427
source/12kHz_DE_data/B/0021/B021_3.mat,source,train,B,3,3,2.132,2.826,19.9987666666667,1729,0.118343167629675,0.0941420913516329,0.925392934131737,4.04316173002014,3.05257395381757,0.0547060732304807,0.895536528356938,7.56171155822281,5.17722063114021,3.6,0.144042124485011,0.206261486823336
source/12kHz_DE_data/B/0021/B021_3.mat,source,train,B,3,4,2.826,3.52,19.9987666666667,1729,0.118233677811158,0.0939396091691553,0.881697884231537,3.83739798673659,3.11179731516634,0.0371629636837785,0.861494818227211,7.55691260280154,5.32115912130276,3.6,0.176848186911441,0.166967094739797
source/12kHz_DE_data/B/0021/B021_3.mat,source,train,B,3,5,3.52,4.214,19.9987666666667,1729,0.118150341654522,0.0935681843700106,0.867566027944112,3.95186633905979,3.10832898852013,0.0543059955376547,0.870820095813651,7.23962856365389,5.48417100235802,3.6,0.154196192700834,0.256315397463176
source/12kHz_DE_data/B/0021/B021_3.mat,source,train,B,3,6,4.214,4.908,19.9987666666667,1729,0.116201440256508,0.0922338335589486,0.877961876247505,3.83212388729905,3.09596235225454,0.00643402628183777,0.889465752123468,7.85342765008694,4.96660177735963,3.6,0.165026760156168,0.151615733330009
source/12kHz_DE_data/B/0021/B021_3.mat,source,train,B,3,7,4.908,5.602,19.9987666666667,1729,0.117394415576577,0.0930865874730087,0.847911377245509,3.91851436511406,3.0657702169114,0.0491167652427928,0.854406078179639,7.13085649666729,4.93815143316804,5.4,0.117140519631384,0.16767855307332
source/12kHz_DE_data/B/0021/B021_3.mat,source,train,B,3,8,5.602,6.296,19.9987666666667,1729,0.118460252275741,0.0937552950044649,0.944722714570858,4.16814043417831,3.12502100451634,-0.0131174309938344,0.883926772073611,7.65689253562264,5.01971377454348,5.4,0.0769887987014477,0.152469961031832
source/12kHz_DE_data/B/0021/B021_3.mat,source,train,B,3,9,6.296,6.99,19.9987666666667,1729,0.121588832723569,0.0961378474188622,0.919870139720559,3.83071000769932,3.21373577733627,0.00957749458783084,0.88843447610909,7.58675975125181,5.35039835720167,5.4,0.0466754211365951,0.178320242903117
source/12kHz_DE_data/B/0021/B021_3.mat,source,train,B,3,10,6.99,7.684,19.9987666666667,1729,0.118571242180904,0.0941944867990601,0.907525069860279,3.88341405672836,3.05174799394487,0.0482973889959396,0.842955837925388,6.98582310828064,4.86155986089197,3.6,0.209269654097604,0.178651051926956
source/12kHz_DE_data/B/0028/B028_0_(1797rpm).mat,source,train,B,3,0,0.05,0.718,20.0066,1797,1.98004822219658,1.49011433915406,19.7232568,5.42073793627888,4.108461685893,0.0567245490416333,0.676350016879258,3.04430379022107,3.40460287993922,1.2,0.248102086924641,0.619855950009074
source/12kHz_DE_data/B/0028/B028_0_(1797rpm).mat,source,train,B,3,1,0.718,1.386,20.0066,1797,2.09440588497185,1.59640735695506,17.3730024,4.49799135325196,3.62562666733011,0.0537088190854305,0.73600716176261,4.09112808509008,3.89567662475899,1.8,0.176252481665894,0.462045242240321
source/12kHz_DE_data/B/0028/B028_0_(1797rpm).mat,source,train,B,3,2,1.386,2.054,20.0066,1797,2.03524525652984,1.53326064829163,19.3977368,5.05111664452238,3.95476379581096,0.0589321307738508,0.721568552159056,3.51608925092852,3.33159447253472,1.2,0.324880532071886,0.499750790643034
source/12kHz_DE_data/B/0028/B028_0_(1797rpm).mat,source,train,B,3,3,2.054,2.722,20.0066,1797,1.94349680213931,1.46368721091896,17.3209192,4.71039076895081,3.8304041904392,0.0513995298954439,0.738992875067198,3.57304329022377,3.67865053306906,1.8,0.0995159460492319,0.53078492321311
source/12kHz_DE_data/B/0028/B028_0_(1797rpm).mat,source,train,B,3,4,2.722,3.39,20.0066,1797,2.04968184303948,1.55285751881251,19.1218586,5.02187972816923,3.94379099490355,0.0625595965791959,0.751399874506669,3.67518921854071,3.70958983782125,1.2,0.278005758415431,0.500321523674098
source/12kHz_DE_data/B/0028/B028_0_(1797rpm).mat,source,train,B,3,5,3.39,4.058,20.0066,1797,2.04863303801911,1.56843463685414,18.058222,4.66393567193191,3.59845638418379,0.0464845978680294,0.759872671138039,4.13137492060006,3.96926476578188,1.8,0.138090339633577,0.461214814493211
source/12kHz_DE_data/B/0028/B028_0_(1797rpm).mat,source,train,B,3,6,4.058,4.726,20.0066,1797,2.10862976236874,1.59454914605767,18.1054224,4.46883083010117,3.73475591358712,0.0533100073845841,0.687857421421221,3.36392241653283,3.42188699019074,1.2,0.289961570252852,0.587003438615826
source/12kHz_DE_data/B/0028/B028_0_(1797rpm).mat,source,train,B,3,7,4.726,5.394,20.0066,1797,2.08800743993601,1.56780329235172,19.315543,4.9240945487888,3.98608077297613,0.0637923571112195,0.68204481695694,3.25922730518075,3.34579211832108,4.7,0.119587513891671,0.518356519578181
source/12kHz_DE_data/B/0028/B028_0_(1797rpm).mat,source,train,B,3,8,5.394,6.062,20.0066,1797,2.11520048075841,1.60809772950207,16.8342668,4.24924005527919,3.60777988834134,0.0519886428994352,0.724612569145636,3.34786643150786,3.32827262432614,1.2,0.257674602626477,0.51460072383777
source/12kHz_DE_data/B/0028/B028_0_(1797rpm).mat,source,train,B,3,9,6.062,6.73,20.0066,1797,2.11065745304986,1.59683260887237,19.7948712,4.99254140730485,3.88917596586137,0.0577561314854739,0.733556722070475,3.62794785834584,3.69189891737011,1.8,0.156895974712751,0.542015813147793
source/12kHz_DE_data/B/0028/B028_0_(1797rpm).mat,source,train,B,3,10,6.73,7.398,20.0066,1797,2.17339301699108,1.64662054354769,16.4648016,3.9197237026056,3.57547126563803,0.0513133843152599,0.75723878741913,3.90424550507235,3.82534836498585,1.8,0.14047725194162,0.474983103123146
source/12kHz_DE_data/B/0028/B028_1_(1772rpm).mat,source,test,B,3,0,0.05,0.727,19.9940666666667,1772,2.11514210580811,1.58271604244261,19.217887,4.69802549993111,4.17634865895341,0.0528087332309452,0.616285617449869,2.47899853560328,3.01980316755038,1.2,0.234603418234,0.704744630570586
source/12kHz_DE_data/B/0028/B028_1_(1772rpm).mat,source,test,B,3,1,0.727,1.404,19.9940666666667,1772,2.004416752097,1.5071431423364,17.3803266,4.56976068186826,4.00239942377171,0.0541517665496206,0.765024791550001,4.26736957072402,4.2856375655957,1.8,0.185049722822,0.470639688449498
source/12kHz_DE_data/B/0028/B028_1_(1772rpm).mat,source,test,B,3,2,1.404,2.081,19.9940666666667,1772,1.89889472369427,1.42325346539983,18.2315614,4.90584759088952,3.90064654151665,0.0491074649393159,0.715357627430079,3.33207134637324,3.58283098911286,1.2,0.252544437624589,0.556899460777434
source/12kHz_DE_data/B/0028/B028_1_(1772rpm).mat,source,test,B,3,3,2.081,2.758,19.9940666666667,1772,1.92876642808977,1.45612981772882,19.6239732,5.50029625166079,3.86357427118219,0.0441908798731448,0.708547555122233,3.43705466152378,3.63435020942405,1.2,0.280150760495338,0.526656670773923
source/12kHz_DE_data/B/0028/B028_1_(1772rpm).mat,source,test,B,3,4,2.758,3.435,19.9940666666667,1772,1.99228056171443,1.50483664827362,17.4299684,4.53486985990195,3.96109151155696,0.0483428510769701,0.762522635251432,3.84678258417074,3.89299895914845,1.2,0.245177643360023,0.470186716318264
source/12kHz_DE_data/B/0028/B028_1_(1772rpm).mat,source,test,B,3,5,3.435,4.112,19.9940666666667,1772,2.12844345225255,1.5926350493853,19.6703598,5.07456304543551,4.28671741648324,0.0712879663679162,0.646401930419048,2.90218235835724,3.1989228243305,1.2,0.356984282618968,0.62826266134504
source/12kHz_DE_data/B/0028/B028_1_(1772rpm).mat,source,test,B,3,6,4.112,4.789,19.9940666666667,1772,2.0910221503963,1.59193371746067,16.6251202,4.16537004126221,3.52603596070091,0.048093929181782,0.664218230387267,3.29020312666793,3.61500747898396,1.8,0.147495099329459,0.557342585851925
source/12kHz_DE_data/B/0028/B028_1_(1772rpm).mat,source,test,B,3,7,4.789,5.466,19.9940666666667,1772,2.03575866140224,1.53986528516034,16.080688,4.00731365142308,3.68092606889387,0.0478175176901927,0.681428596134199,3.37213136011316,3.53172153695837,1.2,0.324721367062565,0.547879631929817
source/12kHz_DE_data/B/0028/B028_1_(1772rpm).mat,source,test,B,3,8,5.466,6.143,19.9940666666667,1772,1.98236994214331,1.51776481883231,14.4872676,3.74443218284956,3.50054337962498,0.03773799860592,0.72724522584618,3.44005735841466,3.70573504096344,1.8,0.142436018666615,0.553349516687086
source/12kHz_DE_data/B/0028/B028_1_(1772rpm).mat,source,test,B,3,9,6.143,6.82,19.9940666666667,1772,2.03237319399502,1.52850853417664,18.5489434,4.71403298176611,3.89557461649646,0.0553466088605702,0.743618785559779,4.12169649371152,4.06396296891659,1.8,0.18636530877132,0.465051572078227
source/12kHz_DE_data/B/0028/B028_1_(1772rpm).mat,source,test,B,3,10,6.82,7.497,19.9940666666667,1772,1.94114403568615,1.49164435058317,14.5702752,3.81206756050912,3.35072948028308,0.0412407042728042,0.741738502671901,3.83161210699221,3.8831543914703,1.2,0.260501968793653,0.503948127111526
source/12kHz_DE_data/B/0028/B028_2_(1750rpm).mat,source,train,B,3,0,0.05,0.7355,19.99375,1750,2.08032569482364,1.57847679592396,18.1143742,4.50476073150593,3.79142957655049,0.0388162436975979,0.630759931620444,2.75357813331025,3.04375403598224,1.2,0.336445395211386,0.617292784638606
source/12kHz_DE_data/B/0028/B028_2_(1750rpm).mat,source,train,B,3,1,0.7355,1.421,19.99375,1750,2.21350716937053,1.69621399782754,16.7829974,3.96385564432598,3.43789045524109,0.0372223491557446,0.64396521560491,2.94486591956715,3.16420680295643,4.7,0.122537444998127,0.602204694650361
source/12kHz_DE_data/B/0028/B028_2_(1750rpm).mat,source,train,B,3,2,1.421,2.1065,19.99375,1750,2.08091692629139,1.60049825056801,15.5940356,3.92850966577908,3.37816642621838,0.0331867882986938,0.677250498000252,3.34714507198099,3.91409614367518,1.2,0.199127187852316,0.605186324274034
source/12kHz_DE_data/B/0028/B028_2_(1750rpm).mat,source,train,B,3,3,2.1065,2.792,19.99375,1750,2.13472621958558,1.60361328619206,17.980911,4.34832003064815,4.13060739712844,0.0513968545675082,0.603062606812114,2.58794216389836,2.85597245117719,1.2,0.292309534737162,0.627849027567127
source/12kHz_DE_data/B/0028/B028_2_(1750rpm).mat,source,train,B,3,4,2.792,3.4775,19.99375,1750,2.15998210515132,1.64419129448766,18.6978688,4.34664731038182,3.75035735498766,0.0438366143840959,0.693755654617369,3.34040897679227,3.49741784945282,1.2,0.289270366456226,0.530360294225171
source/12kHz_DE_data/B/0028/B028_2_(1750rpm).mat,source,train,B,3,5,3.4775,4.163,19.99375,1750,2.1152804142197,1.62462289932221,17.4299684,4.13396326308659,3.55747790047967,0.0394950047432347,0.701912340089773,3.42874362949002,3.87226310985974,1.2,0.177343248335348,0.591237930841132
source/12kHz_DE_data/B/0028/B028_2_(1750rpm).mat,source,train,B,3,6,4.163,4.8485,19.99375,1750,2.241897390591,1.68197607413219,18.1013534,4.17603130627882,4.0992439831357,0.0599110517498446,0.610712116526726,2.54976398549642,2.66935850980861,1.2,0.302856241008899,0.626614818122698
source/12kHz_DE_data/B/0028/B028_2_(1750rpm).mat,source,train,B,3,7,4.8485,5.534,19.99375,1750,2.14504298611422,1.64080437018491,16.149861,3.81040536500484,3.50763204318231,0.037719837379468,0.659030394988201,3.26467004544637,3.73475615190104,1.8,0.151308263557005,0.615149488602497
source/12kHz_DE_data/B/0028/B028_2_(1750rpm).mat,source,train,B,3,8,5.534,6.2195,19.99375,1750,2.08773095333965,1.59899976213156,19.8461406,4.93693668735001,3.69629552937293,0.0406156044738548,0.663745690397598,3.21670363439704,3.83475524168415,1.2,0.303320264351284,0.661090561093216
source/12kHz_DE_data/B/0028/B028_2_(1750rpm).mat,source,train,B,3,9,6.2195,6.905,19.99375,1750,2.12078561788863,1.61769855425413,18.9444502,4.519751196772,3.69881625740499,0.0356109275498568,0.638674550144133,2.59726806664409,2.84051892212904,1.8,0.160776851094776,0.652496068585127
source/12kHz_DE_data/B/0028/B028_2_(1750rpm).mat,source,train,B,3,10,6.905,7.5905,19.99375,1750,2.16033215857834,1.62770857900864,20.3637174,4.8379114057533,4.0281833241667,0.0560898994269102,0.676849616739793,3.23981513185324,3.49113545451232,1.8,0.177876289040582,0.568539657591103
source/12kHz_DE_data/B/0028/B028_3_(1730rpm).mat,source,train,B,3,0,0.05,0.7435,19.9959166666667,1730,2.19278941685273,1.64487533128922,19.4490062,4.59100618298376,4.0493088128858,0.0537305690232476,0.71454603474833,3.4568322153379,3.80860268602255,1.2,0.254556083829253,0.618192205306093
source/12kHz_DE_data/B/0028/B028_3_(1730rpm).mat,source,train,B,3,1,0.7435,1.437,19.9959166666667,1730,2.06989656785836,1.58026552233655,19.120231,4.86167239170638,3.82492096294247,0.0414771404568953,0.673420130796354,3.06576818927125,3.54820135889292,1.2,0.294605381970878,0.612222506189573
source/12kHz_DE_data/B/0028/B028_3_(1730rpm).mat,source,train,B,3,2,1.437,2.1305,19.9959166666667,1730,2.10319645143569,1.58581137683183,20.6412232,5.22946511253004,4.011665093303,0.0373485065551029,0.655246015714213,3.10084266152461,3.16743895167825,1.2,0.408236090145636,0.55208637060509
source/12kHz_DE_data/B/0028/B028_3_(1730rpm).mat,source,train,B,3,3,2.1305,2.824,19.9959166666667,1730,2.05265638598693,1.54319903241687,18.1550642,4.47351158432004,4.07090482887195,0.0440195885820533,0.618516529533972,2.42923166883111,2.95196830315132,1.2,0.314362646525713,0.714137597759831
source/12kHz_DE_data/B/0028/B028_3_(1730rpm).mat,source,train,B,3,4,2.824,3.5175,19.9959166666667,1730,2.25475483646179,1.70947599240002,17.9670764,4.0993216682514,3.7964860450833,0.0452607551155305,0.651513972934016,2.85224765705143,3.13419445709425,1.2,0.353001426126496,0.619204749659406
source/12kHz_DE_data/B/0028/B028_3_(1730rpm).mat,source,train,B,3,5,3.5175,4.211,19.9959166666667,1730,2.20728122885594,1.66846621900862,18.6343924,4.38273836241115,3.89893636523502,0.0426778649115806,0.694949529877011,3.38073286196448,3.62091896718793,1.2,0.290183261848903,0.559105084095294
source/12kHz_DE_data/B/0028/B028_3_(1730rpm).mat,source,train,B,3,6,4.211,4.9045,19.9959166666667,1730,2.01455495618938,1.5327630186477,16.731728,4.36803404271737,3.77944549028758,0.0387133856434139,0.720180363728421,3.39034526341253,3.52515544859943,1.2,0.3206849176235,0.544842093099664
source/12kHz_DE_data/B/0028/B028_3_(1730rpm).mat,source,train,B,3,7,4.9045,5.598,19.9959166666667,1730,2.23763450343958,1.68647970770332,21.4444438,5.06797259384614,3.77137656660287,0.0461750275067265,0.63065755046233,2.55698510622288,2.66805639081922,1.2,0.343384882881859,0.614082981181098
source/12kHz_DE_data/B/0028/B028_3_(1730rpm).mat,source,train,B,3,8,5.598,6.2915,19.9959166666667,1730,2.23191892116566,1.69347473824912,19.2968256,4.45162111920572,3.72015913789418,0.0454744839876791,0.71383149938049,3.17586656427803,3.42035582639357,1.2,0.269372500629447,0.549757718744629
source/12kHz_DE_data/B/0028/B028_3_(1730rpm).mat,source,train,B,3,9,6.2915,6.985,19.9959166666667,1730,2.01868431024093,1.5225129430696,16.9221572,4.24061275006762,3.91101264860085,0.0435169189591513,0.651842477657309,2.56382917271729,3.06107647562592,1.2,0.298233549716772,0.656522634310676
source/12kHz_DE_data/B/0028/B028_3_(1730rpm).mat,source,train,B,3,10,6.985,7.6785,19.9959166666667,1730,2.17092235691896,1.64971293474892,18.7027516,4.54460135523511,3.68865828341656,0.0351970336541884,0.674231378028618,2.90601620766846,3.12641660865676,1.2,0.287998068946004,0.60141264315582
source/12kHz_DE_data/IR/0007/IR007_0.mat,source,train,IR,2,0,0.05,0.718,20.0066,1797,0.290335619783214,0.2099524541476,2.63177397205589,4.90159194491757,5.00212294741775,0.135562562173279,0.399917765856157,5.8713729970002,3.07334832623013,5.4,0.567519330128519,0.115342024480788
source/12kHz_DE_data/IR/0007/IR007_0.mat,source,train,IR,2,1,0.718,1.386,20.0066,1797,0.294810850018387,0.213494767626317,2.73995576846307,5.05392385477166,5.03215814415233,0.139286938826554,0.401344932604038,5.89802049927739,3.04401170072807,5.4,0.562611479182486,0.105382633792
source/12kHz_DE_data/IR/0007/IR007_0.mat,source,train,IR,2,2,1.386,2.054,20.0066,1797,0.291293520496405,0.209256121753441,2.81402618762475,5.57629816596126,5.57692216035822,0.141516609468753,0.403659600593117,5.82805217399642,3.12728733989947,5.4,0.551263186882845,0.118636296212992
source/12kHz_DE_data/IR/0007/IR007_0.mat,source,train,IR,2,3,2.054,2.722,20.0066,1797,0.291143046079395,0.208433708429803,2.99725301397206,5.79909631137101,5.55281996777573,0.174859309299526,0.394184355034834,5.7672284225539,3.053062961966,5.4,0.563032445663452,0.12060932625825
source/12kHz_DE_data/IR/0007/IR007_0.mat,source,train,IR,2,4,2.722,3.39,20.0066,1797,0.291952166115737,0.208843453355705,2.88371085828343,5.650748903426,5.46940488346439,0.147230035818586,0.403780861275281,5.8146852127284,3.13109158924207,5.4,0.553035666158685,0.123703417022322
source/12kHz_DE_data/IR/0007/IR007_0.mat,source,train,IR,2,5,3.39,4.058,20.0066,1797,0.288509348893296,0.205953669402285,2.79583345309381,5.2671840664256,5.39736447356159,0.136401993354582,0.411693939417351,5.75199790336404,3.11965721574962,5.4,0.548697068351091,0.11998719407262
source/12kHz_DE_data/IR/0007/IR007_0.mat,source,train,IR,2,6,4.058,4.726,20.0066,1797,0.290673669339197,0.208789682900694,2.68554,5.11306048968641,5.23137716344186,0.171458484760347,0.412732497598067,5.79860597755711,3.06879394230098,5.4,0.559742363944924,0.119366339638205
source/12kHz_DE_data/IR/0007/IR007_0.mat,source,train,IR,2,7,4.726,5.394,20.0066,1797,0.294528886345474,0.212807125573038,2.61569289421158,5.09715873252938,4.97169679894047,0.193334426014564,0.406546854875948,5.85030633278928,3.12898332289074,5.4,0.553734419847083,0.115543481748415
source/12kHz_DE_data/IR/0007/IR007_0.mat,source,train,IR,2,8,5.394,6.062,20.0066,1797,0.29197936306069,0.210246911052864,2.96086754491018,5.91320432527087,5.33571523810562,0.203961336952861,0.407988102669056,5.86314781493163,3.16778926424492,5.4,0.546806602976031,0.116135302981808
source/12kHz_DE_data/IR/0007/IR007_0.mat,source,train,IR,2,9,6.062,6.73,20.0066,1797,0.290778754759922,0.207647481846426,2.85479740518962,5.79102380528107,5.61710681183857,0.203471460178563,0.400129950017455,5.81724336122244,3.06721854912598,5.4,0.560494990389378,0.113051749617709
source/12kHz_DE_data/IR/0007/IR007_0.mat,source,train,IR,2,10,6.73,7.398,20.0066,1797,0.290890060111031,0.207937093301952,2.87201552894212,5.12011493756947,5.48039145735109,0.197318618476269,0.405973527550704,5.74803965160801,3.00342379247209,5.4,0.573854113869225,0.115709549899472
source/12kHz_DE_data/IR/0007/IR007_1.mat,source,test,IR,2,0,0.05,0.727,19.9940666666667,1772,0.291629042292658,0.208338351763898,2.6614996007984,4.8097161627601,5.33704033271658,0.153356197885782,0.378342372508852,5.94885113988221,3.12988884670886,5.4,0.606519262523151,0.125440498089843
source/12kHz_DE_data/IR/0007/IR007_1.mat,source,test,IR,2,1,0.727,1.404,19.9940666666667,1772,0.288831616340089,0.204585336720055,2.8431020758483,5.3152499722196,5.60163979156777,0.143680169316736,0.372324353911959,5.88838166034419,3.05940408724089,5.4,0.626407269966224,0.13044894993942
source/12kHz_DE_data/IR/0007/IR007_1.mat,source,test,IR,2,2,1.404,2.081,19.9940666666667,1772,0.292698283251371,0.207548992087368,2.63729676646707,4.7932704344867,5.4188711880103,0.104368517673153,0.38329806112821,5.93676144972239,3.18719842703702,5.4,0.608079247814849,0.139369545663819
source/12kHz_DE_data/IR/0007/IR007_1.mat,source,test,IR,2,3,2.081,2.758,19.9940666666667,1772,0.292204326522921,0.206713383069339,2.85479740518962,5.375192930889,5.65511049030379,0.146460133454229,0.371261808993028,5.90801656555318,3.16347336379198,5.4,0.615831229381769,0.142765186945424
source/12kHz_DE_data/IR/0007/IR007_1.mat,source,test,IR,2,4,2.758,3.435,19.9940666666667,1772,0.291146323957404,0.205342387556768,2.77098087824351,5.14775303591125,5.90692467575177,0.151524116671925,0.388963339847436,5.95871004592151,3.16044551989912,5.4,0.605798491578811,0.131740546302937
source/12kHz_DE_data/IR/0007/IR007_1.mat,source,test,IR,2,5,3.435,4.112,19.9940666666667,1772,0.292671574251541,0.207348836919317,2.89248235528942,5.3736383734092,5.73743788102192,0.126287246909001,0.387395513640987,5.98312089983695,3.18008210396825,5.4,0.602901142473628,0.130923336697679
source/12kHz_DE_data/IR/0007/IR007_1.mat,source,test,IR,2,6,4.112,4.789,19.9940666666667,1772,0.295009435940089,0.208577699906562,2.83969093812375,5.10648948426886,5.66862400492912,0.109687112620222,0.385623004478339,5.89050003852272,3.15114828154492,5.4,0.584770470597903,0.13816801725268
source/12kHz_DE_data/IR/0007/IR007_1.mat,source,test,IR,2,7,4.789,5.466,19.9940666666667,1772,0.295891495874817,0.209430875967578,2.84521373253493,5.09708892465318,5.48685161899754,0.123401049208113,0.388855608659882,5.88549989055161,3.10041265293695,5.4,0.597827436970859,0.128394606648048
source/12kHz_DE_data/IR/0007/IR007_1.mat,source,test,IR,2,8,5.466,6.143,19.9940666666667,1772,0.292532583793733,0.207156643746864,2.73930602794411,5.09103685336865,5.54683985721302,0.145397606533309,0.372911604932462,5.92525247092555,3.0656781197066,5.4,0.618617687978324,0.116127615319837
source/12kHz_DE_data/IR/0007/IR007_1.mat,source,test,IR,2,9,6.143,6.82,19.9940666666667,1772,0.291249395194108,0.207338732118298,2.66637265469062,4.91995038475925,5.32404114238271,0.120344367858479,0.372419020129052,5.94944772102545,3.08820067203346,5.4,0.622093806628238,0.121935668410944
source/12kHz_DE_data/IR/0007/IR007_1.mat,source,test,IR,2,10,6.82,7.497,19.9940666666667,1772,0.292423807036301,0.209291587821478,2.80135624750499,5.04476079052571,5.21371862586736,0.119033324353153,0.379568591409656,5.91069483473335,3.10159864646899,5.4,0.611954800185974,0.128670488632278
source/12kHz_DE_data/IR/0007/IR007_2.mat,source,train,IR,2,0,0.05,0.7365,20.0000333333333,1748,0.298661321548234,0.214421040929402,2.91717249500998,5.09915489227037,5.47744532157533,0.0913319748596116,0.410566343508239,5.640894146281,3.255012555507,5.4,0.559341953193201,0.200342710947113
source/12kHz_DE_data/IR/0007/IR007_2.mat,source,train,IR,2,1,0.7365,1.423,20.0000333333333,1748,0.298076789360027,0.212941922344871,2.88029972055888,5.48435198002794,5.58386994058549,0.0984922108468847,0.399945761761106,5.76559038782111,3.27515521005406,5.4,0.577942844224641,0.193451139010712
source/12kHz_DE_data/IR/0007/IR007_2.mat,source,train,IR,2,2,1.423,2.1095,20.0000333333333,1748,0.296896499999232,0.210724808958869,2.88744686626747,5.3349663302019,5.72961635002623,0.0992121705212409,0.38990698853426,5.72212699861825,3.20094166742142,5.4,0.583674054250642,0.19951333959327
source/12kHz_DE_data/IR/0007/IR007_2.mat,source,train,IR,2,3,2.1095,2.796,20.0000333333333,1748,0.299445309802669,0.213776663739472,2.82133576846307,4.98797731170381,5.49466504497123,0.0791813367723795,0.395761217594715,5.63267277049299,3.23207879710673,5.4,0.556015043142727,0.214591772203235
source/12kHz_DE_data/IR/0007/IR007_2.mat,source,train,IR,2,4,2.796,3.4825,20.0000333333333,1748,0.305626258084928,0.216731048295169,2.90986291417166,5.09826596929796,5.61755739981996,0.0791736500303965,0.40237876452656,5.62468141060017,3.23706603862613,5.4,0.556995561865762,0.212941207731897
source/12kHz_DE_data/IR/0007/IR007_2.mat,source,train,IR,2,5,3.4825,4.169,20.0000333333333,1748,0.298215748706368,0.214122338743977,2.73946846307385,4.92848458489625,5.45556365088729,0.0887043216099004,0.394709902916031,5.6527354020764,3.21579367106522,5.4,0.553237382226437,0.213237138434537
source/12kHz_DE_data/IR/0007/IR007_2.mat,source,train,IR,2,6,4.169,4.8555,20.0000333333333,1748,0.299557437438518,0.214003179254896,2.73816898203593,4.74767056804958,5.55286883125361,0.104008598704869,0.397022436819303,5.60273958249877,3.17455095188557,5.4,0.553443208968351,0.208709339932077
source/12kHz_DE_data/IR/0007/IR007_2.mat,source,train,IR,2,7,4.8555,5.542,20.0000333333333,1748,0.297893379459117,0.211880960158079,2.76107233532934,4.93230687456704,5.55934954569115,0.0861787518061786,0.402085186791957,5.69292018847691,3.23853697500707,5.4,0.557934829146845,0.202217597185899
source/12kHz_DE_data/IR/0007/IR007_2.mat,source,train,IR,2,8,5.542,6.2285,20.0000333333333,1748,0.300196889147035,0.213732722993298,2.79550858283433,5.00605002426361,5.57239445168295,0.093357967824994,0.399525812110505,5.59606565664973,3.16011528043057,5.4,0.550376219665379,0.205976574118324
source/12kHz_DE_data/IR/0007/IR007_2.mat,source,train,IR,2,9,6.2285,6.915,20.0000333333333,1748,0.30260249787064,0.21501411613301,2.80996530938124,4.85988105152695,5.65286977145054,0.0871249998173809,0.401302992081694,5.59737406286057,3.19055755194623,5.4,0.550577409378739,0.209266833983627
source/12kHz_DE_data/IR/0007/IR007_2.mat,source,train,IR,2,10,6.915,7.6015,20.0000333333333,1748,0.301917478432238,0.215216200912952,2.77731584830339,4.93161607695502,5.61005754097467,0.104481976792178,0.398768707964786,5.61051547186315,3.20294925095254,5.4,0.549968569885838,0.215976319379295
source/12kHz_DE_data/IR/0007/IR007_3.mat,source,train,IR,2,0,0.05,0.7475,20.006625,1721,0.309059643712613,0.221923078794737,2.72744826347305,4.53306354061055,5.13837048249211,-0.00158520027186722,0.51036211688958,7.56431509307361,4.09904685146031,5.4,0.505478461492177,0.121576024091747
source/12kHz_DE_data/IR/0007/IR007_3.mat,source,train,IR,2,1,0.7475,1.445,20.006625,1721,0.30568199955842,0.218577658345535,2.72484930139721,4.56142775116973,5.31753676445279,-0.0168515151748984,0.50311541409244,7.61111655455793,4.14487438437751,5.4,0.499010259853575,0.136029631717544
source/12kHz_DE_data/IR/0007/IR007_3.mat,source,train,IR,2,2,1.445,2.1425,20.006625,1721,0.310330713881101,0.223027487143073,2.82393473053892,4.76473323364219,5.18491804601119,0.00091076091155706,0.514098089128676,7.63897632303235,4.24738528463812,5.4,0.477232274750518,0.132125278982406
source/12kHz_DE_data/IR/0007/IR007_3.mat,source,train,IR,2,3,2.1425,2.84,20.006625,1721,0.31602231342786,0.226534336168576,2.90970047904192,4.68997220930074,5.24402182182477,-0.00976548163911519,0.513166655020515,7.48031925200921,4.08586857808633,5.4,0.499376329104235,0.130773843852882
source/12kHz_DE_data/IR/0007/IR007_3.mat,source,train,IR,2,4,2.84,3.5375,20.006625,1721,0.314546515177682,0.224552086939869,2.76594538922156,4.61963854227888,5.18505907749421,0.000354044871565905,0.492247733333478,7.67467317136091,4.10482414271984,5.4,0.513262236145888,0.115938219015382
source/12kHz_DE_data/IR/0007/IR007_3.mat,source,train,IR,2,5,3.5375,4.235,20.006625,1721,0.311007585206257,0.22252235028955,2.89816758483034,4.83078219922398,5.23042419595163,-0.024085743982288,0.515258310025874,7.46602465416116,4.22226809072067,5.4,0.477520869606491,0.141396427130936
source/12kHz_DE_data/IR/0007/IR007_3.mat,source,train,IR,2,6,4.235,4.9325,20.006625,1721,0.313238405226574,0.223196759026172,2.90726395209581,4.80345360403404,5.27240593587475,-0.0258533160183461,0.513601400160248,7.53298601990164,4.22585685226153,5.4,0.482150109161784,0.143102545651464
source/12kHz_DE_data/IR/0007/IR007_3.mat,source,train,IR,2,7,4.9325,5.63,20.006625,1721,0.314505935356682,0.224551160578122,2.88712199600798,4.77747912463926,5.31168798866711,-0.0208736666184539,0.52702175846318,7.34740215338084,4.20976704714904,5.4,0.478446411429423,0.14787722157978
source/12kHz_DE_data/IR/0007/IR007_3.mat,source,train,IR,2,8,5.63,6.3275,20.006625,1721,0.310384448488718,0.221386518274826,2.81288914171657,4.76756075495416,5.29716328681253,0.00798690572701847,0.512760365578073,7.54603604625426,4.14763971167888,5.4,0.496079782185205,0.130539158120965
source/12kHz_DE_data/IR/0007/IR007_3.mat,source,train,IR,2,9,6.3275,7.025,20.006625,1721,0.315022498337635,0.224887799424117,2.70275812375249,4.51136364638981,5.30064118743057,-0.000557366081899564,0.521462130024682,7.58955440935292,4.22080280481372,5.4,0.47953052439435,0.136077045322959
source/12kHz_DE_data/IR/0007/IR007_3.mat,source,train,IR,2,10,7.025,7.7225,20.006625,1721,0.323622495081328,0.229467286308177,3.00082658682635,4.66956669082418,5.43353795135387,-0.0349543105826731,0.529523767343377,7.36576965564016,4.17775755391522,5.4,0.475112184948736,0.139707849262782
source/12kHz_DE_data/IR/0014/IR014_0.mat,source,validation,IR,2,0,0.05,0.718,19.9954666666667,1796,0.188215051912624,0.107033371424542,3.94506199600798,10.9215103380667,24.9923835862568,-0.0608750587334714,0.58859680061186,3.91893875820759,2.91786476972563,1,0.369076085904119,0.318118416282994
source/12kHz_DE_data/IR/0014/IR014_0.mat,source,validation,IR,2,1,0.718,1.386,19.9954666666667,1796,0.186787454614028,0.10810259067286,3.23343369261477,8.83554078334832,20.7980182783,-0.193870597611019,0.60544308700825,3.90402614721793,3.0274460147011,1,0.339883668771984,0.336276157352583
source/12kHz_DE_data/IR/0014/IR014_0.mat,source,validation,IR,2,2,1.386,2.054,19.9954666666667,1796,0.192286504300534,0.111831560629824,3.53994878243513,9.41354263141304,21.7081788477921,-0.0758424983894839,0.578495513191032,4.00992650611114,2.94425453528644,1,0.385650486683222,0.297054190224598
source/12kHz_DE_data/IR/0014/IR014_0.mat,source,validation,IR,2,3,2.054,2.722,19.9954666666667,1796,0.201743823192473,0.116458965265563,3.78603800399202,9.60859855087251,21.7576983451589,0.0489119091568616,0.581311554848814,3.91317179141045,2.87133997446788,1,0.370478963132928,0.316313860549576
source/12kHz_DE_data/IR/0014/IR014_0.mat,source,validation,IR,2,4,2.722,3.39,19.9954666666667,1796,0.200487348534642,0.115650761298714,3.69702355289421,9.37593821281936,22.6332781314899,0.0275858233646019,0.592250178329101,3.86704353017377,2.93549549825798,1,0.380023218065285,0.32887726240026
source/12kHz_DE_data/IR/0014/IR014_0.mat,source,validation,IR,2,5,3.39,4.058,19.9954666666667,1796,0.196392352807861,0.11423093099139,3.52175604790419,9.08759654988707,20.7885116090095,-0.161194941833417,0.586526643486561,3.96623342366898,2.8815941581562,1,0.382640335939286,0.303816229096996
source/12kHz_DE_data/IR/0014/IR014_0.mat,source,validation,IR,2,6,4.058,4.726,19.9954666666667,1796,0.189173055807196,0.109310006704632,3.78084007984032,10.4834187883752,22.2451976386711,-0.175607552134681,0.581768932914246,3.95364793544429,2.90503129929223,1,0.388248007106674,0.314963060373239
source/12kHz_DE_data/IR/0014/IR014_0.mat,source,validation,IR,2,7,4.726,5.394,19.9954666666667,1796,0.187130401959397,0.106995921201047,3.42120870259481,9.74946684569384,22.6210756117263,-0.0521834532078415,0.593188610493224,3.93686404487881,2.92973858456261,1,0.354393197360473,0.328623687635788
source/12kHz_DE_data/IR/0014/IR014_0.mat,source,validation,IR,2,8,5.394,6.062,19.9954666666667,1796,0.19301294292876,0.111163708130132,3.52776614770459,9.35330233059536,24.0011547198746,0.0306450979600272,0.584995528922416,3.95477564350998,2.94894620646068,1,0.375948826535768,0.310720945091848
source/12kHz_DE_data/IR/0014/IR014_0.mat,source,validation,IR,2,9,6.062,6.73,19.9954666666667,1796,0.195375118982817,0.111168656557507,3.46993924151697,9.08601816421135,21.6335017030272,-0.0935184948888104,0.577516477938495,3.94807885581838,2.93734639721961,1,0.391195875916396,0.318615457132098
source/12kHz_DE_data/IR/0014/IR014_0.mat,source,validation,IR,2,10,6.73,7.398,19.9954666666667,1796,0.190850807835018,0.108830548319592,3.51980682634731,9.62351139450044,22.8944279136379,-0.200133651597085,0.592429501140046,3.91391662959232,2.95548659662749,1,0.351133387389192,0.325183950851146
source/12kHz_DE_data/IR/0014/IR014_1.mat,source,train,IR,2,0,0.05,0.7265,20.00185,1774,0.168499430520925,0.0998520430519469,3.52435500998004,10.4719985442546,23.1279007745155,0.0951639121894423,0.602375171233648,3.98417072126433,3.08129079606324,1,0.36310423756364,0.308973588079652
source/12kHz_DE_data/IR/0014/IR014_1.mat,source,train,IR,2,1,0.7265,1.403,20.00185,1774,0.165035559044834,0.098098881326986,3.03461309381238,9.48974999908244,19.4317580113076,-0.0122823418949939,0.612909410112153,3.88922565141248,2.97109038760514,2.4,0.145600198351336,0.304122668856232
source/12kHz_DE_data/IR/0014/IR014_1.mat,source,train,IR,2,2,1.403,2.0795,20.00185,1774,0.16378378297273,0.0993495291650535,3.14848011976048,9.69754107555434,21.4326327957688,-0.0847700580281946,0.616992733991373,4.04001925573408,3.05541203494741,1,0.336627100900021,0.29806921931078
source/12kHz_DE_data/IR/0014/IR014_1.mat,source,train,IR,2,3,2.0795,2.756,20.00185,1774,0.170288430395489,0.102557048957313,3.20793137724551,9.91776505129024,18.1707175016753,-0.00901690533979942,0.596142004619406,4.12874591628516,3.14016438494856,1,0.389132486322485,0.288430333197618
source/12kHz_DE_data/IR/0014/IR014_1.mat,source,train,IR,2,4,2.756,3.4325,20.00185,1774,0.171928223796387,0.101143588801004,3.01723253493014,9.15142721381887,21.772661319495,0.110458797249004,0.610364867913677,4.13050905969791,3.1427473430802,5.4,0.144125906598223,0.285220076964129
source/12kHz_DE_data/IR/0014/IR014_1.mat,source,train,IR,2,5,3.4325,4.109,20.00185,1774,0.153579822645751,0.0931726676908032,3.68565309381238,12.3459186692568,24.9908783852086,0.0508181659528475,0.625279170691223,3.95307800545164,3.08076657436244,1,0.32942722383397,0.314968178924747
source/12kHz_DE_data/IR/0014/IR014_1.mat,source,train,IR,2,6,4.109,4.7855,20.00185,1774,0.163423223704877,0.0996839187867938,3.3305699001996,10.4558610818866,21.2386264632774,-0.102094136698135,0.617231340927716,3.86399214196104,2.99103346578002,1,0.363205719171065,0.328079698715389
source/12kHz_DE_data/IR/0014/IR014_1.mat,source,train,IR,2,7,4.7855,5.462,20.00185,1774,0.176220202115257,0.104131010814002,3.40139161676647,10.1684531324988,20.0467180413186,-0.00715943384280651,0.592390221780677,3.9850557462556,3.05980267426378,1,0.384546683070026,0.307631951142234
source/12kHz_DE_data/IR/0014/IR014_1.mat,source,train,IR,2,8,5.462,6.1385,20.00185,1774,0.16474455214577,0.101336556382298,2.98263385229541,9.18168683295062,19.6772033488563,0.135725952987275,0.607929076499097,3.99490587949018,3.06119237283467,1,0.332662371432151,0.29889696131834
source/12kHz_DE_data/IR/0014/IR014_1.mat,source,train,IR,2,9,6.1385,6.815,20.00185,1774,0.167488961387576,0.102332055348708,3.4504470259481,10.3316105556094,21.2491009894671,0.117312657281975,0.622333026464008,4.07390859276873,3.17673815028194,1,0.319852575147072,0.29875294796156
source/12kHz_DE_data/IR/0014/IR014_1.mat,source,train,IR,2,10,6.815,7.4915,20.00185,1774,0.171283155806048,0.101322165202786,3.34194035928144,10.5258866513258,20.8032206957713,-0.0551131491757677,0.602175802955691,4.00417179361354,3.10845308227043,1,0.361465428991884,0.312391008483802
source/12kHz_DE_data/IR/0014/IR014_2.mat,source,validation,IR,2,0,0.05,0.735,20.002,1752,0.167440773840966,0.101104684134422,3.32163596806387,10.1007104658954,22.2611483541836,0.11740291270186,0.616603131929234,3.96779526972058,3.12855874453506,1,0.364354766399165,0.340146653632273
source/12kHz_DE_data/IR/0014/IR014_2.mat,source,validation,IR,2,1,0.735,1.42,20.002,1752,0.158447646300995,0.0945323576752345,3.21442878243513,10.2069386856963,24.1706257479782,-0.0410359295300661,0.634701205592247,4.14637900556338,3.30919961141929,1,0.358669590142603,0.325457779638882
source/12kHz_DE_data/IR/0014/IR014_2.mat,source,validation,IR,2,2,1.42,2.105,20.002,1752,0.159103554524717,0.0951581991104134,3.28817433133733,10.4527858148812,22.9193740060557,-0.0252886345501959,0.628088112534621,3.99044109555135,3.19711299384335,1,0.344099449417116,0.351245125925527
source/12kHz_DE_data/IR/0014/IR014_2.mat,source,validation,IR,2,3,2.105,2.79,20.002,1752,0.164487085332674,0.0992577841459142,2.84391425149701,8.66222549613859,21.2828963423138,0.147992955618931,0.620200865434898,4.04177934691927,3.17929606630035,1,0.358862527764284,0.335276627393165
source/12kHz_DE_data/IR/0014/IR014_2.mat,source,validation,IR,2,4,2.79,3.475,20.002,1752,0.159898417649344,0.0963043975473896,3.09731305389222,10.1729912864826,22.1806931386431,0.232719104490099,0.624220382216886,4.06359340932839,3.31821514750489,1,0.355795398870419,0.339808997866005
source/12kHz_DE_data/IR/0014/IR014_2.mat,source,validation,IR,2,5,3.475,4.16,20.002,1752,0.164281024230546,0.100347402137774,3.51720786427146,11.194538955261,21.7538396631616,0.00445473470147014,0.618968185352711,3.9891308369563,3.22535410785029,1,0.343925697901537,0.348634097204171
source/12kHz_DE_data/IR/0014/IR014_2.mat,source,validation,IR,2,6,4.16,4.845,20.002,1752,0.170095388198171,0.101283345756743,3.64000882235529,11.0764843556369,23.097928564702,-0.138587559942478,0.626935965052997,3.99781332807206,3.17322807665586,1,0.372296235816153,0.339077065061404
source/12kHz_DE_data/IR/0014/IR014_2.mat,source,validation,IR,2,7,4.845,5.53,20.002,1752,0.160317516227678,0.0975100634823828,3.36971676646707,10.7613396221853,21.7014479773156,-0.0260220833653497,0.625894747899369,4.08870436916332,3.24260840049124,1,0.375603738168275,0.334977656214725
source/12kHz_DE_data/IR/0014/IR014_2.mat,source,validation,IR,2,8,5.53,6.215,20.002,1752,0.153424479360778,0.0937795983431696,2.71672754491018,9.22137067217602,20.956974650552,0.104839203941993,0.614240996186133,4.10100356296127,3.28260042158192,1,0.343535679371594,0.338421346663142
source/12kHz_DE_data/IR/0014/IR014_2.mat,source,validation,IR,2,9,6.215,6.9,20.002,1752,0.158496334660964,0.0970484123592905,3.01284678642715,9.61853599370755,20.4511769982432,0.0528180540133825,0.609887578812523,4.06095585229626,3.23151302167789,1,0.345441683836301,0.322569634178042
source/12kHz_DE_data/IR/0014/IR014_2.mat,source,validation,IR,2,10,6.9,7.585,20.002,1752,0.167350375365128,0.100122624443511,3.57243580838323,10.8340956309982,22.3775003685056,-0.00723688273337911,0.608611811936446,3.96664891313101,3.18108288539871,1,0.35708274928468,0.33569349011013
source/12kHz_DE_data/IR/0014/IR014_3.mat,source,test,IR,2,0,0.05,0.7445,20.0016,1728,0.179627790330245,0.114239812996872,3.27826578842315,9.38650999900402,17.5550483533065,0.0681625856850554,0.617535225984646,3.90892028091059,3.17768121238536,1,0.364210205887543,0.347966110539734
source/12kHz_DE_data/IR/0014/IR014_3.mat,source,test,IR,2,1,0.7445,1.439,20.0016,1728,0.184971024080778,0.118527162844276,3.45418303393214,9.54806846196215,17.9247841472619,0.12018661100128,0.61128473395524,3.83845513627317,3.18783770180625,1,0.385936928674028,0.364308126165225
source/12kHz_DE_data/IR/0014/IR014_3.mat,source,test,IR,2,2,1.439,2.1335,20.0016,1728,0.182592930068701,0.118807204061008,3.2988950499002,9.58768917990386,16.5093331532617,0.0347381137147194,0.628040914903233,3.92102293249367,3.19990177920559,1,0.371980189012573,0.374120491558373
source/12kHz_DE_data/IR/0014/IR014_3.mat,source,test,IR,2,3,2.1335,2.828,20.0016,1728,0.180300536044755,0.116326382219972,3.280864750499,9.94711498009374,16.2125993151877,-0.0482739617524768,0.611383504454075,3.99719541602767,3.25695940788625,1,0.380208781218347,0.342865680886752
source/12kHz_DE_data/IR/0014/IR014_3.mat,source,test,IR,2,4,2.828,3.5225,20.0016,1728,0.182297444132649,0.114526606727396,3.97105161676647,11.0841529406142,22.126506224537,0.010957988545615,0.602702617838251,3.92295848900738,3.18487453116353,1,0.411778862777521,0.360187508376655
source/12kHz_DE_data/IR/0014/IR014_3.mat,source,test,IR,2,5,3.5225,4.217,20.0016,1728,0.175553304601232,0.112325015811914,3.25406295409182,9.91681047474671,17.174862964488,0.117556168186959,0.612371525105865,3.94673310011929,3.24877937502743,1,0.3665433800729,0.352417918621389
source/12kHz_DE_data/IR/0014/IR014_3.mat,source,test,IR,2,6,4.217,4.9115,20.0016,1728,0.178151291049431,0.113446691913329,3.37735121756487,9.73507870462709,18.2992807039706,0.0265408396722805,0.589705965691154,3.89523518454298,3.13092699232537,1,0.396830052030768,0.372059895938011
source/12kHz_DE_data/IR/0014/IR014_3.mat,source,test,IR,2,7,4.9115,5.606,20.0016,1728,0.187636057894522,0.119062553417939,4.11253261477046,11.3172933196706,19.1317594360875,-0.00577451207977074,0.613175943393567,3.84129261866015,3.22779585087966,1,0.382446191812048,0.364410589205786
source/12kHz_DE_data/IR/0014/IR014_3.mat,source,test,IR,2,8,5.606,6.3005,20.0016,1728,0.182875025780292,0.116488745467685,3.49349233532934,9.66243424706785,18.7794400484249,0.0214376116553508,0.620934130497817,4.06347520041235,3.3243364520704,1,0.385057526292419,0.353827536182855
source/12kHz_DE_data/IR/0014/IR014_3.mat,source,test,IR,2,9,6.3005,6.995,20.0016,1728,0.182287021787807,0.116673242177487,3.14458167664671,8.66070808390935,17.1470235212006,0.115917382446653,0.62331043161632,3.99629250321864,3.29028990027421,1,0.36875815550959,0.354824685337293
source/12kHz_DE_data/IR/0014/IR014_3.mat,source,test,IR,2,10,6.995,7.6895,20.0016,1728,0.185226932160441,0.116712132037921,3.83054522954092,10.4967905755907,20.2511431173972,0.107847255212535,0.631439516936965,3.85107249052785,3.28713271677325,1,0.383943735457549,0.378267708952478
source/12kHz_DE_data/IR/0021/IR021_0.mat,source,validation,IR,2,0,0.05,0.718,20.0066,1797,0.505572353289162,0.345626690372517,6.44664421157685,6.92896073171066,7.14845569847074,0.346774034895893,0.500167585990016,3.90547681870222,2.9287280164676,5.4,0.274714096764909,0.378744875019295
source/12kHz_DE_data/IR/0021/IR021_0.mat,source,validation,IR,2,1,0.718,1.386,20.0066,1797,0.514912334201821,0.350178958053463,6.09700259481038,6.50056370920759,7.61490901147053,0.319161371712569,0.502999867874546,3.93302361452297,2.8859185302407,5.4,0.281845705610047,0.363100779723094
source/12kHz_DE_data/IR/0021/IR021_0.mat,source,validation,IR,2,2,1.386,2.054,20.0066,1797,0.520192417721681,0.355567214304551,6.29557954091816,6.6540857875649,7.53788630659562,0.29029491892473,0.508533959158937,4.0897097631974,2.97610994466831,5.4,0.293458722187582,0.330201693256651
source/12kHz_DE_data/IR/0021/IR021_0.mat,source,validation,IR,2,3,2.054,2.722,20.0066,1797,0.538239128515113,0.365249191334348,7.11831347305389,6.93096700808402,9.23977291140293,0.298372530768334,0.510524257864471,4.11722714004989,2.95539390333344,5.4,0.287946127386769,0.316785885495959
source/12kHz_DE_data/IR/0021/IR021_0.mat,source,validation,IR,2,4,2.722,3.39,20.0066,1797,0.538109301576293,0.367319378848446,6.49699910179641,6.47286222058885,7.57324220867634,0.267858133009912,0.506478279761662,4.00782831848923,2.93158474976733,5.4,0.285020323094281,0.347846718471843
source/12kHz_DE_data/IR/0021/IR021_0.mat,source,validation,IR,2,5,3.39,4.058,20.0066,1797,0.543146362624464,0.36892773981893,6.15994620758483,6.21005840865617,7.8892404192717,0.280987348165491,0.495091554049482,4.03028019003982,2.86742925391065,5.4,0.298728975074058,0.326084216242054
source/12kHz_DE_data/IR/0021/IR021_0.mat,source,validation,IR,2,6,4.058,4.726,20.0066,1797,0.514329677130723,0.358020138700236,5.93334920159681,6.32283407381078,7.10389106424757,0.31264909428697,0.506442357949456,4.13157603434534,2.97264252173514,5.4,0.310005848620107,0.336364484048057
source/12kHz_DE_data/IR/0021/IR021_0.mat,source,validation,IR,2,7,4.726,5.394,20.0066,1797,0.519032988200715,0.358666416707362,6.03324680638723,6.58218992222722,6.95492359537151,0.307952167468611,0.484198973948274,3.89735691387878,2.95107119939664,5.4,0.292390035251399,0.40417201060196
source/12kHz_DE_data/IR/0021/IR021_0.mat,source,validation,IR,2,8,5.394,6.062,20.0066,1797,0.533274613055906,0.3656187770292,6.77801187624751,7.08048270299473,7.75104367310356,0.321292333596147,0.501096071451029,3.89634497396142,2.91393664912947,5.4,0.287748210275061,0.364766148672994
source/12kHz_DE_data/IR/0021/IR021_0.mat,source,validation,IR,2,9,6.062,6.73,20.0066,1797,0.549676774431425,0.37519111975739,6.33659441117764,6.44926907215902,7.55885235454411,0.319916883841844,0.484402686502809,3.94081483888159,2.93874116298707,5.4,0.291073233408468,0.362802113623596
source/12kHz_DE_data/IR/0021/IR021_0.mat,source,validation,IR,2,10,6.73,7.398,20.0066,1797,0.527664081925364,0.363493411300474,5.99020149700599,6.23186661616871,6.89993702073482,0.282812247043007,0.51554544875673,4.22638971212735,3.1250722688072,5.4,0.304550316813154,0.335788954950866
source/12kHz_DE_data/IR/0021/IR021_1.mat,source,validation,IR,2,0,0.05,0.7265,20.00185,1774,0.436266345026462,0.295335789360444,5.21376157684631,6.49873434798409,7.24416755407506,0.250865955169595,0.51472138416852,4.38612057879523,2.97893092489475,5.4,0.317715139324578,0.22432097614289
source/12kHz_DE_data/IR/0021/IR021_1.mat,source,validation,IR,2,1,0.7265,1.403,20.00185,1774,0.432157287366763,0.293040327450538,4.92381487025948,5.96950918815867,7.10667981697415,0.281010976862855,0.500469960499937,4.40907902709866,2.96063248722069,5.4,0.318995795703978,0.2227771532473
source/12kHz_DE_data/IR/0021/IR021_1.mat,source,validation,IR,2,2,1.403,2.0795,20.00185,1774,0.4438028100968,0.300214148428763,6.97009141716567,8.29892335617384,8.22930611825536,0.301627736287626,0.511591452422759,4.40533154952609,3.00370060758553,5.4,0.325905936665746,0.278822036430234
source/12kHz_DE_data/IR/0021/IR021_1.mat,source,validation,IR,2,3,2.0795,2.756,20.00185,1774,0.429522110655261,0.292340303477304,4.69153263473054,5.81555553248398,7.45957760502984,0.289026853397736,0.490455648178814,4.50815827639666,3.03879925156593,5.4,0.340862819071022,0.24390459888702
source/12kHz_DE_data/IR/0021/IR021_1.mat,source,validation,IR,2,4,2.756,3.4325,20.00185,1774,0.434897949000064,0.29358188454727,5.02005768463074,6.32531100788658,7.59323373137787,0.306823175975469,0.507525832126889,4.3273967788905,2.98880542250068,5.4,0.315628470221039,0.270265785614068
source/12kHz_DE_data/IR/0021/IR021_1.mat,source,validation,IR,2,5,3.4325,4.109,20.00185,1774,0.44112986439054,0.300030020545776,5.94471966067864,7.33451980534061,8.13156848212842,0.284160718705672,0.523593838439508,4.42693435271588,2.99211432452587,5.4,0.321157342872025,0.242029589721499
source/12kHz_DE_data/IR/0021/IR021_1.mat,source,validation,IR,2,6,4.109,4.7855,20.00185,1774,0.447614818963879,0.305541538218677,5.08746826347305,5.87497138746299,7.08594970930789,0.265378687661787,0.501015005972149,4.43798150214695,2.9856018494446,5.4,0.340065103749969,0.262388809641799
source/12kHz_DE_data/IR/0021/IR021_1.mat,source,validation,IR,2,7,4.7855,5.462,20.00185,1774,0.438161738336204,0.299456198870894,4.82797814371257,5.87716015667686,7.01396484617351,0.236125321195253,0.508047178929305,4.58530890367851,3.13174994980518,5.4,0.341188528159024,0.282838445587597
source/12kHz_DE_data/IR/0021/IR021_1.mat,source,validation,IR,2,8,5.462,6.1385,20.00185,1774,0.445057786574094,0.302470619219935,5.63284421157685,6.81505944460561,7.64818002583663,0.247455639585145,0.494294553990761,4.51778609200524,3.10781913784818,5.4,0.350112978729799,0.289522751152358
source/12kHz_DE_data/IR/0021/IR021_1.mat,source,validation,IR,2,9,6.1385,6.815,20.00185,1774,0.449203259126792,0.301298712960447,5.34127315369262,6.21785116727273,8.20759819384935,0.218861845084626,0.528730465663217,4.38213741104593,2.97838058873184,5.4,0.311297693730864,0.260989867927063
source/12kHz_DE_data/IR/0021/IR021_1.mat,source,validation,IR,2,10,6.815,7.4915,20.00185,1774,0.45325168300796,0.300339408335092,5.81639590818363,6.90662310257605,8.8013882699459,0.249195118544822,0.502561821706399,4.31363657532981,2.90735979541341,5.4,0.310344652812559,0.234768848854476
source/12kHz_DE_data/IR/0021/IR021_2.mat,source,train,IR,2,0,0.05,0.735,20.002,1752,0.471711918044748,0.3146356457206,5.5707127744511,6.37631646951582,7.92778499750195,0.293815751811933,0.520311472235363,4.30040186454836,2.97441550353036,5.4,0.311958673733754,0.275663078550647
source/12kHz_DE_data/IR/0021/IR021_2.mat,source,train,IR,2,1,0.735,1.42,20.002,1752,0.475309944474451,0.319040314842441,5.51629700598802,6.26894508166041,7.64240123306829,0.285049328709212,0.513138885597304,4.31179703597107,2.97837643781032,5.4,0.306899779479935,0.265457130305268
source/12kHz_DE_data/IR/0021/IR021_2.mat,source,train,IR,2,2,1.42,2.105,20.002,1752,0.475501437622716,0.317061385559958,5.73923922155689,6.25900420112989,7.94306091216115,0.22259873593087,0.524412899067083,4.287422525766,3.00167602272817,5.4,0.303539854385111,0.292784202758049
source/12kHz_DE_data/IR/0021/IR021_2.mat,source,train,IR,2,3,2.105,2.79,20.002,1752,0.452343785580076,0.303318488198936,5.20320329341317,6.22481724321213,7.91352141256323,0.220688973804376,0.509078573588612,4.37811415732039,2.96251298609076,5.4,0.31506119469188,0.245721675244168
source/12kHz_DE_data/IR/0021/IR021_2.mat,source,train,IR,2,4,2.79,3.475,20.002,1752,0.486504758964744,0.328426506368636,5.42127245508982,6.03023659950431,7.37776158392085,0.20228946654356,0.537305158800956,4.39982510591768,3.00059054629627,5.4,0.315629930414161,0.279016659660608
source/12kHz_DE_data/IR/0021/IR021_2.mat,source,train,IR,2,5,3.475,4.16,20.002,1752,0.487644683479563,0.326450721134967,5.0878743512974,5.56976885616915,7.54669817952104,0.216180038398906,0.513857240111972,4.34685123674631,2.95276737056034,5.4,0.314278066222644,0.254251019667371
source/12kHz_DE_data/IR/0021/IR021_2.mat,source,train,IR,2,6,4.16,4.845,20.002,1752,0.497845214820922,0.331780300057471,5.6174128742515,5.95529554603058,8.06207932939355,0.217614550374263,0.542697784272697,4.21634106868012,2.97726835509976,5.4,0.293480479450942,0.30805576258748
source/12kHz_DE_data/IR/0021/IR021_2.mat,source,train,IR,2,7,4.845,5.53,20.002,1752,0.513534977148308,0.33918752907776,6.74714920159681,7.0494511121526,8.74509837600209,0.249077977171735,0.531032946966468,4.30317105302907,2.98132405373416,5.4,0.287885879296778,0.281001995050584
source/12kHz_DE_data/IR/0021/IR021_2.mat,source,train,IR,2,8,5.53,6.215,20.002,1752,0.50873908039366,0.339348632205492,6.44136506986028,6.67964007057106,7.89410251392678,0.250475249768606,0.526122357024036,4.28585599700426,3.03779124859314,5.4,0.298186992402174,0.316663801195345
source/12kHz_DE_data/IR/0021/IR021_2.mat,source,train,IR,2,9,6.215,6.9,20.002,1752,0.498293506724462,0.334897404724298,5.77944191616766,6.14006831835513,7.67368942211371,0.263236868520003,0.506205896021762,4.28927165258021,3.03226040162784,5.4,0.311400122079372,0.331143302156367
source/12kHz_DE_data/IR/0021/IR021_2.mat,source,train,IR,2,10,6.9,7.585,20.002,1752,0.49037215456403,0.327136312298973,5.79324890219561,6.13880665342259,8.32435898740725,0.296962742833921,0.511419770228791,4.25346833742706,2.99039491784125,5.4,0.312971004379476,0.310628912008329
source/12kHz_DE_data/IR/0021/IR021_3.mat,source,train,IR,2,0,0.05,0.7445,20.0016,1728,0.444984337036591,0.297314558804515,5.39081586826347,6.47059326722839,8.25008462725887,0.36158968020925,0.531253386062365,4.53790763860908,3.3818113818997,5.4,0.297155121732963,0.295385596191006
source/12kHz_DE_data/IR/0021/IR021_3.mat,source,train,IR,2,1,0.7445,1.439,20.0016,1728,0.434535431584167,0.289529156086255,5.46919081836327,6.81601234712493,8.97401348812774,0.340058891741142,0.525736477877769,4.72823755727289,3.36560680369285,5.4,0.321276170550734,0.254370067547285
source/12kHz_DE_data/IR/0021/IR021_3.mat,source,train,IR,2,2,1.439,2.1335,20.0016,1728,0.438246879968822,0.292871043382625,5.7741627744511,7.00020499822423,9.1171865820658,0.263519575093652,0.529385804966019,4.62674285325123,3.33808871125159,5.4,0.310050141399014,0.262118632432398
source/12kHz_DE_data/IR/0021/IR021_3.mat,source,train,IR,2,3,2.1335,2.828,20.0016,1728,0.453895826564581,0.306755150948765,5.46837864271457,6.60895822164769,8.28005994118953,0.228348725313518,0.538824332517295,4.68812527935513,3.42122111790041,5.4,0.320778053042461,0.270972273713565
source/12kHz_DE_data/IR/0021/IR021_3.mat,source,train,IR,2,4,2.828,3.5225,20.0016,1728,0.457071851444555,0.311602136778071,6.02390678642715,7.05154096031248,7.85812972718381,0.24211690103936,0.537518435702558,4.68267524584271,3.30841963116035,5.4,0.301732488777058,0.217455463991033
source/12kHz_DE_data/IR/0021/IR021_3.mat,source,train,IR,2,5,3.5225,4.217,20.0016,1728,0.452835548327887,0.309504761026762,5.22838073852295,6.13501532890382,7.50319492228201,0.281998910279846,0.552120584305855,4.7276280999453,3.44686705682641,5.4,0.305151403319459,0.251210673247914
source/12kHz_DE_data/IR/0021/IR021_3.mat,source,train,IR,2,6,4.217,4.9115,20.0016,1728,0.454991031998442,0.308851613955492,5.16421886227545,6.13332774240782,7.96016987581147,0.297536935172387,0.552125119451405,4.75838524471159,3.42364470145871,5.4,0.305799308114197,0.245746307523232
source/12kHz_DE_data/IR/0021/IR021_3.mat,source,train,IR,2,7,4.9115,5.606,20.0016,1728,0.451192722668356,0.306859763152621,6.64237854291417,7.89894514308541,7.88597090306394,0.343692830045659,0.552332425802293,4.71166374631401,3.39319802839731,5.4,0.318840724464204,0.259690002206307
source/12kHz_DE_data/IR/0021/IR021_3.mat,source,train,IR,2,8,5.606,6.3005,20.0016,1728,0.445599878913239,0.302689580284139,5.67142255489022,6.80462332566691,8.18538935903856,0.33721714236435,0.553655256365481,4.83256724620098,3.44129708888902,5.4,0.307684692464825,0.229222333718952
source/12kHz_DE_data/IR/0021/IR021_3.mat,source,train,IR,2,9,6.3005,6.995,20.0016,1728,0.432870600632704,0.294047910247538,5.58898672654691,6.92580298363346,8.75974529319562,0.358942406500023,0.544865530093326,4.72710799155644,3.35277270589929,5.4,0.303191319731693,0.228011104831811
source/12kHz_DE_data/IR/0021/IR021_3.mat,source,train,IR,2,10,6.995,7.6895,20.0016,1728,0.436268060466747,0.294997730845245,5.01193592814371,6.30751014101997,7.72947523514904,0.342665027132739,0.546232292682296,4.699891018796,3.35667032274027,5.4,0.300705578725886,0.233179591153871
source/12kHz_DE_data/IR/0028/IR028_0_(1797rpm).mat,source,train,IR,2,0,0.05,0.718,20.0066,1797,0.845128724429488,0.661538312630453,6.8310372,4.37355151939905,3.44015812917019,0.152401293925992,0.820220552262855,6.15273187752952,4.81448587596291,3.7,0.19407409262979,0.191914565834306
source/12kHz_DE_data/IR/0028/IR028_0_(1797rpm).mat,source,train,IR,2,1,0.718,1.386,20.0066,1797,0.842041517699601,0.663429341234721,6.6178216,3.93025670794066,3.2606844379378,0.126535197012665,0.853424447087211,6.9298826043746,4.96893770711668,3.7,0.150298350472108,0.132470985774559
source/12kHz_DE_data/IR/0028/IR028_0_(1797rpm).mat,source,train,IR,2,2,1.386,2.054,20.0066,1797,0.841902015441817,0.661255532961089,7.8161421,5.25465130018814,3.42080590864424,0.107828615944208,0.798943011723623,6.39306654119564,5.14936286873542,3.7,0.197924341579518,0.200735747961141
source/12kHz_DE_data/IR/0028/IR028_0_(1797rpm).mat,source,train,IR,2,3,2.054,2.722,20.0066,1797,0.830640804025148,0.652430366466736,6.7484365,4.27271954715759,3.36830090789764,0.0650690055070163,0.810909803112418,6.6561520461075,4.97200683077191,3.7,0.182879432348637,0.188197945563905
source/12kHz_DE_data/IR/0028/IR028_0_(1797rpm).mat,source,train,IR,2,4,2.722,3.39,20.0066,1797,0.822918843177852,0.649975473443943,7.0507632,4.76940856965671,3.26579092715711,0.0904844090802864,0.851601564608794,6.66562343288191,5.22504737857193,3.7,0.142294299552558,0.205455791095964
source/12kHz_DE_data/IR/0028/IR028_0_(1797rpm).mat,source,train,IR,2,5,3.39,4.058,20.0066,1797,0.83345152191961,0.653735072516531,7.279441,4.7840212601732,3.36370469199427,0.114234749796401,0.844821688207926,6.27961752361847,4.95614933949539,3.7,0.141791638919775,0.18599731213825
source/12kHz_DE_data/IR/0028/IR028_0_(1797rpm).mat,source,train,IR,2,6,4.058,4.726,20.0066,1797,0.837135077231125,0.653292788821957,6.6756014,4.02847636770155,3.40717105592447,0.0914689446670294,0.827034463394892,6.10097082446029,4.92992873444602,3.7,0.169374022763998,0.243824643985829
source/12kHz_DE_data/IR/0028/IR028_0_(1797rpm).mat,source,train,IR,2,7,4.726,5.394,20.0066,1797,0.817452509256509,0.644483332128408,6.481917,3.98902156382411,3.22930075168958,0.0790965777050543,0.809137250001352,5.7699857545226,4.58440129310803,3.7,0.208753500087411,0.213466301235925
source/12kHz_DE_data/IR/0028/IR028_0_(1797rpm).mat,source,train,IR,2,8,5.394,6.062,20.0066,1797,0.8054492040324,0.631328828396146,6.3480469,4.17715233119665,3.32438245891564,0.107129484299423,0.845365653048955,6.51257070268457,4.91521957656337,3.7,0.16975653752452,0.167077458836925
source/12kHz_DE_data/IR/0028/IR028_0_(1797rpm).mat,source,train,IR,2,9,6.062,6.73,20.0066,1797,0.878035374765784,0.685850476888439,7.4714978,4.40045307798188,3.4273157421258,0.0946142045695581,0.825624405632969,5.72346369113569,4.66016684882709,3.7,0.159013555784464,0.236562842153169
source/12kHz_DE_data/IR/0028/IR028_0_(1797rpm).mat,source,train,IR,2,10,6.73,7.398,20.0066,1797,0.847082737662037,0.66240388692832,6.868472,4.29070641525589,3.48324353242179,0.121051631058762,0.807415187890975,5.74230052810069,4.80096394608355,3.7,0.167458135552327,0.251537106336962
source/12kHz_DE_data/IR/0028/IR028_1_(1772rpm).mat,source,train,IR,2,0,0.05,0.727,19.9940666666667,1772,0.823960889688059,0.655377402877391,6.4326821,4.08536499171836,3.12735001959818,0.0668933889933533,0.871959616508792,6.65115455571357,5.31829153001215,1.7,0.220845521120588,0.248086827382146
source/12kHz_DE_data/IR/0028/IR028_1_(1772rpm).mat,source,train,IR,2,1,0.727,1.404,19.9940666666667,1772,0.845906406171984,0.673556296042581,5.920395,3.63978024926482,3.03424492322907,0.0889040314782475,0.876740475395684,6.63790683937876,5.3058288514762,4.3,0.0916717737675298,0.199498751071202
source/12kHz_DE_data/IR/0028/IR028_1_(1772rpm).mat,source,train,IR,2,2,1.404,2.081,19.9940666666667,1772,0.848483829447407,0.669604460972067,7.2737444,4.39009318362241,3.25763952687359,0.120551980889892,0.843432687801259,6.131550467591,4.96702829004949,3.7,0.156343708401838,0.2397082558255
source/12kHz_DE_data/IR/0028/IR028_1_(1772rpm).mat,source,train,IR,2,3,2.081,2.758,19.9940666666667,1772,0.825046827155932,0.650046070818536,6.8200509,4.56605940919699,3.28837099522104,0.119709533709662,0.858956707629423,6.22500890298211,4.90771858767353,3.7,0.136648878736692,0.23778850612204
source/12kHz_DE_data/IR/0028/IR028_1_(1772rpm).mat,source,train,IR,2,4,2.758,3.435,19.9940666666667,1772,0.840281848736016,0.666928400337258,6.5718419,3.98021274754998,3.17623219995681,0.120827416369764,0.861348341315688,6.41381926525627,4.98208047118111,3.7,0.148587063056744,0.215018569712728
source/12kHz_DE_data/IR/0028/IR028_1_(1772rpm).mat,source,train,IR,2,5,3.435,4.112,19.9940666666667,1772,0.860376580159283,0.683352947960229,6.6593254,4.16898118057174,3.09251996091838,0.0922387595736065,0.866659462597811,6.56622030497499,5.07562646326738,3.7,0.139492560269507,0.221222480385523
source/12kHz_DE_data/IR/0028/IR028_1_(1772rpm).mat,source,train,IR,2,6,4.112,4.789,19.9940666666667,1772,0.838630845283888,0.663135331577001,6.6304355,4.27687574572548,3.23024737778695,0.0982727130676118,0.860431245356611,7.19664004931652,5.02367599888337,3.7,0.168851915648326,0.171890358924707
source/12kHz_DE_data/IR/0028/IR028_1_(1772rpm).mat,source,train,IR,2,7,4.789,5.466,19.9940666666667,1772,0.833856789611851,0.657256439368669,6.8151681,4.48396062352461,3.26341113508005,0.110207567268925,0.867896599692344,6.74617994360706,5.01165247631576,3.7,0.147047710341756,0.19341677460956
source/12kHz_DE_data/IR/0028/IR028_1_(1772rpm).mat,source,train,IR,2,8,5.466,6.143,19.9940666666667,1772,0.843896696874209,0.66290062973393,7.5158499,4.6481842353779,3.38297422542735,0.108567070085632,0.860019687684032,5.91393166784576,4.39245338055483,3.7,0.137180026580796,0.189230719975001
source/12kHz_DE_data/IR/0028/IR028_1_(1772rpm).mat,source,train,IR,2,9,6.143,6.82,19.9940666666667,1772,0.839236640841009,0.663261662743139,6.6052077,4.03046155475111,3.17689818427904,0.0655758702719992,0.863312223810712,6.54732214790284,4.88570839891693,4.3,0.155016830235304,0.197612256306497
source/12kHz_DE_data/IR/0028/IR028_1_(1772rpm).mat,source,train,IR,2,10,6.82,7.497,19.9940666666667,1772,0.830150312924818,0.657174704050366,6.1677902,3.71940519450825,3.15391856940877,0.0874810006995275,0.868812924483511,6.91828567813796,5.1289319924607,3.7,0.0962316017753295,0.185155065635696
source/12kHz_DE_data/IR/0028/IR028_2_(1750rpm).mat,source,validation,IR,2,0,0.05,0.7355,19.99375,1750,0.854320946320152,0.679786717638947,7.9162395,4.91490635700079,3.18102007360753,0.141053441586065,0.855364719244503,5.94226457936235,4.87811308816745,3.7,0.124140094378094,0.239391110594532
source/12kHz_DE_data/IR/0028/IR028_2_(1750rpm).mat,source,validation,IR,2,1,0.7355,1.421,19.99375,1750,0.832891026742532,0.65588887605022,6.8163888,4.19007460945103,3.25296587501835,0.133748920700554,0.856300884236733,6.54311448193618,4.83119967180145,1,0.28584247866177,0.210652712028064
source/12kHz_DE_data/IR/0028/IR028_2_(1750rpm).mat,source,validation,IR,2,2,1.421,2.1065,19.99375,1750,0.845551466412228,0.66920472101529,6.5156897,4.1910759941933,3.22688479307347,0.201290758272062,0.886637625638019,6.77524828601121,4.71214877102906,1,0.329197788656281,0.187261906600479
source/12kHz_DE_data/IR/0028/IR028_2_(1750rpm).mat,source,validation,IR,2,3,2.1065,2.792,19.99375,1750,0.826388496947787,0.654428149108444,6.709781,4.52742873758594,3.24446887854958,0.138397797806691,0.876285601225341,6.64735257933696,5.01192919836546,2,0.175812764965692,0.223220483122099
source/12kHz_DE_data/IR/0028/IR028_2_(1750rpm).mat,source,validation,IR,2,4,2.792,3.4775,19.99375,1750,0.8185213845274,0.646191178309688,6.6218906,4.4662448560284,3.28160947161754,0.165601177685086,0.851954832348252,6.36586616829892,4.61163014598836,3.7,0.152698921981357,0.183149047645492
source/12kHz_DE_data/IR/0028/IR028_2_(1750rpm).mat,source,validation,IR,2,5,3.4775,4.163,19.99375,1750,0.846655430419044,0.665580658927689,7.4735323,4.47778784287613,3.36004719504216,0.143165195594512,0.826138790633092,5.75150154670407,4.68510869666287,1,0.410989629690174,0.315641280877743
source/12kHz_DE_data/IR/0028/IR028_2_(1750rpm).mat,source,validation,IR,2,6,4.163,4.8485,19.99375,1750,0.827109469340572,0.650786947197653,6.6865877,4.07782485817642,3.34867396677463,0.113939115177973,0.863446019143767,6.53630477106544,4.83633406823659,3.7,0.177267954014949,0.172124623729068
source/12kHz_DE_data/IR/0028/IR028_2_(1750rpm).mat,source,validation,IR,2,7,4.8485,5.534,19.99375,1750,0.832198847143028,0.655910949876882,7.1187155,4.43596968393154,3.310250515628,0.129027253014989,0.838693495754218,5.82400677804567,4.80628642317303,3.7,0.139898785688319,0.275231876809441
source/12kHz_DE_data/IR/0028/IR028_2_(1750rpm).mat,source,validation,IR,2,8,5.534,6.2195,19.99375,1750,0.830341944736112,0.655395697448035,6.8473132,4.57625410461775,3.34199544826056,0.148908523091533,0.885467837634656,6.51280685817256,4.95427719724861,1,0.298386534847654,0.222339284536032
source/12kHz_DE_data/IR/0028/IR028_2_(1750rpm).mat,source,validation,IR,2,9,6.2195,6.905,19.99375,1750,0.861510764937834,0.677660640328821,7.2831031,4.34218395066346,3.33520802497529,0.124375366767396,0.844991602399134,5.9426504659993,4.71955913241808,1,0.348868502141008,0.225282955229218
source/12kHz_DE_data/IR/0028/IR028_2_(1750rpm).mat,source,validation,IR,2,10,6.905,7.5905,19.99375,1750,0.840064046758008,0.665088133943261,6.9486313,4.53350348048522,3.2406995734808,0.115264157014082,0.852392208010503,6.29015888970845,4.972135585009,2,0.144187887432486,0.268912861523775
source/12kHz_DE_data/IR/0028/IR028_3_(1730rpm).mat,source,validation,IR,2,0,0.05,0.7435,19.9959166666667,1730,0.826206698860247,0.652458895304582,6.5698074,4.28346185127429,3.20160531413478,0.136686674105224,0.826015982868186,5.91371227685983,4.62200401174271,3.7,0.182080109688778,0.215977131626674
source/12kHz_DE_data/IR/0028/IR028_3_(1730rpm).mat,source,validation,IR,2,1,0.7435,1.437,19.9959166666667,1730,0.826744250942322,0.646546014042071,6.5840489,4.18878034009759,3.38001983392631,0.17655985247608,0.859049246094768,6.43855991145372,5.02944996613852,3.7,0.155386163255052,0.200213887605621
source/12kHz_DE_data/IR/0028/IR028_3_(1730rpm).mat,source,validation,IR,2,2,1.437,2.1305,19.9959166666667,1730,0.821784406570486,0.642715241918373,6.3081707,4.11073268403826,3.36025083873638,0.169315598925043,0.833680007254924,6.02063134647722,4.5818698438113,3.7,0.119578432685988,0.170183655848249
source/12kHz_DE_data/IR/0028/IR028_3_(1730rpm).mat,source,validation,IR,2,3,2.1305,2.824,19.9959166666667,1730,0.825937512940093,0.651378232115518,6.3850748,4.47442294241142,3.27167979841186,0.198056652474858,0.844092894873964,6.17899829560227,4.63758798716747,2.7,0.157719097230402,0.216251198294696
source/12kHz_DE_data/IR/0028/IR028_3_(1730rpm).mat,source,validation,IR,2,4,2.824,3.5175,19.9959166666667,1730,0.820365535545711,0.646531783029182,6.2162113,3.88486390656153,3.25261597155831,0.168626858458215,0.87986071681689,7.06861032133056,4.6833662675142,1,0.30756190227401,0.169715064414029
source/12kHz_DE_data/IR/0028/IR028_3_(1730rpm).mat,source,validation,IR,2,5,3.5175,4.211,19.9959166666667,1730,0.826645353909856,0.653124661523187,6.7142569,4.25482353282846,3.18649255199349,0.100108891709954,0.789076546175439,5.51597647359006,4.50752953942997,3.7,0.141806585587724,0.250994039288013
source/12kHz_DE_data/IR/0028/IR028_3_(1730rpm).mat,source,validation,IR,2,6,4.211,4.9045,19.9959166666667,1730,0.827669816898001,0.647938988213103,6.1881352,3.8552862087064,3.37115898685497,0.194271450333904,0.839291397474851,6.09571100509369,4.39149701910124,4.3,0.109120576020337,0.170098124618712
source/12kHz_DE_data/IR/0028/IR028_3_(1730rpm).mat,source,validation,IR,2,7,4.9045,5.598,19.9959166666667,1730,0.826516847393888,0.649137005232449,7.4540011,4.63166698569316,3.38513065176699,0.175408472939734,0.812306791315179,5.9250076057085,4.66727836663707,2.7,0.136390684883899,0.171282842781676
source/12kHz_DE_data/IR/0028/IR028_3_(1730rpm).mat,source,validation,IR,2,8,5.598,6.2915,19.9959166666667,1730,0.82352434780134,0.650721818987548,6.8310372,4.46060927889692,3.34010295395132,0.152365677796649,0.871823867211649,7.07798555826054,4.91950400853405,4.3,0.121401823967088,0.153084525193703
source/12kHz_DE_data/IR/0028/IR028_3_(1730rpm).mat,source,validation,IR,2,9,6.2915,6.985,19.9959166666667,1730,0.818007575517989,0.641349754985361,6.1547694,3.90932930157902,3.35199064379395,0.184199553663712,0.841670836232895,6.33844996091977,4.45259620851991,4.3,0.150228922970277,0.152460897808482
source/12kHz_DE_data/IR/0028/IR028_3_(1730rpm).mat,source,validation,IR,2,10,6.985,7.6785,19.9959166666667,1730,0.825547610994294,0.649581317007453,6.7537262,4.36172970804426,3.2610772583722,0.138065829695544,0.809926756144562,6.46246938391114,4.39643414525477,3.7,0.208751707025382,0.0883765113159024
source/12kHz_DE_data/OR/Centered/0007/OR007@6_0.mat,source,train,OR,1,0,0.05,0.718,19.9954666666667,1796,0.676739981858855,0.410739143066005,6.70491606786427,5.11123841035665,7.53863446398034,0.0740634388902388,0.317444183326083,4.46460416173056,2.58146145829319,3.6,0.805848421781723,0.108386491200963
source/12kHz_DE_data/OR/Centered/0007/OR007@6_0.mat,source,train,OR,1,1,0.718,1.386,19.9954666666667,1796,0.64957223448184,0.397000725998435,6.37314231536926,5.13496824043186,7.43393206414412,0.0460047875147302,0.296194943583204,4.58821509624181,2.53225505825201,3.6,0.851366304559269,0.082491170219069
source/12kHz_DE_data/OR/Centered/0007/OR007@6_0.mat,source,train,OR,1,2,1.386,2.054,19.9954666666667,1796,0.646831939323268,0.391825147741309,6.5112121756487,5.10334471973469,7.57691764830726,0.0326948823111764,0.29441205890481,4.54733053708698,2.51276784490518,3.6,0.845345716758944,0.0842815148168627
source/12kHz_DE_data/OR/Centered/0007/OR007@6_0.mat,source,train,OR,1,3,2.054,2.722,19.9954666666667,1796,0.681465603928055,0.41104298501179,6.59811497005988,4.8576866726361,7.6644282667242,0.0629109643831898,0.318263049977772,4.42398951417521,2.59401345075022,3.6,0.795331279266756,0.118800866188492
source/12kHz_DE_data/OR/Centered/0007/OR007@6_0.mat,source,train,OR,1,4,2.722,3.39,19.9954666666667,1796,0.69662817477819,0.421190290547866,6.66268293413174,4.88152043335109,7.64363693335543,0.0442738065249291,0.321866170302134,4.37745875963923,2.57551831144897,3.6,0.783853781845901,0.128659790614341
source/12kHz_DE_data/OR/Centered/0007/OR007@6_0.mat,source,train,OR,1,5,3.39,4.058,19.9954666666667,1796,0.678485364271771,0.411227155117019,6.54532355289421,5.069087767563,7.65955201295405,0.0501933025445065,0.318788017500644,4.40343718439661,2.54082541252046,3.6,0.797968270939418,0.119700643042064
source/12kHz_DE_data/OR/Centered/0007/OR007@6_0.mat,source,train,OR,1,6,4.058,4.726,19.9954666666667,1796,0.65888413686424,0.401926224796762,6.3995380239521,4.88458457468711,7.4127445503912,0.0761534618196252,0.294407511216844,4.49275719015895,2.4916499454297,3.6,0.843721598768511,0.0933477180384314
source/12kHz_DE_data/OR/Centered/0007/OR007@6_0.mat,source,train,OR,1,7,4.726,5.394,19.9954666666667,1796,0.651688288224898,0.396619325695095,6.60948542914172,5.28529777722873,7.5740307164364,0.0526283746162483,0.284328303123999,4.5526746741143,2.48105670961277,3.6,0.855876308567593,0.0852848835619995
source/12kHz_DE_data/OR/Centered/0007/OR007@6_0.mat,source,train,OR,1,8,5.394,6.062,19.9954666666667,1796,0.660416325845119,0.399364087454355,6.74958572854291,5.19321638482715,7.74426441301151,0.0391797143788329,0.310265858140427,4.4152326112197,2.47114221685578,3.6,0.808905546343945,0.111245187299845
source/12kHz_DE_data/OR/Centered/0007/OR007@6_0.mat,source,train,OR,1,9,6.062,6.73,19.9954666666667,1796,0.687740602281786,0.414692635144023,6.80562584830339,5.25140682754085,7.69892667597683,0.0868586910940881,0.32925052198966,4.32956422322657,2.52726515799359,3.6,0.762714938896253,0.135117278815376
source/12kHz_DE_data/OR/Centered/0007/OR007@6_0.mat,source,train,OR,1,10,6.73,7.398,19.9954666666667,1796,0.693544020780624,0.418794432349152,6.67608383233533,4.91989876155338,7.66108719866644,0.039880478315658,0.331191787460351,4.34882611830221,2.54909231278848,3.6,0.770453700679903,0.137958248653611
source/12kHz_DE_data/OR/Centered/0007/OR007@6_1.mat,source,train,OR,1,0,0.05,0.727,20.00535,1773,0.587660142031543,0.364304571688085,5.96015099800399,5.11819951012188,7.59761969303907,0.0287549375761245,0.324996351139172,4.40088294728304,2.50830089093593,3.6,0.788810398482704,0.105604708647105
source/12kHz_DE_data/OR/Centered/0007/OR007@6_1.mat,source,train,OR,1,1,0.727,1.404,20.00535,1773,0.589386967947662,0.365236319562792,5.91873003992016,5.10899752040336,7.59189927438908,0.0386360673729843,0.318531254175424,4.42679799877475,2.50787943138081,3.6,0.800500277287182,0.0988842812126659
source/12kHz_DE_data/OR/Centered/0007/OR007@6_1.mat,source,train,OR,1,2,1.404,2.081,20.00535,1773,0.58971152730677,0.365262908586758,6.02228243512974,5.24462591084541,7.55856131124358,0.0328779088116671,0.328906260964499,4.39453707672251,2.47261354606189,3.6,0.789796424717532,0.107219214970437
source/12kHz_DE_data/OR/Centered/0007/OR007@6_1.mat,source,train,OR,1,3,2.081,2.758,20.00535,1773,0.590095423058701,0.365226638411362,5.87852734530938,5.07153038027239,7.62935624444215,0.042421576131029,0.326826662612883,4.38989935595388,2.46093281979592,3.6,0.790474295146715,0.102207499221979
source/12kHz_DE_data/OR/Centered/0007/OR007@6_1.mat,source,train,OR,1,4,2.758,3.435,20.00535,1773,0.588307802968461,0.365004595205358,5.89111606786427,5.20020207723624,7.56260405820526,0.0472878692054568,0.321698753959241,4.37269934120757,2.43398423363072,3.6,0.79137519715491,0.103281101733479
source/12kHz_DE_data/OR/Centered/0007/OR007@6_1.mat,source,train,OR,1,5,3.435,4.112,20.00535,1773,0.591756841479991,0.368324875418377,5.88461866267465,4.98971672885079,7.39631226769191,0.010574139147851,0.31622625226415,4.42371007907203,2.44532906141176,3.6,0.805183438209004,0.097044048268728
source/12kHz_DE_data/OR/Centered/0007/OR007@6_1.mat,source,train,OR,1,6,4.112,4.789,20.00535,1773,0.595368332417925,0.368329919864413,5.91994830339321,5.16733676335246,7.51774369703413,0.0376648668582491,0.302046253221364,4.40845966424061,2.34714598960439,3.6,0.820379011202913,0.0892553235465944
source/12kHz_DE_data/OR/Centered/0007/OR007@6_1.mat,source,train,OR,1,7,4.789,5.466,20.00535,1773,0.598417322610985,0.371345495965721,5.72583832335329,4.8304570205208,7.3796042171184,0.0423031390893212,0.314607824252157,4.37778700710725,2.4090768125431,3.6,0.806772714176979,0.0999447831320062
source/12kHz_DE_data/OR/Centered/0007/OR007@6_1.mat,source,train,OR,1,8,5.466,6.143,20.00535,1773,0.592997846284564,0.367598256367365,5.72502614770459,4.94854022522961,7.5071572322464,0.0230700843866267,0.308297733333417,4.34080130386106,2.35073071789775,3.6,0.805218324872475,0.101215846000828
source/12kHz_DE_data/OR/Centered/0007/OR007@6_1.mat,source,train,OR,1,9,6.143,6.82,20.00535,1773,0.595034251049071,0.366764604437966,5.96421187624751,5.05442611487173,7.53639508301015,0.0180541840079478,0.32786399707658,4.33379154488216,2.42136556997555,3.6,0.790752981309418,0.114926312077031
source/12kHz_DE_data/OR/Centered/0007/OR007@6_1.mat,source,train,OR,1,10,6.82,7.497,20.00535,1773,0.592086492972717,0.365263371949652,6.05842425149701,5.24863038971403,7.76405974050024,0.0469355605333541,0.32840386268142,4.31352490713149,2.39798642196696,3.6,0.790992618111388,0.115998642130469
source/12kHz_DE_data/OR/Centered/0007/OR007@6_2.mat,source,train,OR,1,0,0.05,0.7355,19.99375,1750,0.560539005951615,0.344235540037444,5.67507734530938,5.31888111192087,7.75646333536043,0.0412002942531547,0.281243399981759,4.22991463421137,2.09900764191358,3.6,0.833113101930975,0.0843830744520967
source/12kHz_DE_data/OR/Centered/0007/OR007@6_2.mat,source,train,OR,1,1,0.7355,1.421,19.99375,1750,0.564713024897345,0.346725134555491,6.02065808383234,5.4643747930984,7.83592995037557,0.037241887093637,0.281248404613695,4.20130876014322,2.06864862543121,3.6,0.829755879682801,0.0853814281026576
source/12kHz_DE_data/OR/Centered/0007/OR007@6_2.mat,source,train,OR,1,2,1.421,2.1065,19.99375,1750,0.574076132846433,0.353210489019792,5.51507874251497,4.83360461876208,7.74788713217158,0.00584623300698914,0.275795038778443,4.2229064333392,2.04867526694643,3.6,0.837251055898332,0.0788153102271141
source/12kHz_DE_data/OR/Centered/0007/OR007@6_2.mat,source,train,OR,1,3,2.1065,2.792,19.99375,1750,0.573798196975131,0.352215307251286,5.56421536926148,4.97777756548439,7.8612606588321,0.0054507383312022,0.274419082812946,4.18740754844591,2.03717158845034,3.6,0.835531105075619,0.0829635565702274
source/12kHz_DE_data/OR/Centered/0007/OR007@6_2.mat,source,train,OR,1,4,2.792,3.4775,19.99375,1750,0.564862057033028,0.345954887393054,5.80218283433134,5.30121775187425,7.95425022905089,0.0128185535445787,0.277694557648702,4.21970101150908,2.08145642295213,3.6,0.837498759452502,0.0849394171031077
source/12kHz_DE_data/OR/Centered/0007/OR007@6_2.mat,source,train,OR,1,5,3.4775,4.163,19.99375,1750,0.568876776672503,0.349468338787728,5.8533499001996,5.28304703990192,7.78896180110226,0.0245718091075377,0.286816207941196,4.2311097678388,2.12265920815679,3.6,0.826047440355807,0.0886043826516176
source/12kHz_DE_data/OR/Centered/0007/OR007@6_2.mat,source,train,OR,1,6,4.163,4.8485,19.99375,1750,0.567659188319234,0.347696776351391,5.71365568862275,5.13555573388202,7.95903228451882,0.0313146428244909,0.303614913231564,4.22009941977761,2.15949351440615,3.6,0.81246935968019,0.0959870470659355
source/12kHz_DE_data/OR/Centered/0007/OR007@6_2.mat,source,train,OR,1,7,4.8485,5.534,19.99375,1750,0.568716572693004,0.346754570791618,5.82370548902196,5.27779289571409,7.99165066825725,0.00725385236750536,0.301728220518719,4.24084382229694,2.1967486492676,3.6,0.81640962374839,0.0950873812218043
source/12kHz_DE_data/OR/Centered/0007/OR007@6_2.mat,source,train,OR,1,8,5.534,6.2195,19.99375,1750,0.573698263566769,0.351836662764112,5.7741627744511,5.21873067356224,7.81004043951753,0.0152655199402249,0.290309002409871,4.26882435589159,2.19894761527856,3.6,0.826724925507225,0.0861787035877769
source/12kHz_DE_data/OR/Centered/0007/OR007@6_2.mat,source,train,OR,1,9,6.2195,6.905,19.99375,1750,0.578013602187056,0.355755140720037,6.03121636726547,5.3583385898497,7.85274941191047,0.057034120888498,0.286211503797207,4.29960247095433,2.18012454373086,3.6,0.830586997084261,0.0813454422699256
source/12kHz_DE_data/OR/Centered/0007/OR007@6_2.mat,source,train,OR,1,10,6.905,7.5905,19.99375,1750,0.577903990431094,0.355212137425123,5.79446716566866,5.0357437543333,7.83551932039799,0.000879772796752186,0.283330308783374,4.3120027985388,2.18416595233795,3.6,0.831686910178872,0.0779418761731302
source/12kHz_DE_data/OR/Centered/0007/OR007@6_3.mat,source,validation,OR,1,0,0.05,0.7455,19.995625,1725,0.572316810014267,0.350572828029472,6.1018756487026,5.51814153076562,8.09449060508884,-0.00749311974280806,0.325501146446028,4.5115838565024,2.646289929332,3.6,0.804820998772317,0.11504734495001
source/12kHz_DE_data/OR/Centered/0007/OR007@6_3.mat,source,validation,OR,1,1,0.7455,1.441,19.995625,1725,0.578269729686246,0.353679187003598,6.02796766467066,5.49756431006677,8.0140660449415,-0.0215793635594665,0.310348104419207,4.54088938513631,2.5966374225974,3.6,0.824267273317229,0.100664819840807
source/12kHz_DE_data/OR/Centered/0007/OR007@6_3.mat,source,validation,OR,1,2,1.441,2.1365,19.995625,1725,0.581597921442913,0.355835034177677,6.12299221556886,5.38106027675748,7.93961420460052,0.00464566139598081,0.320221697374876,4.58573383341789,2.66512867226352,3.6,0.815709989257451,0.109380922009546
source/12kHz_DE_data/OR/Centered/0007/OR007@6_3.mat,source,validation,OR,1,3,2.1365,2.832,19.995625,1725,0.58218230434836,0.357544347350994,6.01375459081836,5.22073092861556,8.0205825783691,0.00161255507426407,0.301156787918907,4.63213829342513,2.6219019872262,3.6,0.842630253460206,0.089804071437154
source/12kHz_DE_data/OR/Centered/0007/OR007@6_3.mat,source,validation,OR,1,4,2.832,3.5275,19.995625,1725,0.585613837005205,0.359720110702536,6.23913333333333,5.51795446386876,7.91875526526785,-0.00239288025181734,0.308577166642661,4.59979275941434,2.63428398667129,3.6,0.835542253541913,0.0960672955386656
source/12kHz_DE_data/OR/Centered/0007/OR007@6_3.mat,source,validation,OR,1,5,3.5275,4.223,19.995625,1725,0.581742328512051,0.358399702409694,6.10593652694611,5.41981498206373,7.90335735576134,-0.00063682498358415,0.311265534747419,4.66138108997909,2.67145601741969,3.6,0.837660925812313,0.0878242993388315
source/12kHz_DE_data/OR/Centered/0007/OR007@6_3.mat,source,validation,OR,1,6,4.223,4.9185,19.995625,1725,0.581887636244455,0.355843632715488,6.0267494011976,5.36812889661082,8.01843224049404,-0.0212428912465987,0.29807050973971,4.65176528508047,2.6179319529687,3.6,0.843148335334404,0.0817812966384122
source/12kHz_DE_data/OR/Centered/0007/OR007@6_3.mat,source,validation,OR,1,7,4.9185,5.614,19.995625,1725,0.581520715389888,0.357061104775786,6.11040349301397,5.40043230450533,7.99061625095777,-0.0139381468328523,0.303838220110904,4.63902368060372,2.60795033675419,3.6,0.839568142040372,0.0859307007537803
source/12kHz_DE_data/OR/Centered/0007/OR007@6_3.mat,source,validation,OR,1,8,5.614,6.3095,19.995625,1725,0.582402094635631,0.356880110340068,6.03202854291417,5.41786080705703,7.86053497495728,0.00868102083989097,0.299725289041114,4.64474451896039,2.62399827424236,3.6,0.845383283860794,0.0869998594982702
source/12kHz_DE_data/OR/Centered/0007/OR007@6_3.mat,source,validation,OR,1,9,6.3095,7.005,19.995625,1725,0.576366225842481,0.352372728119924,5.94959271457086,5.16425820110917,7.94001330403243,0.00365439066071551,0.302194416674984,4.58654820683067,2.55598047160012,3.6,0.838968716564255,0.0871474818537269
source/12kHz_DE_data/OR/Centered/0007/OR007@6_3.mat,source,validation,OR,1,10,7.005,7.7005,19.995625,1725,0.587273621608877,0.35909947750872,5.91263872255489,5.0821117914325,7.94330961545799,0.00395461972244301,0.31319081664156,4.55239010570368,2.6007802736458,3.6,0.828490745908497,0.098800424421606
source/12kHz_DE_data/OR/Centered/0014/OR014@6_0.mat,source,train,OR,1,0,0.05,0.718,19.9954666666667,1796,0.104223351842113,0.0831014135063088,0.798294251497006,4.00359479499404,3.10376642923932,-0.00260050949620397,0.881970219040254,6.60606400148336,4.66382277492484,2,0.158133826994552,0.216323306443891
source/12kHz_DE_data/OR/Centered/0014/OR014@6_0.mat,source,train,OR,1,1,0.718,1.386,19.9954666666667,1796,0.0964518670707138,0.0774151051391426,0.692737365269461,3.82196339203639,2.89959833216079,0.00731271264755574,0.867742990913755,6.50371712892501,4.64900130788724,2.3,0.150253342966454,0.193089125386823
source/12kHz_DE_data/OR/Centered/0014/OR014@6_0.mat,source,train,OR,1,2,1.386,2.054,19.9954666666667,1796,0.0997938499419946,0.0794152418736338,0.723551856287425,3.88301415412105,2.9874481530213,0.0241390685727646,0.837205200600683,5.91646013150814,4.4456630217743,2,0.173105543259215,0.266803955528467
source/12kHz_DE_data/OR/Centered/0014/OR014@6_0.mat,source,train,OR,1,3,2.054,2.722,19.9954666666667,1796,0.100218290247082,0.079767305516392,0.75741125748503,3.80048794666995,3.01288936273302,0.0268692294467226,0.826043458194169,5.90329955204296,4.47344691005177,2,0.221006727676715,0.266563971543819
source/12kHz_DE_data/OR/Centered/0014/OR014@6_0.mat,source,train,OR,1,4,2.722,3.39,19.9954666666667,1796,0.0973578893494302,0.0775133115651563,0.83783748502994,4.44238721159566,3.07937755221933,-0.0638546360968056,0.861850045491442,6.29351358774992,4.73072794398348,3.6,0.135294164483342,0.238044407739737
source/12kHz_DE_data/OR/Centered/0014/OR014@6_0.mat,source,train,OR,1,5,3.39,4.058,19.9954666666667,1796,0.0982621397651882,0.0780052203670664,0.722780479041916,3.76270211547621,3.03719415023797,-0.0107526840472676,0.873524545486347,6.34351029283477,4.65906497611015,4.4,0.118286697376271,0.205188272770768
source/12kHz_DE_data/OR/Centered/0014/OR014@6_0.mat,source,train,OR,1,6,4.058,4.726,19.9954666666667,1796,0.100581252344277,0.0809280225075504,0.694767305389222,3.67033665834338,2.84945968935543,0.00886626571823433,0.870747212407437,6.3310348970743,4.72273233038226,2,0.193734754369919,0.249579668028199
source/12kHz_DE_data/OR/Centered/0014/OR014@6_0.mat,source,train,OR,1,7,4.726,5.394,19.9954666666667,1796,0.0984273084107428,0.0786036730656798,0.728667305389222,3.84603365357703,2.960621862883,-0.0185600774821807,0.837457496350635,6.56824484645592,4.56703829357759,2,0.287756053766511,0.251446332413311
source/12kHz_DE_data/OR/Centered/0014/OR014@6_0.mat,source,train,OR,1,8,5.394,6.062,19.9954666666667,1796,0.0993385021438245,0.0788833687267081,0.746002994011976,3.75731304049758,3.03362761158161,0.0251118042224528,0.879368923299791,6.58663639672104,4.76811831040402,2,0.161653253869501,0.215299037199515
source/12kHz_DE_data/OR/Centered/0014/OR014@6_0.mat,source,train,OR,1,9,6.062,6.73,19.9954666666667,1796,0.101508588984767,0.0806897017188238,0.893295449101796,4.69719428817766,3.18729212872695,-0.00695023467307799,0.883508764448011,6.85166431112101,4.81619566730243,1.9,0.201758722881932,0.219522427660278
source/12kHz_DE_data/OR/Centered/0014/OR014@6_0.mat,source,train,OR,1,10,6.73,7.398,19.9954666666667,1796,0.100274312386152,0.0803395499121517,0.751768023952096,3.79459266996479,2.94542644802977,-0.0406796090400117,0.829683107609455,6.00409988365443,4.25491770171476,2,0.228484852351617,0.263753354374942
source/12kHz_DE_data/OR/Centered/0014/OR014@6_1.mat,source,train,OR,1,0,0.05,0.727,19.9940666666667,1772,0.0944186632604992,0.0750244360586203,0.735163113772455,4.15988742381689,3.05111109480847,0.049781810119138,0.856878756350592,6.35210980672194,4.72127318413363,2,0.205687445685144,0.221631138617403
source/12kHz_DE_data/OR/Centered/0014/OR014@6_1.mat,source,train,OR,1,1,0.727,1.404,19.9940666666667,1772,0.0938251850290163,0.0749624077508426,0.706540958083832,3.85884116876977,2.95326317239942,-0.0329608212327024,0.87331790129893,6.52881593297514,4.89082874711864,2,0.244680038479693,0.224413020997667
source/12kHz_DE_data/OR/Centered/0014/OR014@6_1.mat,source,train,OR,1,2,1.404,2.081,19.9940666666667,1772,0.0947191273333767,0.0761418304738768,0.732686586826347,4.26624303682809,2.88895879654107,0.0144605521414204,0.862922848668285,6.35566033044831,4.89836211152695,1.2,0.240080319506696,0.303910252605251
source/12kHz_DE_data/OR/Centered/0014/OR014@6_1.mat,source,train,OR,1,3,2.081,2.758,19.9940666666667,1772,0.0946415496864608,0.0763797084532915,0.663222035928144,3.60159274454408,2.78778201713895,0.00674159203855128,0.862219254284867,6.41445904010949,4.60071148447346,2,0.144798885649192,0.254327842932184
source/12kHz_DE_data/OR/Centered/0014/OR014@6_1.mat,source,train,OR,1,4,2.758,3.435,19.9940666666667,1772,0.0909264584978496,0.0727073103314131,0.731184431137724,4.13097621549812,3.02933074140706,0.0232307323598814,0.876080843319433,6.22683730213593,4.68223872170572,2,0.200123209214629,0.240803547581747
source/12kHz_DE_data/OR/Centered/0014/OR014@6_1.mat,source,train,OR,1,5,3.435,4.112,19.9940666666667,1772,0.0934906603735905,0.0745418685208778,0.758669820359281,4.29593002256019,3.07060839433596,-0.0639496772328446,0.892638476269487,6.23794479729193,4.62695252932629,2.3,0.110348974052415,0.19553715923248
source/12kHz_DE_data/OR/Centered/0014/OR014@6_1.mat,source,train,OR,1,6,4.112,4.789,19.9940666666667,1772,0.097196978764642,0.077736169557688,0.750184670658683,4.1155079378732,2.94602410243958,-0.0106507606744172,0.863110536688531,6.45570166759009,4.70694628305023,2,0.150629626981405,0.21100806639312
source/12kHz_DE_data/OR/Centered/0014/OR014@6_1.mat,source,train,OR,1,7,4.789,5.466,19.9940666666667,1772,0.092430619834007,0.074170958570304,0.665576766467066,3.67541264282046,2.85312683853628,-0.00801678380222893,0.869103160002672,6.92125527590247,4.80313873557592,2,0.152710940308751,0.185339093968028
source/12kHz_DE_data/OR/Centered/0014/OR014@6_1.mat,source,train,OR,1,8,5.466,6.143,19.9940666666667,1772,0.0932411636198601,0.0741401361282331,0.716162874251497,4.05331996910393,3.0057673581241,0.00998288403601448,0.882839662110331,6.33689545725217,4.49009483361931,5.6,0.0627603390496709,0.209459600846463
source/12kHz_DE_data/OR/Centered/0014/OR014@6_1.mat,source,train,OR,1,9,6.143,6.82,19.9940666666667,1772,0.0939782949552995,0.0752533043392105,0.647388502994012,3.4951250739769,2.89603553699102,-0.0471292033997903,0.873430691899578,6.41149734891609,4.58443653576078,6.9,0.0631386879841292,0.237882748900497
source/12kHz_DE_data/OR/Centered/0014/OR014@6_1.mat,source,train,OR,1,10,6.82,7.497,19.9940666666667,1772,0.0919219496423716,0.0738123512644185,0.716853053892216,4.40166554553389,2.89690040904723,0.00201351096195897,0.858236672245709,6.42312841005507,4.68703246569098,2,0.244900575409997,0.266609362303361
source/12kHz_DE_data/OR/Centered/0014/OR014@6_2.mat,source,validation,OR,1,0,0.05,0.736,19.9969,1749,0.0977065620289558,0.0776968671504495,0.716853053892216,3.76194676250156,3.05323621742452,0.00832401078375852,0.859921270780093,6.27579003010068,5.09577866321365,2,0.148612050575086,0.333855230356707
source/12kHz_DE_data/OR/Centered/0014/OR014@6_2.mat,source,validation,OR,1,1,0.736,1.422,19.9969,1749,0.0981010608530969,0.0781411632316799,0.71291497005988,3.72788114383248,3.04884810465947,0.00276163719894287,0.85632071646588,6.41709895434068,4.58705368827834,8.4,0.0814086258542977,0.218583587050489
source/12kHz_DE_data/OR/Centered/0014/OR014@6_2.mat,source,validation,OR,1,2,1.422,2.108,19.9969,1749,0.0960983362995332,0.0769517841890614,0.707637125748503,3.79043325004958,2.93439158758248,0.0107219267830405,0.841115057794342,6.31665883407373,4.70066218377613,3.6,0.129421243502088,0.229646358612012
source/12kHz_DE_data/OR/Centered/0014/OR014@6_2.mat,source,validation,OR,1,3,2.108,2.794,19.9969,1749,0.0974129924787031,0.0775886673885525,0.708976886227545,3.73476674391348,2.97001341471209,-0.0355899069665407,0.860445940156547,6.88314191794936,4.87356881211069,2,0.203363742830767,0.225359100375933
source/12kHz_DE_data/OR/Centered/0014/OR014@6_2.mat,source,validation,OR,1,4,2.794,3.48,19.9969,1749,0.0983435374586976,0.0787321261104257,0.827971976047904,4.81935116409568,2.98939155725444,-0.0260273558137565,0.848049849757435,6.98079571163488,4.84541642171045,2,0.189580444977549,0.224480886302116
source/12kHz_DE_data/OR/Centered/0014/OR014@6_2.mat,source,validation,OR,1,5,3.48,4.166,19.9969,1749,0.10072954659836,0.0795629680992374,0.784571856287425,3.92581380022574,3.15521185193691,0.0481509668387528,0.835924753311447,6.51230936096607,4.62537111491098,2,0.193096694259499,0.195006582025163
source/12kHz_DE_data/OR/Centered/0014/OR014@6_2.mat,source,validation,OR,1,6,4.166,4.852,19.9969,1749,0.0989203210433767,0.0788172159717997,0.773610179640719,4.04495905325789,2.98295754100216,0.011468978715264,0.851807170540653,6.64528007884167,4.5800608277165,3.6,0.153036366316192,0.162856173173687
source/12kHz_DE_data/OR/Centered/0014/OR014@6_2.mat,source,validation,OR,1,7,4.852,5.538,19.9969,1749,0.0962283249082818,0.0772493174818753,0.761146347305389,4.04394420643804,2.94443977091383,-0.000709725771960988,0.861374862376685,7.39209814629511,4.85861241113556,2,0.170837248492935,0.188128651788352
source/12kHz_DE_data/OR/Centered/0014/OR014@6_2.mat,source,validation,OR,1,8,5.538,6.224,19.9969,1749,0.0943814050872998,0.0750055867510022,0.67791880239521,3.81475792786006,3.03103404863522,0.0287957704692303,0.855022299192015,6.54157257122646,4.90953986724936,2,0.210428504692323,0.273362321482848
source/12kHz_DE_data/OR/Centered/0014/OR014@6_2.mat,source,validation,OR,1,9,6.224,6.91,19.9969,1749,0.0920190536521761,0.0732301673276919,0.71291497005988,4.02716418196902,3.0274476104405,-0.0119534232472245,0.86488594929666,6.83293574621759,4.65381408397296,4,0.0873733496774194,0.193625637693651
source/12kHz_DE_data/OR/Centered/0014/OR014@6_2.mat,source,validation,OR,1,10,6.91,7.596,19.9969,1749,0.0926978613980576,0.0740275347279711,0.741252934131736,4.45643668677999,2.98251277217884,0.0147097620448325,0.859045627207628,6.72047505493247,4.99936359607651,3.6,0.128634867940709,0.18872933872609
source/12kHz_DE_data/OR/Centered/0014/OR014@6_3.mat,source,train,OR,1,0,0.05,0.7465,20.0011583333333,1723,0.0991590283484401,0.0780361449518378,1.19198083832335,6.38243769869173,4.00267103201787,-0.0452063505841358,0.857589811476731,6.57087565520977,5.09723275575798,2,0.213060507631011,0.29527027656286
source/12kHz_DE_data/OR/Centered/0014/OR014@6_3.mat,source,train,OR,1,1,0.7465,1.443,20.0011583333333,1723,0.094038250232817,0.0743611586428118,1.03015401197605,5.7255595741464,3.35893026248891,-0.0254506860305583,0.875061504411851,6.38224777434613,4.9350873457638,2,0.207687337490575,0.276278434179738
source/12kHz_DE_data/OR/Centered/0014/OR014@6_3.mat,source,train,OR,1,2,1.443,2.1395,20.0011583333333,1723,0.0952046314980214,0.0754309156826842,0.702643473053892,3.76387935985938,3.13034939469383,0.0068216453459768,0.86763226127199,6.06515848891276,5.02807794682166,1.7,0.179675570925938,0.294994588447554
source/12kHz_DE_data/OR/Centered/0014/OR014@6_3.mat,source,train,OR,1,3,2.1395,2.836,20.0011583333333,1723,0.106683136046165,0.0821506656391703,1.11285377245509,5.77674339193884,4.07485977410958,0.0414247866684777,0.846591419738524,5.05631434740977,4.39617229030627,1.7,0.148844651358182,0.314535559830187
source/12kHz_DE_data/OR/Centered/0014/OR014@6_3.mat,source,train,OR,1,4,2.836,3.5325,20.0011583333333,1723,0.091236901671566,0.0728460468452972,0.657781796407186,3.6867937939208,2.95236924963561,0.00237638098160815,0.863890588038637,5.82615183915849,5.06252568591572,1.7,0.134003850932946,0.345052402909063
source/12kHz_DE_data/OR/Centered/0014/OR014@6_3.mat,source,train,OR,1,5,3.5325,4.229,20.0011583333333,1723,0.0917538182812715,0.0708363623362027,1.33030095808383,7.28014246084266,6.61532758496783,0.0152020593797974,0.847358568223156,6.33819087245147,4.98919893244186,1.7,0.227487503504765,0.315755018080541
source/12kHz_DE_data/OR/Centered/0014/OR014@6_3.mat,source,train,OR,1,6,4.229,4.9255,20.0011583333333,1723,0.0910296359659783,0.0721516445008346,0.85521377245509,5.39008037813266,3.2254365616444,0.0095279514059123,0.870653520911865,6.60090284827884,5.00817574935166,1.4,0.223595073157184,0.240035368053655
source/12kHz_DE_data/OR/Centered/0014/OR014@6_3.mat,source,train,OR,1,7,4.9255,5.622,20.0011583333333,1723,0.0958930768350271,0.0743122740764644,1.27025532934132,6.68771796086777,5.00004158569148,0.025363682213358,0.862848537518377,6.22788478225195,5.16545188405736,2,0.193837979693302,0.324228435133751
source/12kHz_DE_data/OR/Centered/0014/OR014@6_3.mat,source,train,OR,1,8,5.622,6.3185,20.0011583333333,1723,0.0939613827833187,0.0744117412319501,1.01176275449102,6.22916860391283,3.48004996697395,0.0222870944134797,0.867633926591847,6.36523453995613,5.19934405948669,2,0.175047263923637,0.316668720239705
source/12kHz_DE_data/OR/Centered/0014/OR014@6_3.mat,source,train,OR,1,9,6.3185,7.015,20.0011583333333,1723,0.0912116220799883,0.0722882598220068,0.734716526946108,4.23089218390315,3.11836367098081,-0.00338673669020827,0.882794005316067,6.66774629761891,4.90637378537796,2,0.141560488340171,0.240668609747554
source/12kHz_DE_data/OR/Centered/0014/OR014@6_3.mat,source,train,OR,1,10,7.015,7.7115,20.0011583333333,1723,0.093019725486989,0.0732159342764373,1.00900203592814,5.44177055574285,3.5891347420435,0.016023863910192,0.864152983796721,6.44091435982093,5.08457531273532,1.9,0.142442264765341,0.260731757052785
source/12kHz_DE_data/OR/Centered/0021/OR021@6_0.mat,source,train,OR,1,0,0.05,0.718,19.9954666666667,1796,0.593768516638554,0.298180536723977,11.068329740519,9.4905859341515,20.7257263781769,0.0713950630096713,0.498643625913893,3.06293788425671,2.30943395524765,1,0.312271147765791,0.444251832349416
source/12kHz_DE_data/OR/Centered/0021/OR021@6_0.mat,source,train,OR,1,1,0.718,1.386,19.9954666666667,1796,0.58360431862802,0.297900795049102,10.0937189620758,8.99213373289699,19.3230232679841,0.119609155799553,0.535702127053374,2.97624510006772,2.31396842843668,1,0.311647391315474,0.457348530011528
source/12kHz_DE_data/OR/Centered/0021/OR021@6_0.mat,source,train,OR,1,2,1.386,2.054,19.9954666666667,1796,0.560061390447742,0.291432108450936,9.8764619760479,9.17393686711804,18.62950682244,0.0689149565831459,0.516777738941491,3.00335613300431,2.33474554034628,1,0.302572245595915,0.454815747047303
source/12kHz_DE_data/OR/Centered/0021/OR021@6_0.mat,source,train,OR,1,3,2.054,2.722,19.9954666666667,1796,0.582469500851198,0.292191680022599,12.6325800399202,11.4125753764498,20.9797073645588,0.0868748470795979,0.526618321402652,2.98153703897797,2.24385190553515,1,0.311190961491636,0.467196330140011
source/12kHz_DE_data/OR/Centered/0021/OR021@6_0.mat,source,train,OR,1,4,2.722,3.39,19.9954666666667,1796,0.575706695183498,0.293807350595359,9.84275668662675,9.10360771484224,18.5259970121288,-0.0256952869366279,0.517024968428695,3.0561192314922,2.38445584906269,1,0.293673088521525,0.448376016680643
source/12kHz_DE_data/OR/Centered/0021/OR021@6_0.mat,source,train,OR,1,5,3.39,4.058,19.9954666666667,1796,0.60715522256405,0.305394065383158,10.7320890219561,9.30155882771513,20.9908122876006,0.267913603239713,0.497756905995566,3.01782121552204,2.29800923903222,1,0.317435496460183,0.448221511033771
source/12kHz_DE_data/OR/Centered/0021/OR021@6_0.mat,source,train,OR,1,6,4.058,4.726,19.9954666666667,1796,0.602530406890457,0.299353815785163,11.5178689620758,10.0145966646018,23.0876308051889,0.290814144360107,0.509482847312485,3.00051707153101,2.29281760272425,1,0.304103002006177,0.450326089495849
source/12kHz_DE_data/OR/Centered/0021/OR021@6_0.mat,source,train,OR,1,7,4.726,5.394,19.9954666666667,1796,0.614566821442036,0.299863159647743,12.5359311377245,10.263148722496,24.4579744994498,0.221915940111743,0.515358238317292,2.98701022721458,2.21833910812903,1,0.309250286422265,0.456752200410882
source/12kHz_DE_data/OR/Centered/0021/OR021@6_0.mat,source,train,OR,1,8,5.394,6.062,19.9954666666667,1796,0.563487551364627,0.290032935848031,10.0734145708583,9.10328939386815,19.6487588183974,0.0521372142255232,0.49066950433669,2.95445766489715,2.20922577185887,1,0.329523531578799,0.464757167250357
source/12kHz_DE_data/OR/Centered/0021/OR021@6_0.mat,source,train,OR,1,9,6.062,6.73,19.9954666666667,1796,0.54808784223187,0.289458851102976,9.16377784431138,9.35487303446958,15.9387519989284,0.0304728288825408,0.519607491090087,2.91761314500649,2.26931375867734,1,0.303839157177491,0.471700032864847
source/12kHz_DE_data/OR/Centered/0021/OR021@6_0.mat,source,train,OR,1,10,6.73,7.398,19.9954666666667,1796,0.57355742051831,0.291030940035885,11.114623752495,10.040311941051,20.6014973794561,0.0709681011796331,0.535438339626484,2.89533503465291,2.30235477610307,1,0.297488648411507,0.474291175946479
source/12kHz_DE_data/OR/Centered/0021/OR021@6_1.mat,source,train,OR,1,0,0.05,0.7275,19.9975416666667,1771,0.530434831420985,0.268065538748299,10.6009226546906,10.3818365238078,21.5728184127918,0.179313097008975,0.562170816633927,2.92136860397391,2.28885067860443,3.6,0.201918585256589,0.473637063771315
source/12kHz_DE_data/OR/Centered/0021/OR021@6_1.mat,source,train,OR,1,1,0.7275,1.405,19.9975416666667,1771,0.540660132910698,0.277919177746177,11.2543179640719,10.7105508025847,20.0761417117891,0.277023546788325,0.538796380674707,2.96245988251603,2.28907036198609,3.6,0.209475029257125,0.467901236837533
source/12kHz_DE_data/OR/Centered/0021/OR021@6_1.mat,source,train,OR,1,2,1.405,2.0825,19.9975416666667,1771,0.559227049532957,0.284528516101964,10.6955411177645,10.1076713525654,18.7053905930095,0.118133100637898,0.54064059660085,2.9491646904675,2.3445828416427,3.6,0.207360476179555,0.473046218146288
source/12kHz_DE_data/OR/Centered/0021/OR021@6_1.mat,source,train,OR,1,3,2.0825,2.76,19.9975416666667,1771,0.605771902281699,0.297512050816437,11.9710629740519,10.0972709148757,21.5185406504062,0.110697226863915,0.538074236465412,3.05502445430728,2.38938879395266,3.6,0.229470316796159,0.450273359138786
source/12kHz_DE_data/OR/Centered/0021/OR021@6_1.mat,source,train,OR,1,4,2.76,3.4375,19.9975416666667,1771,0.556470025883847,0.276826862672743,10.849854491018,9.75169204463179,22.2304083868351,0.154353074702812,0.521805257964097,3.03367027949586,2.32932991582488,3.6,0.228370974064369,0.452248273558165
source/12kHz_DE_data/OR/Centered/0021/OR021@6_1.mat,source,train,OR,1,5,3.4375,4.115,19.9975416666667,1771,0.57807768688298,0.277161525747828,11.3176676646707,10.02519818326,25.200503498623,0.138144555910925,0.496322642481077,3.07547604480136,2.26278822051028,3.6,0.232491408667789,0.457765970148746
source/12kHz_DE_data/OR/Centered/0021/OR021@6_1.mat,source,train,OR,1,6,4.115,4.7925,19.9975416666667,1771,0.525593288899715,0.266470920027811,10.8250831337325,10.4590392505615,23.5150577713386,0.0786511618665626,0.543678645250077,2.97882428730129,2.27071187519005,1,0.323532355434312,0.483281645770027
source/12kHz_DE_data/OR/Centered/0021/OR021@6_1.mat,source,train,OR,1,7,4.7925,5.47,19.9975416666667,1771,0.523127704461475,0.267734170889483,8.51281906187625,8.3241750047997,17.9952743855983,0.0568708383007579,0.552051699500791,2.93500200841715,2.32018015555886,1,0.299215937496233,0.481989430097914
source/12kHz_DE_data/OR/Centered/0021/OR021@6_1.mat,source,train,OR,1,8,5.47,6.1475,19.9975416666667,1771,0.563299752676998,0.283276071074432,11.6973597804391,11.012582711042,20.0550567496697,0.0649972750379916,0.540892264504785,3.00851662713978,2.39993836468256,3.6,0.215462579622835,0.463437480886177
source/12kHz_DE_data/OR/Centered/0021/OR021@6_1.mat,source,train,OR,1,9,6.1475,6.825,19.9975416666667,1771,0.634275273145922,0.31078569289485,11.1097506986028,8.77002775046635,20.1861962474932,0.0768017464936347,0.54160764420618,3.12458879084372,2.45251405165924,3.6,0.237506048421519,0.446983823353542
source/12kHz_DE_data/OR/Centered/0021/OR021@6_1.mat,source,train,OR,1,10,6.825,7.5025,19.9975416666667,1771,0.644774805008542,0.300742268913322,12.0141082834331,9.35668973549079,25.3431362640869,0.244208996812334,0.513964504796546,3.12422750492514,2.36369678454257,3.6,0.234982396610284,0.43757022139986
source/12kHz_DE_data/OR/Centered/0021/OR021@6_2.mat,source,validation,OR,1,0,0.05,0.7365,20.0000333333333,1748,0.624352290247438,0.297378463757192,12.899379740519,10.6502946445615,22.494914337032,0.103398431355596,0.523714552290457,3.1040142887696,2.33616700525579,3.6,0.228942425681308,0.450077176418328
source/12kHz_DE_data/OR/Centered/0021/OR021@6_2.mat,source,validation,OR,1,1,0.7365,1.423,20.0000333333333,1748,0.566405941653785,0.275230317897643,11.514620259481,10.2897185347792,25.4385820245497,0.0778489001931609,0.496880272655013,3.18209707505331,2.33251966662575,3.6,0.244977360119982,0.434825850906199
source/12kHz_DE_data/OR/Centered/0021/OR021@6_2.mat,source,validation,OR,1,2,1.423,2.1095,20.0000333333333,1748,0.515469908208036,0.265057272955022,10.744677744511,10.7062046650347,23.5711906410479,0.304112278947962,0.565402588374247,2.97500429505773,2.34737669155956,1,0.279280809788628,0.476660999842061
source/12kHz_DE_data/OR/Centered/0021/OR021@6_2.mat,source,validation,OR,1,3,2.1095,2.796,20.0000333333333,1748,0.51055032035562,0.261114580752735,10.6504653692615,11.0173120095663,21.1660035256583,0.0289568328794138,0.550139423589558,2.96437787755618,2.33258371297064,3.6,0.198139633679893,0.474065459068995
source/12kHz_DE_data/OR/Centered/0021/OR021@6_2.mat,source,validation,OR,1,4,2.796,3.4825,20.0000333333333,1748,0.532435638863799,0.267388623075613,10.2659001996008,10.0231247016668,21.8122065558662,0.180965771443328,0.527181560176533,2.98856284799707,2.25130954518714,1,0.302196125845997,0.479185630636804
source/12kHz_DE_data/OR/Centered/0021/OR021@6_2.mat,source,validation,OR,1,5,3.4825,4.169,20.0000333333333,1748,0.594423408342953,0.29399407843343,10.4295535928144,9.11885201742687,20.8457506002325,0.227894062175199,0.569476418784943,2.89909236068095,2.29450786234867,3.6,0.189767787374817,0.480547532094168
source/12kHz_DE_data/OR/Centered/0021/OR021@6_2.mat,source,validation,OR,1,6,4.169,4.8555,20.0000333333333,1748,0.630098218551498,0.302976798520877,11.8577644710579,9.46830455030217,23.1967089660357,0.257189854792246,0.545659157497136,3.00180620206126,2.33822780075908,3.6,0.216128784788111,0.465021451962065
source/12kHz_DE_data/OR/Centered/0021/OR021@6_2.mat,source,validation,OR,1,7,4.8555,5.542,20.0000333333333,1748,0.582870688889856,0.281678538134968,11.1052837325349,9.82116611583312,22.6644426024117,0.122761563305148,0.551754195818687,3.03253975191859,2.31375433397998,3.6,0.228186650494537,0.451201175193932
source/12kHz_DE_data/OR/Centered/0021/OR021@6_2.mat,source,validation,OR,1,8,5.542,6.2285,20.0000333333333,1748,0.59705249649261,0.279951556928777,13.306279740519,11.149363106806,33.8136364311957,0.381836661896146,0.524510260469045,3.05898542987911,2.31178306376417,3.6,0.229717591657127,0.456409785451733
source/12kHz_DE_data/OR/Centered/0021/OR021@6_2.mat,source,validation,OR,1,9,6.2285,6.915,20.0000333333333,1748,0.517879926709433,0.263658263340003,10.0969676646707,9.77711985431878,20.3616183872296,-0.0469606303121236,0.537846794781759,3.14020682040835,2.40945706053725,1,0.299598695044792,0.455736764144123
source/12kHz_DE_data/OR/Centered/0021/OR021@6_2.mat,source,validation,OR,1,10,6.915,7.6015,20.0000333333333,1748,0.540403931805077,0.268134259163422,9.80011746506986,9.25164069668276,20.3840182139537,0.0590644592983346,0.566990775933122,2.96921518614206,2.26976366961584,1,0.30399231871536,0.481164716528471
source/12kHz_DE_data/OR/Centered/0021/OR021@6_3.mat,source,test,OR,1,0,0.05,0.7475,20.006625,1721,0.562043330470471,0.270899487382795,11.6782736526946,10.4833938320739,23.9329592616126,0.168089627807678,0.519411728039389,3.44828028108488,2.54046040604637,3.6,0.280760856252052,0.40756172982757
source/12kHz_DE_data/OR/Centered/0021/OR021@6_3.mat,source,test,OR,1,1,0.7475,1.445,20.006625,1721,0.481894268336063,0.248348892745489,8.86530329341317,9.32785132523123,18.9790729072267,0.00943543863505965,0.573215116014633,3.08338855681279,2.47096861357657,3.6,0.206038133494711,0.467406204733186
source/12kHz_DE_data/OR/Centered/0021/OR021@6_3.mat,source,test,OR,1,2,1.445,2.1425,20.006625,1721,0.488857650771031,0.253840521290363,8.88032854291417,9.17482590305394,19.0292965511256,0.0601382170294313,0.583065293810553,3.18976038949853,2.54454423118929,3.6,0.209514291211969,0.446824276542526
source/12kHz_DE_data/OR/Centered/0021/OR021@6_3.mat,source,test,OR,1,3,2.1425,2.84,20.006625,1721,0.506721486825377,0.258354300099347,10.9668077844311,10.8634469449533,21.7988647472435,0.240075865517787,0.572055449232047,3.1084229252369,2.53698063680805,3.6,0.197132232239232,0.469103647974052
source/12kHz_DE_data/OR/Centered/0021/OR021@6_3.mat,source,test,OR,1,4,2.84,3.5375,20.006625,1721,0.54908517952888,0.27038309993806,11.3172615768463,10.7605688429899,20.9279945037731,0.0893176813976708,0.564667546597826,3.14954524400877,2.57461139255248,3.6,0.212573506775031,0.454283101490346
source/12kHz_DE_data/OR/Centered/0021/OR021@6_3.mat,source,test,OR,1,5,3.5375,4.235,20.006625,1721,0.587419466022844,0.283137893527394,10.5485373253493,9.32070839649568,21.2735512941613,0.103066513940403,0.580168342564842,3.26874138691597,2.70261070762548,3.6,0.220977294801786,0.434862642273546
source/12kHz_DE_data/OR/Centered/0021/OR021@6_3.mat,source,test,OR,1,6,4.235,4.9325,20.006625,1721,0.569747064647432,0.277735021438305,13.306279740519,11.6834886118467,28.8910123077137,0.215216121419897,0.541979164514009,3.2542977767032,2.51347623639565,3.6,0.238807102475272,0.437363032865987
source/12kHz_DE_data/OR/Centered/0021/OR021@6_3.mat,source,test,OR,1,7,4.9325,5.63,20.006625,1721,0.621209570211459,0.285861965251548,13.2701379241517,10.7152433489199,26.7500359479433,0.26258538845659,0.544058991256997,3.22340729592883,2.44743003144118,3.6,0.232252742577449,0.436788348648314
source/12kHz_DE_data/OR/Centered/0021/OR021@6_3.mat,source,test,OR,1,8,5.63,6.3275,20.006625,1721,0.50123869936206,0.249848280374724,10.6281305389222,10.7816016230672,23.2873422460288,-0.0149139491102327,0.556710387784127,3.31691421527556,2.63660058646934,3.6,0.23245978812727,0.442455094067189
source/12kHz_DE_data/OR/Centered/0021/OR021@6_3.mat,source,test,OR,1,9,6.3275,7.025,20.006625,1721,0.504058643477392,0.259919204673091,8.28216117764471,8.3108165647652,17.4583492903387,-0.0195209003452538,0.575546977849518,3.16847793530405,2.59402473633014,3.6,0.202870418457264,0.460277286850574
source/12kHz_DE_data/OR/Centered/0021/OR021@6_3.mat,source,test,OR,1,10,7.025,7.7225,20.006625,1721,0.569996851364308,0.273684988167121,11.1800038922156,10.1324362744058,23.8519705218684,0.14520005578441,0.601578203498065,3.07619606908015,2.54036925699204,3.6,0.191062377551457,0.46398556027188
source/12kHz_DE_data/OR/Opposite/0007/OR007@12_0.mat,source,test,OR,1,0,0.05,0.718,20.0066,1797,0.243773108013165,0.167591493921601,3.2628344510978,7.17369660168645,7.59923856117936,-0.0545443522783001,0.672425571116667,3.84495392962894,3.1639016301024,3.6,0.252459449098685,0.344247195681518
source/12kHz_DE_data/OR/Opposite/0007/OR007@12_0.mat,source,test,OR,1,1,0.718,1.386,20.0066,1797,0.256334974268366,0.174142866284464,2.76708243512974,5.5439571622039,7.05566984408631,-0.0246168070626132,0.697099730477464,4.3376485663778,3.45920401938407,3.6,0.241215594534777,0.294995939562984
source/12kHz_DE_data/OR/Opposite/0007/OR007@12_0.mat,source,test,OR,1,2,1.386,2.054,20.0066,1797,0.24074011026538,0.165258891670659,2.61455584830339,5.72531143982562,7.45541779608824,-0.023805355493273,0.708110986881675,5.05289723822839,3.65600396155234,3.6,0.325901192606356,0.230579279079339
source/12kHz_DE_data/OR/Opposite/0007/OR007@12_0.mat,source,test,OR,1,3,2.054,2.722,20.0066,1797,0.229559178181974,0.158733169455856,2.77146818363273,6.3269301146349,7.72664828548357,-0.0137871533096566,0.725815264776191,4.85152767477379,3.50593619952264,3.6,0.295392250853737,0.230501711834251
source/12kHz_DE_data/OR/Opposite/0007/OR007@12_0.mat,source,test,OR,1,4,2.722,3.39,20.0066,1797,0.224302873000931,0.155977409072634,3.22709872255489,7.72066274902842,8.15759322393341,-0.0654680519138228,0.700047132546142,4.22828308019636,3.30574450143843,3.6,0.242802431811132,0.290764103974365
source/12kHz_DE_data/OR/Opposite/0007/OR007@12_0.mat,source,test,OR,1,5,3.39,4.058,20.0066,1797,0.231784038885496,0.161138859554234,3.22449976047904,7.01360179193531,7.98397680903525,-0.0193813408356194,0.675750375808071,4.13573406045505,3.32232509443947,3.6,0.275493107225897,0.308122499605502
source/12kHz_DE_data/OR/Opposite/0007/OR007@12_0.mat,source,test,OR,1,6,4.058,4.726,20.0066,1797,0.241527797567877,0.164604924710408,3.23180934131737,7.3361419743141,8.31056343418164,-0.0576035737454409,0.671758452744761,4.16492258735715,3.3246060063931,3.6,0.279865275746477,0.310405678465374
source/12kHz_DE_data/OR/Opposite/0007/OR007@12_0.mat,source,test,OR,1,7,4.726,5.394,20.0066,1797,0.254908285009174,0.172118967764508,3.4051276247505,6.76038005249486,7.87093105798229,-0.0137009169247338,0.699413891595853,4.37409532241005,3.47032818335551,3.6,0.272691856706963,0.314181568044366
source/12kHz_DE_data/OR/Opposite/0007/OR007@12_0.mat,source,test,OR,1,8,5.394,6.062,20.0066,1797,0.249990160007721,0.167349571648693,3.04988199600798,6.45605621010493,8.54026349527425,-0.0436564240145269,0.696621576269612,5.13021502657984,3.57509612730356,3.6,0.346984348128275,0.195246750767725
source/12kHz_DE_data/OR/Opposite/0007/OR007@12_0.mat,source,test,OR,1,9,6.062,6.73,20.0066,1797,0.234506782511097,0.158025860109654,3.13369852295409,7.26620527642914,9.26921397825589,-0.0821046816656288,0.6850822003073,4.61211783306852,3.46424738035774,3.6,0.315486862526422,0.216981321501922
source/12kHz_DE_data/OR/Opposite/0007/OR007@12_0.mat,source,test,OR,1,10,6.73,7.398,20.0066,1797,0.220070956727721,0.153504188729008,3.00245093812375,7.00679788845245,8.39504001957734,-0.00782778516000686,0.680628935947011,4.34016862467424,3.35362263156344,3.6,0.250354561241229,0.286642452077002
source/12kHz_DE_data/OR/Opposite/0007/OR007@12_1.mat,source,test,OR,1,0,0.05,0.727,20.00535,1773,0.252523239098419,0.17277154061721,2.92838051896208,5.84231205985311,7.03729471934043,-0.0244120906648518,0.716446829318592,4.53743573984028,3.7646313606998,7.3,0.103548354992165,0.356834899522612
source/12kHz_DE_data/OR/Opposite/0007/OR007@12_1.mat,source,test,OR,1,1,0.727,1.404,20.00535,1773,0.240252327223346,0.166673340121298,2.59717528942116,5.52577863043932,6.89318729740187,-0.0377267806026086,0.749215514373644,5.06561817073812,4.05026515108449,7.3,0.125891171909648,0.296900989353719
source/12kHz_DE_data/OR/Opposite/0007/OR007@12_1.mat,source,test,OR,1,2,1.404,2.081,20.00535,1773,0.234745329252656,0.164297606475506,2.60919548902196,5.59336564074781,7.07580666992579,-0.0774357658127094,0.764119380434604,5.18036663387444,3.93354469613646,7.3,0.110865175829426,0.256328455240217
source/12kHz_DE_data/OR/Opposite/0007/OR007@12_1.mat,source,test,OR,1,3,2.081,2.758,20.00535,1773,0.224391373739613,0.155750996176114,3.2868748502994,7.33090291520329,7.98938322198755,-0.0511315566465068,0.741387533775326,4.62229958796163,3.74832795147784,7.3,0.101813498145838,0.334187392047893
source/12kHz_DE_data/OR/Opposite/0007/OR007@12_1.mat,source,test,OR,1,4,2.758,3.435,20.00535,1773,0.226500090807678,0.156917306088199,3.48520814371257,8.10867508275965,8.82995581226279,-0.0297557734380952,0.698365777738379,4.0579344327419,3.4376391136118,1,0.2609626838372,0.370081887554517
source/12kHz_DE_data/OR/Opposite/0007/OR007@12_1.mat,source,test,OR,1,5,3.435,4.112,20.00535,1773,0.23634072740058,0.161483993934878,3.83216958083832,8.64743876150354,8.79970681682454,-0.0598843403371258,0.699493445256405,3.81221528910044,3.30286423717784,1,0.225706836562494,0.397889382288462
source/12kHz_DE_data/OR/Opposite/0007/OR007@12_1.mat,source,test,OR,1,6,4.112,4.789,20.00535,1773,0.245554697020494,0.166267212691934,3.08058223552894,6.5285115103339,7.85198031186455,-0.0156142337592279,0.729425312911913,4.42740814860623,3.63579898136216,7.3,0.0932274674664925,0.364336768308029
source/12kHz_DE_data/OR/Opposite/0007/OR007@12_1.mat,source,test,OR,1,7,4.789,5.466,20.00535,1773,0.236356616484965,0.159117627775314,2.97288774451098,6.58034910305075,8.51777511835868,-0.0622551672182888,0.763399599453731,5.03715391871498,3.8252320030213,7.3,0.112675519576551,0.266993963259829
source/12kHz_DE_data/OR/Opposite/0007/OR007@12_1.mat,source,test,OR,1,8,5.466,6.143,20.00535,1773,0.223569521246455,0.154599440553716,2.80070650698603,6.37262276824141,7.81539131886466,-0.0542512799603618,0.758215586008293,4.86723881003855,3.65517930448864,7.3,0.11296128261221,0.260608761617622
source/12kHz_DE_data/OR/Opposite/0007/OR007@12_1.mat,source,test,OR,1,9,6.143,6.82,20.00535,1773,0.223084424991439,0.154296189137717,3.2191394011976,7.86511242380994,8.8279204148193,-0.0827652481488639,0.743919162681254,4.58025367069137,3.76068212591309,7.3,0.0926169510411837,0.325336293430855
source/12kHz_DE_data/OR/Opposite/0007/OR007@12_1.mat,source,test,OR,1,10,6.82,7.497,20.00535,1773,0.225592885128363,0.158262905440301,2.97727349301397,6.79828591579975,7.89695730419128,-0.0569564594644916,0.728541413297567,4.11422356252763,3.48018545855806,1,0.256907222137436,0.362706211018145
source/12kHz_DE_data/OR/Opposite/0007/OR007@12_2.mat,source,test,OR,1,0,0.05,0.7355,19.99375,1750,0.277275264818552,0.182032044783451,3.692150499002,6.88465029231424,8.77178610433001,-0.0220929689313337,0.634241883202954,4.15501442696408,3.38905732715163,3.6,0.266906425740316,0.34226174282554
source/12kHz_DE_data/OR/Opposite/0007/OR007@12_2.mat,source,test,OR,1,1,0.7355,1.421,19.99375,1750,0.276423700859925,0.183980389824875,3.63399872255489,6.79951533851898,8.29776027311767,-0.0105197378535885,0.63098878986199,4.14630584569224,3.33574803987393,3.6,0.282419207817865,0.327157563276698
source/12kHz_DE_data/OR/Opposite/0007/OR007@12_2.mat,source,test,OR,1,2,1.421,2.1065,19.99375,1750,0.257181012514269,0.174126994567921,3.35688439121756,6.69663308937086,7.67965563902692,-0.00262236018382931,0.63632661528526,4.29758886568921,3.48499924510632,3.6,0.261169198593114,0.330696325308805
source/12kHz_DE_data/OR/Opposite/0007/OR007@12_2.mat,source,test,OR,1,3,2.1065,2.792,19.99375,1750,0.260784278263707,0.173449472543092,3.69052614770459,7.13917923550654,8.75593558235165,-0.00583761326297571,0.663923774390472,4.14711509352353,3.39352077232684,3.6,0.273136123535955,0.328979552197373
source/12kHz_DE_data/OR/Opposite/0007/OR007@12_2.mat,source,test,OR,1,4,2.792,3.4775,19.99375,1750,0.270125189126573,0.179006326135039,3.57584694610778,6.94250239479285,8.31931693422607,-0.0114654212413653,0.651871263985677,3.99972572383777,3.27273918857345,3.6,0.256875206617109,0.347963790742504
source/12kHz_DE_data/OR/Opposite/0007/OR007@12_2.mat,source,test,OR,1,5,3.4775,4.163,19.99375,1750,0.271908976165467,0.177508695950723,4.56637636726547,8.49170488635831,9.48529501718164,0.0028909386687654,0.659485887114944,3.82920226909852,3.23686408686223,3.6,0.230068763000008,0.37585549321079
source/12kHz_DE_data/OR/Opposite/0007/OR007@12_2.mat,source,test,OR,1,6,4.163,4.8485,19.99375,1750,0.273763295832628,0.179624379858358,3.32358518962076,6.37403207129335,8.47316933336641,-0.035751937006802,0.631623665717342,3.8679561482565,3.2203630073695,3.6,0.236908335529909,0.368731285959632
source/12kHz_DE_data/OR/Opposite/0007/OR007@12_2.mat,source,test,OR,1,7,4.8485,5.534,19.99375,1750,0.27874126913615,0.181224548457643,3.5045379241517,6.60857532968378,8.78672323640175,-0.0236978688209413,0.648258919633293,3.91485162390371,3.30157158037146,3.6,0.238014353372031,0.374830786304802
source/12kHz_DE_data/OR/Opposite/0007/OR007@12_2.mat,source,test,OR,1,8,5.534,6.2195,19.99375,1750,0.267745143465348,0.175559921194964,3.24431684630739,6.131018046677,8.56883957323352,-0.0500507492910579,0.643945951295516,3.99064443595478,3.25388574040431,3.6,0.258353601201328,0.327015042304043
source/12kHz_DE_data/OR/Opposite/0007/OR007@12_2.mat,source,test,OR,1,9,6.2195,6.905,19.99375,1750,0.273577625962416,0.181404851412382,3.04923225548902,5.95469541149215,7.85685514457019,-0.0209772390695498,0.643872317551648,3.99525352033232,3.34451550384552,3.6,0.263505915841521,0.357220392194633
source/12kHz_DE_data/OR/Opposite/0007/OR007@12_2.mat,source,test,OR,1,10,6.905,7.5905,19.99375,1750,0.273497808950927,0.180737823054346,3.54027365269461,6.72832233812863,8.39212105687859,-0.0130041635863387,0.668620245296546,4.13090491440722,3.44587671046453,3.6,0.253724573273589,0.336302297318443
source/12kHz_DE_data/OR/Opposite/0007/OR007@12_3.mat,source,train,OR,1,0,0.05,0.746,19.9984,1724,0.266648937589887,0.180783657943169,3.52143117764471,7.16667147470339,7.88351189364711,-0.0398283103976834,0.665358679681613,4.38840786433921,3.35301710114867,3.6,0.262778510754207,0.29673666405721
source/12kHz_DE_data/OR/Opposite/0007/OR007@12_3.mat,source,train,OR,1,1,0.746,1.442,19.9984,1724,0.252093187158249,0.169498384076669,3.15335317365269,6.62079814143779,8.1042021240505,-0.0266561178804376,0.648965283347948,4.27229715150145,3.27373116886788,3.6,0.273643215899985,0.302170267268722
source/12kHz_DE_data/OR/Opposite/0007/OR007@12_3.mat,source,train,OR,1,2,1.442,2.138,19.9984,1724,0.258756308907517,0.172839144590977,3.10153636726547,6.05650915445069,8.14765124204052,-0.0258116540871051,0.62117595587089,4.25399004956764,3.2057188181501,3.6,0.296348780440002,0.309325721799479
source/12kHz_DE_data/OR/Opposite/0007/OR007@12_3.mat,source,train,OR,1,3,2.138,2.834,19.9984,1724,0.258130192168657,0.172639490281467,3.10413532934132,6.03784396170089,8.12488879135018,-0.0355665386374219,0.652591164386961,4.33392731751332,3.37093766131164,3.6,0.253728301706014,0.333251529664001
source/12kHz_DE_data/OR/Opposite/0007/OR007@12_3.mat,source,train,OR,1,4,2.834,3.53,19.9984,1724,0.257235819346978,0.171581110783767,3.34518906187625,6.78321786140281,8.51348238868942,-0.0142636141291855,0.634575227345386,4.30647759318592,3.3607782439194,3.6,0.294552531875631,0.310264863296388
source/12kHz_DE_data/OR/Opposite/0007/OR007@12_3.mat,source,train,OR,1,5,3.53,4.226,19.9984,1724,0.255998823061344,0.17264248775351,3.0479327744511,6.22010628472981,8.12266371634721,-0.0604446560305481,0.646815783146748,4.2083154116507,3.31699084800017,3.6,0.26565617837715,0.347277663716297
source/12kHz_DE_data/OR/Opposite/0007/OR007@12_3.mat,source,train,OR,1,6,4.226,4.922,19.9984,1724,0.254397732660691,0.17250385524321,3.2363575249501,6.67699837224357,8.08533738830238,-0.0101796620800235,0.656487924451397,4.11798898399721,3.32593484027724,3.6,0.240614458773736,0.355509843650884
source/12kHz_DE_data/OR/Opposite/0007/OR007@12_3.mat,source,train,OR,1,7,4.922,5.618,19.9984,1724,0.252947021746541,0.169285991320174,3.20484510978044,6.52230959525419,8.0207240742056,-0.0429822487372853,0.666464099217686,4.16034183812029,3.41994129072284,3.6,0.259272951553167,0.347137145369034
source/12kHz_DE_data/OR/Opposite/0007/OR007@12_3.mat,source,train,OR,1,8,5.618,6.314,19.9984,1724,0.254592051822332,0.170498277383666,2.9785729740519,5.94971281732193,8.21619522387214,-0.0538656552770123,0.643430068195451,4.02622520085044,3.3537579619803,3.6,0.263343427201975,0.349521232226533
source/12kHz_DE_data/OR/Opposite/0007/OR007@12_3.mat,source,train,OR,1,9,6.314,7.01,19.9984,1724,0.250649298911213,0.168610534459702,3.12232806387226,6.36352122159167,8.28584845631531,-0.0405273495521085,0.668263219114878,4.33124382347473,3.38591694579673,3.6,0.273998577610296,0.302193199791343
source/12kHz_DE_data/OR/Opposite/0007/OR007@12_3.mat,source,train,OR,1,10,7.01,7.706,19.9984,1724,0.255412285113663,0.169845042311046,3.12184075848303,6.35915933160894,8.67929068053188,-0.0450320213527082,0.649530847582296,3.97496741092929,3.19478389310444,3.6,0.255757309122031,0.344621551281304
source/12kHz_DE_data/OR/Opposite/0021/OR021@12_0.mat,source,validation,OR,1,0,0.05,0.718,19.9954666666667,1796,0.376244459661819,0.166685940954072,7.64703982035928,10.5948422290961,31.4404003688098,-0.343613971949551,0.559577856837996,2.71631890483073,2.41089888108479,1,0.3467324285941,0.561199537161494
source/12kHz_DE_data/OR/Opposite/0021/OR021@12_0.mat,source,validation,OR,1,1,0.718,1.386,19.9954666666667,1796,0.388630562861734,0.168668146873191,8.78124311377245,11.5342576378769,35.62103152211,-0.3045004622002,0.582196042880309,2.69739999563183,2.40201333360997,1,0.319978955347912,0.559347918358407
source/12kHz_DE_data/OR/Opposite/0021/OR021@12_0.mat,source,validation,OR,1,2,1.386,2.054,19.9954666666667,1796,0.392591295174719,0.168337091615411,8.47302245508982,10.973260095932,36.6497505646613,-0.380020098399084,0.549374181581672,2.71725095718419,2.42527915778968,1,0.355845266796201,0.565567465160517
source/12kHz_DE_data/OR/Opposite/0021/OR021@12_0.mat,source,validation,OR,1,3,2.054,2.722,19.9954666666667,1796,0.392477281943883,0.17044471341948,7.964600499002,10.35558864138,31.416371007515,-0.298766845175621,0.583184029971649,2.7264165445701,2.44051624189893,1,0.330961093115066,0.561575752670717
source/12kHz_DE_data/OR/Opposite/0021/OR021@12_0.mat,source,validation,OR,1,4,2.722,3.39,19.9954666666667,1796,0.375820254873704,0.165308974370475,7.77252095808383,10.5019380147612,32.1053685353147,-0.298585783899633,0.552611495173888,2.80974684725207,2.52704951123615,1,0.35736287882067,0.557203879153568
source/12kHz_DE_data/OR/Opposite/0021/OR021@12_0.mat,source,validation,OR,1,5,3.39,4.058,19.9954666666667,1796,0.3594075921334,0.160144123776391,7.15770399201597,10.3602967685895,30.1413941534482,-0.250885450113913,0.572615067410354,2.75802080452855,2.48659902851954,1,0.330392889198688,0.567585614767275
source/12kHz_DE_data/OR/Opposite/0021/OR021@12_0.mat,source,validation,OR,1,6,4.058,4.726,19.9954666666667,1796,0.360327690991839,0.157058178859649,7.45252375249501,10.4834678274895,32.897729486258,-0.425255034483305,0.55716013300141,2.74174393457211,2.48241298933091,1,0.335261129208948,0.563662075654169
source/12kHz_DE_data/OR/Opposite/0021/OR021@12_0.mat,source,validation,OR,1,7,4.726,5.394,19.9954666666667,1796,0.379427475323965,0.161657757884064,8.36540918163672,11.212895322038,33.832691435106,-0.360630792652199,0.574802756463028,2.73123327626449,2.44534370885924,2,0.15437252590494,0.562045199472797
source/12kHz_DE_data/OR/Opposite/0021/OR021@12_0.mat,source,validation,OR,1,8,5.394,6.062,19.9954666666667,1796,0.382147467116487,0.162581490651551,8.43525628742515,11.1302225741233,37.368397985105,-0.359539005137066,0.544127923123789,2.71148577482564,2.38722035582585,1,0.345189847101712,0.563309925703562
source/12kHz_DE_data/OR/Opposite/0021/OR021@12_0.mat,source,validation,OR,1,9,6.062,6.73,19.9954666666667,1796,0.398577159760731,0.171100224857228,8.54449391217565,11.3816735622114,35.0974163268766,-0.289997220578306,0.569509038630611,2.64328125365048,2.32250573891495,1,0.342637896015324,0.56943812834312
source/12kHz_DE_data/OR/Opposite/0021/OR021@12_0.mat,source,validation,OR,1,10,6.73,7.398,19.9954666666667,1796,0.396821957297763,0.172347885657519,8.24601936127745,10.6836641229137,34.1202415964437,-0.339816537556306,0.560776201145361,2.68813975441335,2.3424456118895,1,0.332250293717249,0.559416908799895
source/12kHz_DE_data/OR/Opposite/0021/OR021@12_1.mat,source,train,OR,1,0,0.05,0.7275,19.9975416666667,1771,0.360939965662467,0.161575542558518,7.66896856287425,10.7417189277934,32.8961326311267,-0.391036124799427,0.570739041458007,2.70285489245783,2.4414528557186,2,0.157277889076036,0.564861636947636
source/12kHz_DE_data/OR/Opposite/0021/OR021@12_1.mat,source,train,OR,1,1,0.7275,1.405,19.9975416666667,1771,0.358936303899642,0.15619719531085,7.98368662674651,11.1289707406655,38.7693819914898,-0.435447721361406,0.558195641869329,2.7147891721608,2.48299478975787,2,0.163567970034303,0.564540083783975
source/12kHz_DE_data/OR/Opposite/0021/OR021@12_1.mat,source,train,OR,1,2,1.405,2.0825,19.9975416666667,1771,0.342695133143634,0.155898748981614,7.47282814371257,11.0675072191978,33.9858482208382,-0.407359774176932,0.576578942563901,2.68651462188022,2.49384490336218,2,0.162715749080942,0.571626009175098
source/12kHz_DE_data/OR/Opposite/0021/OR021@12_1.mat,source,train,OR,1,3,2.0825,2.76,19.9975416666667,1771,0.33293506738294,0.156214737345934,6.29476736526946,9.64637582887218,28.5015061524844,-0.317108055079435,0.558804588789388,2.8666169155341,2.6475026126943,2,0.159720384804523,0.549389539135176
source/12kHz_DE_data/OR/Opposite/0021/OR021@12_1.mat,source,train,OR,1,4,2.76,3.4375,19.9975416666667,1771,0.350728035100341,0.160274648317836,7.43831067864271,10.8555276560853,33.7503022959259,-0.442595247696183,0.559516071578638,2.7779301822134,2.55257499318785,2,0.164890252217325,0.555737006383031
source/12kHz_DE_data/OR/Opposite/0021/OR021@12_1.mat,source,train,OR,1,5,3.4375,4.115,19.9975416666667,1771,0.363360687464162,0.161456526040687,8.15546177644711,11.7725051273665,32.777136561624,-0.410416796654058,0.572777086446723,2.70955287530262,2.50616609173684,2,0.155491431127074,0.566410168281668
source/12kHz_DE_data/OR/Opposite/0021/OR021@12_1.mat,source,train,OR,1,6,4.115,4.7925,19.9975416666667,1771,0.357128910836857,0.160030557150682,7.54876656686627,11.001225400957,32.8687845720037,-0.395860329354996,0.565567799764717,2.68058786916823,2.41605816218584,2,0.1639379366204,0.571767037987615
source/12kHz_DE_data/OR/Opposite/0021/OR021@12_1.mat,source,train,OR,1,7,4.7925,5.47,19.9975416666667,1771,0.355295322206147,0.162934311967841,7.62389281437126,11.0536393877406,32.21830141473,-0.445905495417011,0.574075940387551,2.72896497312809,2.54564898153397,2,0.15567585804151,0.560831551293147
source/12kHz_DE_data/OR/Opposite/0021/OR021@12_1.mat,source,train,OR,1,8,5.47,6.1475,19.9975416666667,1771,0.351093095986784,0.159608128642612,8.14246696606786,11.8521695534099,33.4640050680517,-0.383157182825532,0.582411624143666,2.77003746395771,2.53180195140653,2,0.155960122921524,0.555783029763699
source/12kHz_DE_data/OR/Opposite/0021/OR021@12_1.mat,source,train,OR,1,9,6.1475,6.825,19.9975416666667,1771,0.349489380897007,0.157499036106162,7.93779870259481,11.8495562340392,36.13718371779,-0.408445683632671,0.557852739561543,2.8165187547656,2.60045197169521,2,0.161256041776942,0.553618211981623
source/12kHz_DE_data/OR/Opposite/0021/OR021@12_1.mat,source,train,OR,1,10,6.825,7.5025,19.9975416666667,1771,0.32945471019244,0.155194948572828,6.68542385229541,10.7221704971352,30.0302709590006,-0.314918919293016,0.567826662295163,2.76512348186759,2.53491686467317,2,0.164102455650937,0.554081457742855
source/12kHz_DE_data/OR/Opposite/0021/OR021@12_2.mat,source,train,OR,1,0,0.05,0.7375,20.00625,1746,0.349383720117605,0.160531096246556,7.26612944111776,10.4801366121841,30.6417975698616,-0.395722680543686,0.588279422688809,2.76476955093497,2.56563790925944,1.6,0.156298790682216,0.549004127785053
source/12kHz_DE_data/OR/Opposite/0021/OR021@12_2.mat,source,train,OR,1,1,0.7375,1.425,20.00625,1746,0.352465664315309,0.161483013539684,7.10085169660679,10.2244303500882,31.6122502676779,-0.451478409210991,0.556984427287384,2.83067638947719,2.63162420272847,1,0.338363618371201,0.545452919247316
source/12kHz_DE_data/OR/Opposite/0021/OR021@12_2.mat,source,train,OR,1,2,1.425,2.1125,20.00625,1746,0.342673391224102,0.159245752810559,7.23120588822355,10.9661174015571,29.7443192509409,-0.395289696966417,0.5772185230789,2.83121200037652,2.61656255163801,1,0.342538185891999,0.554563248817049
source/12kHz_DE_data/OR/Opposite/0021/OR021@12_2.mat,source,train,OR,1,3,2.1125,2.8,20.00625,1746,0.34009014795465,0.155993111797782,7.17475968063872,10.7042066433469,33.376258573941,-0.422240091795294,0.570352922152286,2.82512497307243,2.67682263252319,2,0.163470980301957,0.55680316866017
source/12kHz_DE_data/OR/Opposite/0021/OR021@12_2.mat,source,train,OR,1,4,2.8,3.4875,20.00625,1746,0.351815139581026,0.154966052986159,7.19668842315369,10.2520149524108,33.0855300800207,-0.459196974608354,0.58019443462945,2.67795116176205,2.41715414511823,1,0.318022582797978,0.565364628095758
source/12kHz_DE_data/OR/Opposite/0021/OR021@12_2.mat,source,train,OR,1,5,3.4875,4.175,20.00625,1746,0.358952815350076,0.158282620089182,8.06368592814371,11.4342457269876,39.4028178621731,-0.520956872259437,0.567273933247237,2.76049405089592,2.66847104703003,1.6,0.167200501560228,0.56905026095673
source/12kHz_DE_data/OR/Opposite/0021/OR021@12_2.mat,source,train,OR,1,6,4.175,4.8625,20.00625,1746,0.351965885930773,0.157626363430547,7.75708962075848,11.5727693457458,35.1110385124083,-0.428890797345382,0.593499351774238,2.68258800623094,2.47017544658993,1,0.302543052839487,0.5608339909565
source/12kHz_DE_data/OR/Opposite/0021/OR021@12_2.mat,source,train,OR,1,7,4.8625,5.55,20.00625,1746,0.333634356377175,0.15670636288331,6.94410179640719,10.6903754952899,31.7883494566962,-0.396272077746607,0.561170891231847,2.87110292373004,2.80219681141854,1,0.334687480114322,0.554475446666552
source/12kHz_DE_data/OR/Opposite/0021/OR021@12_2.mat,source,train,OR,1,8,5.55,6.2375,20.00625,1746,0.321329084712168,0.152493485929853,7.08135948103792,11.1073724919641,30.4951137413714,-0.370680267470144,0.591656303339015,2.81297501422518,2.71553499740248,2,0.158186004966691,0.559722948320446
source/12kHz_DE_data/OR/Opposite/0021/OR021@12_2.mat,source,train,OR,1,9,6.2375,6.925,20.00625,1746,0.341938729875202,0.155638783770904,7.2141501996008,10.9667756763922,34.5407699713327,-0.40766701955371,0.55451772027477,2.768598629505,2.60801886399506,2,0.166398817745807,0.572264632018357
source/12kHz_DE_data/OR/Opposite/0021/OR021@12_2.mat,source,train,OR,1,10,6.925,7.6125,20.00625,1746,0.3406816890203,0.154164374232642,7.39201666666667,10.9802785311809,31.1978611466362,-0.427688537534929,0.578225239353028,2.78229436490776,2.63075893034787,2,0.157887358976349,0.568275002765579
source/12kHz_DE_data/OR/Opposite/0021/OR021@12_3.mat,source,test,OR,1,0,0.05,0.7485,20.0003833333333,1718,0.296810985066586,0.141030666074354,7.00501497005988,11.9252184797857,32.864151987329,-0.423706368590737,0.565901567075627,2.9465454667154,2.9928170129685,1,0.332435977398079,0.549420592336062
source/12kHz_DE_data/OR/Opposite/0021/OR021@12_3.mat,source,test,OR,1,1,0.7485,1.447,20.0003833333333,1718,0.305960508303638,0.145985060686153,7.18206926147705,12.0239409946324,34.0988488337876,-0.451425131579927,0.589659797599563,2.77331512121736,2.81473311420245,1.6,0.163262015104465,0.581832612604247
source/12kHz_DE_data/OR/Opposite/0021/OR021@12_3.mat,source,test,OR,1,2,1.447,2.1455,20.0003833333333,1718,0.317855470895945,0.14715689003722,6.90592954091816,11.1166617746394,35.3305662730861,-0.457815460834494,0.57996344902587,2.90345130676441,3.00575051022115,1.6,0.170054399931185,0.569255795090709
source/12kHz_DE_data/OR/Opposite/0021/OR021@12_3.mat,source,test,OR,1,3,2.1455,2.844,20.0003833333333,1718,0.308524542353006,0.148466472263205,6.6829873253493,10.8629098993356,32.6116274120527,-0.44989802612453,0.576075575361018,2.87905867324353,2.98382881870172,2,0.15623356954025,0.571770549139263
source/12kHz_DE_data/OR/Opposite/0021/OR021@12_3.mat,source,test,OR,1,4,2.844,3.5425,20.0003833333333,1718,0.319952949009533,0.150200629924199,5.92807005988024,9.53650945596515,30.0280897391451,-0.516067798450662,0.574063916055566,2.78263964926092,2.76800478580189,1,0.333846504151562,0.573424040142033
source/12kHz_DE_data/OR/Opposite/0021/OR021@12_3.mat,source,test,OR,1,5,3.5425,4.241,20.0003833333333,1718,0.302962755413276,0.144561120114063,6.93273133732535,12.0534416299481,33.0654568789598,-0.472203179235928,0.579506770209101,2.98248787748153,3.21056299601908,1,0.357457609205198,0.572131514783075
source/12kHz_DE_data/OR/Opposite/0021/OR021@12_3.mat,source,test,OR,1,6,4.241,4.9395,20.0003833333333,1718,0.313812567595809,0.148377588710466,6.31019870259481,10.1783422898356,29.8744977513582,-0.459319568728682,0.571423330888636,2.97341014946642,2.96763963200367,1,0.350272194641503,0.552108601892614
source/12kHz_DE_data/OR/Opposite/0021/OR021@12_3.mat,source,test,OR,1,7,4.9395,5.638,20.0003833333333,1718,0.314643935624993,0.147934193317235,7.02897415169661,11.2570582264337,34.6812949083773,-0.438353401857635,0.569412218043931,2.8003181289699,2.8137144211012,1,0.339250342154171,0.569619590353873
source/12kHz_DE_data/OR/Opposite/0021/OR021@12_3.mat,source,test,OR,1,8,5.638,6.3365,20.0003833333333,1718,0.329491084832491,0.152792594542886,6.91892435129741,10.9568816913705,33.9790726688513,-0.374091564015137,0.5753719749728,2.87589150306937,2.84104960029887,1,0.340768455899404,0.557789493785155
source/12kHz_DE_data/OR/Opposite/0021/OR021@12_3.mat,source,test,OR,1,9,6.3365,7.035,20.0003833333333,1718,0.315123743201981,0.149955654742913,6.81455978043912,11.3573450781685,34.0223471909169,-0.441683866568728,0.596291297804804,2.73200341593867,2.80689775130437,1,0.303881015897402,0.574001518486864
source/12kHz_DE_data/OR/Opposite/0021/OR021@12_3.mat,source,test,OR,1,10,7.035,7.7335,20.0003833333333,1718,0.306287435090268,0.145016110784348,6.3853249500998,10.7822655501082,32.3204294606811,-0.382110505100762,0.584763722589526,2.90848276072672,2.90407013964958,2,0.150721081644827,0.557656371011478
source/12kHz_DE_data/OR/Orthogonal/0007/OR007@3_0.mat,source,train,OR,1,0,0.05,0.718,20.0066,1797,0.744358929537045,0.556477649050574,5.84604031936128,4.01420673110574,4.22314316378632,0.0639352567430446,0.514020285506379,4.88668421452731,2.89297808114563,3.6,0.431721553992578,0.125056458552541
source/12kHz_DE_data/OR/Orthogonal/0007/OR007@3_0.mat,source,train,OR,1,1,0.718,1.386,20.0066,1797,0.742844589690701,0.556481751724553,5.87284211576846,3.99081169078175,4.17932960010174,0.0619888419614729,0.518263251091535,5.06896783057369,2.93416732349314,3.6,0.421241752030551,0.117262194237649
source/12kHz_DE_data/OR/Orthogonal/0007/OR007@3_0.mat,source,train,OR,1,2,1.386,2.054,20.0066,1797,0.773995394198412,0.577016706993437,6.1977123752495,4.15701711615516,4.24833836965075,0.0671043668332439,0.528261859759006,4.97046863432099,2.86899012812616,3.6,0.393567697301934,0.135784903135733
source/12kHz_DE_data/OR/Orthogonal/0007/OR007@3_0.mat,source,train,OR,1,3,2.054,2.722,20.0066,1797,0.77844399991881,0.577584276663699,6.0100998003992,3.88664645863348,4.33276200985439,0.0654458431379162,0.532064856755898,5.00219158276639,2.93280383801054,3.6,0.394845625468888,0.129408611688581
source/12kHz_DE_data/OR/Orthogonal/0007/OR007@3_0.mat,source,train,OR,1,4,2.722,3.39,20.0066,1797,0.783145034118846,0.581922282515889,6.23141766467066,4.17646004477928,4.31874772339123,0.0663568175840567,0.523476523646333,4.94628203399309,2.90911428822388,3.6,0.403995528689065,0.131881103032744
source/12kHz_DE_data/OR/Orthogonal/0007/OR007@3_0.mat,source,train,OR,1,5,3.39,4.058,20.0066,1797,0.760780616086544,0.570188851314673,5.84522814371257,3.89153022358105,4.16745117457241,0.0628884586820481,0.514064445876695,5.01870110992533,2.9376344097583,3.6,0.429695260596951,0.117729236297606
source/12kHz_DE_data/OR/Orthogonal/0007/OR007@3_0.mat,source,train,OR,1,6,4.058,4.726,20.0066,1797,0.747887361986576,0.559820839416853,5.64502684630738,3.90144258342518,4.11223306336928,0.0616706809159397,0.507286697238135,5.00626641187036,2.8815786937441,3.6,0.435906682895521,0.114522562962263
source/12kHz_DE_data/OR/Orthogonal/0007/OR007@3_0.mat,source,train,OR,1,7,4.726,5.394,20.0066,1797,0.768554723986001,0.572952437877014,5.97192754491018,3.92092841503311,4.12394557839202,0.064606525967449,0.516790446043117,4.94508835352406,2.88905422992662,3.6,0.419924737584776,0.129508793837154
source/12kHz_DE_data/OR/Orthogonal/0007/OR007@3_0.mat,source,train,OR,1,8,5.394,6.062,20.0066,1797,0.779799817788975,0.581844357368754,6.17375319361278,4.07745545497617,4.14151809212464,0.0641582448734025,0.515056734912397,4.97971169458775,2.87064385144431,3.6,0.424924735029784,0.126170780558098
source/12kHz_DE_data/OR/Orthogonal/0007/OR007@3_0.mat,source,train,OR,1,9,6.062,6.73,20.0066,1797,0.794938255678764,0.589042101941944,6.29882824351297,4.20403255580124,4.31448447663862,0.0685552127959796,0.514871448414961,4.93622385706336,2.93013255358316,3.6,0.4067597583754,0.13911889980593
source/12kHz_DE_data/OR/Orthogonal/0007/OR007@3_0.mat,source,train,OR,1,10,6.73,7.398,20.0066,1797,0.791475877402532,0.589609049906459,6.07547994011976,3.96958673490349,4.25376238904078,0.0681310760170723,0.501952428773742,4.90439241008013,2.86144699051695,3.6,0.448592607580257,0.122644850303267
source/12kHz_DE_data/OR/Orthogonal/0007/OR007@3_1.mat,source,train,OR,1,0,0.05,0.7265,20.00185,1774,0.844013941599446,0.644154342182714,6.38694930139721,3.87419511241947,4.00365263208388,0.0708669629310387,0.495931298958849,4.79113912393335,2.78563662624609,3.6,0.403455800580542,0.122953334206155
source/12kHz_DE_data/OR/Orthogonal/0007/OR007@3_1.mat,source,train,OR,1,1,0.7265,1.403,20.00185,1774,0.840903556509632,0.642334569653751,6.44461377245509,3.94216331169008,4.07545583555997,0.0748240669918192,0.492805732892791,4.75419556199863,2.77021065076225,3.6,0.421202498971154,0.118127098849841
source/12kHz_DE_data/OR/Orthogonal/0007/OR007@3_1.mat,source,train,OR,1,2,1.403,2.0795,20.00185,1774,0.847159752581592,0.644792541872294,6.52095828343313,3.96060580353909,4.13520170636149,0.0783420519185731,0.49299842678072,4.72054085754927,2.75165454277867,3.6,0.431545173233535,0.118553966850665
source/12kHz_DE_data/OR/Orthogonal/0007/OR007@3_1.mat,source,train,OR,1,3,2.0795,2.756,20.00185,1774,0.849384683984658,0.646002013252208,6.42227894211577,3.97857753081909,4.04079036499757,0.0723302046214575,0.494593046241402,4.78186507549531,2.75527989604288,3.6,0.417877101730677,0.120852421206806
source/12kHz_DE_data/OR/Orthogonal/0007/OR007@3_1.mat,source,train,OR,1,4,2.756,3.4325,20.00185,1774,0.855094161546552,0.653910966188601,6.39913193612774,3.91163488164468,3.960784905572,0.0719111522559621,0.495956519982185,4.79616707914816,2.79378932276992,3.6,0.416846059485044,0.117747815499832
source/12kHz_DE_data/OR/Orthogonal/0007/OR007@3_1.mat,source,train,OR,1,5,3.4325,4.109,20.00185,1774,0.852895925103684,0.654447359120497,6.63222634730539,4.06548021813617,3.97272811532877,0.0726798289244471,0.486021329728583,4.73252282416419,2.73513871044202,3.6,0.434398346143051,0.114880634285424
source/12kHz_DE_data/OR/Orthogonal/0007/OR007@3_1.mat,source,train,OR,1,6,4.109,4.7855,20.00185,1774,0.849285548317133,0.648525653882729,6.52826786427146,4.07727355330763,4.06589921989801,0.0761120860096709,0.494201010608921,4.74715905759015,2.79937827676372,3.6,0.434536182622431,0.117797765590396
source/12kHz_DE_data/OR/Orthogonal/0007/OR007@3_1.mat,source,train,OR,1,7,4.7855,5.462,20.00185,1774,0.847950414328294,0.645062119772948,6.4161876247505,3.86737645440076,4.08391907256005,0.0713331334399392,0.491245391133155,4.734687667076,2.78492188449716,3.6,0.433494368524903,0.11966743192199
source/12kHz_DE_data/OR/Orthogonal/0007/OR007@3_1.mat,source,train,OR,1,8,5.462,6.1385,20.00185,1774,0.859499598364263,0.6568874679401,6.38085798403194,3.90521534176706,4.03063915957189,0.0723418005972994,0.487304280615296,4.7887003444281,2.74880628030927,3.6,0.43515959761573,0.110952124007465
source/12kHz_DE_data/OR/Orthogonal/0007/OR007@3_1.mat,source,train,OR,1,9,6.1385,6.815,20.00185,1774,0.848652360716537,0.647605598551692,6.73862135728543,4.03854872696805,4.10719547819331,0.075619604293308,0.502364084467989,4.79684494134384,2.80620374405292,3.6,0.422579987298353,0.1173723964
source/12kHz_DE_data/OR/Orthogonal/0007/OR007@3_1.mat,source,train,OR,1,10,6.815,7.4915,20.00185,1774,0.837597723806993,0.638524062558423,6.45435988023952,3.94281446796763,4.09646577677174,0.0703489973786333,0.49289924092936,4.7702241066536,2.82147789395287,3.6,0.437421427737434,0.114202830532802
source/12kHz_DE_data/OR/Orthogonal/0007/OR007@3_2.mat,source,test,OR,1,0,0.05,0.7355,20.005175,1751,0.851148054420736,0.655371650466429,6.49943562874252,3.93829959369583,3.98967673816546,0.073755604492228,0.51048065659795,5.03144144344038,2.9855518586354,3.6,0.451410767709341,0.137696017148719
source/12kHz_DE_data/OR/Orthogonal/0007/OR007@3_2.mat,source,test,OR,1,1,0.7355,1.421,20.005175,1751,0.854685764458233,0.654616885934772,6.49090778443114,3.98710359329272,4.00706238972476,0.0742334810460367,0.506036982424696,4.9339157786178,2.95027236423771,3.6,0.458157505914137,0.142798910794391
source/12kHz_DE_data/OR/Orthogonal/0007/OR007@3_2.mat,source,test,OR,1,2,1.421,2.1065,20.005175,1751,0.847974658827006,0.649345502565176,6.49009560878244,3.86014817796821,3.99871811844203,0.0723211265101871,0.501270639462181,4.93555789853135,2.95256673382516,3.6,0.468511249144191,0.138405525693132
source/12kHz_DE_data/OR/Orthogonal/0007/OR007@3_2.mat,source,test,OR,1,3,2.1065,2.792,20.005175,1751,0.853078770041587,0.655411003283233,6.68461167664671,4.1248207446267,3.99569429441305,0.0729287785549839,0.503000326174164,4.89737112380999,2.9443147688553,3.6,0.464743013306844,0.144400849617638
source/12kHz_DE_data/OR/Orthogonal/0007/OR007@3_2.mat,source,test,OR,1,4,2.792,3.4775,20.005175,1751,0.847355796461502,0.646575345214817,6.67608383233533,4.08149279246911,4.09366181778654,0.0768269504272773,0.499438009028405,4.94786588710477,2.97118078242826,3.6,0.479844177137678,0.139129897944987
source/12kHz_DE_data/OR/Orthogonal/0007/OR007@3_2.mat,source,test,OR,1,5,3.4775,4.163,20.005175,1751,0.851789505156598,0.655316288972258,6.67567774451098,4.0475535216933,3.942420636326,0.0727803007823486,0.499681801810295,4.97505116947645,2.98452296054053,3.6,0.479460151673406,0.135640317753153
source/12kHz_DE_data/OR/Orthogonal/0007/OR007@3_2.mat,source,test,OR,1,6,4.163,4.8485,20.005175,1751,0.855097264129734,0.655768905105856,6.83242764471058,4.08935109319919,4.00625103759302,0.0749614945272714,0.494872933250055,4.96534927574799,2.9685114471686,3.6,0.48100019439282,0.136823598870083
source/12kHz_DE_data/OR/Orthogonal/0007/OR007@3_2.mat,source,test,OR,1,7,4.8485,5.534,20.005175,1751,0.850535472325391,0.656373262154641,6.77395099800399,4.23587408959425,3.89512580649903,0.0740290277053308,0.496023649945555,4.92305908245965,2.97118216966223,3.6,0.472538159100728,0.138677127968738
source/12kHz_DE_data/OR/Orthogonal/0007/OR007@3_2.mat,source,test,OR,1,8,5.534,6.2195,20.005175,1751,0.854535657099557,0.659688812058186,6.98836536926148,4.24907038152894,3.91120394279548,0.0731996769755307,0.500423026835681,4.92821815982304,2.97705277711913,3.6,0.460645590242299,0.144767000735642
source/12kHz_DE_data/OR/Orthogonal/0007/OR007@3_2.mat,source,test,OR,1,9,6.2195,6.905,20.005175,1751,0.854496529722144,0.660647675919891,6.6813629740519,4.08241584839212,3.85123779210269,0.0692447166503277,0.499486643347337,4.92854562912539,2.96266972376704,3.6,0.461259651103072,0.145169849984594
source/12kHz_DE_data/OR/Orthogonal/0007/OR007@3_2.mat,source,test,OR,1,10,6.905,7.5905,20.005175,1751,0.85747074215957,0.662795411259822,6.84745289421158,4.14989014082324,3.84972089091173,0.0730591778950321,0.505713085356855,4.89535629888498,2.97852326610338,3.6,0.4439633956582,0.153708966728772
source/12kHz_DE_data/OR/Orthogonal/0007/OR007@3_3.mat,source,train,OR,1,0,0.05,0.7455,19.995625,1725,0.794370730089816,0.604063760313938,6.39669540918164,4.09785449553385,4.07014518166539,0.082350635648865,0.534203412723546,5.38818908506334,3.08137499647729,3.6,0.409997600072699,0.102676800976896
source/12kHz_DE_data/OR/Orthogonal/0007/OR007@3_3.mat,source,train,OR,1,1,0.7455,1.441,19.995625,1725,0.785319715073987,0.599140344097085,6.12055568862275,3.98159011787624,3.97454531044932,0.0798392155423301,0.525355467394989,5.38849921723262,3.1622142646144,3.6,0.420838834425382,0.117070257342342
source/12kHz_DE_data/OR/Orthogonal/0007/OR007@3_3.mat,source,train,OR,1,2,1.441,2.1365,19.995625,1725,0.788433506747386,0.60275241402654,6.20055499001996,3.99919578263754,4.02875835821392,0.0823132721343069,0.528588381234052,5.42443121555716,3.09299356555416,3.6,0.422337672516708,0.108214838996655
source/12kHz_DE_data/OR/Orthogonal/0007/OR007@3_3.mat,source,train,OR,1,3,2.1365,2.832,19.995625,1725,0.786658542813416,0.601754146008027,6.01822155688623,3.981452318415,4.06341796107916,0.0833369395596071,0.536346444952904,5.47321087691494,3.13615493164901,3.6,0.408287831870838,0.103162745971895
source/12kHz_DE_data/OR/Orthogonal/0007/OR007@3_3.mat,source,train,OR,1,4,2.832,3.5275,19.995625,1725,0.796474743445774,0.607422329585063,6.48278602794411,4.1525604065599,4.08587110811574,0.08642360842195,0.524612364891049,5.39621917471403,3.12982138869126,3.6,0.424537231847317,0.106010201967509
source/12kHz_DE_data/OR/Orthogonal/0007/OR007@3_3.mat,source,train,OR,1,5,3.5275,4.223,19.995625,1725,0.796465388909606,0.60729737153324,6.66105858283433,4.35454930097335,4.14559718585357,0.0837999074392993,0.524610118885905,5.41483486946208,3.10196609143355,3.6,0.431313080243692,0.107932935841621
source/12kHz_DE_data/OR/Orthogonal/0007/OR007@3_3.mat,source,train,OR,1,6,4.223,4.9185,19.995625,1725,0.799887509026456,0.611150887426868,6.22370199600798,3.96201433133017,4.12401208537531,0.0835923645344378,0.533432427151617,5.38841007917793,3.12534934368049,3.6,0.41453009116678,0.106435663330922
source/12kHz_DE_data/OR/Orthogonal/0007/OR007@3_3.mat,source,train,OR,1,7,4.9185,5.614,19.995625,1725,0.802586610545484,0.612884314244348,6.70897694610778,4.24423025292935,4.04063960932992,0.0822145803029182,0.524800058930223,5.34591120054323,3.14809028460607,3.6,0.429457190118312,0.10911992772295
source/12kHz_DE_data/OR/Orthogonal/0007/OR007@3_3.mat,source,train,OR,1,8,5.614,6.3095,19.995625,1725,0.793848641746065,0.604254042384983,6.61923153692615,4.31929482948537,4.07257792627228,0.0810534754710878,0.518121395862283,5.37331013663571,3.10627504738801,3.6,0.438940528813979,0.102194403803992
source/12kHz_DE_data/OR/Orthogonal/0007/OR007@3_3.mat,source,train,OR,1,9,6.3095,7.005,19.995625,1725,0.802867963032479,0.610246039040972,6.5428870259481,4.26324744491805,4.15551186935021,0.0851677516326823,0.523578524246728,5.34912484720191,3.11962201090058,3.6,0.430757894779604,0.10890903966941
source/12kHz_DE_data/OR/Orthogonal/0007/OR007@3_3.mat,source,train,OR,1,10,7.005,7.7005,19.995625,1725,0.807001843999636,0.617278753521614,6.4328372255489,4.14256655350488,4.12105698774349,0.0829623396035976,0.525610087084418,5.35915827728578,3.12358681950837,3.6,0.422777735187784,0.104461998583054
source/12kHz_DE_data/OR/Orthogonal/0021/OR021@3_0.mat,source,train,OR,1,0,0.05,0.718,19.9954666666667,1796,0.313330720471714,0.221683626370424,3.72788622754491,6.12986087604126,6.72642780216276,0.037893510316319,0.486081594117986,3.14581493232555,3.12786165094158,1,0.446994787458645,0.515386978313192
source/12kHz_DE_data/OR/Orthogonal/0021/OR021@3_0.mat,source,train,OR,1,1,0.718,1.386,19.9954666666667,1796,0.316418824617294,0.223958645501227,4.05031996007984,7.0712079321857,6.62279845999587,0.0911237619487586,0.504869136334613,3.07055445584512,2.99299013534136,1,0.423555398407348,0.51452110994936
source/12kHz_DE_data/OR/Orthogonal/0021/OR021@3_0.mat,source,train,OR,1,2,1.386,2.054,19.9954666666667,1796,0.31562527845494,0.225383462175056,3.65803912175649,6.19265921157128,6.35234668980026,0.0430469033411412,0.503075873868472,3.14031788977246,3.05398910910884,1,0.440931806503473,0.502066357857454
source/12kHz_DE_data/OR/Orthogonal/0021/OR021@3_0.mat,source,train,OR,1,3,2.054,2.722,19.9954666666667,1796,0.314885280761107,0.221826155343412,4.00207672654691,7.38909782703459,7.14852780716144,0.125376440928089,0.490162219538935,3.12987333598633,3.13108160079431,1,0.434079023299315,0.514840196284437
source/12kHz_DE_data/OR/Orthogonal/0021/OR021@3_0.mat,source,train,OR,1,4,2.722,3.39,19.9954666666667,1796,0.319877619159524,0.22363335169262,4.43561608782435,8.29040475598853,8.08222856148229,0.192888432806291,0.529427816438527,3.19413209683929,3.0112055219828,1,0.43551424172559,0.502983726414921
source/12kHz_DE_data/OR/Orthogonal/0021/OR021@3_0.mat,source,train,OR,1,5,3.39,4.058,19.9954666666667,1796,0.322307574396795,0.225294756263242,4.62777684630738,8.18868609569676,7.93183602435284,0.164739396934505,0.501769896228257,3.10426530785757,3.097220641523,1,0.44378583918543,0.51829913326978
source/12kHz_DE_data/OR/Orthogonal/0021/OR021@3_0.mat,source,train,OR,1,6,4.058,4.726,19.9954666666667,1796,0.316128043725216,0.222576431906677,4.1932628742515,7.35573649544372,7.16071556675112,0.0757026962494984,0.485179123577541,3.06410830057332,3.07534049615336,1,0.458189509185824,0.531752926052372
source/12kHz_DE_data/OR/Orthogonal/0021/OR021@3_0.mat,source,train,OR,1,7,4.726,5.394,19.9954666666667,1796,0.312582570184575,0.221338990031686,3.50242626746507,5.61114660539907,6.38165988633239,-0.0399725045551793,0.499842259360675,3.10923964844149,3.03234461547171,1,0.446834742170648,0.497827043989874
source/12kHz_DE_data/OR/Orthogonal/0021/OR021@3_0.mat,source,train,OR,1,8,5.394,6.062,19.9954666666667,1796,0.315630749993335,0.222718701423341,3.79351001996008,6.72850464125554,6.81425711415521,0.15788771796234,0.503130865704689,3.16215080564139,3.14126067992674,1,0.429201857058753,0.509376666619065
source/12kHz_DE_data/OR/Orthogonal/0021/OR021@3_0.mat,source,train,OR,1,9,6.062,6.73,19.9954666666667,1796,0.309231159007188,0.219485216545097,3.71277976047904,6.38269550598613,6.61042981870993,0.0496593222955893,0.490579085149966,3.08421086162693,2.98179725717683,1,0.454230967746564,0.520057700834798
source/12kHz_DE_data/OR/Orthogonal/0021/OR021@3_0.mat,source,train,OR,1,10,6.73,7.398,19.9954666666667,1796,0.309844066158489,0.220984155933982,3.92979309381238,6.70869384874066,6.40440349480002,0.00219085090087274,0.512602344797636,3.1194173806815,3.03296164945315,1,0.405810327615879,0.495007315428036
source/12kHz_DE_data/OR/Orthogonal/0021/OR021@3_1.mat,source,train,OR,1,0,0.05,0.7275,19.9975416666667,1771,0.284372569712059,0.199542798096127,3.40577736526946,6.70390057948312,6.97545493353098,0.166453394939375,0.506849114286532,3.44524048500073,3.20276195610475,1,0.392309027790676,0.459184542814202
source/12kHz_DE_data/OR/Orthogonal/0021/OR021@3_1.mat,source,train,OR,1,1,0.7275,1.405,19.9975416666667,1771,0.288288326097338,0.203596582314922,3.66583600798403,6.97058345575483,6.92112580746175,0.126418810318076,0.507157368933,3.47169120194009,3.33195885724519,1,0.377632005818057,0.464105201452459
source/12kHz_DE_data/OR/Orthogonal/0021/OR021@3_1.mat,source,train,OR,1,2,1.405,2.0825,19.9975416666667,1771,0.279337307716794,0.197779057777994,3.78912427145709,7.50072153025142,6.9729169567774,0.15710540866206,0.51921864389144,3.6078080292263,3.37710431962304,1,0.369466751595968,0.448251945381618
source/12kHz_DE_data/OR/Orthogonal/0021/OR021@3_1.mat,source,train,OR,1,3,2.0825,2.76,19.9975416666667,1771,0.2798377324399,0.197341566428197,3.22238810379242,5.90918844896781,6.68587830143695,0.112141762208332,0.509567975301386,3.46299119239464,3.34113742635119,1,0.402673027541769,0.460860963624258
source/12kHz_DE_data/OR/Orthogonal/0021/OR021@3_1.mat,source,train,OR,1,4,2.76,3.4375,19.9975416666667,1771,0.291475387773429,0.203855933555349,4.06169041916168,7.50067564616184,7.66062760892045,0.166556538436195,0.522752001101273,3.45314023025333,3.18555906392582,1,0.397942551995047,0.459448419230972
source/12kHz_DE_data/OR/Orthogonal/0021/OR021@3_1.mat,source,train,OR,1,5,3.4375,4.115,19.9975416666667,1771,0.285037550830669,0.198543763143681,3.54595888223553,6.48119048561966,7.35356068810709,0.0753748954744137,0.523690674334241,3.54461679844581,3.3378983139959,1,0.364548936285371,0.454202214019866
source/12kHz_DE_data/OR/Orthogonal/0021/OR021@3_1.mat,source,train,OR,1,6,4.115,4.7925,19.9975416666667,1771,0.28523712789851,0.199984763163442,3.66940958083832,7.56299934554314,7.18999803843756,0.242415453908433,0.521658435394473,3.64416364275157,3.41137167430573,1,0.367777576548602,0.444600982650889
source/12kHz_DE_data/OR/Orthogonal/0021/OR021@3_1.mat,source,train,OR,1,7,4.7925,5.47,19.9975416666667,1771,0.283437066352015,0.197581073588792,3.42786854291417,6.74930439759465,7.36090913901612,0.237071298925763,0.498496938450481,3.50103578798451,3.187240372823,1,0.356689269688728,0.429932274811068
source/12kHz_DE_data/OR/Orthogonal/0021/OR021@3_1.mat,source,train,OR,1,8,5.47,6.1475,19.9975416666667,1771,0.282724083724852,0.198817972951007,3.46490375249501,6.21105678865303,7.11381072380029,0.0924894704144418,0.514614251087365,3.51331030833796,3.20608356459099,1,0.391489311331769,0.441660576846125
source/12kHz_DE_data/OR/Orthogonal/0021/OR021@3_1.mat,source,train,OR,1,9,6.1475,6.825,19.9975416666667,1771,0.281855713434714,0.200000106163615,3.20370806387226,5.79204900341609,6.5163932928521,0.12527293628625,0.51760265890217,3.46985112042083,3.1851791021597,1,0.381419542770983,0.453167662280129
source/12kHz_DE_data/OR/Orthogonal/0021/OR021@3_1.mat,source,train,OR,1,10,6.825,7.5025,19.9975416666667,1771,0.279157675472377,0.196918930652027,3.54612131736527,7.16234006562146,7.07633114314139,0.158878425904265,0.522426832461011,3.43267014366259,3.14679243257398,1,0.373011912646345,0.459054760609232
source/12kHz_DE_data/OR/Orthogonal/0021/OR021@3_2.mat,source,train,OR,1,0,0.05,0.737,20.00315,1747,0.281958873485082,0.197352790743197,3.45207137724551,6.8086411961896,7.24594490625562,0.184520429634807,0.524794118773727,3.39894401987102,3.20600118954912,1,0.395631427086662,0.465376143263905
source/12kHz_DE_data/OR/Orthogonal/0021/OR021@3_2.mat,source,train,OR,1,1,0.737,1.424,20.00315,1747,0.277841550023809,0.196768605043762,3.13256147704591,6.11863479705737,6.60968787021861,0.161440408083453,0.50482991710449,3.40920819087129,3.32528573564982,1,0.421274915426191,0.472657854186013
source/12kHz_DE_data/OR/Orthogonal/0021/OR021@3_2.mat,source,train,OR,1,2,1.424,2.111,20.00315,1747,0.274296127146458,0.193626679185336,3.0118721756487,5.79024498629602,6.90198523874967,0.114205274428864,0.490850986885597,3.2744967535243,3.11243010615108,1,0.405866507665135,0.476819309329579
source/12kHz_DE_data/OR/Orthogonal/0021/OR021@3_2.mat,source,train,OR,1,3,2.111,2.798,20.00315,1747,0.27880414127866,0.198572303410295,3.16391145708583,6.00835262300125,6.33256265705696,0.147094798963608,0.509003909750463,3.29816646216251,3.0859875914774,1,0.391974439266726,0.475197379358157
source/12kHz_DE_data/OR/Orthogonal/0021/OR021@3_2.mat,source,train,OR,1,4,2.798,3.485,20.00315,1747,0.281936123477924,0.199130694424312,3.18860159680639,5.71596323821409,6.60316843666942,0.0375423133428359,0.507914127487322,3.40292204445533,3.21522668130849,1,0.392018210063037,0.461126999712641
source/12kHz_DE_data/OR/Orthogonal/0021/OR021@3_2.mat,source,train,OR,1,5,3.485,4.172,20.00315,1747,0.280175151320608,0.197230006762037,3.08188171656687,6.25191454157412,6.9278292192743,0.173856237667988,0.501579743712444,3.34956626977377,3.19266768386996,1,0.405009400158557,0.473341371230617
source/12kHz_DE_data/OR/Orthogonal/0021/OR021@3_2.mat,source,train,OR,1,6,4.172,4.859,20.00315,1747,0.282940614650996,0.200297652104009,3.6055725748503,7.07066509312532,6.78096510011301,0.14186320152604,0.545633348951676,3.48332173847402,3.38029205687428,1,0.384034999431094,0.475075426586826
source/12kHz_DE_data/OR/Orthogonal/0021/OR021@3_2.mat,source,train,OR,1,7,4.859,5.546,20.00315,1747,0.282571320709797,0.19806009397209,3.63432359281437,7.48017193201328,7.514090878611,0.280003990117419,0.524858839505993,3.40227370031563,3.2068787752153,1,0.396528987551778,0.47152036555551
source/12kHz_DE_data/OR/Orthogonal/0021/OR021@3_2.mat,source,train,OR,1,8,5.546,6.233,20.00315,1747,0.283198395883259,0.199686856684264,3.61369433133733,6.97570102343268,6.71945740022424,0.186354970804575,0.524555811799854,3.51696696670475,3.35062485276295,1,0.399752885295576,0.458438618381452
source/12kHz_DE_data/OR/Orthogonal/0021/OR021@3_2.mat,source,train,OR,1,9,6.233,6.92,20.00315,1747,0.275833843947187,0.195709239785432,3.08919129740519,6.04433223136814,6.26588476825482,0.149237612752704,0.519089475489867,3.54379435408363,3.43832923870023,1,0.395058654740246,0.468588096982106
source/12kHz_DE_data/OR/Orthogonal/0021/OR021@3_2.mat,source,train,OR,1,10,6.92,7.607,20.00315,1747,0.278339723944305,0.194853903582417,3.53036510978044,6.81786431179647,7.41854012135339,0.189074614585957,0.507926337885618,3.39734594408807,3.29691802319775,1,0.409326828323284,0.477679133142939
source/12kHz_DE_data/OR/Orthogonal/0021/OR021@3_3.mat,source,train,OR,1,0,0.05,0.748,19.9977,1719,0.275480552535172,0.197883192871309,2.99237996007984,5.71463876631129,6.01790013565283,0.111606797097548,0.524740684260296,3.46768888969458,3.330435935938,1,0.39654726315463,0.465816533171622
source/12kHz_DE_data/OR/Orthogonal/0021/OR021@3_3.mat,source,train,OR,1,1,0.748,1.446,19.9977,1719,0.279377389433426,0.198864798757939,3.26088522954092,6.00062811613911,6.52032589321392,0.153039625883898,0.535524495660244,3.58182089932122,3.50776659760243,1,0.38398754552818,0.469950585019965
source/12kHz_DE_data/OR/Orthogonal/0021/OR021@3_3.mat,source,train,OR,1,2,1.446,2.144,19.9977,1719,0.287196963441798,0.205665736202621,3.60264874251497,7.29979362449738,6.68204474849767,0.205502507584437,0.535853622302215,3.49222295884366,3.34644996765839,1,0.385883764404578,0.470367400232153
source/12kHz_DE_data/OR/Orthogonal/0021/OR021@3_3.mat,source,train,OR,1,3,2.144,2.842,19.9977,1719,0.282069731835232,0.198158509825312,3.66242487025948,7.03904112476241,7.20851914682536,0.141741996002619,0.547916690880045,3.70849399679037,3.52905290293807,1,0.38324253226961,0.444169636000263
source/12kHz_DE_data/OR/Orthogonal/0021/OR021@3_3.mat,source,train,OR,1,4,2.842,3.54,19.9977,1719,0.28265824796858,0.202240042671797,3.21589069860279,5.85093688084242,6.35152654102084,0.185662121676916,0.544967306905431,3.76795785147739,3.64722653717006,1,0.365104361751943,0.459435078029771
source/12kHz_DE_data/OR/Orthogonal/0021/OR021@3_3.mat,source,train,OR,1,5,3.54,4.238,19.9977,1719,0.273230029265632,0.195160646850987,2.88224894211577,5.30586399111169,6.00485941858962,0.176657843543978,0.521647516739855,3.58739315839803,3.41844107680749,1,0.361022644560229,0.437823503104978
source/12kHz_DE_data/OR/Orthogonal/0021/OR021@3_3.mat,source,train,OR,1,6,4.238,4.936,19.9977,1719,0.277242515016121,0.200288081100376,2.82978239520958,5.37580275464501,5.93541299985077,0.0870093788145442,0.522375687647109,3.48063122412446,3.35942982466465,1,0.402931218668505,0.466872538932407
source/12kHz_DE_data/OR/Orthogonal/0021/OR021@3_3.mat,source,train,OR,1,7,4.936,5.634,19.9977,1719,0.282487194466712,0.202887572175178,2.97483696606786,5.84306311020221,5.99835691305338,0.172782989712352,0.507652255450283,3.52191168772289,3.37658268914217,1,0.383316483096471,0.453341116464853
source/12kHz_DE_data/OR/Orthogonal/0021/OR021@3_3.mat,source,train,OR,1,8,5.634,6.332,19.9977,1719,0.273729287890516,0.195417520944603,3.17349512974052,6.34190392848741,6.27475947695478,0.0876721207522021,0.554478037466116,3.72316016693726,3.51409712142247,1,0.379675494273082,0.435864593425991
source/12kHz_DE_data/OR/Orthogonal/0021/OR021@3_3.mat,source,train,OR,1,9,6.332,7.03,19.9977,1719,0.27997336544726,0.201812573301559,2.75018918163673,5.0592469778354,5.59931491922962,0.112527094842114,0.515478459538139,3.59377320260665,3.43733924147428,1,0.362172389230061,0.443958392624127
source/12kHz_DE_data/OR/Orthogonal/0021/OR021@3_3.mat,source,train,OR,1,10,7.03,7.728,19.9977,1719,0.277372663417821,0.195118950504309,3.47562447105788,7.44957558984527,7.29301437549351,0.216055553695388,0.543958262203399,3.57107519709773,3.42962240819879,1,0.382025383436802,0.463077602272472
source/48kHz_DE_data/B/0007/B007_0.mat,source,test,B,3,0,0.05,0.718,19.9954666666667,1796,0.148857526175162,0.118273028024817,1.11796984615385,3.84588117728819,3.08230752625262,-0.022782730817502,0.786793806283955,4.74600703577695,3.56300834093449,3.6,0.17181692301701,0.287951169639857
source/48kHz_DE_data/B/0007/B007_0.mat,source,test,B,3,1,0.718,1.386,19.9954666666667,1796,0.143870789272049,0.113340935395417,1.27088492307692,4.86679872161696,3.25827979707703,-0.0400872223719036,0.776051009956429,5.0617063149369,3.63276523773199,3.6,0.206904554617716,0.256737872426692
source/48kHz_DE_data/B/0007/B007_0.mat,source,test,B,3,2,1.386,2.054,19.9954666666667,1796,0.148292391240951,0.117728638448575,1.30697538461538,4.54513705109044,3.07332408291863,0.000708862801003564,0.738178486567445,4.67746751337074,3.49098539586879,3.6,0.192086774780298,0.27592510246908
source/48kHz_DE_data/B/0007/B007_0.mat,source,test,B,3,3,2.054,2.722,19.9954666666667,1796,0.144361360386426,0.115179748012683,1.23521169230769,4.55802472508672,3.04976707874776,-0.0135419136524268,0.793669788522677,4.80295231574329,3.69831926534224,3.6,0.184372623163908,0.297614973652874
source/48kHz_DE_data/B/0007/B007_0.mat,source,test,B,3,4,2.722,3.39,19.9954666666667,1796,0.144209961666061,0.114507178117844,1.13299015384615,3.9474799042393,3.08838173383042,-0.0145812796498889,0.782729746406396,4.8965553838082,3.62051858860155,3.6,0.201699714951281,0.270346356529792
source/48kHz_DE_data/B/0007/B007_1.mat,source,validation,B,3,0,0.05,0.727,19.9940666666667,1772,0.13725426882918,0.109685425117068,1.10712184615385,4.12769007812757,2.95566432294886,-0.0297985212959601,0.798918402802171,5.11206814305599,3.75881061462902,2.6,0.212755293371441,0.198845261447574
source/48kHz_DE_data/B/0007/B007_1.mat,source,validation,B,3,1,0.727,1.404,19.9940666666667,1772,0.141531335701366,0.112827370369823,1.13048676923077,4.02645726609011,3.01228983362111,-0.01369284879672,0.790733961117315,4.80576716650712,3.7187628961911,2,0.175446296147657,0.304080942213018
source/48kHz_DE_data/B/0007/B007_1.mat,source,validation,B,3,2,1.404,2.081,19.9940666666667,1772,0.141187356633819,0.112549427326372,1.209552,4.65535697070925,3.03927040781248,-0.000386281944769742,0.794701107124655,5.21649468554136,3.71066180744043,2,0.139295664630248,0.243699856595202
source/48kHz_DE_data/B/0007/B007_1.mat,source,validation,B,3,3,2.081,2.758,19.9940666666667,1772,0.139216030552236,0.110262941669344,1.13215569230769,4.13957471162842,3.12627847722321,0.0173206226386684,0.773041458399197,4.5920412731149,3.67953988143643,2.6,0.207331070040176,0.311731915023998
source/48kHz_DE_data/B/0007/B007_1.mat,source,validation,B,3,4,2.758,3.435,19.9940666666667,1772,0.142389162020747,0.112888182619793,1.20767446153846,4.31987165153667,3.12014055934324,0.00759110077074624,0.791211178639088,4.75130242387025,3.75720273018518,2.6,0.190211407786329,0.275041044187166
source/48kHz_DE_data/B/0007/B007_2.mat,source,validation,B,3,0,0.05,0.737,20.00315,1747,0.13617646886723,0.108359578941778,1.18284923076923,4.53818833975313,3.13856469625294,0.00706599874817972,0.842791957306295,6.16638817771569,4.33070999482596,5.2,0.0830258761614129,0.165419533076759
source/48kHz_DE_data/B/0007/B007_2.mat,source,validation,B,3,1,0.737,1.424,20.00315,1747,0.13517734561912,0.107351832592031,1.12464553846154,4.16580789620212,3.08957670051174,0.0378326913021706,0.855230832830303,5.91502493407085,3.99070192624632,5.2,0.071986764304426,0.158534277677937
source/48kHz_DE_data/B/0007/B007_2.mat,source,validation,B,3,2,1.424,2.111,20.00315,1747,0.136890111447233,0.109427888471377,1.04015630769231,3.84393393848998,2.98634525237605,-0.0115742948568488,0.85827261834326,6.65459113691915,4.2963593189069,5.2,0.11765255233938,0.136678785348967
source/48kHz_DE_data/B/0007/B007_2.mat,source,validation,B,3,3,2.111,2.798,20.00315,1747,0.144278926791909,0.115058499220858,1.17116676923077,4.10069489754171,3.02427669631103,-0.00292542553711787,0.827271817142715,5.48737720002236,4.04967172261359,2.1,0.190251615372029,0.187634958369303
source/48kHz_DE_data/B/0007/B007_2.mat,source,validation,B,3,4,2.798,3.485,20.00315,1747,0.144484687702104,0.114599562493644,1.43172738461538,5.23887675294959,3.27500556991133,-0.0358828116821058,0.852481037099983,6.13896672052144,4.56604346225429,2.1,0.172352634194368,0.185878571583037
source/48kHz_DE_data/B/0007/B007_3.mat,source,train,B,3,0,0.05,0.7475,20.006625,1721,0.143258844805597,0.113737913940762,1.12443692307692,4.12781466796543,3.04673000087166,0.0338301475652366,0.779583077336403,6.38803775684207,4.45312720343526,3.6,0.281260674573263,0.158772509428093
source/48kHz_DE_data/B/0007/B007_3.mat,source,train,B,3,1,0.7475,1.445,20.006625,1721,0.141402645296716,0.112669368114687,1.23896676923077,4.39444926545962,3.06227511454572,0.0210476586691994,0.81482087673695,5.77818491904352,4.21077486941268,3.6,0.192209001300174,0.208554029281827
source/48kHz_DE_data/B/0007/B007_3.mat,source,train,B,3,2,1.445,2.1425,20.006625,1721,0.142635177964625,0.113992897820132,1.02492738461538,3.6368209089514,2.9544666744769,0.0299333181995128,0.833290875017851,5.34817956060119,4.19476469541742,2.2,0.121548256347935,0.224656249966601
source/48kHz_DE_data/B/0007/B007_3.mat,source,train,B,3,3,2.1425,2.84,20.006625,1721,0.138154552313162,0.109990191690135,1.13737107692308,4.31697393170483,3.06708215154298,0.017131622576007,0.846486258838719,6.16308229180028,4.62169812003547,7.2,0.0710012024407926,0.207861820475405
source/48kHz_DE_data/B/0007/B007_3.mat,source,train,B,3,4,2.84,3.5375,20.006625,1721,0.137245918044126,0.108767575627191,1.20871753846154,4.72727755262907,3.10459024069504,-0.0151260053809582,0.834171282705289,5.65167304143775,4.34644327710372,7.2,0.087568949243745,0.262444530906333
source/48kHz_DE_data/B/0014/B014_0.mat,source,train,B,3,0,0.05,0.718,20.0066,1797,0.120647368319346,0.0874912823313386,2.17335507692308,9.19315635323895,8.24371993146113,0.00747727206968876,0.800297780823269,4.23268920577362,3.6020273437128,4.6,0.137329127950348,0.370348362529891
source/48kHz_DE_data/B/0014/B014_0.mat,source,train,B,3,1,0.718,1.386,20.0066,1797,0.15634638317304,0.10467217067938,2.55157476923077,8.22416161941093,10.8708435250878,-0.0772525813358844,0.755972591606927,3.74241291885254,3.49440330912766,4.5,0.089629021796584,0.424541761516527
source/48kHz_DE_data/B/0014/B014_0.mat,source,train,B,3,2,1.386,2.054,20.0066,1797,0.126854734003242,0.0866127817479964,2.30165353846154,9.29457363656815,13.2098717759125,-0.00719074397003652,0.809956875135761,4.22396017243294,3.61959503668366,2,0.150788610131113,0.372925236090308
source/48kHz_DE_data/B/0014/B014_0.mat,source,train,B,3,3,2.054,2.722,20.0066,1797,0.130905576047166,0.0928259137973729,2.05715630769231,8.19128309341775,9.25076636506091,0.0596263602398622,0.771238042666672,4.40289582391387,3.34719401118298,4.4,0.18102582453441,0.285145321874592
source/48kHz_DE_data/B/0014/B014_0.mat,source,train,B,3,4,2.722,3.39,20.0066,1797,0.14175123647987,0.0973446236697135,2.22196246153846,7.96002619709122,10.0111587059572,0.00972209711884915,0.747541819706864,3.95820564779642,3.51498814668887,4.2,0.109105938407589,0.389883568747996
source/48kHz_DE_data/B/0014/B014_1.mat,source,train,B,3,0,0.05,0.727,19.9940666666667,1772,0.16331710620922,0.108479284108204,4.15561846153846,14.1071498475131,21.2936650576071,0.166956333392818,0.758438661408762,3.63567558212728,3.70672246797088,1.2,0.245142941289943,0.50789058802086
source/48kHz_DE_data/B/0014/B014_1.mat,source,train,B,3,1,0.727,1.404,19.9940666666667,1772,0.172559217751205,0.118020783912488,3.46656184615385,10.8333994611253,12.1207409898814,0.0429597018294655,0.790405505595982,3.83622233505099,3.8774800189314,1.2,0.271808828517585,0.474341865889512
source/48kHz_DE_data/B/0014/B014_1.mat,source,train,B,3,2,1.404,2.081,19.9940666666667,1772,0.116534418562156,0.0852119399058654,2.261808,9.97171149536287,8.89694848998931,-0.0255137429587914,0.818018542611049,4.37174062310013,3.74344950229225,1.6,0.206912213246958,0.362983610426459
source/48kHz_DE_data/B/0014/B014_1.mat,source,train,B,3,3,2.081,2.758,19.9940666666667,1772,0.142864359915716,0.0985033669682947,2.14581784615385,8.01397222196704,9.56510629366424,0.0669025405335672,0.80545745717273,4.43760916282414,3.3983936047566,4.7,0.0851963054267072,0.295890416813074
source/48kHz_DE_data/B/0014/B014_1.mat,source,train,B,3,4,2.758,3.435,19.9940666666667,1772,0.134342621864914,0.0992619547533205,1.57671507692308,5.95368245334046,5.5059334679997,0.0875231684836044,0.806050850379929,4.56050425435839,3.48890882012017,1.2,0.245212446934867,0.260767183352541
source/48kHz_DE_data/B/0014/B014_2.mat,source,train,B,3,0,0.05,0.7365,20.0000333333333,1748,0.141199803755576,0.093844722374879,3.72733107692308,13.8171718031075,22.0665238828578,0.284210350574486,0.778206775384524,3.91786779749029,3.57429320588617,1.6,0.142785346799421,0.39300429341286
source/48kHz_DE_data/B/0014/B014_2.mat,source,train,B,3,1,0.7365,1.423,20.0000333333333,1748,0.115360684073068,0.0867870341716804,1.46886092307692,6.61472493499511,5.20851880243886,0.0484439742243966,0.804081480532,4.68580297504588,3.80654992099838,4.7,0.111851117242527,0.285738902094493
source/48kHz_DE_data/B/0014/B014_2.mat,source,train,B,3,2,1.423,2.1095,20.0000333333333,1748,0.211472725572347,0.135665874924158,5.27963815384615,13.7633372376821,22.6713148982753,0.453341272641522,0.732493699485624,3.44576748781013,3.63815479023941,1.2,0.268633084102183,0.509205263900161
source/48kHz_DE_data/B/0014/B014_2.mat,source,train,B,3,3,2.1095,2.796,20.0000333333333,1748,0.173406567411592,0.110454204373373,4.07446707692308,12.5489438273453,26.0355813560516,-0.230496738043816,0.775721881538816,3.60756909987063,3.29977122309972,1.2,0.201554462073424,0.448835742785893
source/48kHz_DE_data/B/0014/B014_2.mat,source,train,B,3,4,2.796,3.4825,20.0000333333333,1748,0.150233341380814,0.102056541958443,3.31156061538462,12.0435905203722,15.6560906124129,0.234489998476618,0.761428914097229,4.21405487140434,3.59406036263998,1.2,0.351733161661841,0.393916066780436
source/48kHz_DE_data/B/0014/B014_3.mat,source,test,B,3,0,0.05,0.7455,19.995625,1725,0.154487763850691,0.111321360649477,2.17377230769231,7.39785588606822,6.73311680629598,0.161453827052726,0.779191496246493,4.40776494344288,4.35190393177428,1.2,0.272622103316161,0.4296561322139
source/48kHz_DE_data/B/0014/B014_3.mat,source,test,B,3,1,0.7455,1.441,19.995625,1725,0.210396779534111,0.138851283412831,4.12536923076923,11.0093033965059,15.2434032723178,0.321882918984671,0.752580433096728,3.4743740390436,3.40073050409938,1.2,0.258362666596133,0.510190875532606
source/48kHz_DE_data/B/0014/B014_3.mat,source,test,B,3,2,1.441,2.1365,19.995625,1725,0.135695393157485,0.0988607239839529,2.95128184615385,11.1281028055468,12.2663173098446,-7.76922644514439e-05,0.826345888495626,4.71396591120082,4.15209994006614,3.9,0.0770078589644091,0.327727208889827
source/48kHz_DE_data/B/0014/B014_3.mat,source,test,B,3,3,2.1365,2.832,19.995625,1725,0.187229487120023,0.122658581255782,3.83017846153846,12.0118288525627,18.188757930217,0.548749071497895,0.73218711291304,3.47716691912128,3.47718321412465,1.2,0.243581211711431,0.491163324831719
source/48kHz_DE_data/B/0014/B014_3.mat,source,test,B,3,4,2.832,3.5275,19.995625,1725,0.166611078181381,0.114982757722276,3.54520984615385,11.3679294885305,13.4794626535057,0.0802935951592134,0.804048033785627,4.16019227686017,3.83410134836359,1.2,0.254346099529421,0.430532189423848
source/48kHz_DE_data/B/0021/B021_0.mat,source,train,B,3,0,0.05,0.718,20.0066,1797,0.339505212062234,0.271837453419052,2.70098133333333,4.11301289667965,2.9550218395024,0.0234181808584326,0.822945860674403,5.6042248357458,3.84128163319596,1.6,0.214266881880738,0.227183071738051
source/48kHz_DE_data/B/0021/B021_0.mat,source,train,B,3,1,0.718,1.386,20.0066,1797,0.339479462889587,0.270237181194886,2.809488,4.2193433789331,3.08685364492477,0.00662537301584454,0.855032991123813,5.6606102768381,3.90024686162534,8.8,0.0622017213531738,0.211877822372755
source/48kHz_DE_data/B/0021/B021_0.mat,source,train,B,3,2,1.386,2.054,20.0066,1797,0.388691815783016,0.300640890270754,4.13577333333333,5.51048423816553,3.99427997338861,-0.00233749578606236,0.826766653676201,5.14560577497832,4.00741702510554,2.4,0.160884878192395,0.254619130957592
source/48kHz_DE_data/B/0021/B021_0.mat,source,train,B,3,3,2.054,2.722,20.0066,1797,0.356413095188998,0.285416419615944,2.845796,4.20997728775289,2.89106442232482,-0.0102911723530812,0.819216569942716,5.59394408230874,3.66740411815779,7.2,0.0893591777222955,0.205838573055118
source/48kHz_DE_data/B/0021/B021_0.mat,source,train,B,3,4,2.722,3.39,20.0066,1797,0.334834986782563,0.268121240831435,2.617932,3.94860318487706,2.98155443686052,-0.0232942406695483,0.803584197717095,5.6291504681139,3.97626479681349,2,0.134439835607519,0.288169337971696
source/48kHz_DE_data/B/0021/B021_1.mat,source,train,B,3,0,0.05,0.7265,20.00185,1774,0.240060234123705,0.169886218667821,3.54646153846154,7.42563532019094,8.46295820108051,-0.0175154988300741,0.810692386464668,4.91743465193749,3.85383375412909,5.4,0.116791746296778,0.30971019550297
source/48kHz_DE_data/B/0021/B021_1.mat,source,train,B,3,1,0.7265,1.403,20.00185,1774,0.17990174158738,0.141560822246796,1.90778769230769,5.38061481551183,3.51108056761,-0.0253360524400491,0.826547993666285,5.47111754876421,3.78817629142494,5.4,0.0905541328387261,0.254444607078115
source/48kHz_DE_data/B/0021/B021_1.mat,source,train,B,3,2,1.403,2.0795,20.00185,1774,0.277492823090386,0.186865855063744,4.95732738461538,9.01279810908308,12.5094449174602,0.0122723587440683,0.796073405873251,3.78513826465072,3.54135124701732,1.2,0.259141554882245,0.413231437635984
source/48kHz_DE_data/B/0021/B021_1.mat,source,train,B,3,3,2.0795,2.756,20.00185,1774,0.225812441123008,0.167739648116881,2.87951815384615,6.38764275201438,6.4760356551189,0.00193760835023368,0.80968718210608,4.32844386101011,3.47889567734141,4.7,0.0912375260523006,0.30956888243644
source/48kHz_DE_data/B/0021/B021_1.mat,source,train,B,3,4,2.756,3.4325,20.00185,1774,0.250714361116447,0.177974272748115,4.01000492307692,8.33022425960546,8.47396113934197,0.0268839160746549,0.82164808269754,4.78557659978316,3.77317221793831,4.6,0.119102372442211,0.327092610816571
source/48kHz_DE_data/B/0021/B021_2.mat,source,train,B,3,0,0.05,0.734,19.9956,1754,0.295961034684809,0.197146705834551,6.58244123076923,11.3621928275679,18.9085755189912,0.102154984510207,0.861680414253024,5.32308245131985,3.82680930559748,3.4,0.0766302438189698,0.222340738681818
source/48kHz_DE_data/B/0021/B021_2.mat,source,train,B,3,1,0.734,1.418,19.9956,1754,0.304549838725944,0.194599287586118,6.61936615384615,11.184024280877,19.6818945029453,0.0378848698353812,0.827555611997155,4.8218900949826,3.43817706893262,7.2,0.0534393091754629,0.266231171525081
source/48kHz_DE_data/B/0021/B021_2.mat,source,train,B,3,2,1.418,2.102,19.9956,1754,0.37344975690427,0.236804675522867,6.82672984615385,9.15897662312672,15.3322747587687,0.043277199291847,0.797552330748564,4.33750230000394,3.4869801984603,1.1,0.339683177245011,0.290373630045472
source/48kHz_DE_data/B/0021/B021_2.mat,source,train,B,3,3,2.102,2.786,19.9956,1754,0.42049083135072,0.266125206219435,6.804408,8.10026139733327,10.9462259951211,0.0370776625216939,0.768779823102382,3.06434229169716,3.19978607985138,1,0.266279795523464,0.52489420566709
source/48kHz_DE_data/B/0021/B021_2.mat,source,train,B,3,4,2.786,3.47,19.9956,1754,0.246469607187396,0.175793533191611,3.56377661538462,7.24339633583202,9.19301720798694,0.0247167743483656,0.785993832739963,5.08000666236158,3.52444062498598,3.6,0.184738910181506,0.244738255341904
source/48kHz_DE_data/B/0021/B021_3.mat,source,test,B,3,0,0.05,0.744,19.9987666666667,1729,0.366839948279883,0.235504744528531,6.83570030769231,9.34722757012831,14.7215464598124,0.0466810292368106,0.794578053094087,3.93454884465499,3.7185731148001,2.2,0.124090999325757,0.397456154466874
source/48kHz_DE_data/B/0021/B021_3.mat,source,test,B,3,1,0.744,1.438,19.9987666666667,1729,0.389745362946772,0.241107625890977,6.83570030769231,8.80495846651499,15.6469125873599,0.0455740022787752,0.83590955629494,4.98069335172094,3.7605492971474,7.2,0.0457176633257839,0.270991526649593
source/48kHz_DE_data/B/0021/B021_3.mat,source,test,B,3,2,1.438,2.132,19.9987666666667,1729,0.302166657533643,0.206732061204396,5.77697723076923,10.3944800642931,13.553455643487,0.101013896906534,0.82202817807877,6.19472771729907,3.93095733248641,2,0.147879680079875,0.140959203363025
source/48kHz_DE_data/B/0021/B021_3.mat,source,test,B,3,3,2.132,2.826,19.9987666666667,1729,0.480430511294613,0.301523357333411,6.83570030769231,7.12860810655864,13.2533733305674,0.0463587780341274,0.7973188320612,3.86039413263061,3.25675594906722,1.2,0.365675987162082,0.36610674995295
source/48kHz_DE_data/B/0021/B021_3.mat,source,test,B,3,4,2.826,3.52,19.9987666666667,1729,0.252003756671227,0.177000511098171,4.71637661538461,9.39276343079413,14.0102017538573,0.0398990310975644,0.843884707053016,5.81665467886364,4.34266991912673,3.6,0.161911649895239,0.223820332626509
source/48kHz_DE_data/IR/0007/IR007_0.mat,source,train,IR,2,0,0.05,0.718,19.9954666666667,1796,0.579749426668396,0.413721788700709,6.03672666666667,5.49780515846773,5.9728108550571,0.0157921918145673,0.428385832397542,6.28078402742316,3.35818841055261,5.4,0.536108094902109,0.0926798997873638
source/48kHz_DE_data/IR/0007/IR007_0.mat,source,train,IR,2,1,0.718,1.386,19.9954666666667,1796,0.584233745415352,0.416754503145593,5.861864,5.43288070557686,6.01587278708912,0.00291215653260539,0.443171290973912,6.25857431481593,3.4334811808875,5.4,0.515940085468261,0.105312856083906
source/48kHz_DE_data/IR/0007/IR007_0.mat,source,train,IR,2,2,1.386,2.054,19.9954666666667,1796,0.583871172156035,0.415832664113917,6.073452,5.44048715590145,6.09961417344048,0.0114265306021269,0.441589513767595,6.24106366653728,3.43323359653536,5.4,0.517423791493881,0.106981627559541
source/48kHz_DE_data/IR/0007/IR007_0.mat,source,train,IR,2,3,2.054,2.722,19.9954666666667,1796,0.582616651166855,0.414380255988875,6.417752,6.00059166921309,6.1121022736287,-0.00023046457801767,0.44238270820466,6.29881604542268,3.47929997041772,5.4,0.525272915682121,0.107964696471136
source/48kHz_DE_data/IR/0007/IR007_0.mat,source,train,IR,2,4,2.722,3.39,19.9954666666667,1796,0.581759705776403,0.415048851721063,6.20366,5.77799991885265,5.99392356003161,0.00276786244658281,0.444622450265253,6.25752583682911,3.44265859125755,5.4,0.530364129994235,0.0999889677944531
source/48kHz_DE_data/IR/0007/IR007_1.mat,source,test,IR,2,0,0.05,0.727,19.9940666666667,1772,0.278908787904592,0.18984549609697,3.09668676923077,5.5550140290416,7.40322490268284,-0.0469147430236127,0.376409358868579,6.31170023414072,3.09769220071764,5.4,0.636631382143719,0.0836462675447547
source/48kHz_DE_data/IR/0007/IR007_1.mat,source,test,IR,2,1,0.727,1.404,19.9940666666667,1772,0.278302178335202,0.189740787097568,3.11587938461538,5.67666148484039,7.30153180932179,-0.0811020534461738,0.377132050319267,6.34321947720285,3.12904757610427,5.4,0.639402513269142,0.0820092315248738
source/48kHz_DE_data/IR/0007/IR007_1.mat,source,test,IR,2,2,1.404,2.081,19.9940666666667,1772,0.276383396557831,0.188562007767549,2.99509107692308,5.5523178228254,7.29784044270505,-0.098477451265389,0.38123096538914,6.35074662474021,3.15826403905846,5.4,0.636089863520086,0.0798195380165331
source/48kHz_DE_data/IR/0007/IR007_1.mat,source,test,IR,2,3,2.081,2.758,19.9940666666667,1772,0.274567254329058,0.18724512739247,3.13611507692308,5.81096037913507,7.3760373343212,-0.125021537800235,0.383210792432234,6.31424772906804,3.26166816087204,5.4,0.620657074093997,0.0968646318780321
source/48kHz_DE_data/IR/0007/IR007_1.mat,source,test,IR,2,4,2.758,3.435,19.9940666666667,1772,0.27815181961645,0.189127719869463,3.15113538461538,5.858962830493,7.40588872475801,-0.147157416917651,0.385990710266876,6.28187675976328,3.1908675605395,5.4,0.631098359455502,0.09423736501697
source/48kHz_DE_data/IR/0007/IR007_2.mat,source,train,IR,2,0,0.05,0.7365,20.0000333333333,1748,0.279383756851231,0.192576225874116,3.14571138461538,5.70799697379827,7.4513474997673,-0.0741817464398637,0.421926067080636,6.4148135445799,3.46343578266246,5.4,0.589403491025195,0.102202887768139
source/48kHz_DE_data/IR/0007/IR007_2.mat,source,train,IR,2,1,0.7365,1.423,20.0000333333333,1748,0.279974894379994,0.193329653973248,3.08750769230769,5.57381468134982,7.46478385149281,-0.0863590388149284,0.410762413378589,6.45407111116433,3.50854683742766,5.4,0.58774205133515,0.11060191890689
source/48kHz_DE_data/IR/0007/IR007_2.mat,source,train,IR,2,2,1.423,2.1095,20.0000333333333,1748,0.281435259269175,0.194227169200779,3.20182892307692,5.87741585750399,7.50965615449413,-0.0712527293098187,0.414324775378637,6.37624000412634,3.45075152053815,5.4,0.592627816983949,0.10823565742424
source/48kHz_DE_data/IR/0007/IR007_2.mat,source,train,IR,2,3,2.1095,2.796,20.0000333333333,1748,0.280265335067511,0.193589259872429,3.26858584615385,5.99706739733025,7.45391369579826,-0.0815777051399362,0.40904270784757,6.36416524978653,3.41293004735882,5.4,0.597225806159912,0.10604332185247
source/48kHz_DE_data/IR/0007/IR007_2.mat,source,train,IR,2,4,2.796,3.4825,20.0000333333333,1748,0.281978995864933,0.19503322642368,3.16323507692308,5.71656132768767,7.35441012773792,-0.0788119814185423,0.420312417085089,6.34699497928941,3.39067516755168,5.4,0.597769488118333,0.0986358206329006
source/48kHz_DE_data/IR/0007/IR007_3.mat,source,test,IR,2,0,0.05,0.7475,20.006625,1721,0.278728794028527,0.195789707402829,2.94836123076923,5.34743416707975,6.79025633814529,-0.164100309989918,0.51527557477826,8.38316397548107,4.30325918729611,5.4,0.529652891987892,0.0895651805944324
source/48kHz_DE_data/IR/0007/IR007_3.mat,source,test,IR,2,1,0.7475,1.445,20.006625,1721,0.279632115785626,0.196296663962575,3.02346276923077,5.43830350469376,6.78035820913961,-0.146016555719285,0.521653569547609,8.2348561571701,4.40251602998847,5.4,0.506194351908226,0.108125801706226
source/48kHz_DE_data/IR/0007/IR007_3.mat,source,test,IR,2,2,1.445,2.1425,20.006625,1721,0.279206750998987,0.19526296341319,3.02325415384615,5.4768259856756,6.84321901090667,-0.171663761897473,0.518369434515996,8.18896322295699,4.38564892875972,5.4,0.514558814260058,0.109731580204869
source/48kHz_DE_data/IR/0007/IR007_3.mat,source,test,IR,2,3,2.1425,2.84,20.006625,1721,0.279706507199565,0.196918100238415,2.93500984615385,5.33713380512003,6.69015127876276,-0.134281908738566,0.532254784635585,8.22273433487514,4.31437459977874,5.4,0.510977124143485,0.0935576391602239
source/48kHz_DE_data/IR/0007/IR007_3.mat,source,test,IR,2,4,2.84,3.5375,20.006625,1721,0.279689282957562,0.196253730338787,2.99154461538462,5.49158117841951,6.81181200815332,-0.156363315577453,0.520331825863576,8.40189575975572,4.3897690911415,5.4,0.515478339645913,0.098554687375792
source/48kHz_DE_data/IR/0014/IR014_0.mat,source,train,IR,2,0,0.05,0.718,19.9954666666667,1796,0.187954806180875,0.120268360440193,2.75147866666667,7.50888385493576,12.4734846011109,-0.0885179212061458,0.750659966173219,4.31221272461841,3.16984749631041,2.2,0.166445009494464,0.228148766905744
source/48kHz_DE_data/IR/0014/IR014_1.mat,source,validation,IR,2,0,0.05,0.727,19.9940666666667,1772,0.25761962189561,0.149343597416891,5.45329466666667,11.2817468086277,20.2375773494099,0.0738293021072473,0.630589771088006,3.61521384179276,2.90694180559095,1,0.360638940194644,0.369509323471573
source/48kHz_DE_data/IR/0014/IR014_1.mat,source,validation,IR,2,1,0.727,1.404,19.9940666666667,1772,0.24285581168484,0.140194457215686,4.54309066666667,9.7787399968941,20.0292242199764,0.0920958248201672,0.606901152642652,3.33639793542331,2.66036853129002,1,0.365502419516348,0.384830589786275
source/48kHz_DE_data/IR/0014/IR014_1.mat,source,validation,IR,2,2,1.404,2.081,19.9940666666667,1772,0.255037226657751,0.146929416580105,4.35529066666667,8.97602933072966,18.7568773405755,0.197758138955422,0.612389466520503,3.25593968632034,2.66304180430427,1,0.384995288683348,0.405361839111027
source/48kHz_DE_data/IR/0014/IR014_1.mat,source,validation,IR,2,3,2.081,2.758,19.9940666666667,1772,0.283869032278468,0.159165495132025,5.212076,9.64666490390572,18.6419648118048,0.184324794240993,0.584347942182233,3.51764848568827,2.74685060290924,1,0.436869309892007,0.361137241404333
source/48kHz_DE_data/IR/0014/IR014_1.mat,source,validation,IR,2,4,2.758,3.435,19.9940666666667,1772,0.270093816898127,0.155231780713854,5.188288,10.1997590711845,18.5499403139623,0.0919676017710123,0.591924834376509,3.55838849695403,2.83406988110256,1,0.373800825919483,0.383193189173792
source/48kHz_DE_data/IR/0014/IR014_2.mat,source,train,IR,2,0,0.05,0.7355,20.005175,1751,0.225761546007621,0.131439790210279,4.204216,9.83484294516587,18.8036740041985,0.0421969871107913,0.604229671471708,3.45804138754175,2.7743441385551,1,0.379051524237206,0.385221169220511
source/48kHz_DE_data/IR/0014/IR014_2.mat,source,train,IR,2,1,0.7355,1.421,20.005175,1751,0.247248186061557,0.138983252115411,4.48842,9.52750454837335,19.8206391736315,0.120076553172308,0.602333406447584,3.32976735801029,2.72867106304843,1,0.388748221048707,0.407544682631453
source/48kHz_DE_data/IR/0014/IR014_2.mat,source,train,IR,2,2,1.421,2.1065,20.005175,1751,0.245098343910134,0.139125701762235,5.17868933333333,10.8060876553232,22.7478420942512,0.208979564287005,0.64855629250875,3.467494043312,2.79723407776115,1,0.371595727384498,0.382732257900428
source/48kHz_DE_data/IR/0014/IR014_2.mat,source,train,IR,2,3,2.1065,2.792,20.005175,1751,0.231114390084363,0.131679425735279,4.192948,9.39566986398722,20.2887787815084,0.15851949766128,0.597796110955335,3.43009303801029,2.72730602400437,1,0.410670936365657,0.384410441425094
source/48kHz_DE_data/IR/0014/IR014_2.mat,source,train,IR,2,4,2.792,3.4775,20.005175,1751,0.225087893197005,0.13423135347861,4.01307733333333,9.15975733905445,17.2519193220033,-0.00640208892089799,0.624665018157823,3.4191725221092,2.72226147528515,1,0.376592024834561,0.395648798919742
source/48kHz_DE_data/IR/0014/IR014_3.mat,source,test,IR,2,0,0.05,0.745,19.9928333333333,1726,0.401840783984758,0.232436917142383,4.940392,6.1476071745977,7.22251663575046,0.492531126983293,0.769720993189699,3.26653967246844,3.08561794182969,3.4,0.103211137012978,0.440616926367951
source/48kHz_DE_data/IR/0014/IR014_3.mat,source,test,IR,2,1,0.745,1.44,19.9928333333333,1726,0.256185786283131,0.156326220638041,4.80726266666667,9.68680429880166,16.9399746442855,0.102764731228325,0.601386308321855,3.34422705615107,2.7392781112026,1,0.394788254275937,0.41389799273281
source/48kHz_DE_data/IR/0014/IR014_3.mat,source,test,IR,2,2,1.44,2.135,19.9928333333333,1726,0.26123190370313,0.158508253784771,4.91117866666667,10.1461804340255,17.1633263250062,0.192144391857402,0.589150781091018,3.32065434059487,2.65356535575082,1,0.392403322190796,0.390030095126509
source/48kHz_DE_data/IR/0014/IR014_3.mat,source,test,IR,2,3,2.135,2.83,19.9928333333333,1726,0.252493266255639,0.157136284608428,4.354456,8.71663453928007,14.5524629947986,0.0776919934075905,0.60098685288624,3.27508097032293,2.73535132835362,1,0.379875507597517,0.416140672984041
source/48kHz_DE_data/IR/0014/IR014_3.mat,source,test,IR,2,4,2.83,3.525,19.9928333333333,1726,0.247911497276718,0.155471336334793,4.55060266666667,9.55087033702459,14.473129748828,0.022053063083082,0.605535574808803,3.3159701727081,2.80898359245704,1,0.398735917591067,0.414612537126485
source/48kHz_DE_data/IR/0021/IR021_0.mat,source,test,IR,2,0,0.05,0.718,19.9954666666667,1796,0.584107033803322,0.438348855520448,5.09876861538462,4.67052229955318,4.20685031000637,0.00463132304954206,0.639551404655861,5.79882234805891,3.83422304891246,5.4,0.281034460384662,0.174187027347542
source/48kHz_DE_data/IR/0021/IR021_0.mat,source,test,IR,2,1,0.718,1.386,19.9954666666667,1796,0.577136006666391,0.4338080571923,5.13631938461539,4.62531727117645,4.12721042233144,-0.0227238919316017,0.633792463649481,5.97834549823931,4.04955010355083,5.4,0.269628229337631,0.212044463707334
source/48kHz_DE_data/IR/0021/IR021_0.mat,source,test,IR,2,2,1.386,2.054,19.9954666666667,1796,0.576484008390169,0.433833689499036,5.31426830769231,4.95298063561305,4.06686764239731,-0.0375559459340708,0.621255746454368,5.74014679249822,3.84589744247424,5.4,0.293996013113012,0.223639521586987
source/48kHz_DE_data/IR/0021/IR021_0.mat,source,test,IR,2,3,2.054,2.722,19.9954666666667,1796,0.587979024515863,0.438905750356754,6.10262584615385,5.21070488353129,4.56743472936197,-0.0513055659209795,0.656865829977542,5.55484246574809,3.79051843367956,5.4,0.258886478208024,0.225273895345129
source/48kHz_DE_data/IR/0021/IR021_0.mat,source,test,IR,2,4,2.722,3.39,19.9954666666667,1796,0.589951822631927,0.43917747235156,5.47594523076923,4.82026128309764,4.3566157848159,-0.0558382315305255,0.660409722623736,5.73524817842206,3.89206721623532,5.4,0.234222886104325,0.185611050155116
source/48kHz_DE_data/IR/0021/IR021_1.mat,source,train,IR,2,0,0.05,0.7265,20.00185,1774,0.58963104910818,0.451331742540341,5.35327938461538,4.6314183906561,3.92825562132569,0.0188840454504091,0.671077018440249,4.87207473062127,4.12744262536124,2,0.174402611114972,0.361190505870956
source/48kHz_DE_data/IR/0021/IR021_1.mat,source,train,IR,2,1,0.7265,1.403,20.00185,1774,0.577119274773852,0.448519659949531,5.82391569230769,5.50277473521701,3.70176111154568,0.0169451284165825,0.659327428941437,5.43172413994877,4.26235909911046,2,0.187660606281917,0.332546654469327
source/48kHz_DE_data/IR/0021/IR021_1.mat,source,train,IR,2,2,1.403,2.0795,20.00185,1774,0.596784697265484,0.462031937965887,5.52017169230769,4.80399232044245,3.70435010884946,0.0129780876658404,0.652154329524819,5.39526869132024,4.24304212552214,2,0.167148793473033,0.315134686589537
source/48kHz_DE_data/IR/0021/IR021_1.mat,source,train,IR,2,3,2.0795,2.756,20.00185,1774,0.61301988473227,0.470192238465282,6.00749723076923,5.09822729373194,4.10282436482392,0.0193802820598258,0.650363607913967,5.10889593883048,3.99879419550373,5.4,0.189233051386275,0.279786829408876
source/48kHz_DE_data/IR/0021/IR021_1.mat,source,train,IR,2,4,2.756,3.4325,20.00185,1774,0.624966929938005,0.479953039560647,6.02815015384615,4.82415757579931,3.95992055022005,0.0386846996352776,0.628978949952855,4.94684912622416,3.96286861757599,2,0.19788916597783,0.321900755437234
source/48kHz_DE_data/IR/0021/IR021_2.mat,source,train,IR,2,0,0.05,0.735,20.002,1752,0.775840329813806,0.590047281227877,6.83570030769231,4.4194501301186,3.79175687118364,0.052166563886793,0.572783766314437,4.29714775327675,3.6877050029867,2,0.283884513233785,0.473931008286089
source/48kHz_DE_data/IR/0021/IR021_2.mat,source,train,IR,2,1,0.735,1.42,20.002,1752,0.773365938005455,0.589462280310004,6.45914953846154,4.22078613993219,3.67900146521901,0.0624784953891573,0.571022294717383,4.4110813309024,3.77659548067041,2,0.295115511542279,0.489553580180086
source/48kHz_DE_data/IR/0021/IR021_2.mat,source,train,IR,2,2,1.42,2.105,20.002,1752,0.762995081409913,0.581267129155386,6.31896,4.19186217585078,3.63793910890609,0.0627406402011496,0.583744229381534,4.20160926215698,3.6356121374019,2,0.310352187714063,0.504649250681064
source/48kHz_DE_data/IR/0021/IR021_2.mat,source,train,IR,2,3,2.105,2.79,20.002,1752,0.767232175602193,0.582751935804395,6.35671938461538,4.18073856494441,3.61313334658782,0.064310840957592,0.59243585194846,4.11153637579893,3.58546870486127,2,0.240183363268313,0.459522287563668
source/48kHz_DE_data/IR/0021/IR021_2.mat,source,train,IR,2,4,2.79,3.475,20.002,1752,0.755928772567109,0.578796395111272,6.55135753846154,4.4795392195299,3.48228836137613,0.0532072397470913,0.57849520703238,4.15072722151918,3.66539800405421,2,0.229981866675385,0.485123076870362
source/48kHz_DE_data/IR/0021/IR021_3.mat,source,train,IR,2,0,0.05,0.745,20.0044166666667,1727,0.400854904673679,0.30493489162189,3.62510953846154,4.56901578235441,3.73048313499391,0.051769885803061,0.600667098602858,4.4118279971396,3.7003165227143,2,0.225042986203899,0.38292727016357
source/48kHz_DE_data/IR/0021/IR021_3.mat,source,train,IR,2,1,0.745,1.44,20.0044166666667,1727,0.404720469700474,0.309320761144961,3.48825784615385,4.38737144271469,3.5896636265376,0.0480792009343259,0.595477235422385,4.34404031924626,3.70131036241345,2,0.260406781048597,0.413209188361963
source/48kHz_DE_data/IR/0021/IR021_3.mat,source,train,IR,2,2,1.44,2.135,20.0044166666667,1727,0.403941535664204,0.310683632354732,3.44924676923077,4.3728678862556,3.57311366675193,0.0436355873654285,0.617024914247545,4.41870094095842,3.6913318990201,2,0.224598142895385,0.390288824088279
source/48kHz_DE_data/IR/0021/IR021_3.mat,source,train,IR,2,3,2.135,2.83,20.0044166666667,1727,0.403270679458637,0.309048149110971,3.54833907692308,4.49137990077998,3.65859512744818,0.042908328734769,0.599762423680937,4.60641186681572,3.7497037563539,2,0.241444968351838,0.387069263544137
source/48kHz_DE_data/IR/0021/IR021_3.mat,source,train,IR,2,4,2.83,3.525,20.0044166666667,1727,0.406798913444976,0.313222772328594,3.50327815384615,4.31308661394304,3.53445744539701,0.0349699187404527,0.599608072241014,4.57011389201833,3.70549960915108,2,0.259576206396255,0.365830164876468
source/48kHz_DE_data/OR/Centered/0007/OR007@6_0.mat,source,validation,OR,1,0,0.05,0.718,19.9954666666667,1796,1.28348191585172,0.804061222807014,12.690272,5.08785968130207,6.87089750274081,0.0784218799730463,0.330283685563375,4.48158838950508,2.56623472241825,3.6,0.783661152535961,0.12069428080057
source/48kHz_DE_data/OR/Centered/0007/OR007@6_0.mat,source,validation,OR,1,1,0.718,1.386,19.9954666666667,1796,1.27113186117365,0.80418623932049,12.0651066666667,4.83450851992419,6.61726102443163,0.0853902485506843,0.322300420545253,4.51516470218199,2.55030218177254,3.6,0.802990747763343,0.10975642508239
source/48kHz_DE_data/OR/Centered/0007/OR007@6_0.mat,source,validation,OR,1,2,1.386,2.054,19.9954666666667,1796,1.25130579866176,0.792726828724291,11.3134893333333,4.55687864346652,6.45617199374104,0.0682903861891043,0.297764066880611,4.59462984286872,2.46452388484226,3.6,0.850224906072671,0.0844042051178756
source/48kHz_DE_data/OR/Centered/0007/OR007@6_0.mat,source,validation,OR,1,3,2.054,2.722,19.9954666666667,1796,1.19766200425295,0.754151626445338,11.547196,4.84555569545792,6.71385055392687,0.0672296255860386,0.28416824772964,4.61750445008789,2.43830336732516,3.6,0.866653141562405,0.0781881452602288
source/48kHz_DE_data/OR/Centered/0007/OR007@6_0.mat,source,validation,OR,1,4,2.722,3.39,19.9954666666667,1796,1.21319996366939,0.757840574048468,11.7233106666667,4.89625394761336,6.84325969601101,0.0828276386666958,0.312001573327426,4.50616868214744,2.46804259783017,3.6,0.823817111582396,0.100376714162019
source/48kHz_DE_data/OR/Centered/0007/OR007@6_1.mat,source,train,OR,1,0,0.05,0.7265,20.00185,1774,1.05057719669396,0.668679430702721,10.3344253333333,4.92284081953493,6.86004144758549,0.0701338983781849,0.316601749901201,4.48019133766864,2.44787660463905,3.6,0.812356524787517,0.103652513927648
source/48kHz_DE_data/OR/Centered/0007/OR007@6_1.mat,source,train,OR,1,1,0.7265,1.403,20.00185,1774,1.05940746815846,0.672298550364716,10.4287426666667,4.97069441327971,6.87823105003918,0.0720494044636454,0.313810510822347,4.50368043071166,2.45078571628248,3.6,0.823559144008926,0.0981927148126991
source/48kHz_DE_data/OR/Centered/0007/OR007@6_1.mat,source,train,OR,1,2,1.403,2.0795,20.00185,1774,1.06817744346978,0.681167031441768,10.3223226666667,4.85923414258377,6.85299915719572,0.0719920182684025,0.314493888183761,4.49600850071299,2.4257630188028,3.6,0.825729104413303,0.0973833615432774
source/48kHz_DE_data/OR/Centered/0007/OR007@6_1.mat,source,train,OR,1,3,2.0795,2.756,20.00185,1774,1.06223198246232,0.677672251818303,10.500524,4.95465151797096,6.96831903063707,0.0769024316311495,0.312760553776437,4.49863382849089,2.4701738012462,3.6,0.819297427146544,0.101317739180718
source/48kHz_DE_data/OR/Centered/0007/OR007@6_1.mat,source,train,OR,1,4,2.756,3.4325,20.00185,1774,1.05405594608813,0.672710801693761,10.2935266666667,4.91734859627801,6.89513223000297,0.0749268879827241,0.308463568585689,4.54248967802198,2.476316033822,3.6,0.828671078853492,0.0940367908327103
source/48kHz_DE_data/OR/Centered/0007/OR007@6_2.mat,source,train,OR,1,0,0.05,0.7355,19.99375,1750,1.02003251148816,0.641378558389132,9.83446,4.87011809737376,6.99339588681718,0.0832489937501681,0.295015715847049,4.2955376449886,2.11899934296065,3.6,0.828064100820802,0.0900909600172546
source/48kHz_DE_data/OR/Centered/0007/OR007@6_2.mat,source,train,OR,1,1,0.7355,1.421,19.99375,1750,1.02027333454287,0.640364959842775,10.0043146666667,4.99172518446537,7.03770783332683,0.0862402538050788,0.305850082178956,4.27608411403075,2.15476371140528,3.6,0.816394327121545,0.10136739781491
source/48kHz_DE_data/OR/Centered/0007/OR007@6_2.mat,source,train,OR,1,2,1.421,2.1065,19.99375,1750,1.02643153734824,0.644342394448471,10.56062,5.31699842425172,7.01233401587883,0.0887360046624579,0.30897296160767,4.2711786415588,2.16281014308445,3.6,0.808305121707319,0.105155633926359
source/48kHz_DE_data/OR/Centered/0007/OR007@6_2.mat,source,train,OR,1,3,2.1065,2.792,19.99375,1750,1.01653438206352,0.637717095389002,9.87118533333333,4.88991481336467,6.93972917531997,0.076491317976386,0.296320341936142,4.27484947926463,2.13006615586178,3.6,0.819691232487241,0.0987836068827324
source/48kHz_DE_data/OR/Centered/0007/OR007@6_2.mat,source,train,OR,1,4,2.792,3.4775,19.99375,1750,1.02371170580745,0.644484249871474,9.79147466666667,4.81963769715149,6.92034708859778,0.0738801107410806,0.297046663595019,4.30952978620079,2.16310043334214,3.6,0.823620064346803,0.0930752554812704
source/48kHz_DE_data/OR/Centered/0007/OR007@6_3.mat,source,train,OR,1,0,0.05,0.7455,19.995625,1725,0.994060191622308,0.622561125671007,9.970928,5.04808713969015,7.37205100255977,0.0758038894284431,0.309458947069082,4.50490469922153,2.44815280243757,3.6,0.825430918303759,0.103008650372524
source/48kHz_DE_data/OR/Centered/0007/OR007@6_3.mat,source,train,OR,1,1,0.7455,1.441,19.995625,1725,0.994649476348932,0.622632344960276,10.057316,5.11467961166575,7.34912752044619,0.0802487716158928,0.304730980427018,4.482998670108,2.42479457469852,3.6,0.825222595732575,0.103267702318697
source/48kHz_DE_data/OR/Centered/0007/OR007@6_3.mat,source,train,OR,1,2,1.441,2.1365,19.995625,1725,0.992562203300688,0.618288131467464,9.89372133333333,5.04180313645773,7.48734675195561,0.0934601650592549,0.323746484331384,4.47626469302005,2.46372958231587,3.6,0.809494747900174,0.11165687041671
source/48kHz_DE_data/OR/Centered/0007/OR007@6_3.mat,source,train,OR,1,3,2.1365,2.832,19.995625,1725,1.00491898210379,0.629159914535877,10.0218426666667,5.01115347146108,7.33269386660255,0.07716465230809,0.303930429981635,4.52092883257189,2.43579377353143,3.6,0.829183429498764,0.100885458765257
source/48kHz_DE_data/OR/Centered/0007/OR007@6_3.mat,source,train,OR,1,4,2.832,3.5275,19.995625,1725,0.991936139293562,0.62002740658568,10.0794346666667,5.10341056306416,7.43562403228938,0.0726517496919245,0.308972830830375,4.52114270188899,2.44271447883408,3.6,0.821148058652544,0.104957516157578
source/48kHz_DE_data/OR/Centered/0014/OR014@6_0.mat,source,test,OR,1,0,0.05,0.718,19.9954666666667,1796,0.137820667621148,0.109195350773777,1.15134830769231,4.18420365998236,3.14796151182491,0.0122495064652169,0.796183462619174,5.37828127240484,3.73521679671117,3.6,0.157627960575671,0.22663216554626
source/48kHz_DE_data/OR/Centered/0014/OR014@6_0.mat,source,test,OR,1,1,0.718,1.386,19.9954666666667,1796,0.139670245837968,0.109791841276739,1.14154338461538,4.12163766564498,3.34595030722401,-0.0163441621131929,0.801605308263333,5.42090850101383,3.57543566652502,3.6,0.235951079428475,0.185625570164679
source/48kHz_DE_data/OR/Centered/0014/OR014@6_0.mat,source,test,OR,1,2,1.386,2.054,19.9954666666667,1796,0.133017610043608,0.106057780340624,1.03181169230769,4.03875481822995,3.05736902743259,-0.0173124725833698,0.823073170774526,5.26936456977198,3.84192087464887,3.6,0.158764698478053,0.227764440614308
source/48kHz_DE_data/OR/Centered/0014/OR014@6_0.mat,source,test,OR,1,3,2.054,2.722,19.9954666666667,1796,0.168450549185637,0.125989762784814,2.22217107692308,6.6300009947747,6.15952647246361,0.00832612471533935,0.806811069324743,4.00761483161708,3.81751666642252,2.4,0.188329078860409,0.398297806143648
source/48kHz_DE_data/OR/Centered/0014/OR014@6_0.mat,source,test,OR,1,4,2.722,3.39,19.9954666666667,1796,0.135637512827025,0.107452891360976,1.10587015384615,4.22589992026537,3.12661634733757,-0.0285305282152364,0.804992047146775,5.47733914037532,3.897008256313,3.6,0.196887609018848,0.253741777215478
source/48kHz_DE_data/OR/Centered/0014/OR014@6_1.mat,source,validation,OR,1,0,0.05,0.727,19.9940666666667,1772,0.132873551525516,0.105361848151449,1.08125353846154,4.18220272311089,3.13011631857985,-0.0243981431822271,0.860096300082987,5.35426705777585,4.22456466987964,1.6,0.195667030687968,0.310383207153255
source/48kHz_DE_data/OR/Centered/0014/OR014@6_1.mat,source,validation,OR,1,1,0.727,1.404,19.9940666666667,1772,0.136032326036572,0.107898258371757,1.19202830769231,4.57281663225709,3.17940047487497,-0.0164440393690454,0.841727424068182,5.50987397093611,3.90914692308155,6.7,0.0782060469014347,0.259367536614581
source/48kHz_DE_data/OR/Centered/0014/OR014@6_1.mat,source,validation,OR,1,2,1.404,2.081,19.9940666666667,1772,0.137013681615418,0.109499056407666,1.09460492307692,4.06827074212804,2.93481523448776,0.0281629716310486,0.852622015934905,5.83599356562178,4.2365971304161,3.9,0.107989175787338,0.263478955545422
source/48kHz_DE_data/OR/Centered/0014/OR014@6_1.mat,source,validation,OR,1,3,2.081,2.758,19.9940666666667,1772,0.138248315132574,0.109768748703002,1.16282215384615,4.26269318353683,3.16128653128088,-0.00489016002492298,0.845772291148974,5.39679498467282,4.17734175974941,8.7,0.0529343959890722,0.298659686599627
source/48kHz_DE_data/OR/Centered/0014/OR014@6_1.mat,source,validation,OR,1,4,2.758,3.435,19.9940666666667,1772,0.130187840637214,0.10352244323274,1.09335323076923,4.58282224350007,3.06443040654131,-0.0148621950939938,0.860528739626596,5.70078209164386,4.02587827281756,6.7,0.07893760338122,0.207388074600656
source/48kHz_DE_data/OR/Centered/0014/OR014@6_2.mat,source,train,OR,1,0,0.05,0.736,19.9969,1749,0.195346181420986,0.133777901539532,3.76383876923077,9.67204181685947,15.7925917525729,-0.0185382956380401,0.84588061043133,5.15281693657442,4.2816434019194,3.7,0.111795704384126,0.334965794372272
source/48kHz_DE_data/OR/Centered/0014/OR014@6_2.mat,source,train,OR,1,1,0.736,1.422,19.9969,1749,0.14414629348667,0.11467453776597,1.10315815384615,3.85623764680355,3.03094529566935,-0.0301500967639799,0.871444323695031,6.25917334013054,4.42871207730059,1.4,0.227976437088233,0.2297851640898
source/48kHz_DE_data/OR/Centered/0014/OR014@6_2.mat,source,train,OR,1,2,1.422,2.108,19.9969,1749,0.147510303853731,0.11689964838656,1.24459938461538,4.29217350068962,3.23904360946381,0.00192510176753599,0.852091707279165,5.42390522320777,4.47634889193636,2,0.170117180681898,0.331554747449513
source/48kHz_DE_data/OR/Centered/0014/OR014@6_2.mat,source,train,OR,1,3,2.108,2.794,19.9969,1749,0.138326148853418,0.109664290332325,1.22019138461538,4.44493664124955,3.16239734129945,-0.00119191096561667,0.835820652753938,5.37824640389802,4.26618540099249,2,0.153123362196778,0.261058441798952
source/48kHz_DE_data/OR/Centered/0014/OR014@6_2.mat,source,train,OR,1,4,2.794,3.48,19.9969,1749,0.143396855791769,0.113373658945947,1.15635507692308,4.07862869834705,3.16126750722882,-0.00493037251673754,0.865804486764326,6.24710914385666,4.46340030656695,4,0.0896245236807896,0.193647660573038
source/48kHz_DE_data/OR/Centered/0014/OR014@6_3.mat,source,validation,OR,1,0,0.05,0.7465,20.0011583333333,1723,0.150004165998537,0.120105268573183,1.36601353846154,4.57663027060215,2.98447396031847,0.0113753491821762,0.838621559670875,5.91030306139685,4.50969383061299,1.4,0.211620180704311,0.286800052685932
source/48kHz_DE_data/OR/Centered/0014/OR014@6_3.mat,source,validation,OR,1,1,0.7465,1.443,20.0011583333333,1723,0.154231092499387,0.123125841606158,1.16052738461538,3.8175360725506,2.92729752414597,0.0271645609048322,0.854910858733995,5.82720503642415,4.35862358377035,2.3,0.168758506850457,0.201184678964091
source/48kHz_DE_data/OR/Centered/0014/OR014@6_3.mat,source,validation,OR,1,2,1.443,2.1395,20.0011583333333,1723,0.155187848283995,0.123536905576453,1.25169230769231,4.26201141752094,3.0778110692839,0.00871373107175313,0.834489503282728,5.10853363904447,4.37455737864684,1.4,0.17949633499602,0.303951133738779
source/48kHz_DE_data/OR/Centered/0014/OR014@6_3.mat,source,validation,OR,1,3,2.1395,2.836,20.0011583333333,1723,0.151952409152608,0.121295041492597,1.33242646153846,4.49463667190483,3.00657690818737,-0.00227880748643804,0.842205749762449,5.61070807847784,4.59258027614286,1.6,0.208629727166469,0.334620195044064
source/48kHz_DE_data/OR/Centered/0014/OR014@6_3.mat,source,validation,OR,1,4,2.836,3.5325,20.0011583333333,1723,0.151457645088015,0.120320149156795,1.18743876923077,4.03662949477519,3.06823474133809,0.00230383161796377,0.85485942898578,6.04262955852947,4.62859721903069,1.6,0.178676473807736,0.274235357754635
source/48kHz_DE_data/OR/Centered/0021/OR021@6_0.mat,source,train,OR,1,0,0.05,0.718,19.9954666666667,1796,0.646307800492577,0.334834987126213,10.8055946666667,8.61106388844722,18.5464498663394,-0.386884149184279,0.535583279224144,3.1015121802369,2.40369791640046,3.6,0.225073281283365,0.443498308257068
source/48kHz_DE_data/OR/Centered/0021/OR021@6_0.mat,source,train,OR,1,1,0.718,1.386,19.9954666666667,1796,0.663947189381404,0.344263322462288,11.9732933333333,9.37373335077655,19.6417220685239,-0.14041293194243,0.529313815541227,3.03468280090888,2.39555059371952,1,0.297827769461832,0.456906568086848
source/48kHz_DE_data/OR/Centered/0021/OR021@6_0.mat,source,train,OR,1,2,1.386,2.054,19.9954666666667,1796,0.650423445541239,0.337367407116821,11.8155413333333,9.61073052449365,19.578781662153,-0.304920055514769,0.540362926795627,3.03561392474566,2.37124538724757,1,0.291984960407704,0.449119076794021
source/48kHz_DE_data/OR/Centered/0021/OR021@6_0.mat,source,train,OR,1,3,2.054,2.722,19.9954666666667,1796,0.692784263139896,0.346922877485916,14.9530533333333,11.081062061504,24.0804432120619,-0.0388432473996832,0.514220803458381,2.985447444017,2.22752898225544,1,0.327042598734654,0.465844607497504
source/48kHz_DE_data/OR/Centered/0021/OR021@6_0.mat,source,train,OR,1,4,2.722,3.39,19.9954666666667,1796,0.68682089994195,0.351171162204875,12.900608,9.88247656765246,20.6929957971983,-0.18335801075504,0.503296100789539,3.04829166765955,2.26832614699429,1,0.322939854191983,0.458041892767122
source/48kHz_DE_data/OR/Centered/0021/OR021@6_1.mat,source,train,OR,1,0,0.05,0.7275,19.9975416666667,1771,0.64519450848435,0.324671488291523,12.304656,9.78571264428197,22.0373401766463,-0.236214922820666,0.554407958262857,3.0584447022129,2.33894984648713,1,0.269141404002012,0.44689784431946
source/48kHz_DE_data/OR/Centered/0021/OR021@6_1.mat,source,train,OR,1,1,0.7275,1.405,19.9975416666667,1771,0.624353686245521,0.317805767551337,12.6819253333333,10.5214424820337,21.0026678738828,-0.370732368238103,0.517511834824804,3.09686702392377,2.2778680017493,3.6,0.237076345411056,0.44529795578877
source/48kHz_DE_data/OR/Centered/0021/OR021@6_1.mat,source,train,OR,1,2,1.405,2.0825,19.9975416666667,1771,0.628549268718559,0.320158210474591,12.8213146666667,10.5855856496818,20.9013974257996,-0.310538359570741,0.500342767563269,3.14081042622376,2.29416693343981,1,0.305114719811986,0.446016967493549
source/48kHz_DE_data/OR/Centered/0021/OR021@6_1.mat,source,train,OR,1,3,2.0825,2.76,19.9975416666667,1771,0.592170288550625,0.307924644014228,10.7505066666667,9.28846721840368,18.9839418791207,-0.507769886980889,0.522545087361542,3.07738135303261,2.26861008351695,1,0.323205628532607,0.46118941888994
source/48kHz_DE_data/OR/Centered/0021/OR021@6_1.mat,source,train,OR,1,4,2.76,3.4375,19.9975416666667,1771,0.597761811929037,0.309190836469184,10.5935893333333,9.15103695608395,19.501628254527,-0.278057524634234,0.549475924693058,3.00066711642012,2.25282136029271,1,0.325817581995138,0.476411276235773
source/48kHz_DE_data/OR/Centered/0021/OR021@6_2.mat,source,train,OR,1,0,0.05,0.737,20.00315,1747,0.635951868796892,0.328816766260391,13.516592,10.9688652415432,21.9049202413125,-0.301862005850924,0.528910200049798,3.21445272077777,2.31538357199566,3.6,0.237871810177202,0.428151146515831
source/48kHz_DE_data/OR/Centered/0021/OR021@6_2.mat,source,train,OR,1,1,0.737,1.424,20.00315,1747,0.631195139097724,0.318407560420733,14.1192213333333,11.3693655398579,23.8271838396247,-0.372771042934754,0.529644735929751,3.13284926981111,2.30985611716692,3.6,0.224953405065357,0.451945858896249
source/48kHz_DE_data/OR/Centered/0021/OR021@6_2.mat,source,train,OR,1,2,1.424,2.111,20.00315,1747,0.582873161643653,0.30446462189921,13.2394826666667,11.7214010534101,22.1581855268659,-0.484957476339622,0.555720145223278,3.24887063912474,2.43248155944266,3.6,0.216286374957071,0.433224252760741
source/48kHz_DE_data/OR/Centered/0021/OR021@6_2.mat,source,train,OR,1,3,2.111,2.798,20.00315,1747,0.618741354201222,0.317395881948422,11.5701493333333,9.39205714684042,20.2616797908138,-0.290016763702144,0.544901179285268,3.04627570556381,2.28486844271951,1,0.300682623956039,0.466090569789086
source/48kHz_DE_data/OR/Centered/0021/OR021@6_2.mat,source,train,OR,1,4,2.798,3.485,20.00315,1747,0.587355944140346,0.305623237979083,10.143704,8.78404688725789,18.7298645585831,-0.282313033417074,0.570615033696172,3.01505963332565,2.32735181847249,3.6,0.190164442022684,0.467771296968216
source/48kHz_DE_data/OR/Centered/0021/OR021@6_3.mat,source,train,OR,1,0,0.05,0.748,19.9977,1719,0.563423970518938,0.302503337114423,11.6945146666667,10.4326919843189,18.4931148537059,-0.509539439031024,0.560735619277178,3.46769738970221,2.75818311088076,3.6,0.246550342036779,0.411882862874109
source/48kHz_DE_data/OR/Centered/0021/OR021@6_3.mat,source,train,OR,1,1,0.748,1.446,19.9977,1719,0.568589696842544,0.296120053923282,12.4390373333333,11.346721554027,21.9176420924979,-0.27424402688796,0.611295568792468,3.14057820650024,2.5029516962838,3.6,0.18383614887223,0.455839023517718
source/48kHz_DE_data/OR/Centered/0021/OR021@6_3.mat,source,train,OR,1,2,1.446,2.144,19.9977,1719,0.587836230758699,0.312527620863357,11.2371173333333,9.65179953459131,17.9288324567102,-0.24822594720377,0.561026110809226,3.24017670760426,2.56094628296803,3.6,0.237447599910001,0.445423220384042
source/48kHz_DE_data/OR/Centered/0021/OR021@6_3.mat,source,train,OR,1,3,2.144,2.842,19.9977,1719,0.579484114505879,0.307128622887749,10.6311493333333,9.48438278750888,18.2081452714684,-0.168873356922934,0.57434403798241,3.07245467799545,2.52002156649116,1,0.282641102075901,0.464239071254226
source/48kHz_DE_data/OR/Centered/0021/OR021@6_3.mat,source,train,OR,1,4,2.842,3.54,19.9977,1719,0.618785658479263,0.317136823248121,12.7587146666667,10.7176184227743,20.9798611768818,-0.162354634119231,0.581055065271782,3.11500698355848,2.54502116482348,3.6,0.205599805131706,0.453574241169924
source/48kHz_DE_data/OR/Opposite/0007/OR007@12_0.mat,source,train,OR,1,0,0.05,0.718,19.9954666666667,1796,0.222399223580075,0.164582128679026,2.75017661538462,6.30481756549249,5.75235408370801,0.00694391783846882,0.639131951532583,4.69196359389561,3.38822468778082,3.6,0.398153080668869,0.266311510112872
source/48kHz_DE_data/OR/Opposite/0007/OR007@12_0.mat,source,train,OR,1,1,0.718,1.386,19.9954666666667,1796,0.20816417598296,0.156372976752621,2.56054523076923,6.41303425281463,5.16010365423108,0.0574096057326063,0.674894333643093,4.86586883183153,3.35974137867007,3.6,0.39682430860924,0.220528805796448
source/48kHz_DE_data/OR/Opposite/0007/OR007@12_0.mat,source,train,OR,1,2,1.386,2.054,19.9954666666667,1796,0.200194104229912,0.149181733676575,2.16042092307692,5.54216999883298,5.04364514819824,0.0272772883710367,0.691775717750248,4.74852620807637,3.2630462865994,3.6,0.348681177399713,0.218710881232188
source/48kHz_DE_data/OR/Opposite/0007/OR007@12_1.mat,source,validation,OR,1,0,0.05,0.727,19.9940666666667,1772,0.280361567890863,0.186928598485435,4.25199876923077,7.58588835483057,12.0578313087595,0.0380112239067821,0.650329762008512,3.70752237016797,3.07250645588307,3.6,0.241077581457002,0.372825635853569
source/48kHz_DE_data/OR/Opposite/0007/OR007@12_1.mat,source,validation,OR,1,1,0.727,1.404,19.9940666666667,1772,0.263303566647545,0.176624227607222,3.74777538461538,7.20878011476672,11.4652964905433,0.0187783832038045,0.65595319474294,3.90105221675065,3.16010480270223,3.6,0.262472442091863,0.347077285798018
source/48kHz_DE_data/OR/Opposite/0007/OR007@12_1.mat,source,validation,OR,1,2,1.404,2.081,19.9940666666667,1772,0.262900748981993,0.179209282954556,3.43193169230769,6.56409239318778,9.37391910681218,-0.00498160345459081,0.633154886784507,3.89222618871477,3.06060300157578,3.6,0.29177700885967,0.328568740929048
source/48kHz_DE_data/OR/Opposite/0007/OR007@12_1.mat,source,validation,OR,1,3,2.081,2.758,19.9940666666667,1772,0.257925490953912,0.177428124739588,3.22707138461538,6.27723799759602,8.37706395837152,0.014868547846546,0.642105977279292,4.04592257700432,3.06285962033901,3.6,0.329234431493743,0.296187100385606
source/48kHz_DE_data/OR/Opposite/0007/OR007@12_1.mat,source,validation,OR,1,4,2.758,3.435,19.9940666666667,1772,0.258419688363317,0.174717753354053,3.63720923076923,7.05212047159859,10.5077146095535,0.0670684427692232,0.643583902545569,4.00081722872725,3.06842688888915,3.6,0.276851427618023,0.330131870430687
source/48kHz_DE_data/OR/Opposite/0007/OR007@12_2.mat,source,train,OR,1,0,0.05,0.736,19.9969,1749,0.258843527440423,0.175890655151863,3.79554830769231,7.38281843968621,10.1020719773909,0.0552346365140883,0.64422077836789,3.87384341965217,2.98493358209765,3.6,0.283485953949181,0.310799795374364
source/48kHz_DE_data/OR/Opposite/0007/OR007@12_2.mat,source,train,OR,1,1,0.736,1.422,19.9969,1749,0.254972450243913,0.172493735752457,3.60654276923077,7.18276684644271,10.6006646061881,0.0506408312464562,0.667597026959893,3.74768925282027,2.99299288512025,3.6,0.245097771650246,0.344800581593461
source/48kHz_DE_data/OR/Opposite/0007/OR007@12_2.mat,source,train,OR,1,2,1.422,2.108,19.9969,1749,0.266339495167151,0.176056532949863,3.97933846153846,7.51843046876048,12.621103853315,0.0458527532799009,0.653560017962134,3.67671015482465,2.89878975136181,3.6,0.23494249148971,0.36367179107332
source/48kHz_DE_data/OR/Opposite/0007/OR007@12_2.mat,source,train,OR,1,3,2.108,2.794,19.9969,1749,0.262709514289752,0.174848857778385,3.95347015384615,7.89559564227335,11.0235168556158,0.0216059151688323,0.643327898917036,3.74813112911018,2.98501832460928,3.6,0.258166611579944,0.351354896314663
source/48kHz_DE_data/OR/Opposite/0007/OR007@12_2.mat,source,train,OR,1,4,2.794,3.48,19.9969,1749,0.253404189082774,0.171219773910882,3.69311815384615,7.61404962414963,10.0642896648192,0.0167303004854855,0.642807910798622,3.78603247981312,2.99237860203811,3.6,0.259968474108456,0.354467293632968
source/48kHz_DE_data/OR/Opposite/0007/OR007@12_3.mat,source,test,OR,1,0,0.05,0.7465,20.0011583333333,1723,0.244476511410616,0.17024448363422,3.73901353846154,7.81064172668063,9.60898146864222,0.00396650720892902,0.666017702613608,3.91424106912002,3.15969014532582,3.6,0.242407677953104,0.326814218011725
source/48kHz_DE_data/OR/Opposite/0007/OR007@12_3.mat,source,test,OR,1,1,0.7465,1.443,20.0011583333333,1723,0.236824995102657,0.163201669997788,4.08468923076923,8.70782692077282,11.1593662606789,0.0460829045240858,0.648425453030122,3.82351503855219,3.02222715070696,3.6,0.264924219436782,0.325145350272731
source/48kHz_DE_data/OR/Opposite/0007/OR007@12_3.mat,source,test,OR,1,2,1.443,2.1395,20.0011583333333,1723,0.248121975634442,0.169682418638478,3.67017046153846,7.50118826798728,10.7910241583721,0.041818607810919,0.691705807069657,3.82623794441956,3.18392040972495,3.6,0.222571726993075,0.357058901164117
source/48kHz_DE_data/OR/Opposite/0007/OR007@12_3.mat,source,test,OR,1,3,2.1395,2.836,20.0011583333333,1723,0.24631864948847,0.168989811870732,3.60925476923077,7.45772865929781,10.2875951591132,0.0192702997370094,0.701631574463514,3.74791463174,3.17580051991246,3.6,0.227495439613271,0.37215091893638
source/48kHz_DE_data/OR/Opposite/0007/OR007@12_3.mat,source,test,OR,1,4,2.836,3.5325,20.0011583333333,1723,0.23879686327919,0.165734580704431,3.78344861538462,7.9333537663929,10.0192798365992,0.00647945311898029,0.682081487498293,3.68771209712579,3.15779664093005,3.6,0.233536498464685,0.371379578237682
source/48kHz_DE_data/OR/Opposite/0021/OR021@12_0.mat,source,test,OR,1,0,0.05,0.718,19.9954666666667,1796,0.609257411741615,0.269450001357907,11.0009066666667,9.304786317774,26.9982701074173,0.138509926992671,0.545482331032803,2.44727484948433,1.88002842286156,1,0.368421112577255,0.575697548103606
source/48kHz_DE_data/OR/Opposite/0021/OR021@12_0.mat,source,test,OR,1,1,0.718,1.386,19.9954666666667,1796,0.621960413310773,0.285153288603235,10.874872,9.08058110627491,23.4832407224765,0.129598399805318,0.505868227697366,2.48826659082639,1.81684030161694,1,0.384007127182343,0.567459719473279
source/48kHz_DE_data/OR/Opposite/0021/OR021@12_0.mat,source,test,OR,1,2,1.386,2.054,19.9954666666667,1796,0.584661951653072,0.264618766387219,10.5259813333333,9.16232276873397,26.8637404027289,0.172600946681567,0.547728161336655,2.46522317437405,1.8439846775368,1,0.371075534693466,0.564107205812757
source/48kHz_DE_data/OR/Opposite/0021/OR021@12_1.mat,source,test,OR,1,0,0.05,0.7275,19.9975416666667,1771,0.550189759900774,0.2680995184696,9.03526666666667,8.65854734879112,20.6727153337286,0.157751036819956,0.51003489084737,2.43056310952321,1.77078979246389,2,0.196443767757411,0.588208945530188
source/48kHz_DE_data/OR/Opposite/0021/OR021@12_1.mat,source,test,OR,1,1,0.7275,1.405,19.9975416666667,1771,0.538023047751416,0.257696680544897,9.37163733333333,9.19733223659503,23.173530010619,0.16442212640526,0.530819758775527,2.43481184661041,1.85640030310499,2,0.191132310790373,0.592309407573121
source/48kHz_DE_data/OR/Opposite/0021/OR021@12_1.mat,source,test,OR,1,2,1.405,2.0825,19.9975416666667,1771,0.555901720334112,0.263779461217697,9.80149066666667,9.07647029032746,24.0913490635257,0.14117936281698,0.521114037655524,2.4565233176016,1.83297499408939,2,0.201389816705634,0.582574573885313
source/48kHz_DE_data/OR/Opposite/0021/OR021@12_1.mat,source,test,OR,1,3,2.0825,2.76,19.9975416666667,1771,0.52230091635591,0.247687228054326,9.58865066666667,9.62009357008476,24.0863099655539,0.155069976974547,0.559281432619445,2.44397505450638,1.92035915537468,2,0.191136443366223,0.58937654066677
source/48kHz_DE_data/OR/Opposite/0021/OR021@12_1.mat,source,test,OR,1,4,2.76,3.4375,19.9975416666667,1771,0.558343046248095,0.27576809860641,9.254784,8.67757520764195,20.2053045146359,0.140146593708525,0.505591991422362,2.46335477666862,1.80508988540291,2,0.193294809965516,0.581895007976723
source/48kHz_DE_data/OR/Opposite/0021/OR021@12_2.mat,source,train,OR,1,0,0.05,0.7375,20.00625,1746,0.451708437759128,0.239385926984022,7.51116533333333,8.33164621396687,19.1110133320926,0.144913457618328,0.518795864959179,2.43424418205888,1.86266454920499,2,0.197918391479118,0.591550874305984
source/48kHz_DE_data/OR/Opposite/0021/OR021@12_2.mat,source,train,OR,1,1,0.7375,1.425,20.00625,1746,0.477758371473739,0.24533990944359,9.08117333333333,9.76221262135636,21.5655051996372,0.16549742072969,0.558904049837385,2.4463359492979,1.92476404666762,2,0.212228773309024,0.597098071774315
source/48kHz_DE_data/OR/Opposite/0021/OR021@12_2.mat,source,train,OR,1,2,1.425,2.1125,20.00625,1746,0.480313774971843,0.24163524507964,8.804064,9.39706739067685,23.5610140758777,0.180627182144338,0.567784785494407,2.47262402417824,1.90517157919398,2,0.189200671981147,0.579429554490493
source/48kHz_DE_data/OR/Opposite/0021/OR021@12_2.mat,source,train,OR,1,3,2.1125,2.8,20.00625,1746,0.45060953600944,0.234280820392433,9.82235733333333,11.4987261154798,24.6443023015125,0.177529517636396,0.551659709263791,2.50259713094384,1.99634322400006,2,0.196878179709693,0.587588078963466
source/48kHz_DE_data/OR/Opposite/0021/OR021@12_2.mat,source,train,OR,1,4,2.8,3.4875,20.00625,1746,0.501335695066879,0.247489313046176,9.29568266666667,9.45407646919437,24.81075052111,0.185191873987007,0.55875217719789,2.48820890047286,1.91730693642393,2,0.201973137811958,0.583535039073195
source/48kHz_DE_data/OR/Opposite/0021/OR021@12_3.mat,source,validation,OR,1,0,0.05,0.7485,20.0003833333333,1718,0.425941011368809,0.223654800891432,7.77492,9.24256138061664,23.7430265335956,0.145613219389465,0.567235047100736,2.47019732930268,1.95034782039428,2,0.191135428025741,0.585853106409889
source/48kHz_DE_data/OR/Opposite/0021/OR021@12_3.mat,source,validation,OR,1,1,0.7485,1.447,20.0003833333333,1718,0.427597615846193,0.228151756456017,7.50114933333333,9.03719063913102,20.7191244847963,0.128676903886664,0.554980732088551,2.57516634907671,2.03320374923234,2,0.203148067954609,0.573292048991275
source/48kHz_DE_data/OR/Opposite/0021/OR021@12_3.mat,source,validation,OR,1,2,1.447,2.1455,20.0003833333333,1718,0.424663748813096,0.218273392363657,8.170552,9.66633814384957,22.3343574525184,0.165274833533323,0.531914319581178,2.47207697906877,1.93537442957861,2,0.19316196773329,0.582711665515957
source/48kHz_DE_data/OR/Opposite/0021/OR021@12_3.mat,source,validation,OR,1,3,2.1455,2.844,20.0003833333333,1718,0.410854646816627,0.218905405559711,7.62384533333333,9.70112274805142,20.8932387791488,0.184319385016706,0.535480916029356,2.53935155151584,1.96687364850074,2,0.193352468615223,0.572526273268805
source/48kHz_DE_data/OR/Opposite/0021/OR021@12_3.mat,source,validation,OR,1,4,2.844,3.5425,20.0003833333333,1718,0.416383062902637,0.222713618525848,6.93941866666667,8.41909307510115,19.147493723807,0.142278482227605,0.536809606076782,2.46550715083776,1.96024959440162,2,0.191404691688091,0.595861635376475
source/48kHz_DE_data/OR/Orthogonal/0007/OR007@3_0.mat,source,train,OR,1,0,0.05,0.718,20.0066,1797,0.410157596458026,0.309316782771506,3.84311261538461,4.78246673494849,4.22740444502796,0.0649611120737092,0.50195381533874,4.82884410569662,3.0929973419291,3.6,0.507111054952572,0.160700645653222
source/48kHz_DE_data/OR/Orthogonal/0007/OR007@3_0.mat,source,train,OR,1,1,0.718,1.386,20.0066,1797,0.394559410488811,0.299208752263394,3.55125969230769,4.5404819104007,4.12802890049875,0.0785912908006727,0.489407618408673,4.9029572801205,3.08417583453483,3.6,0.528608472318345,0.143428760579212
source/48kHz_DE_data/OR/Orthogonal/0007/OR007@3_0.mat,source,train,OR,1,2,1.386,2.054,20.0066,1797,0.393050244663959,0.2982447070428,3.54646153846154,4.68607416165208,4.04032376722038,0.0813053007657575,0.481378696044487,4.96060963660474,3.10790951770835,3.6,0.550022782438311,0.128713599833533
source/48kHz_DE_data/OR/Orthogonal/0007/OR007@3_1.mat,source,test,OR,1,0,0.05,0.727,20.00535,1773,0.459707539867595,0.351723169619352,4.16166830769231,4.68115411945344,3.97306577208972,0.0530447200606523,0.433591222744088,5.01239205568009,2.93903061987796,3.6,0.606406328808939,0.0893789996367595
source/48kHz_DE_data/OR/Orthogonal/0007/OR007@3_1.mat,source,test,OR,1,1,0.727,1.404,20.00535,1773,0.456042213470499,0.345403182930492,4.19880184615385,4.61218959040898,4.1476005285961,0.0417374444071878,0.431034652992331,4.99959824598609,2.93087402320227,3.6,0.604807579599876,0.0893829087459451
source/48kHz_DE_data/OR/Orthogonal/0007/OR007@3_1.mat,source,test,OR,1,2,1.404,2.081,20.00535,1773,0.452475558401229,0.343736772964535,4.16855261538461,4.61468931761928,4.05301246296351,0.0613300268908185,0.431467909080962,4.97061306718349,2.90853200811455,3.6,0.611412890030833,0.086363990739572
source/48kHz_DE_data/OR/Orthogonal/0007/OR007@3_1.mat,source,test,OR,1,3,2.081,2.758,20.00535,1773,0.457656763713495,0.347932558952431,4.23322338461538,4.74028260984061,4.13971981715388,0.0606697867592745,0.434686696712144,4.97400962291931,2.90034066167759,3.6,0.600335457711065,0.0918393995369794
source/48kHz_DE_data/OR/Orthogonal/0007/OR007@3_1.mat,source,test,OR,1,4,2.758,3.435,20.00535,1773,0.454793311977505,0.344196871526289,4.21549107692308,4.65893310658958,4.21580635926519,0.0640821116973346,0.435623326524094,4.98641285883598,2.90775473010032,3.6,0.598467804625197,0.089273292310401
source/48kHz_DE_data/OR/Orthogonal/0007/OR007@3_2.mat,source,train,OR,1,0,0.05,0.7355,19.99375,1750,0.444495465489899,0.329599542968209,3.91153846153846,4.56619020556014,4.40819530053601,0.0666713314430383,0.455349971278165,5.14450800888729,3.01576416868379,3.6,0.565791021337622,0.112277885062691
source/48kHz_DE_data/OR/Orthogonal/0007/OR007@3_2.mat,source,train,OR,1,1,0.7355,1.421,19.99375,1750,0.44814658413105,0.333594882287772,3.994776,4.54670387124691,4.30036232304135,0.0495092622291388,0.453810930890989,5.10468303139098,2.99996065373351,3.6,0.574989137948946,0.110316680438157
source/48kHz_DE_data/OR/Orthogonal/0007/OR007@3_2.mat,source,train,OR,1,2,1.421,2.1065,19.99375,1750,0.44788038248704,0.334282002609213,3.94908923076923,4.57751874881642,4.29085800848294,0.0646326980897858,0.457432902751642,5.08378768997861,3.02817014611896,3.6,0.566325746181049,0.119365788288679
source/48kHz_DE_data/OR/Orthogonal/0007/OR007@3_2.mat,source,train,OR,1,3,2.1065,2.792,19.99375,1750,0.445089867399309,0.330914554401162,4.00896184615385,4.53059594783235,4.35239276018726,0.0686700819934507,0.452794055312805,5.0699717712078,3.03875236882285,3.6,0.568972340544396,0.124794712104386
source/48kHz_DE_data/OR/Orthogonal/0007/OR007@3_2.mat,source,train,OR,1,4,2.792,3.4775,19.99375,1750,0.442120106595289,0.328469506091681,3.83622830769231,4.45871797746376,4.37132460227773,0.0590387482941129,0.452819966709696,5.10053188663441,3.01913666846324,3.6,0.569216489379034,0.116536865580929
source/48kHz_DE_data/OR/Orthogonal/0007/OR007@3_3.mat,source,train,OR,1,0,0.05,0.746,19.9984,1724,0.445808355183023,0.3385552907104,3.70876430769231,4.16732124698266,4.03857421431653,0.0521635814977135,0.475620940504995,5.36827636316583,3.35138617636564,3.6,0.535180768373248,0.10824970293697
source/48kHz_DE_data/OR/Orthogonal/0007/OR007@3_3.mat,source,train,OR,1,1,0.746,1.442,19.9984,1724,0.445631454975037,0.339363313203868,3.75507692307692,4.22243791866912,3.98448937195204,0.0428794744346849,0.472566753681829,5.36074576322445,3.31786453994708,3.6,0.538222055580223,0.105294309875617
source/48kHz_DE_data/OR/Orthogonal/0007/OR007@3_3.mat,source,train,OR,1,2,1.442,2.138,19.9984,1724,0.442600563583919,0.336053775160563,3.98538830769231,4.58328801605725,4.09445834160721,0.0456374947967193,0.484217340795151,5.32804370277639,3.30646392654006,3.6,0.511631484533117,0.113863348998516
source/48kHz_DE_data/OR/Orthogonal/0007/OR007@3_3.mat,source,train,OR,1,3,2.138,2.834,19.9984,1724,0.443012506753213,0.335604256422312,3.91821415384615,4.44943983305003,4.19512993211144,0.0432652573256949,0.474610977523158,5.33661559212232,3.30950211262903,3.6,0.532916187063668,0.106950219011875
source/48kHz_DE_data/OR/Orthogonal/0007/OR007@3_3.mat,source,train,OR,1,4,2.834,3.53,19.9984,1724,0.441118510019397,0.333155696783621,3.74402030769231,4.31544462559946,4.21629309176919,0.0545457596272428,0.47640449188348,5.32503917086568,3.31743343984205,3.6,0.536016600770263,0.105804477563392
source/48kHz_DE_data/OR/Orthogonal/0021/OR021@3_0.mat,source,train,OR,1,0,0.05,0.718,19.9954666666667,1796,0.40301897458049,0.279186423892391,5.37650533333333,7.37139870378409,8.45312214045563,-0.290970711789347,0.568592113203232,4.02123469310127,4.59347302773029,1,0.434804249308216,0.525615484620775
source/48kHz_DE_data/OR/Orthogonal/0021/OR021@3_0.mat,source,train,OR,1,1,0.718,1.386,19.9954666666667,1796,0.420765996894827,0.294852405326876,5.50713066666667,7.07881455906542,7.85914337672727,-0.222704317317089,0.571272243749335,4.22582685949397,4.78245460002057,1,0.387849054333509,0.503997042610238
source/48kHz_DE_data/OR/Orthogonal/0021/OR021@3_0.mat,source,train,OR,1,2,1.386,2.054,19.9954666666667,1796,0.411846484358934,0.283893966879666,5.935732,7.90480966280643,8.62054555324632,-0.192078009416064,0.572352417752603,3.93453635206168,4.44748576843978,1,0.404673392657023,0.520821099258572
source/48kHz_DE_data/OR/Orthogonal/0021/OR021@3_1.mat,source,validation,OR,1,0,0.05,0.728,20.001,1770,0.772267244810836,0.52806537346668,9.77895466666667,6.50968422625608,7.13032832165897,0.114708732203815,0.553816779282675,3.71458586669358,3.70939521342328,1,0.355892277737338,0.466144546114682
source/48kHz_DE_data/OR/Orthogonal/0021/OR021@3_1.mat,source,validation,OR,1,1,0.728,1.406,20.001,1770,0.768567279032442,0.523321533220093,9.53189333333333,6.57593196421656,7.35571971900103,0.0791359422970032,0.555485528542937,3.67023621625091,3.82747040157479,1,0.378757964911938,0.496524842857423
source/48kHz_DE_data/OR/Orthogonal/0021/OR021@3_1.mat,source,validation,OR,1,2,1.406,2.084,20.001,1770,0.746106789633695,0.510115676481199,10.8080986666667,7.80039080188892,7.65139003721056,0.0110922609558764,0.552701091781301,3.82950419001455,3.84451676252041,1,0.344737180217732,0.455057301875826
source/48kHz_DE_data/OR/Orthogonal/0021/OR021@3_1.mat,source,validation,OR,1,3,2.084,2.762,20.001,1770,0.757817975214475,0.517354823448126,9.55442933333333,6.90585358283163,7.65386529390774,-0.0194030362268113,0.551524670539207,3.92645236786904,3.90797542958228,1,0.365383232066999,0.453927928354565
source/48kHz_DE_data/OR/Orthogonal/0021/OR021@3_1.mat,source,validation,OR,1,4,2.762,3.44,20.001,1770,0.768041268246938,0.52404943106594,10.329,7.107338812169,7.31932128342155,0.0522631272822967,0.564643462094529,3.93245042995763,3.93302801563723,1,0.359200958366053,0.454435670340816
source/48kHz_DE_data/OR/Orthogonal/0021/OR021@3_2.mat,source,train,OR,1,0,0.05,0.7375,20.00625,1746,0.714472137302106,0.492144864446648,8.52528533333333,6.12563765863474,6.56602952251627,0.0892151039879702,0.568718966804546,3.82283793111069,4.02814010083839,1,0.402125508235263,0.491548072689097
source/48kHz_DE_data/OR/Orthogonal/0021/OR021@3_2.mat,source,train,OR,1,1,0.7375,1.425,20.00625,1746,0.728933015200893,0.494432462251803,9.02775466666667,6.55025438566652,7.21558766287416,0.0673331064671584,0.568206882870681,3.9133638661548,4.08388462639405,1,0.386838977847925,0.476408921366354
source/48kHz_DE_data/OR/Orthogonal/0021/OR021@3_2.mat,source,train,OR,1,2,1.425,2.1125,20.00625,1746,0.72465287386136,0.488953730972077,9.32072266666667,6.50694794744434,7.693761357585,0.0494890369635235,0.573718761946214,3.81629650349782,3.86605052054409,1,0.369070208861764,0.460422323680281
source/48kHz_DE_data/OR/Orthogonal/0021/OR021@3_2.mat,source,train,OR,1,3,2.1125,2.8,20.00625,1746,0.708936109885171,0.480523520424796,8.98769066666667,6.59617617105964,7.39992008346399,0.0601856094791798,0.57691026336954,4.11101948473525,4.127550235302,1,0.346118852980693,0.428920738939829
source/48kHz_DE_data/OR/Orthogonal/0021/OR021@3_2.mat,source,train,OR,1,4,2.8,3.4875,20.00625,1746,0.706722135884082,0.482999539966942,9.34409333333333,6.69511177403586,7.57120012765204,0.022610114795916,0.57425940505604,3.95831427207527,4.00173507794769,1,0.339515782507608,0.447882286426597
source/48kHz_DE_data/OR/Orthogonal/0021/OR021@3_3.mat,source,train,OR,1,0,0.05,0.748,19.9977,1719,0.676337167874182,0.463840377737313,8.931768,6.94909174119693,7.73316325211625,-0.110607578788778,0.560691847608591,3.81982474742417,3.97821790955735,1,0.373910481813436,0.453811052561537
source/48kHz_DE_data/OR/Orthogonal/0021/OR021@3_3.mat,source,train,OR,1,1,0.748,1.446,19.9977,1719,0.667448004415897,0.457954594948315,9.19051466666667,6.928061871017,7.94330788687202,-0.0934804855845391,0.572533616290053,3.84679249148856,4.02082411226583,1,0.368524369016226,0.459855202162553
source/48kHz_DE_data/OR/Orthogonal/0021/OR021@3_3.mat,source,train,OR,1,2,1.446,2.144,19.9977,1719,0.685730981640614,0.473146173103015,9.25394933333333,7.10076120794248,7.3592295921537,-0.10591915752301,0.577421873668767,4.01973807803543,4.01612407855755,1,0.356682475798094,0.433136283660558
source/48kHz_DE_data/OR/Orthogonal/0021/OR021@3_3.mat,source,train,OR,1,3,2.144,2.842,19.9977,1719,0.669512070892389,0.462715553489572,8.89838133333333,6.97023550664217,7.21106990724808,-0.0895046739013943,0.560004672129894,4.02519083551313,4.15642131301479,1,0.356521473355504,0.441376037727486
source/48kHz_DE_data/OR/Orthogonal/0021/OR021@3_3.mat,source,train,OR,1,4,2.842,3.54,19.9977,1719,0.680834710736631,0.469358484201138,8.55032533333333,6.73616439614651,7.19523035702287,-0.0833732984435171,0.569940447298007,3.82615300124424,3.96721753042778,1,0.372594854909155,0.462831487344541
source/48kHz_Normal_data/N_0.mat,source,test,N,0,0,0.05,0.718,19.9954666666667,1796,0.0727350151203796,0.0586217109311827,0.534889846153846,4.09499114119374,2.77351558933117,-0.0874930426872621,0.902827655504961,7.33802921623538,5.42346980127104,5.4,0.0870952951988645,0.16810211203547
source/48kHz_Normal_data/N_0.mat,source,test,N,0,1,0.718,1.386,19.9954666666667,1796,0.0717933088916442,0.0577649469045701,0.575778461538462,4.15527149068155,2.85031441721515,0.000785440063017321,0.891437170519879,7.98746218963768,5.08916515309103,1.5,0.192717914703865,0.163139796836835
source/48kHz_Normal_data/N_0.mat,source,test,N,0,2,1.386,2.054,19.9954666666667,1796,0.0719012804172601,0.0581963358436642,0.509021538461538,3.59794470372924,2.71060756941709,-0.0189982422039405,0.881876058481964,6.18817365704316,4.82467048693381,1,0.2868509958066,0.227423956736372
source/48kHz_Normal_data/N_0.mat,source,test,N,0,3,2.054,2.722,19.9954666666667,1796,0.0711763393088638,0.0575909683342464,0.499425230769231,3.52951795159157,2.7485938299706,-0.0338700031817772,0.890946471467354,7.35379700165031,5.04745117646167,3.1,0.11120171310419,0.158898164210386
source/48kHz_Normal_data/N_0.mat,source,test,N,0,4,2.722,3.39,19.9954666666667,1796,0.0741419307000821,0.0599786294333259,0.516114461538462,3.56246175717616,2.70196971575225,-0.0539931488235189,0.872046077594429,5.85906938262584,4.86398449285964,5.4,0.0701361414703415,0.245819947914061
source/48kHz_Normal_data/N_0.mat,source,test,N,0,5,3.39,4.058,19.9954666666667,1796,0.0734559498735171,0.0590778004826511,0.531760615384615,3.87231865873317,2.80885137873351,-0.0665942684401853,0.897788677072047,7.45474095160593,5.13136851873115,6.3,0.0804596755547535,0.173254632741717
source/48kHz_Normal_data/N_0.mat,source,test,N,0,6,4.058,4.726,19.9954666666667,1796,0.0739127528210502,0.0597548472680962,0.491915076923077,3.33809657773886,2.73952298347392,0.00904319844866639,0.886707518305046,7.12285032242173,5.01496853724391,2.9,0.115091789101669,0.159858651441894
source/48kHz_Normal_data/N_1_(1772rpm).mat,source,validation,N,0,0,0.05,0.727,19.9940666666667,1772,0.0652559620572386,0.0524474145776749,0.478563692307692,4.00952258397547,2.87637580963587,-0.187374283613839,0.880483365369706,6.72953308194912,4.96539806863391,2,0.166409247195295,0.209230422800118
source/48kHz_Normal_data/N_1_(1772rpm).mat,source,validation,N,0,1,0.727,1.404,19.9940666666667,1772,0.0650127820473977,0.0521836182213415,0.490872,4.30431993985457,2.88915869477303,-0.202081379582733,0.837279267388548,5.97532510678485,4.51611592121965,2,0.166986973309915,0.229353602232859
source/48kHz_Normal_data/N_1_(1772rpm).mat,source,validation,N,0,2,1.404,2.081,19.9940666666667,1772,0.0651795382527655,0.052389555162574,0.494627076923077,3.89810307191077,2.867011095561,-0.149911679894868,0.885601244384952,6.66713576569195,5.20050836361077,3.4,0.0914052749051058,0.244836411504488
source/48kHz_Normal_data/N_1_(1772rpm).mat,source,validation,N,0,3,2.081,2.758,19.9940666666667,1772,0.0650777519090383,0.0520792642657643,0.484404923076923,4.10570217260875,2.87336254199276,-0.162322004764644,0.881020818072161,6.85888495133504,4.90498351065955,5.4,0.0982793956710109,0.219347808279093
source/48kHz_Normal_data/N_1_(1772rpm).mat,source,validation,N,0,4,2.758,3.435,19.9940666666667,1772,0.0658143411079616,0.0526716898882009,0.565139076923077,4.85393543501481,2.95729254862084,-0.18365378988071,0.868732060945556,6.58602565551474,4.53704127365903,5.4,0.0894317248724079,0.17349694657968
source/48kHz_Normal_data/N_1_(1772rpm).mat,source,validation,N,0,5,3.435,4.112,19.9940666666667,1772,0.065343121204038,0.0521696777481351,0.539479384615385,4.66769115032299,2.99104716403456,-0.151678294959682,0.864382366979399,6.4180873668809,4.35985339912015,5.4,0.122938887976957,0.170894553943055
source/48kHz_Normal_data/N_1_(1772rpm).mat,source,validation,N,0,6,4.112,4.789,19.9940666666667,1772,0.0649145268296939,0.051933262948563,0.534681230769231,4.41806827910781,2.94108854268358,-0.154176296515608,0.859780509032879,6.1522757603183,4.35340165770659,5.4,0.111738567783377,0.199688742949151
source/48kHz_Normal_data/N_1_(1772rpm).mat,source,validation,N,0,7,4.789,5.466,19.9940666666667,1772,0.0652956270360873,0.0521346637372963,0.466672615384615,3.66642013483255,2.95083411795675,-0.159736234023875,0.878990977991431,6.31928810437904,4.82976504642752,2,0.165084003758893,0.238302061463302
source/48kHz_Normal_data/N_1_(1772rpm).mat,source,validation,N,0,8,5.466,6.143,19.9940666666667,1772,0.0653517287613758,0.0523360491831713,0.469384615384615,3.69795751840677,2.89494652040364,-0.148060815059678,0.879791382603523,6.83304039594679,4.98809704835512,5.4,0.103595756023235,0.169145704905487
source/48kHz_Normal_data/N_1_(1772rpm).mat,source,validation,N,0,9,6.143,6.82,19.9940666666667,1772,0.0649998485102905,0.0519066963555068,0.484404923076923,3.90149446253511,2.96751870477651,-0.178941531296473,0.891866411074197,7.09864594449869,5.31097742102226,2,0.119101202510332,0.231271378248799
source/48kHz_Normal_data/N_1_(1772rpm).mat,source,validation,N,0,10,6.82,7.497,19.9940666666667,1772,0.0653594155966769,0.0521708732172559,0.487742769230769,3.95368479258578,2.98178872290073,-0.178435021030245,0.867962727606622,6.62260581590286,5.07978053212372,5.4,0.111760509127922,0.245798354508002
source/48kHz_Normal_data/N_2_(1750rpm).mat,source,train,N,0,0,0.05,0.7355,19.99375,1750,0.0634380709227802,0.050840625955742,0.507561230769231,4.47079254636384,2.93437607034502,-0.186326775417544,0.905594374400589,7.25546842160372,5.09126045669362,1,0.356123640158429,0.174486855936091
source/48kHz_Normal_data/N_2_(1750rpm).mat,source,train,N,0,1,0.7355,1.421,19.99375,1750,0.0632043761028182,0.0506112488918267,0.491497846153846,4.04527770920934,2.94954139737202,-0.178535734813327,0.882089671964474,7.52664587503635,5.04821292930607,1.4,0.220019503206285,0.185608308844734
source/48kHz_Normal_data/N_2_(1750rpm).mat,source,train,N,0,2,1.421,2.1065,19.99375,1750,0.0632707878572112,0.0507301828331949,0.591007384615385,5.50914535997575,2.92339503318643,-0.152060189251469,0.904832306421336,6.60075797405122,5.24600961516708,2.5,0.110951862021194,0.250029954933683
source/48kHz_Normal_data/N_2_(1750rpm).mat,source,train,N,0,3,2.1065,2.792,19.99375,1750,0.0634523714474513,0.0507863521317676,0.499842461538462,4.29405481380939,2.94868250687104,-0.190018589128649,0.903651983669985,7.72317823388066,5.3881300472677,4.9,0.099278730118818,0.161233960428021
source/48kHz_Normal_data/N_2_(1750rpm).mat,source,train,N,0,4,2.792,3.4775,19.99375,1750,0.0631399498404226,0.0504576595913999,0.488785846153846,3.89755252076484,2.93733127165384,-0.179261876362144,0.89967416995193,7.34704002636985,4.96498705761914,6.8,0.087911746231389,0.205140577772247
source/48kHz_Normal_data/N_2_(1750rpm).mat,source,train,N,0,5,3.4775,4.163,19.99375,1750,0.0633163053126017,0.0507865926510053,0.592676307692308,5.34064981707966,2.97302981298219,-0.17220776605647,0.868746699623247,5.64196771457393,4.70624471527209,3.4,0.0933172000060227,0.267232330556729
source/48kHz_Normal_data/N_2_(1750rpm).mat,source,train,N,0,6,4.163,4.8485,19.99375,1750,0.0628603107734044,0.0504586107180362,0.457910769230769,4.0734851488737,2.85027284444017,-0.155768266945766,0.884280608890515,7.40112464326822,5.34954945903361,1.1,0.344842291088868,0.130917983293481
source/48kHz_Normal_data/N_2_(1750rpm).mat,source,train,N,0,7,4.8485,5.534,19.99375,1750,0.0629888330900691,0.0504279303601674,0.451443692307692,3.89326222720498,2.90962967161489,-0.160289998161598,0.891611384171178,6.92752538435539,5.13418999863322,5.2,0.0602637181371947,0.213001694979318
source/48kHz_Normal_data/N_2_(1750rpm).mat,source,train,N,0,8,5.534,6.2195,19.99375,1750,0.0631206770711574,0.0505617034472172,0.472513846153846,4.08557508978662,2.91716206925316,-0.181225069546001,0.894150321052351,7.33715726195371,5.45776531456226,2,0.148687273171496,0.233028086611295
source/48kHz_Normal_data/N_2_(1750rpm).mat,source,train,N,0,9,6.2195,6.905,19.99375,1750,0.0622990863016524,0.0500994180161572,0.491706461538462,4.21698344306177,2.86003307724128,-0.16968371448251,0.89595285845215,7.35175151963582,5.03035665612984,3.4,0.0988297195700506,0.147712617447059
source/48kHz_Normal_data/N_2_(1750rpm).mat,source,train,N,0,10,6.905,7.5905,19.99375,1750,0.0628313486753195,0.0503222801542818,0.467298461538461,4.11189912334021,2.89254460441286,-0.14422571574047,0.893417709080949,6.97600256802951,5.12191395478754,2,0.158039411651577,0.216918960626227
source/48kHz_Normal_data/N_3.mat,source,train,N,0,0,0.05,0.7455,19.995625,1725,0.0646566329807293,0.0516969081922702,0.486491076923077,4.01058142960787,2.93625401160475,-0.119846036564544,0.902610775319856,8.3999067159759,5.4340608698434,2,0.167292512245345,0.172906338136783
source/48kHz_Normal_data/N_3.mat,source,train,N,0,1,0.7455,1.441,19.995625,1725,0.0645588038509865,0.0517007853934806,0.502971692307692,3.90001848684485,2.90158781234637,-0.110634060104026,0.893762424517571,7.70635612240509,5.51376063598839,2,0.180397012251934,0.174317861536178
source/48kHz_Normal_data/N_3.mat,source,train,N,0,2,1.441,2.1365,19.995625,1725,0.0643648863407839,0.0515126713028393,0.530717538461538,4.1613308653825,2.93256866035314,-0.134996958481571,0.909957264596055,7.99800072797531,5.46431290251229,2,0.193050801603554,0.201236894632686
source/48kHz_Normal_data/N_3.mat,source,train,N,0,3,2.1365,2.832,19.995625,1725,0.0641591684675369,0.0513615824032589,0.504223384615385,4.01913777721581,2.94447544276539,-0.160885023454056,0.894044209836489,7.64340112910183,5.68842071011966,2,0.182667495180722,0.210365705444035
source/48kHz_Normal_data/N_3.mat,source,train,N,0,4,2.832,3.5275,19.995625,1725,0.0645882196330685,0.0515404658503149,0.463752,3.64395703717686,2.96788915729938,-0.128069045983002,0.903401891021979,7.78272459573252,5.39227642851886,2,0.156502617583328,0.181945629046563
source/48kHz_Normal_data/N_3.mat,source,train,N,0,5,3.5275,4.223,19.995625,1725,0.0646982105810425,0.0516336692946491,0.479398153846154,3.74588131308959,2.97266846571239,-0.122350405092038,0.906689891251626,8.04904118016682,5.45474477210377,1.6,0.224898870554656,0.166861764134428
source/48kHz_Normal_data/N_3.mat,source,train,N,0,6,4.223,4.9185,19.995625,1725,0.0655103611889555,0.0523415144952266,0.539270769230769,4.54150167018691,2.95653938125519,-0.141720099431569,0.889324275657996,8.16129995628164,5.69601432664785,2,0.191676948356413,0.212994747316732
source/48kHz_Normal_data/N_3.mat,source,train,N,0,7,4.9185,5.614,19.995625,1725,0.0646897813452271,0.0518063776542728,0.470844923076923,3.74947361687818,2.91838314483926,-0.13053987958999,0.911530570046717,8.59356284471253,5.29613512553306,6.1,0.0692559953535653,0.103300174493579
source/48kHz_Normal_data/N_3.mat,source,train,N,0,8,5.614,6.3095,19.995625,1725,0.0650244941617142,0.0519115351583936,0.532386461538461,4.18593680736296,2.99631588784986,-0.106083992235702,0.897416409327247,7.59737153955336,5.4042804234978,2,0.216268032393273,0.20348333322324
source/48kHz_Normal_data/N_3.mat,source,train,N,0,9,6.3095,7.005,19.995625,1725,0.0648877135166802,0.0518541508372694,0.564096,4.93128939388023,2.98035034082837,-0.132691547479138,0.897461481081788,6.85293119994743,5.20574209042939,2,0.164279801414511,0.223333898602304
source/48kHz_Normal_data/N_3.mat,source,train,N,0,10,7.005,7.7005,19.995625,1725,0.0646790449904843,0.0517109124577879,0.531552,4.32487316620679,2.96329973855051,-0.13661526281656,0.88320204405684,7.73082374119847,5.22906319298306,2,0.160927586876529,0.188168702809592
target/A.mat,target,target,,-1,0,0.05,2.05,20,600,3.39390695055855,2.6954569371397,30.0397184144531,4.60104557213198,3.17024082955185,0.0324957849473871,0.92235737479341,9.76848697680356,6.02568695772917,1.9,0.112656483319585,0.142035257318663
target/A.mat,target,target,,-1,1,2.05,4.05,20,600,3.4670560304882,2.75372529933135,30.2181716320313,4.43112246409215,3.0946539450844,-0.00534633264910887,0.920888945356385,9.26936769825587,5.87382563604089,1,0.321800426034321,0.164069738911559
target/A.mat,target,target,,-1,2,4.05,6.05,20,600,3.46007500082952,2.74150677147171,31.1679128332031,4.62464830894769,3.16380687071578,0.00470430770860766,0.916101534681738,8.85006236117986,5.93827260821988,5.1,0.058214709070974,0.164508593197101
target/B.mat,target,target,,-1,0,0.05,2.05,20,600,1.5127346031538,1.15687582181614,21.110468925,7.56104517965669,4.714399870642,0.0437743430509066,0.911405606756495,8.0890411589037,5.78890606751827,1.4,0.221529108701067,0.210738293443263
target/B.mat,target,target,,-1,1,2.05,4.05,20,600,1.46432619218785,1.12287399732665,24.9241529660156,9.17732404347189,4.86442550243645,0.0213842454664738,0.915131134428217,9.4375114153282,5.9609200696943,10,0.0388024406747263,0.175698473280515
target/B.mat,target,target,,-1,2,4.05,6.05,20,600,1.41006536170382,1.09025380048111,20.1307285183594,7.37230160317898,4.24106143901559,0.0250478847490476,0.904176989400204,8.43002100386705,6.14425805355781,1.3,0.266298642940756,0.197014515231261
target/C.mat,target,target,,-1,0,0.05,2.05,20,600,32.0226144821835,15.9403671329282,684.104965539844,10.8481109128632,29.2290426235283,0.140661746978554,0.699446847298409,5.9084624884367,4.55333050935255,1,0.635540225801648,0.284584436040505
target/C.mat,target,target,,-1,1,2.05,4.05,20,600,31.5928795997415,15.8854817980994,690.605400851953,11.0359684079489,28.225064299926,0.0589150674153482,0.676090582572395,5.72261395265513,4.50569287185795,1,0.698982646325652,0.297571647743219
target/C.mat,target,target,,-1,2,4.05,6.05,20,600,31.4390646510957,15.9278437869951,693.129119057812,11.1153959599906,27.8199521133586,0.0498075120149687,0.687582563841244,5.53183382941692,4.38126495051712,1,0.664533307950599,0.315759738315236
target/D.mat,target,target,,-1,0,0.05,2.05,20,600,8.35387725447084,6.65722632921446,68.8298125511719,4.31803582848469,3.02483993346879,0.0180283940239774,0.910508274670372,9.62035831277691,5.50814358996335,8.9,0.0424432359078439,0.111754170369483
target/D.mat,target,target,,-1,1,2.05,4.05,20,600,8.2861580254828,6.58047330262623,71.9389358132812,4.56456368497129,3.08584973425492,0.00902477026422558,0.92155815259435,8.91183613039555,5.5817246096286,7,0.0426970708509193,0.110732041796616
target/D.mat,target,target,,-1,2,4.05,6.05,20,600,8.29484866385086,6.59522458707918,68.6984608898437,4.235562895312,3.0931290552184,0.0142788925400503,0.914265166638263,10.1954334738648,5.91011867406309,7,0.0874246942968911,0.105417227006312
target/E.mat,target,target,,-1,0,0.05,2.05,20,600,15.455087140201,6.74176152957058,356.360421580078,11.6241307106874,40.5138218200759,-0.0616483000471278,0.771524865595699,7.13666371256301,5.34542489375989,1,0.594910005229281,0.251453720179911
target/E.mat,target,target,,-1,1,2.05,4.05,20,600,16.0840926910739,6.97592941230472,358.993202317969,11.1806325996639,40.7086553966206,0.0654251088281788,0.78878344942669,7.45812347205211,5.50528493084798,1.9,0.20617869146626,0.237271398883714
target/E.mat,target,target,,-1,2,4.05,6.05,20,600,15.3960011383171,6.75757626871516,358.670921133984,11.6590545962048,41.1944899597121,-0.120546064778889,0.786285918025978,7.03114478740683,5.26926314447873,1.9,0.241999743186871,0.263440381017981
target/F.mat,target,target,,-1,0,0.05,2.05,20,600,5.73135728729463,4.55886934892838,45.0289475917969,4.0450434337474,3.06322085159688,0.0183514789087431,0.918530722620566,10.1843466459034,5.82386716682373,7.7,0.0753788872087964,0.134784087897304
target/F.mat,target,target,,-1,1,2.05,4.05,20,600,5.78331970194126,4.59943400340873,51.5197102628906,4.6131028193034,3.12183761142734,0.013371659465943,0.914680134991039,9.27949707447332,5.88737127568451,8.3,0.0530545459740265,0.131480445174144
target/F.mat,target,target,,-1,2,4.05,6.05,20,600,5.77101284605362,4.58432274382495,47.7086897027344,4.1626355089946,3.06542442844269,-0.0015992952613219,0.901803482425936,10.1618029017748,5.58214818316321,8.3,0.102819102027623,0.0881064619746035
target/G.mat,target,target,,-1,0,0.05,2.05,20,600,1.61964856716353,1.24847443969918,18.70380369375,6.07351512385914,4.19847995183613,-0.0424825383041103,0.911683357577561,8.40837780265951,5.55100777688874,1.9,0.210270740689396,0.170052676920843
target/G.mat,target,target,,-1,1,2.05,4.05,20,600,1.5968690767405,1.22676379887142,20.0788607332031,6.61406816275014,4.35347035304841,-0.00591116453182667,0.904167783029414,8.57425875969497,5.96229153842802,1,0.32392559508269,0.202334205253682
target/G.mat,target,target,,-1,2,4.05,6.05,20,600,1.59469786096851,1.2269430859255,19.9032111796875,6.25796343323975,4.24082443019355,-0.0480836338894461,0.897286591841039,8.1787869300703,5.74984180711611,1,0.34372993319013,0.170281449752187
target/H.mat,target,target,,-1,0,0.05,2.05,20,600,10.8499897938382,8.27066674174291,126.239320093359,6.21181010632607,4.89531839646088,-0.273548374122886,0.574393475483951,9.30907727912488,4.29504105843157,8.3,0.590427829542704,0.0589195582557036
target/H.mat,target,target,,-1,1,2.05,4.05,20,600,10.8228662692851,8.25341842838507,129.288865494141,6.45808650747309,4.92303066012072,-0.271358690179535,0.589622915634888,8.88878202482701,4.34537860855836,8.3,0.556050150231595,0.0883262074409261
target/H.mat,target,target,,-1,2,4.05,6.05,20,600,10.816759049486,8.2548213100392,126.389736670312,6.31446206846931,4.8791665294088,-0.255991867423776,0.657201850044939,9.08835822892599,4.48404439945531,8.3,0.477764858570458,0.0821861715076159
target/I.mat,target,target,,-1,0,0.05,2.05,20,600,29.9336189442106,18.2549119062827,597.726879438281,10.016166581486,21.7784656837845,-0.0401865407961492,0.698639613455076,6.62488749140396,5.17918762353831,1,0.713484739321241,0.3039554474257
target/I.mat,target,target,,-1,1,2.05,4.05,20,600,29.1786512121679,17.9671292961404,597.769775498437,10.2699342800964,21.1176423072408,0.037566708968008,0.686136280911425,6.78155013547901,5.30052546769547,1.9,0.218377044184079,0.326181482764495
target/I.mat,target,target,,-1,2,4.05,6.05,20,600,29.4967826895651,18.031088253576,591.136025960156,10.1321243268467,21.859538543614,0.00738207575190457,0.697016463635269,6.72719789036001,5.08393887972666,1.9,0.192611835576518,0.300588916725668
target/J.mat,target,target,,-1,0,0.05,2.05,20,600,30.691304811667,15.4890435649945,828.862066216406,14.0901455672514,36.6485864497407,0.2297194038891,0.67638113685119,6.73946011966044,5.23368660970297,1.9,0.217829558591333,0.302387800473815
target/J.mat,target,target,,-1,1,2.05,4.05,20,600,30.080491956727,15.218848872524,826.571192310937,13.9453626910207,38.6295495544139,0.219831605508326,0.697559192890851,6.72906545229443,5.060353422314,1.9,0.215774693365236,0.285220493016984
target/J.mat,target,target,,-1,2,4.05,6.05,20,600,29.6107418929186,15.0913681823323,776.951385,13.8440592371072,36.0926529408077,0.193945273767105,0.668902333557314,6.96948229551945,4.90534543836383,1.9,0.185123550350247,0.267590780004236
target/K.mat,target,target,,-1,0,0.05,2.05,20,600,10.3419330210058,8.09659998974903,114.4567816875,5.62989238293,3.53727748515366,-0.0290752892079757,0.545525576776428,9.15632072060144,4.08043733469732,8.3,0.619954420439849,0.0495147022806447
target/K.mat,target,target,,-1,1,2.05,4.05,20,600,10.3126367927968,8.08771185843431,112.981353474609,5.79418128965983,3.4985788108465,-0.032926369758567,0.503201039216086,8.95329867737146,3.81337604216144,8.3,0.66077540520398,0.0521322126856483
target/K.mat,target,target,,-1,2,4.05,6.05,20,600,10.2414852435228,8.03338074665158,118.222102523437,6.02478848446567,3.54181322250104,-0.0331285711610178,0.509924160664102,8.92518446303544,3.73347823892378,8.3,0.650014279695016,0.0458503152737959
target/L.mat,target,target,,-1,0,0.05,2.05,20,600,1.80737935381597,1.41314684883702,19.5189690199219,5.45265531176708,3.68613548419598,0.0194398515355586,0.901769374649006,8.1119804534391,6.05388304411243,2.9,0.111309432118125,0.193725525188698
target/L.mat,target,target,,-1,1,2.05,4.05,20,600,1.85420427839033,1.45036168133389,19.0832796246094,5.39158923593447,3.58098235709178,0.0217561400852775,0.865071864029252,6.46435301982541,5.76793499660931,1.1,0.239801844429212,0.328039541509231
target/L.mat,target,target,,-1,2,4.05,6.05,20,600,1.84390760604993,1.43805096340205,20.123579175,5.58350419527318,3.69818681482255,0.0141718130970683,0.882231369946481,7.43232565950443,5.91336328053077,1.1,0.285426569284586,0.245817844428724
target/M.mat,target,target,,-1,0,0.05,2.05,20,600,10.0202016170654,7.87042687327661,101.246196991406,5.41632212468921,3.36856501489793,-0.0744699176086872,0.602129684706872,9.21283356279144,4.14931238581014,8.3,0.575331211029113,0.0521936251205131
target/M.mat,target,target,,-1,1,2.05,4.05,20,600,10.036066385257,7.88901357373599,87.9254282976563,4.39188727112656,3.31033999636905,-0.0678406076323845,0.634886338520053,9.24593422828211,4.27749668393953,8.3,0.545540293919637,0.0546909723884835
target/M.mat,target,target,,-1,2,4.05,6.05,20,600,9.96782965670401,7.84117200099025,89.6046828878906,4.52827252302781,3.2969401662405,-0.0686034022243836,0.62018915797443,9.30282892397688,4.41698110848299,8.3,0.561193689538077,0.0663939242268863
target/N.mat,target,target,,-1,0,0.05,2.05,20,600,9.19116357388037,6.00226381910566,302.843521222266,16.6073254051578,31.2607829250654,-0.213835472347422,0.91774934906318,10.3216772547244,5.76371803822263,1.9,0.181454762135029,0.108769958479245
target/N.mat,target,target,,-1,1,2.05,4.05,20,600,9.37667715253358,6.08954625987655,298.9603063125,15.9558600389674,30.5932026781393,-0.0414403671689191,0.916569636132267,10.8545403289293,5.81746134585116,1.5,0.210706757966563,0.123557138460808
target/N.mat,target,target,,-1,2,4.05,6.05,20,600,9.52286505187943,6.08115399530187,340.331033035547,18.3281715966748,39.1115578951733,-0.13762847419255,0.917919541606294,10.2676912692161,5.88252780492443,8.7,0.0620824162310076,0.113411804197573
target/O.mat,target,target,,-1,0,0.05,2.05,20,600,1.48405803215752,1.1451591381341,19.7016277335937,6.96193234913747,4.2398277746792,0.0280805264721297,0.886330416344607,8.18483969555852,6.05755835670311,1,0.30504261035067,0.217981378425702
target/O.mat,target,target,,-1,1,2.05,4.05,20,600,1.44969297048479,1.12877987449353,16.3701739113281,5.76588629907361,3.75668799479299,0.0180563323634836,0.900612955372777,8.14971055646061,5.74640740837018,1,0.369122777897006,0.191187926728936
target/O.mat,target,target,,-1,2,4.05,6.05,20,600,1.45008910912308,1.12560482548548,16.163684053125,5.65671098849487,3.88903439212727,0.0237863623788304,0.894812237796233,8.24922887377037,6.15752770109042,1,0.342366651570424,0.236632308665283
target/P.mat,target,target,,-1,0,0.05,2.05,20,600,8.49435628111342,6.74623922217744,70.6161671085937,4.17953654009174,3.09426214259112,0.00952723667482576,0.924716438380952,9.67252671072102,5.69687948477024,2.6,0.127934184291915,0.0795704377876749
target/P.mat,target,target,,-1,1,2.05,4.05,20,600,8.4416856604889,6.69469637668615,71.7709963359375,4.37184187005296,3.12080112363773,0.010832178145312,0.912043400550372,9.17988282027429,5.86085528517308,8.3,0.039627515167953,0.122478376671976
target/P.mat,target,target,,-1,2,4.05,6.05,20,600,8.46817090785232,6.73464915008083,72.6755985457031,4.29120851288909,3.09125986344933,0.0211249010959094,0.927636275974724,9.20259795083681,5.79784788581278,7.5,0.0593788417248125,0.102989697984086
